lifecycle_id,mapping_id,control_id,framework_code,control_number,evidence_type_code,stage_code,stage_name_en,stage_name_ar,stage_order,duration_days,responsible_role,is_active_stage
1,1,1,NCA-ECC,1-1-1,POLICY,DEFINE,Definition,التعريف,1,7,Compliance Officer,False
2,1,1,NCA-ECC,1-1-1,POLICY,PLAN,Planning,التخطيط,2,7,Control Owner,False
3,1,1,NCA-ECC,1-1-1,POLICY,COLLECT,Collection,الجمع,3,14,Evidence Collector,False
4,1,1,NCA-ECC,1-1-1,POLICY,VALIDATE,Validation,التحقق,4,7,Quality Reviewer,False
5,1,1,NCA-ECC,1-1-1,POLICY,APPROVE,Approval,الموافقة,5,5,Manager/CISO,False
6,1,1,NCA-ECC,1-1-1,POLICY,STORE,Storage,التخزين,6,1,GRC Platform,True
7,1,1,NCA-ECC,1-1-1,POLICY,USE,Active Use,الاستخدام النشط,7,365,Audit Function,True
8,1,1,NCA-ECC,1-1-1,POLICY,REVIEW,Periodic Review,المراجعة الدورية,8,30,Internal Audit,False
9,1,1,NCA-ECC,1-1-1,POLICY,REFRESH,Refresh,التحديث,9,14,Control Owner,False
10,1,1,NCA-ECC,1-1-1,POLICY,RETAIN,Retention,الاحتفاظ,10,1080,Records Manager,True
11,1,1,NCA-ECC,1-1-1,POLICY,ARCHIVE,Archive,الأرشفة,11,1,IT Operations,False
12,1,1,NCA-ECC,1-1-1,POLICY,DISPOSE,Disposal,التخلص,12,1,Records Manager,False
13,2,1,NCA-ECC,1-1-1,STRATEGY_DOC,DEFINE,Definition,التعريف,1,7,Compliance Officer,False
14,2,1,NCA-ECC,1-1-1,STRATEGY_DOC,PLAN,Planning,التخطيط,2,7,Control Owner,False
15,2,1,NCA-ECC,1-1-1,STRATEGY_DOC,COLLECT,Collection,الجمع,3,14,Evidence Collector,False
16,2,1,NCA-ECC,1-1-1,STRATEGY_DOC,VALIDATE,Validation,التحقق,4,7,Quality Reviewer,False
17,2,1,NCA-ECC,1-1-1,STRATEGY_DOC,APPROVE,Approval,الموافقة,5,5,Manager/CISO,False
18,2,1,NCA-ECC,1-1-1,STRATEGY_DOC,STORE,Storage,التخزين,6,1,GRC Platform,True
19,2,1,NCA-ECC,1-1-1,STRATEGY_DOC,USE,Active Use,الاستخدام النشط,7,365,Audit Function,True
20,2,1,NCA-ECC,1-1-1,STRATEGY_DOC,REVIEW,Periodic Review,المراجعة الدورية,8,30,Internal Audit,False
21,2,1,NCA-ECC,1-1-1,STRATEGY_DOC,REFRESH,Refresh,التحديث,9,14,Control Owner,False
22,2,1,NCA-ECC,1-1-1,STRATEGY_DOC,RETAIN,Retention,الاحتفاظ,10,1800,Records Manager,True
23,2,1,NCA-ECC,1-1-1,STRATEGY_DOC,ARCHIVE,Archive,الأرشفة,11,1,IT Operations,False
24,2,1,NCA-ECC,1-1-1,STRATEGY_DOC,DISPOSE,Disposal,التخلص,12,1,Records Manager,False
25,3,1,NCA-ECC,1-1-1,ATTESTATION,DEFINE,Definition,التعريف,1,7,Compliance Officer,False
26,3,1,NCA-ECC,1-1-1,ATTESTATION,PLAN,Planning,التخطيط,2,7,Control Owner,False
27,3,1,NCA-ECC,1-1-1,ATTESTATION,COLLECT,Collection,الجمع,3,14,Evidence Collector,False
28,3,1,NCA-ECC,1-1-1,ATTESTATION,VALIDATE,Validation,التحقق,4,7,Quality Reviewer,False
29,3,1,NCA-ECC,1-1-1,ATTESTATION,APPROVE,Approval,الموافقة,5,5,Manager/CISO,False
30,3,1,NCA-ECC,1-1-1,ATTESTATION,STORE,Storage,التخزين,6,1,GRC Platform,True
31,3,1,NCA-ECC,1-1-1,ATTESTATION,USE,Active Use,الاستخدام النشط,7,365,Audit Function,True
32,3,1,NCA-ECC,1-1-1,ATTESTATION,REVIEW,Periodic Review,المراجعة الدورية,8,30,Internal Audit,False
33,3,1,NCA-ECC,1-1-1,ATTESTATION,REFRESH,Refresh,التحديث,9,14,Control Owner,False
34,3,1,NCA-ECC,1-1-1,ATTESTATION,RETAIN,Retention,الاحتفاظ,10,1080,Records Manager,True
35,3,1,NCA-ECC,1-1-1,ATTESTATION,ARCHIVE,Archive,الأرشفة,11,1,IT Operations,False
36,3,1,NCA-ECC,1-1-1,ATTESTATION,DISPOSE,Disposal,التخلص,12,1,Records Manager,False
37,4,1,NCA-ECC,1-1-1,MEETING_MINUTES,DEFINE,Definition,التعريف,1,7,Compliance Officer,False
38,4,1,NCA-ECC,1-1-1,MEETING_MINUTES,PLAN,Planning,التخطيط,2,7,Control Owner,False
39,4,1,NCA-ECC,1-1-1,MEETING_MINUTES,COLLECT,Collection,الجمع,3,14,Evidence Collector,False
40,4,1,NCA-ECC,1-1-1,MEETING_MINUTES,VALIDATE,Validation,التحقق,4,7,Quality Reviewer,False
41,4,1,NCA-ECC,1-1-1,MEETING_MINUTES,APPROVE,Approval,الموافقة,5,5,Manager/CISO,False
42,4,1,NCA-ECC,1-1-1,MEETING_MINUTES,STORE,Storage,التخزين,6,1,GRC Platform,True
43,4,1,NCA-ECC,1-1-1,MEETING_MINUTES,USE,Active Use,الاستخدام النشط,7,365,Audit Function,True
44,4,1,NCA-ECC,1-1-1,MEETING_MINUTES,REVIEW,Periodic Review,المراجعة الدورية,8,30,Internal Audit,False
45,4,1,NCA-ECC,1-1-1,MEETING_MINUTES,REFRESH,Refresh,التحديث,9,14,Control Owner,False
46,4,1,NCA-ECC,1-1-1,MEETING_MINUTES,RETAIN,Retention,الاحتفاظ,10,1800,Records Manager,True
47,4,1,NCA-ECC,1-1-1,MEETING_MINUTES,ARCHIVE,Archive,الأرشفة,11,1,IT Operations,False
48,4,1,NCA-ECC,1-1-1,MEETING_MINUTES,DISPOSE,Disposal,التخلص,12,1,Records Manager,False
49,5,2,NCA-ECC,1-1-2,ROADMAP,DEFINE,Definition,التعريف,1,7,Compliance Officer,False
50,5,2,NCA-ECC,1-1-2,ROADMAP,PLAN,Planning,التخطيط,2,7,Control Owner,False
51,5,2,NCA-ECC,1-1-2,ROADMAP,COLLECT,Collection,الجمع,3,14,Evidence Collector,False
52,5,2,NCA-ECC,1-1-2,ROADMAP,VALIDATE,Validation,التحقق,4,7,Quality Reviewer,False
53,5,2,NCA-ECC,1-1-2,ROADMAP,APPROVE,Approval,الموافقة,5,5,Manager/CISO,False
54,5,2,NCA-ECC,1-1-2,ROADMAP,STORE,Storage,التخزين,6,1,GRC Platform,True
55,5,2,NCA-ECC,1-1-2,ROADMAP,USE,Active Use,الاستخدام النشط,7,365,Audit Function,True
56,5,2,NCA-ECC,1-1-2,ROADMAP,REVIEW,Periodic Review,المراجعة الدورية,8,30,Internal Audit,False
57,5,2,NCA-ECC,1-1-2,ROADMAP,REFRESH,Refresh,التحديث,9,14,Control Owner,False
58,5,2,NCA-ECC,1-1-2,ROADMAP,RETAIN,Retention,الاحتفاظ,10,1800,Records Manager,True
59,5,2,NCA-ECC,1-1-2,ROADMAP,ARCHIVE,Archive,الأرشفة,11,1,IT Operations,False
60,5,2,NCA-ECC,1-1-2,ROADMAP,DISPOSE,Disposal,التخلص,12,1,Records Manager,False
61,6,2,NCA-ECC,1-1-2,REPORT,DEFINE,Definition,التعريف,1,7,Compliance Officer,False
62,6,2,NCA-ECC,1-1-2,REPORT,PLAN,Planning,التخطيط,2,7,Control Owner,False
63,6,2,NCA-ECC,1-1-2,REPORT,COLLECT,Collection,الجمع,3,14,Evidence Collector,False
64,6,2,NCA-ECC,1-1-2,REPORT,VALIDATE,Validation,التحقق,4,7,Quality Reviewer,False
65,6,2,NCA-ECC,1-1-2,REPORT,APPROVE,Approval,الموافقة,5,5,Manager/CISO,False
66,6,2,NCA-ECC,1-1-2,REPORT,STORE,Storage,التخزين,6,1,GRC Platform,True
67,6,2,NCA-ECC,1-1-2,REPORT,USE,Active Use,الاستخدام النشط,7,365,Audit Function,True
68,6,2,NCA-ECC,1-1-2,REPORT,REVIEW,Periodic Review,المراجعة الدورية,8,30,Internal Audit,False
69,6,2,NCA-ECC,1-1-2,REPORT,REFRESH,Refresh,التحديث,9,14,Control Owner,False
70,6,2,NCA-ECC,1-1-2,REPORT,RETAIN,Retention,الاحتفاظ,10,1080,Records Manager,True
71,6,2,NCA-ECC,1-1-2,REPORT,ARCHIVE,Archive,الأرشفة,11,1,IT Operations,False
72,6,2,NCA-ECC,1-1-2,REPORT,DISPOSE,Disposal,التخلص,12,1,Records Manager,False
73,7,2,NCA-ECC,1-1-2,MEETING_MINUTES,DEFINE,Definition,التعريف,1,7,Compliance Officer,False
74,7,2,NCA-ECC,1-1-2,MEETING_MINUTES,PLAN,Planning,التخطيط,2,7,Control Owner,False
75,7,2,NCA-ECC,1-1-2,MEETING_MINUTES,COLLECT,Collection,الجمع,3,14,Evidence Collector,False
76,7,2,NCA-ECC,1-1-2,MEETING_MINUTES,VALIDATE,Validation,التحقق,4,7,Quality Reviewer,False
77,7,2,NCA-ECC,1-1-2,MEETING_MINUTES,APPROVE,Approval,الموافقة,5,5,Manager/CISO,False
78,7,2,NCA-ECC,1-1-2,MEETING_MINUTES,STORE,Storage,التخزين,6,1,GRC Platform,True
79,7,2,NCA-ECC,1-1-2,MEETING_MINUTES,USE,Active Use,الاستخدام النشط,7,365,Audit Function,True
80,7,2,NCA-ECC,1-1-2,MEETING_MINUTES,REVIEW,Periodic Review,المراجعة الدورية,8,30,Internal Audit,False
81,7,2,NCA-ECC,1-1-2,MEETING_MINUTES,REFRESH,Refresh,التحديث,9,14,Control Owner,False
82,7,2,NCA-ECC,1-1-2,MEETING_MINUTES,RETAIN,Retention,الاحتفاظ,10,1800,Records Manager,True
83,7,2,NCA-ECC,1-1-2,MEETING_MINUTES,ARCHIVE,Archive,الأرشفة,11,1,IT Operations,False
84,7,2,NCA-ECC,1-1-2,MEETING_MINUTES,DISPOSE,Disposal,التخلص,12,1,Records Manager,False
85,8,2,NCA-ECC,1-1-2,APPROVAL_RECORD,DEFINE,Definition,التعريف,1,7,Compliance Officer,False
86,8,2,NCA-ECC,1-1-2,APPROVAL_RECORD,PLAN,Planning,التخطيط,2,7,Control Owner,False
87,8,2,NCA-ECC,1-1-2,APPROVAL_RECORD,COLLECT,Collection,الجمع,3,14,Evidence Collector,False
88,8,2,NCA-ECC,1-1-2,APPROVAL_RECORD,VALIDATE,Validation,التحقق,4,7,Quality Reviewer,False
89,8,2,NCA-ECC,1-1-2,APPROVAL_RECORD,APPROVE,Approval,الموافقة,5,5,Manager/CISO,False
90,8,2,NCA-ECC,1-1-2,APPROVAL_RECORD,STORE,Storage,التخزين,6,1,GRC Platform,True
91,8,2,NCA-ECC,1-1-2,APPROVAL_RECORD,USE,Active Use,الاستخدام النشط,7,365,Audit Function,True
92,8,2,NCA-ECC,1-1-2,APPROVAL_RECORD,REVIEW,Periodic Review,المراجعة الدورية,8,30,Internal Audit,False
93,8,2,NCA-ECC,1-1-2,APPROVAL_RECORD,REFRESH,Refresh,التحديث,9,14,Control Owner,False
94,8,2,NCA-ECC,1-1-2,APPROVAL_RECORD,RETAIN,Retention,الاحتفاظ,10,1800,Records Manager,True
95,8,2,NCA-ECC,1-1-2,APPROVAL_RECORD,ARCHIVE,Archive,الأرشفة,11,1,IT Operations,False
96,8,2,NCA-ECC,1-1-2,APPROVAL_RECORD,DISPOSE,Disposal,التخلص,12,1,Records Manager,False
97,9,3,NCA-ECC,1-1-3,REVIEW_REPORT,DEFINE,Definition,التعريف,1,7,Compliance Officer,False
98,9,3,NCA-ECC,1-1-3,REVIEW_REPORT,PLAN,Planning,التخطيط,2,7,Control Owner,False
99,9,3,NCA-ECC,1-1-3,REVIEW_REPORT,COLLECT,Collection,الجمع,3,14,Evidence Collector,False
100,9,3,NCA-ECC,1-1-3,REVIEW_REPORT,VALIDATE,Validation,التحقق,4,7,Quality Reviewer,False
101,9,3,NCA-ECC,1-1-3,REVIEW_REPORT,APPROVE,Approval,الموافقة,5,5,Manager/CISO,False
102,9,3,NCA-ECC,1-1-3,REVIEW_REPORT,STORE,Storage,التخزين,6,1,GRC Platform,True
103,9,3,NCA-ECC,1-1-3,REVIEW_REPORT,USE,Active Use,الاستخدام النشط,7,365,Audit Function,True
104,9,3,NCA-ECC,1-1-3,REVIEW_REPORT,REVIEW,Periodic Review,المراجعة الدورية,8,30,Internal Audit,False
105,9,3,NCA-ECC,1-1-3,REVIEW_REPORT,REFRESH,Refresh,التحديث,9,14,Control Owner,False
106,9,3,NCA-ECC,1-1-3,REVIEW_REPORT,RETAIN,Retention,الاحتفاظ,10,1800,Records Manager,True
107,9,3,NCA-ECC,1-1-3,REVIEW_REPORT,ARCHIVE,Archive,الأرشفة,11,1,IT Operations,False
108,9,3,NCA-ECC,1-1-3,REVIEW_REPORT,DISPOSE,Disposal,التخلص,12,1,Records Manager,False
109,10,3,NCA-ECC,1-1-3,MEETING_MINUTES,DEFINE,Definition,التعريف,1,7,Compliance Officer,False
110,10,3,NCA-ECC,1-1-3,MEETING_MINUTES,PLAN,Planning,التخطيط,2,7,Control Owner,False
111,10,3,NCA-ECC,1-1-3,MEETING_MINUTES,COLLECT,Collection,الجمع,3,14,Evidence Collector,False
112,10,3,NCA-ECC,1-1-3,MEETING_MINUTES,VALIDATE,Validation,التحقق,4,7,Quality Reviewer,False
113,10,3,NCA-ECC,1-1-3,MEETING_MINUTES,APPROVE,Approval,الموافقة,5,5,Manager/CISO,False
114,10,3,NCA-ECC,1-1-3,MEETING_MINUTES,STORE,Storage,التخزين,6,1,GRC Platform,True
115,10,3,NCA-ECC,1-1-3,MEETING_MINUTES,USE,Active Use,الاستخدام النشط,7,365,Audit Function,True
116,10,3,NCA-ECC,1-1-3,MEETING_MINUTES,REVIEW,Periodic Review,المراجعة الدورية,8,30,Internal Audit,False
117,10,3,NCA-ECC,1-1-3,MEETING_MINUTES,REFRESH,Refresh,التحديث,9,14,Control Owner,False
118,10,3,NCA-ECC,1-1-3,MEETING_MINUTES,RETAIN,Retention,الاحتفاظ,10,1800,Records Manager,True
119,10,3,NCA-ECC,1-1-3,MEETING_MINUTES,ARCHIVE,Archive,الأرشفة,11,1,IT Operations,False
120,10,3,NCA-ECC,1-1-3,MEETING_MINUTES,DISPOSE,Disposal,التخلص,12,1,Records Manager,False
121,11,3,NCA-ECC,1-1-3,AUDIT_REPORT,DEFINE,Definition,التعريف,1,7,Compliance Officer,False
122,11,3,NCA-ECC,1-1-3,AUDIT_REPORT,PLAN,Planning,التخطيط,2,7,Control Owner,False
123,11,3,NCA-ECC,1-1-3,AUDIT_REPORT,COLLECT,Collection,الجمع,3,14,Evidence Collector,False
124,11,3,NCA-ECC,1-1-3,AUDIT_REPORT,VALIDATE,Validation,التحقق,4,7,Quality Reviewer,False
125,11,3,NCA-ECC,1-1-3,AUDIT_REPORT,APPROVE,Approval,الموافقة,5,5,Manager/CISO,False
126,11,3,NCA-ECC,1-1-3,AUDIT_REPORT,STORE,Storage,التخزين,6,1,GRC Platform,True
127,11,3,NCA-ECC,1-1-3,AUDIT_REPORT,USE,Active Use,الاستخدام النشط,7,365,Audit Function,True
128,11,3,NCA-ECC,1-1-3,AUDIT_REPORT,REVIEW,Periodic Review,المراجعة الدورية,8,30,Internal Audit,False
129,11,3,NCA-ECC,1-1-3,AUDIT_REPORT,REFRESH,Refresh,التحديث,9,14,Control Owner,False
130,11,3,NCA-ECC,1-1-3,AUDIT_REPORT,RETAIN,Retention,الاحتفاظ,10,2520,Records Manager,True
131,11,3,NCA-ECC,1-1-3,AUDIT_REPORT,ARCHIVE,Archive,الأرشفة,11,1,IT Operations,False
132,11,3,NCA-ECC,1-1-3,AUDIT_REPORT,DISPOSE,Disposal,التخلص,12,1,Records Manager,False
133,12,4,NCA-ECC,1-2-1,ORG_CHART,DEFINE,Definition,التعريف,1,7,Compliance Officer,False
134,12,4,NCA-ECC,1-2-1,ORG_CHART,PLAN,Planning,التخطيط,2,7,Control Owner,False
135,12,4,NCA-ECC,1-2-1,ORG_CHART,COLLECT,Collection,الجمع,3,14,Evidence Collector,False
136,12,4,NCA-ECC,1-2-1,ORG_CHART,VALIDATE,Validation,التحقق,4,7,Quality Reviewer,False
137,12,4,NCA-ECC,1-2-1,ORG_CHART,APPROVE,Approval,الموافقة,5,5,Manager/CISO,False
138,12,4,NCA-ECC,1-2-1,ORG_CHART,STORE,Storage,التخزين,6,1,GRC Platform,True
139,12,4,NCA-ECC,1-2-1,ORG_CHART,USE,Active Use,الاستخدام النشط,7,365,Audit Function,True
140,12,4,NCA-ECC,1-2-1,ORG_CHART,REVIEW,Periodic Review,المراجعة الدورية,8,30,Internal Audit,False
141,12,4,NCA-ECC,1-2-1,ORG_CHART,REFRESH,Refresh,التحديث,9,14,Control Owner,False
142,12,4,NCA-ECC,1-2-1,ORG_CHART,RETAIN,Retention,الاحتفاظ,10,1800,Records Manager,True
143,12,4,NCA-ECC,1-2-1,ORG_CHART,ARCHIVE,Archive,الأرشفة,11,1,IT Operations,False
144,12,4,NCA-ECC,1-2-1,ORG_CHART,DISPOSE,Disposal,التخلص,12,1,Records Manager,False
145,13,4,NCA-ECC,1-2-1,JOB_DESCRIPTION,DEFINE,Definition,التعريف,1,7,Compliance Officer,False
146,13,4,NCA-ECC,1-2-1,JOB_DESCRIPTION,PLAN,Planning,التخطيط,2,7,Control Owner,False
147,13,4,NCA-ECC,1-2-1,JOB_DESCRIPTION,COLLECT,Collection,الجمع,3,14,Evidence Collector,False
148,13,4,NCA-ECC,1-2-1,JOB_DESCRIPTION,VALIDATE,Validation,التحقق,4,7,Quality Reviewer,False
149,13,4,NCA-ECC,1-2-1,JOB_DESCRIPTION,APPROVE,Approval,الموافقة,5,5,Manager/CISO,False
150,13,4,NCA-ECC,1-2-1,JOB_DESCRIPTION,STORE,Storage,التخزين,6,1,GRC Platform,True
151,13,4,NCA-ECC,1-2-1,JOB_DESCRIPTION,USE,Active Use,الاستخدام النشط,7,365,Audit Function,True
152,13,4,NCA-ECC,1-2-1,JOB_DESCRIPTION,REVIEW,Periodic Review,المراجعة الدورية,8,30,Internal Audit,False
153,13,4,NCA-ECC,1-2-1,JOB_DESCRIPTION,REFRESH,Refresh,التحديث,9,14,Control Owner,False
154,13,4,NCA-ECC,1-2-1,JOB_DESCRIPTION,RETAIN,Retention,الاحتفاظ,10,1800,Records Manager,True
155,13,4,NCA-ECC,1-2-1,JOB_DESCRIPTION,ARCHIVE,Archive,الأرشفة,11,1,IT Operations,False
156,13,4,NCA-ECC,1-2-1,JOB_DESCRIPTION,DISPOSE,Disposal,التخلص,12,1,Records Manager,False
157,14,4,NCA-ECC,1-2-1,APPROVAL_RECORD,DEFINE,Definition,التعريف,1,7,Compliance Officer,False
158,14,4,NCA-ECC,1-2-1,APPROVAL_RECORD,PLAN,Planning,التخطيط,2,7,Control Owner,False
159,14,4,NCA-ECC,1-2-1,APPROVAL_RECORD,COLLECT,Collection,الجمع,3,14,Evidence Collector,False
160,14,4,NCA-ECC,1-2-1,APPROVAL_RECORD,VALIDATE,Validation,التحقق,4,7,Quality Reviewer,False
161,14,4,NCA-ECC,1-2-1,APPROVAL_RECORD,APPROVE,Approval,الموافقة,5,5,Manager/CISO,False
162,14,4,NCA-ECC,1-2-1,APPROVAL_RECORD,STORE,Storage,التخزين,6,1,GRC Platform,True
163,14,4,NCA-ECC,1-2-1,APPROVAL_RECORD,USE,Active Use,الاستخدام النشط,7,365,Audit Function,True
164,14,4,NCA-ECC,1-2-1,APPROVAL_RECORD,REVIEW,Periodic Review,المراجعة الدورية,8,30,Internal Audit,False
165,14,4,NCA-ECC,1-2-1,APPROVAL_RECORD,REFRESH,Refresh,التحديث,9,14,Control Owner,False
166,14,4,NCA-ECC,1-2-1,APPROVAL_RECORD,RETAIN,Retention,الاحتفاظ,10,1800,Records Manager,True
167,14,4,NCA-ECC,1-2-1,APPROVAL_RECORD,ARCHIVE,Archive,الأرشفة,11,1,IT Operations,False
168,14,4,NCA-ECC,1-2-1,APPROVAL_RECORD,DISPOSE,Disposal,التخلص,12,1,Records Manager,False
169,15,4,NCA-ECC,1-2-1,POLICY,DEFINE,Definition,التعريف,1,7,Compliance Officer,False
170,15,4,NCA-ECC,1-2-1,POLICY,PLAN,Planning,التخطيط,2,7,Control Owner,False
171,15,4,NCA-ECC,1-2-1,POLICY,COLLECT,Collection,الجمع,3,14,Evidence Collector,False
172,15,4,NCA-ECC,1-2-1,POLICY,VALIDATE,Validation,التحقق,4,7,Quality Reviewer,False
173,15,4,NCA-ECC,1-2-1,POLICY,APPROVE,Approval,الموافقة,5,5,Manager/CISO,False
174,15,4,NCA-ECC,1-2-1,POLICY,STORE,Storage,التخزين,6,1,GRC Platform,True
175,15,4,NCA-ECC,1-2-1,POLICY,USE,Active Use,الاستخدام النشط,7,365,Audit Function,True
176,15,4,NCA-ECC,1-2-1,POLICY,REVIEW,Periodic Review,المراجعة الدورية,8,30,Internal Audit,False
177,15,4,NCA-ECC,1-2-1,POLICY,REFRESH,Refresh,التحديث,9,14,Control Owner,False
178,15,4,NCA-ECC,1-2-1,POLICY,RETAIN,Retention,الاحتفاظ,10,1080,Records Manager,True
179,15,4,NCA-ECC,1-2-1,POLICY,ARCHIVE,Archive,الأرشفة,11,1,IT Operations,False
180,15,4,NCA-ECC,1-2-1,POLICY,DISPOSE,Disposal,التخلص,12,1,Records Manager,False
181,16,5,NCA-ECC,1-2-2,ORG_CHART,DEFINE,Definition,التعريف,1,7,Compliance Officer,False
182,16,5,NCA-ECC,1-2-2,ORG_CHART,PLAN,Planning,التخطيط,2,7,Control Owner,False
183,16,5,NCA-ECC,1-2-2,ORG_CHART,COLLECT,Collection,الجمع,3,14,Evidence Collector,False
184,16,5,NCA-ECC,1-2-2,ORG_CHART,VALIDATE,Validation,التحقق,4,7,Quality Reviewer,False
185,16,5,NCA-ECC,1-2-2,ORG_CHART,APPROVE,Approval,الموافقة,5,5,Manager/CISO,False
186,16,5,NCA-ECC,1-2-2,ORG_CHART,STORE,Storage,التخزين,6,1,GRC Platform,True
187,16,5,NCA-ECC,1-2-2,ORG_CHART,USE,Active Use,الاستخدام النشط,7,365,Audit Function,True
188,16,5,NCA-ECC,1-2-2,ORG_CHART,REVIEW,Periodic Review,المراجعة الدورية,8,30,Internal Audit,False
189,16,5,NCA-ECC,1-2-2,ORG_CHART,REFRESH,Refresh,التحديث,9,14,Control Owner,False
190,16,5,NCA-ECC,1-2-2,ORG_CHART,RETAIN,Retention,الاحتفاظ,10,1800,Records Manager,True
191,16,5,NCA-ECC,1-2-2,ORG_CHART,ARCHIVE,Archive,الأرشفة,11,1,IT Operations,False
192,16,5,NCA-ECC,1-2-2,ORG_CHART,DISPOSE,Disposal,التخلص,12,1,Records Manager,False
193,17,5,NCA-ECC,1-2-2,REPORTING_LINE,DEFINE,Definition,التعريف,1,7,Compliance Officer,False
194,17,5,NCA-ECC,1-2-2,REPORTING_LINE,PLAN,Planning,التخطيط,2,7,Control Owner,False
195,17,5,NCA-ECC,1-2-2,REPORTING_LINE,COLLECT,Collection,الجمع,3,14,Evidence Collector,False
196,17,5,NCA-ECC,1-2-2,REPORTING_LINE,VALIDATE,Validation,التحقق,4,7,Quality Reviewer,False
197,17,5,NCA-ECC,1-2-2,REPORTING_LINE,APPROVE,Approval,الموافقة,5,5,Manager/CISO,False
198,17,5,NCA-ECC,1-2-2,REPORTING_LINE,STORE,Storage,التخزين,6,1,GRC Platform,True
199,17,5,NCA-ECC,1-2-2,REPORTING_LINE,USE,Active Use,الاستخدام النشط,7,365,Audit Function,True
200,17,5,NCA-ECC,1-2-2,REPORTING_LINE,REVIEW,Periodic Review,المراجعة الدورية,8,30,Internal Audit,False
201,17,5,NCA-ECC,1-2-2,REPORTING_LINE,REFRESH,Refresh,التحديث,9,14,Control Owner,False
202,17,5,NCA-ECC,1-2-2,REPORTING_LINE,RETAIN,Retention,الاحتفاظ,10,1800,Records Manager,True
203,17,5,NCA-ECC,1-2-2,REPORTING_LINE,ARCHIVE,Archive,الأرشفة,11,1,IT Operations,False
204,17,5,NCA-ECC,1-2-2,REPORTING_LINE,DISPOSE,Disposal,التخلص,12,1,Records Manager,False
205,18,5,NCA-ECC,1-2-2,APPROVAL_RECORD,DEFINE,Definition,التعريف,1,7,Compliance Officer,False
206,18,5,NCA-ECC,1-2-2,APPROVAL_RECORD,PLAN,Planning,التخطيط,2,7,Control Owner,False
207,18,5,NCA-ECC,1-2-2,APPROVAL_RECORD,COLLECT,Collection,الجمع,3,14,Evidence Collector,False
208,18,5,NCA-ECC,1-2-2,APPROVAL_RECORD,VALIDATE,Validation,التحقق,4,7,Quality Reviewer,False
209,18,5,NCA-ECC,1-2-2,APPROVAL_RECORD,APPROVE,Approval,الموافقة,5,5,Manager/CISO,False
210,18,5,NCA-ECC,1-2-2,APPROVAL_RECORD,STORE,Storage,التخزين,6,1,GRC Platform,True
211,18,5,NCA-ECC,1-2-2,APPROVAL_RECORD,USE,Active Use,الاستخدام النشط,7,365,Audit Function,True
212,18,5,NCA-ECC,1-2-2,APPROVAL_RECORD,REVIEW,Periodic Review,المراجعة الدورية,8,30,Internal Audit,False
213,18,5,NCA-ECC,1-2-2,APPROVAL_RECORD,REFRESH,Refresh,التحديث,9,14,Control Owner,False
214,18,5,NCA-ECC,1-2-2,APPROVAL_RECORD,RETAIN,Retention,الاحتفاظ,10,1800,Records Manager,True
215,18,5,NCA-ECC,1-2-2,APPROVAL_RECORD,ARCHIVE,Archive,الأرشفة,11,1,IT Operations,False
216,18,5,NCA-ECC,1-2-2,APPROVAL_RECORD,DISPOSE,Disposal,التخلص,12,1,Records Manager,False
217,19,6,NCA-ECC,1-2-3,JOB_DESCRIPTION,DEFINE,Definition,التعريف,1,7,Compliance Officer,False
218,19,6,NCA-ECC,1-2-3,JOB_DESCRIPTION,PLAN,Planning,التخطيط,2,7,Control Owner,False
219,19,6,NCA-ECC,1-2-3,JOB_DESCRIPTION,COLLECT,Collection,الجمع,3,14,Evidence Collector,False
220,19,6,NCA-ECC,1-2-3,JOB_DESCRIPTION,VALIDATE,Validation,التحقق,4,7,Quality Reviewer,False
221,19,6,NCA-ECC,1-2-3,JOB_DESCRIPTION,APPROVE,Approval,الموافقة,5,5,Manager/CISO,False
222,19,6,NCA-ECC,1-2-3,JOB_DESCRIPTION,STORE,Storage,التخزين,6,1,GRC Platform,True
223,19,6,NCA-ECC,1-2-3,JOB_DESCRIPTION,USE,Active Use,الاستخدام النشط,7,365,Audit Function,True
224,19,6,NCA-ECC,1-2-3,JOB_DESCRIPTION,REVIEW,Periodic Review,المراجعة الدورية,8,30,Internal Audit,False
225,19,6,NCA-ECC,1-2-3,JOB_DESCRIPTION,REFRESH,Refresh,التحديث,9,14,Control Owner,False
226,19,6,NCA-ECC,1-2-3,JOB_DESCRIPTION,RETAIN,Retention,الاحتفاظ,10,1800,Records Manager,True
227,19,6,NCA-ECC,1-2-3,JOB_DESCRIPTION,ARCHIVE,Archive,الأرشفة,11,1,IT Operations,False
228,19,6,NCA-ECC,1-2-3,JOB_DESCRIPTION,DISPOSE,Disposal,التخلص,12,1,Records Manager,False
229,20,6,NCA-ECC,1-2-3,APPOINTMENT_LETTER,DEFINE,Definition,التعريف,1,7,Compliance Officer,False
230,20,6,NCA-ECC,1-2-3,APPOINTMENT_LETTER,PLAN,Planning,التخطيط,2,7,Control Owner,False
231,20,6,NCA-ECC,1-2-3,APPOINTMENT_LETTER,COLLECT,Collection,الجمع,3,14,Evidence Collector,False
232,20,6,NCA-ECC,1-2-3,APPOINTMENT_LETTER,VALIDATE,Validation,التحقق,4,7,Quality Reviewer,False
233,20,6,NCA-ECC,1-2-3,APPOINTMENT_LETTER,APPROVE,Approval,الموافقة,5,5,Manager/CISO,False
234,20,6,NCA-ECC,1-2-3,APPOINTMENT_LETTER,STORE,Storage,التخزين,6,1,GRC Platform,True
235,20,6,NCA-ECC,1-2-3,APPOINTMENT_LETTER,USE,Active Use,الاستخدام النشط,7,365,Audit Function,True
236,20,6,NCA-ECC,1-2-3,APPOINTMENT_LETTER,REVIEW,Periodic Review,المراجعة الدورية,8,30,Internal Audit,False
237,20,6,NCA-ECC,1-2-3,APPOINTMENT_LETTER,REFRESH,Refresh,التحديث,9,14,Control Owner,False
238,20,6,NCA-ECC,1-2-3,APPOINTMENT_LETTER,RETAIN,Retention,الاحتفاظ,10,1800,Records Manager,True
239,20,6,NCA-ECC,1-2-3,APPOINTMENT_LETTER,ARCHIVE,Archive,الأرشفة,11,1,IT Operations,False
240,20,6,NCA-ECC,1-2-3,APPOINTMENT_LETTER,DISPOSE,Disposal,التخلص,12,1,Records Manager,False
241,21,6,NCA-ECC,1-2-3,QUALIFICATIONS,DEFINE,Definition,التعريف,1,7,Compliance Officer,False
242,21,6,NCA-ECC,1-2-3,QUALIFICATIONS,PLAN,Planning,التخطيط,2,7,Control Owner,False
243,21,6,NCA-ECC,1-2-3,QUALIFICATIONS,COLLECT,Collection,الجمع,3,14,Evidence Collector,False
244,21,6,NCA-ECC,1-2-3,QUALIFICATIONS,VALIDATE,Validation,التحقق,4,7,Quality Reviewer,False
245,21,6,NCA-ECC,1-2-3,QUALIFICATIONS,APPROVE,Approval,الموافقة,5,5,Manager/CISO,False
246,21,6,NCA-ECC,1-2-3,QUALIFICATIONS,STORE,Storage,التخزين,6,1,GRC Platform,True
247,21,6,NCA-ECC,1-2-3,QUALIFICATIONS,USE,Active Use,الاستخدام النشط,7,365,Audit Function,True
248,21,6,NCA-ECC,1-2-3,QUALIFICATIONS,REVIEW,Periodic Review,المراجعة الدورية,8,30,Internal Audit,False
249,21,6,NCA-ECC,1-2-3,QUALIFICATIONS,REFRESH,Refresh,التحديث,9,14,Control Owner,False
250,21,6,NCA-ECC,1-2-3,QUALIFICATIONS,RETAIN,Retention,الاحتفاظ,10,1800,Records Manager,True
251,21,6,NCA-ECC,1-2-3,QUALIFICATIONS,ARCHIVE,Archive,الأرشفة,11,1,IT Operations,False
252,21,6,NCA-ECC,1-2-3,QUALIFICATIONS,DISPOSE,Disposal,التخلص,12,1,Records Manager,False
253,22,6,NCA-ECC,1-2-3,TRAINING_RECORD,DEFINE,Definition,التعريف,1,7,Compliance Officer,False
254,22,6,NCA-ECC,1-2-3,TRAINING_RECORD,PLAN,Planning,التخطيط,2,7,Control Owner,False
255,22,6,NCA-ECC,1-2-3,TRAINING_RECORD,COLLECT,Collection,الجمع,3,14,Evidence Collector,False
256,22,6,NCA-ECC,1-2-3,TRAINING_RECORD,VALIDATE,Validation,التحقق,4,7,Quality Reviewer,False
257,22,6,NCA-ECC,1-2-3,TRAINING_RECORD,APPROVE,Approval,الموافقة,5,5,Manager/CISO,False
258,22,6,NCA-ECC,1-2-3,TRAINING_RECORD,STORE,Storage,التخزين,6,1,GRC Platform,True
259,22,6,NCA-ECC,1-2-3,TRAINING_RECORD,USE,Active Use,الاستخدام النشط,7,365,Audit Function,True
260,22,6,NCA-ECC,1-2-3,TRAINING_RECORD,REVIEW,Periodic Review,المراجعة الدورية,8,30,Internal Audit,False
261,22,6,NCA-ECC,1-2-3,TRAINING_RECORD,REFRESH,Refresh,التحديث,9,14,Control Owner,False
262,22,6,NCA-ECC,1-2-3,TRAINING_RECORD,RETAIN,Retention,الاحتفاظ,10,1800,Records Manager,True
263,22,6,NCA-ECC,1-2-3,TRAINING_RECORD,ARCHIVE,Archive,الأرشفة,11,1,IT Operations,False
264,22,6,NCA-ECC,1-2-3,TRAINING_RECORD,DISPOSE,Disposal,التخلص,12,1,Records Manager,False
265,23,7,NCA-ECC,1-2-4,COMMITTEE_CHARTER,DEFINE,Definition,التعريف,1,7,Compliance Officer,False
266,23,7,NCA-ECC,1-2-4,COMMITTEE_CHARTER,PLAN,Planning,التخطيط,2,7,Control Owner,False
267,23,7,NCA-ECC,1-2-4,COMMITTEE_CHARTER,COLLECT,Collection,الجمع,3,14,Evidence Collector,False
268,23,7,NCA-ECC,1-2-4,COMMITTEE_CHARTER,VALIDATE,Validation,التحقق,4,7,Quality Reviewer,False
269,23,7,NCA-ECC,1-2-4,COMMITTEE_CHARTER,APPROVE,Approval,الموافقة,5,5,Manager/CISO,False
270,23,7,NCA-ECC,1-2-4,COMMITTEE_CHARTER,STORE,Storage,التخزين,6,1,GRC Platform,True
271,23,7,NCA-ECC,1-2-4,COMMITTEE_CHARTER,USE,Active Use,الاستخدام النشط,7,365,Audit Function,True
272,23,7,NCA-ECC,1-2-4,COMMITTEE_CHARTER,REVIEW,Periodic Review,المراجعة الدورية,8,30,Internal Audit,False
273,23,7,NCA-ECC,1-2-4,COMMITTEE_CHARTER,REFRESH,Refresh,التحديث,9,14,Control Owner,False
274,23,7,NCA-ECC,1-2-4,COMMITTEE_CHARTER,RETAIN,Retention,الاحتفاظ,10,1800,Records Manager,True
275,23,7,NCA-ECC,1-2-4,COMMITTEE_CHARTER,ARCHIVE,Archive,الأرشفة,11,1,IT Operations,False
276,23,7,NCA-ECC,1-2-4,COMMITTEE_CHARTER,DISPOSE,Disposal,التخلص,12,1,Records Manager,False
277,24,7,NCA-ECC,1-2-4,MEETING_MINUTES,DEFINE,Definition,التعريف,1,7,Compliance Officer,False
278,24,7,NCA-ECC,1-2-4,MEETING_MINUTES,PLAN,Planning,التخطيط,2,7,Control Owner,False
279,24,7,NCA-ECC,1-2-4,MEETING_MINUTES,COLLECT,Collection,الجمع,3,14,Evidence Collector,False
280,24,7,NCA-ECC,1-2-4,MEETING_MINUTES,VALIDATE,Validation,التحقق,4,7,Quality Reviewer,False
281,24,7,NCA-ECC,1-2-4,MEETING_MINUTES,APPROVE,Approval,الموافقة,5,5,Manager/CISO,False
282,24,7,NCA-ECC,1-2-4,MEETING_MINUTES,STORE,Storage,التخزين,6,1,GRC Platform,True
283,24,7,NCA-ECC,1-2-4,MEETING_MINUTES,USE,Active Use,الاستخدام النشط,7,365,Audit Function,True
284,24,7,NCA-ECC,1-2-4,MEETING_MINUTES,REVIEW,Periodic Review,المراجعة الدورية,8,30,Internal Audit,False
285,24,7,NCA-ECC,1-2-4,MEETING_MINUTES,REFRESH,Refresh,التحديث,9,14,Control Owner,False
286,24,7,NCA-ECC,1-2-4,MEETING_MINUTES,RETAIN,Retention,الاحتفاظ,10,1800,Records Manager,True
287,24,7,NCA-ECC,1-2-4,MEETING_MINUTES,ARCHIVE,Archive,الأرشفة,11,1,IT Operations,False
288,24,7,NCA-ECC,1-2-4,MEETING_MINUTES,DISPOSE,Disposal,التخلص,12,1,Records Manager,False
289,25,7,NCA-ECC,1-2-4,APPROVAL_RECORD,DEFINE,Definition,التعريف,1,7,Compliance Officer,False
290,25,7,NCA-ECC,1-2-4,APPROVAL_RECORD,PLAN,Planning,التخطيط,2,7,Control Owner,False
291,25,7,NCA-ECC,1-2-4,APPROVAL_RECORD,COLLECT,Collection,الجمع,3,14,Evidence Collector,False
292,25,7,NCA-ECC,1-2-4,APPROVAL_RECORD,VALIDATE,Validation,التحقق,4,7,Quality Reviewer,False
293,25,7,NCA-ECC,1-2-4,APPROVAL_RECORD,APPROVE,Approval,الموافقة,5,5,Manager/CISO,False
294,25,7,NCA-ECC,1-2-4,APPROVAL_RECORD,STORE,Storage,التخزين,6,1,GRC Platform,True
295,25,7,NCA-ECC,1-2-4,APPROVAL_RECORD,USE,Active Use,الاستخدام النشط,7,365,Audit Function,True
296,25,7,NCA-ECC,1-2-4,APPROVAL_RECORD,REVIEW,Periodic Review,المراجعة الدورية,8,30,Internal Audit,False
297,25,7,NCA-ECC,1-2-4,APPROVAL_RECORD,REFRESH,Refresh,التحديث,9,14,Control Owner,False
298,25,7,NCA-ECC,1-2-4,APPROVAL_RECORD,RETAIN,Retention,الاحتفاظ,10,1800,Records Manager,True
299,25,7,NCA-ECC,1-2-4,APPROVAL_RECORD,ARCHIVE,Archive,الأرشفة,11,1,IT Operations,False
300,25,7,NCA-ECC,1-2-4,APPROVAL_RECORD,DISPOSE,Disposal,التخلص,12,1,Records Manager,False
301,26,8,NCA-ECC,1-3-1,POLICY,DEFINE,Definition,التعريف,1,7,Compliance Officer,False
302,26,8,NCA-ECC,1-3-1,POLICY,PLAN,Planning,التخطيط,2,7,Control Owner,False
303,26,8,NCA-ECC,1-3-1,POLICY,COLLECT,Collection,الجمع,3,14,Evidence Collector,False
304,26,8,NCA-ECC,1-3-1,POLICY,VALIDATE,Validation,التحقق,4,7,Quality Reviewer,False
305,26,8,NCA-ECC,1-3-1,POLICY,APPROVE,Approval,الموافقة,5,5,Manager/CISO,False
306,26,8,NCA-ECC,1-3-1,POLICY,STORE,Storage,التخزين,6,1,GRC Platform,True
307,26,8,NCA-ECC,1-3-1,POLICY,USE,Active Use,الاستخدام النشط,7,365,Audit Function,True
308,26,8,NCA-ECC,1-3-1,POLICY,REVIEW,Periodic Review,المراجعة الدورية,8,30,Internal Audit,False
309,26,8,NCA-ECC,1-3-1,POLICY,REFRESH,Refresh,التحديث,9,14,Control Owner,False
310,26,8,NCA-ECC,1-3-1,POLICY,RETAIN,Retention,الاحتفاظ,10,1080,Records Manager,True
311,26,8,NCA-ECC,1-3-1,POLICY,ARCHIVE,Archive,الأرشفة,11,1,IT Operations,False
312,26,8,NCA-ECC,1-3-1,POLICY,DISPOSE,Disposal,التخلص,12,1,Records Manager,False
313,27,8,NCA-ECC,1-3-1,PROCEDURE,DEFINE,Definition,التعريف,1,7,Compliance Officer,False
314,27,8,NCA-ECC,1-3-1,PROCEDURE,PLAN,Planning,التخطيط,2,7,Control Owner,False
315,27,8,NCA-ECC,1-3-1,PROCEDURE,COLLECT,Collection,الجمع,3,14,Evidence Collector,False
316,27,8,NCA-ECC,1-3-1,PROCEDURE,VALIDATE,Validation,التحقق,4,7,Quality Reviewer,False
317,27,8,NCA-ECC,1-3-1,PROCEDURE,APPROVE,Approval,الموافقة,5,5,Manager/CISO,False
318,27,8,NCA-ECC,1-3-1,PROCEDURE,STORE,Storage,التخزين,6,1,GRC Platform,True
319,27,8,NCA-ECC,1-3-1,PROCEDURE,USE,Active Use,الاستخدام النشط,7,365,Audit Function,True
320,27,8,NCA-ECC,1-3-1,PROCEDURE,REVIEW,Periodic Review,المراجعة الدورية,8,30,Internal Audit,False
321,27,8,NCA-ECC,1-3-1,PROCEDURE,REFRESH,Refresh,التحديث,9,14,Control Owner,False
322,27,8,NCA-ECC,1-3-1,PROCEDURE,RETAIN,Retention,الاحتفاظ,10,1080,Records Manager,True
323,27,8,NCA-ECC,1-3-1,PROCEDURE,ARCHIVE,Archive,الأرشفة,11,1,IT Operations,False
324,27,8,NCA-ECC,1-3-1,PROCEDURE,DISPOSE,Disposal,التخلص,12,1,Records Manager,False
325,28,8,NCA-ECC,1-3-1,APPROVAL_RECORD,DEFINE,Definition,التعريف,1,7,Compliance Officer,False
326,28,8,NCA-ECC,1-3-1,APPROVAL_RECORD,PLAN,Planning,التخطيط,2,7,Control Owner,False
327,28,8,NCA-ECC,1-3-1,APPROVAL_RECORD,COLLECT,Collection,الجمع,3,14,Evidence Collector,False
328,28,8,NCA-ECC,1-3-1,APPROVAL_RECORD,VALIDATE,Validation,التحقق,4,7,Quality Reviewer,False
329,28,8,NCA-ECC,1-3-1,APPROVAL_RECORD,APPROVE,Approval,الموافقة,5,5,Manager/CISO,False
330,28,8,NCA-ECC,1-3-1,APPROVAL_RECORD,STORE,Storage,التخزين,6,1,GRC Platform,True
331,28,8,NCA-ECC,1-3-1,APPROVAL_RECORD,USE,Active Use,الاستخدام النشط,7,365,Audit Function,True
332,28,8,NCA-ECC,1-3-1,APPROVAL_RECORD,REVIEW,Periodic Review,المراجعة الدورية,8,30,Internal Audit,False
333,28,8,NCA-ECC,1-3-1,APPROVAL_RECORD,REFRESH,Refresh,التحديث,9,14,Control Owner,False
334,28,8,NCA-ECC,1-3-1,APPROVAL_RECORD,RETAIN,Retention,الاحتفاظ,10,1800,Records Manager,True
335,28,8,NCA-ECC,1-3-1,APPROVAL_RECORD,ARCHIVE,Archive,الأرشفة,11,1,IT Operations,False
336,28,8,NCA-ECC,1-3-1,APPROVAL_RECORD,DISPOSE,Disposal,التخلص,12,1,Records Manager,False
337,29,8,NCA-ECC,1-3-1,COMMUNICATION_RECORD,DEFINE,Definition,التعريف,1,7,Compliance Officer,False
338,29,8,NCA-ECC,1-3-1,COMMUNICATION_RECORD,PLAN,Planning,التخطيط,2,7,Control Owner,False
339,29,8,NCA-ECC,1-3-1,COMMUNICATION_RECORD,COLLECT,Collection,الجمع,3,14,Evidence Collector,False
340,29,8,NCA-ECC,1-3-1,COMMUNICATION_RECORD,VALIDATE,Validation,التحقق,4,7,Quality Reviewer,False
341,29,8,NCA-ECC,1-3-1,COMMUNICATION_RECORD,APPROVE,Approval,الموافقة,5,5,Manager/CISO,False
342,29,8,NCA-ECC,1-3-1,COMMUNICATION_RECORD,STORE,Storage,التخزين,6,1,GRC Platform,True
343,29,8,NCA-ECC,1-3-1,COMMUNICATION_RECORD,USE,Active Use,الاستخدام النشط,7,365,Audit Function,True
344,29,8,NCA-ECC,1-3-1,COMMUNICATION_RECORD,REVIEW,Periodic Review,المراجعة الدورية,8,30,Internal Audit,False
345,29,8,NCA-ECC,1-3-1,COMMUNICATION_RECORD,REFRESH,Refresh,التحديث,9,14,Control Owner,False
346,29,8,NCA-ECC,1-3-1,COMMUNICATION_RECORD,RETAIN,Retention,الاحتفاظ,10,1080,Records Manager,True
347,29,8,NCA-ECC,1-3-1,COMMUNICATION_RECORD,ARCHIVE,Archive,الأرشفة,11,1,IT Operations,False
348,29,8,NCA-ECC,1-3-1,COMMUNICATION_RECORD,DISPOSE,Disposal,التخلص,12,1,Records Manager,False
349,30,9,NCA-ECC,1-3-2,REVIEW_REPORT,DEFINE,Definition,التعريف,1,7,Compliance Officer,False
350,30,9,NCA-ECC,1-3-2,REVIEW_REPORT,PLAN,Planning,التخطيط,2,7,Control Owner,False
351,30,9,NCA-ECC,1-3-2,REVIEW_REPORT,COLLECT,Collection,الجمع,3,14,Evidence Collector,False
352,30,9,NCA-ECC,1-3-2,REVIEW_REPORT,VALIDATE,Validation,التحقق,4,7,Quality Reviewer,False
353,30,9,NCA-ECC,1-3-2,REVIEW_REPORT,APPROVE,Approval,الموافقة,5,5,Manager/CISO,False
354,30,9,NCA-ECC,1-3-2,REVIEW_REPORT,STORE,Storage,التخزين,6,1,GRC Platform,True
355,30,9,NCA-ECC,1-3-2,REVIEW_REPORT,USE,Active Use,الاستخدام النشط,7,365,Audit Function,True
356,30,9,NCA-ECC,1-3-2,REVIEW_REPORT,REVIEW,Periodic Review,المراجعة الدورية,8,30,Internal Audit,False
357,30,9,NCA-ECC,1-3-2,REVIEW_REPORT,REFRESH,Refresh,التحديث,9,14,Control Owner,False
358,30,9,NCA-ECC,1-3-2,REVIEW_REPORT,RETAIN,Retention,الاحتفاظ,10,1800,Records Manager,True
359,30,9,NCA-ECC,1-3-2,REVIEW_REPORT,ARCHIVE,Archive,الأرشفة,11,1,IT Operations,False
360,30,9,NCA-ECC,1-3-2,REVIEW_REPORT,DISPOSE,Disposal,التخلص,12,1,Records Manager,False
361,31,9,NCA-ECC,1-3-2,POLICY,DEFINE,Definition,التعريف,1,7,Compliance Officer,False
362,31,9,NCA-ECC,1-3-2,POLICY,PLAN,Planning,التخطيط,2,7,Control Owner,False
363,31,9,NCA-ECC,1-3-2,POLICY,COLLECT,Collection,الجمع,3,14,Evidence Collector,False
364,31,9,NCA-ECC,1-3-2,POLICY,VALIDATE,Validation,التحقق,4,7,Quality Reviewer,False
365,31,9,NCA-ECC,1-3-2,POLICY,APPROVE,Approval,الموافقة,5,5,Manager/CISO,False
366,31,9,NCA-ECC,1-3-2,POLICY,STORE,Storage,التخزين,6,1,GRC Platform,True
367,31,9,NCA-ECC,1-3-2,POLICY,USE,Active Use,الاستخدام النشط,7,365,Audit Function,True
368,31,9,NCA-ECC,1-3-2,POLICY,REVIEW,Periodic Review,المراجعة الدورية,8,30,Internal Audit,False
369,31,9,NCA-ECC,1-3-2,POLICY,REFRESH,Refresh,التحديث,9,14,Control Owner,False
370,31,9,NCA-ECC,1-3-2,POLICY,RETAIN,Retention,الاحتفاظ,10,1080,Records Manager,True
371,31,9,NCA-ECC,1-3-2,POLICY,ARCHIVE,Archive,الأرشفة,11,1,IT Operations,False
372,31,9,NCA-ECC,1-3-2,POLICY,DISPOSE,Disposal,التخلص,12,1,Records Manager,False
373,32,9,NCA-ECC,1-3-2,APPROVAL_RECORD,DEFINE,Definition,التعريف,1,7,Compliance Officer,False
374,32,9,NCA-ECC,1-3-2,APPROVAL_RECORD,PLAN,Planning,التخطيط,2,7,Control Owner,False
375,32,9,NCA-ECC,1-3-2,APPROVAL_RECORD,COLLECT,Collection,الجمع,3,14,Evidence Collector,False
376,32,9,NCA-ECC,1-3-2,APPROVAL_RECORD,VALIDATE,Validation,التحقق,4,7,Quality Reviewer,False
377,32,9,NCA-ECC,1-3-2,APPROVAL_RECORD,APPROVE,Approval,الموافقة,5,5,Manager/CISO,False
378,32,9,NCA-ECC,1-3-2,APPROVAL_RECORD,STORE,Storage,التخزين,6,1,GRC Platform,True
379,32,9,NCA-ECC,1-3-2,APPROVAL_RECORD,USE,Active Use,الاستخدام النشط,7,365,Audit Function,True
380,32,9,NCA-ECC,1-3-2,APPROVAL_RECORD,REVIEW,Periodic Review,المراجعة الدورية,8,30,Internal Audit,False
381,32,9,NCA-ECC,1-3-2,APPROVAL_RECORD,REFRESH,Refresh,التحديث,9,14,Control Owner,False
382,32,9,NCA-ECC,1-3-2,APPROVAL_RECORD,RETAIN,Retention,الاحتفاظ,10,1800,Records Manager,True
383,32,9,NCA-ECC,1-3-2,APPROVAL_RECORD,ARCHIVE,Archive,الأرشفة,11,1,IT Operations,False
384,32,9,NCA-ECC,1-3-2,APPROVAL_RECORD,DISPOSE,Disposal,التخلص,12,1,Records Manager,False
385,33,10,NCA-ECC,1-4-1,RACI_MATRIX,DEFINE,Definition,التعريف,1,7,Compliance Officer,False
386,33,10,NCA-ECC,1-4-1,RACI_MATRIX,PLAN,Planning,التخطيط,2,7,Control Owner,False
387,33,10,NCA-ECC,1-4-1,RACI_MATRIX,COLLECT,Collection,الجمع,3,14,Evidence Collector,False
388,33,10,NCA-ECC,1-4-1,RACI_MATRIX,VALIDATE,Validation,التحقق,4,7,Quality Reviewer,False
389,33,10,NCA-ECC,1-4-1,RACI_MATRIX,APPROVE,Approval,الموافقة,5,5,Manager/CISO,False
390,33,10,NCA-ECC,1-4-1,RACI_MATRIX,STORE,Storage,التخزين,6,1,GRC Platform,True
391,33,10,NCA-ECC,1-4-1,RACI_MATRIX,USE,Active Use,الاستخدام النشط,7,365,Audit Function,True
392,33,10,NCA-ECC,1-4-1,RACI_MATRIX,REVIEW,Periodic Review,المراجعة الدورية,8,30,Internal Audit,False
393,33,10,NCA-ECC,1-4-1,RACI_MATRIX,REFRESH,Refresh,التحديث,9,14,Control Owner,False
394,33,10,NCA-ECC,1-4-1,RACI_MATRIX,RETAIN,Retention,الاحتفاظ,10,1080,Records Manager,True
395,33,10,NCA-ECC,1-4-1,RACI_MATRIX,ARCHIVE,Archive,الأرشفة,11,1,IT Operations,False
396,33,10,NCA-ECC,1-4-1,RACI_MATRIX,DISPOSE,Disposal,التخلص,12,1,Records Manager,False
397,34,10,NCA-ECC,1-4-1,JOB_DESCRIPTION,DEFINE,Definition,التعريف,1,7,Compliance Officer,False
398,34,10,NCA-ECC,1-4-1,JOB_DESCRIPTION,PLAN,Planning,التخطيط,2,7,Control Owner,False
399,34,10,NCA-ECC,1-4-1,JOB_DESCRIPTION,COLLECT,Collection,الجمع,3,14,Evidence Collector,False
400,34,10,NCA-ECC,1-4-1,JOB_DESCRIPTION,VALIDATE,Validation,التحقق,4,7,Quality Reviewer,False
401,34,10,NCA-ECC,1-4-1,JOB_DESCRIPTION,APPROVE,Approval,الموافقة,5,5,Manager/CISO,False
402,34,10,NCA-ECC,1-4-1,JOB_DESCRIPTION,STORE,Storage,التخزين,6,1,GRC Platform,True
403,34,10,NCA-ECC,1-4-1,JOB_DESCRIPTION,USE,Active Use,الاستخدام النشط,7,365,Audit Function,True
404,34,10,NCA-ECC,1-4-1,JOB_DESCRIPTION,REVIEW,Periodic Review,المراجعة الدورية,8,30,Internal Audit,False
405,34,10,NCA-ECC,1-4-1,JOB_DESCRIPTION,REFRESH,Refresh,التحديث,9,14,Control Owner,False
406,34,10,NCA-ECC,1-4-1,JOB_DESCRIPTION,RETAIN,Retention,الاحتفاظ,10,1800,Records Manager,True
407,34,10,NCA-ECC,1-4-1,JOB_DESCRIPTION,ARCHIVE,Archive,الأرشفة,11,1,IT Operations,False
408,34,10,NCA-ECC,1-4-1,JOB_DESCRIPTION,DISPOSE,Disposal,التخلص,12,1,Records Manager,False
409,35,10,NCA-ECC,1-4-1,APPROVAL_RECORD,DEFINE,Definition,التعريف,1,7,Compliance Officer,False
410,35,10,NCA-ECC,1-4-1,APPROVAL_RECORD,PLAN,Planning,التخطيط,2,7,Control Owner,False
411,35,10,NCA-ECC,1-4-1,APPROVAL_RECORD,COLLECT,Collection,الجمع,3,14,Evidence Collector,False
412,35,10,NCA-ECC,1-4-1,APPROVAL_RECORD,VALIDATE,Validation,التحقق,4,7,Quality Reviewer,False
413,35,10,NCA-ECC,1-4-1,APPROVAL_RECORD,APPROVE,Approval,الموافقة,5,5,Manager/CISO,False
414,35,10,NCA-ECC,1-4-1,APPROVAL_RECORD,STORE,Storage,التخزين,6,1,GRC Platform,True
415,35,10,NCA-ECC,1-4-1,APPROVAL_RECORD,USE,Active Use,الاستخدام النشط,7,365,Audit Function,True
416,35,10,NCA-ECC,1-4-1,APPROVAL_RECORD,REVIEW,Periodic Review,المراجعة الدورية,8,30,Internal Audit,False
417,35,10,NCA-ECC,1-4-1,APPROVAL_RECORD,REFRESH,Refresh,التحديث,9,14,Control Owner,False
418,35,10,NCA-ECC,1-4-1,APPROVAL_RECORD,RETAIN,Retention,الاحتفاظ,10,1800,Records Manager,True
419,35,10,NCA-ECC,1-4-1,APPROVAL_RECORD,ARCHIVE,Archive,الأرشفة,11,1,IT Operations,False
420,35,10,NCA-ECC,1-4-1,APPROVAL_RECORD,DISPOSE,Disposal,التخلص,12,1,Records Manager,False
421,36,11,NCA-ECC,1-4-2,REVIEW_REPORT,DEFINE,Definition,التعريف,1,7,Compliance Officer,False
422,36,11,NCA-ECC,1-4-2,REVIEW_REPORT,PLAN,Planning,التخطيط,2,7,Control Owner,False
423,36,11,NCA-ECC,1-4-2,REVIEW_REPORT,COLLECT,Collection,الجمع,3,14,Evidence Collector,False
424,36,11,NCA-ECC,1-4-2,REVIEW_REPORT,VALIDATE,Validation,التحقق,4,7,Quality Reviewer,False
425,36,11,NCA-ECC,1-4-2,REVIEW_REPORT,APPROVE,Approval,الموافقة,5,5,Manager/CISO,False
426,36,11,NCA-ECC,1-4-2,REVIEW_REPORT,STORE,Storage,التخزين,6,1,GRC Platform,True
427,36,11,NCA-ECC,1-4-2,REVIEW_REPORT,USE,Active Use,الاستخدام النشط,7,365,Audit Function,True
428,36,11,NCA-ECC,1-4-2,REVIEW_REPORT,REVIEW,Periodic Review,المراجعة الدورية,8,30,Internal Audit,False
429,36,11,NCA-ECC,1-4-2,REVIEW_REPORT,REFRESH,Refresh,التحديث,9,14,Control Owner,False
430,36,11,NCA-ECC,1-4-2,REVIEW_REPORT,RETAIN,Retention,الاحتفاظ,10,1800,Records Manager,True
431,36,11,NCA-ECC,1-4-2,REVIEW_REPORT,ARCHIVE,Archive,الأرشفة,11,1,IT Operations,False
432,36,11,NCA-ECC,1-4-2,REVIEW_REPORT,DISPOSE,Disposal,التخلص,12,1,Records Manager,False
433,37,11,NCA-ECC,1-4-2,RACI_MATRIX,DEFINE,Definition,التعريف,1,7,Compliance Officer,False
434,37,11,NCA-ECC,1-4-2,RACI_MATRIX,PLAN,Planning,التخطيط,2,7,Control Owner,False
435,37,11,NCA-ECC,1-4-2,RACI_MATRIX,COLLECT,Collection,الجمع,3,14,Evidence Collector,False
436,37,11,NCA-ECC,1-4-2,RACI_MATRIX,VALIDATE,Validation,التحقق,4,7,Quality Reviewer,False
437,37,11,NCA-ECC,1-4-2,RACI_MATRIX,APPROVE,Approval,الموافقة,5,5,Manager/CISO,False
438,37,11,NCA-ECC,1-4-2,RACI_MATRIX,STORE,Storage,التخزين,6,1,GRC Platform,True
439,37,11,NCA-ECC,1-4-2,RACI_MATRIX,USE,Active Use,الاستخدام النشط,7,365,Audit Function,True
440,37,11,NCA-ECC,1-4-2,RACI_MATRIX,REVIEW,Periodic Review,المراجعة الدورية,8,30,Internal Audit,False
441,37,11,NCA-ECC,1-4-2,RACI_MATRIX,REFRESH,Refresh,التحديث,9,14,Control Owner,False
442,37,11,NCA-ECC,1-4-2,RACI_MATRIX,RETAIN,Retention,الاحتفاظ,10,1080,Records Manager,True
443,37,11,NCA-ECC,1-4-2,RACI_MATRIX,ARCHIVE,Archive,الأرشفة,11,1,IT Operations,False
444,37,11,NCA-ECC,1-4-2,RACI_MATRIX,DISPOSE,Disposal,التخلص,12,1,Records Manager,False
445,38,11,NCA-ECC,1-4-2,MEETING_MINUTES,DEFINE,Definition,التعريف,1,7,Compliance Officer,False
446,38,11,NCA-ECC,1-4-2,MEETING_MINUTES,PLAN,Planning,التخطيط,2,7,Control Owner,False
447,38,11,NCA-ECC,1-4-2,MEETING_MINUTES,COLLECT,Collection,الجمع,3,14,Evidence Collector,False
448,38,11,NCA-ECC,1-4-2,MEETING_MINUTES,VALIDATE,Validation,التحقق,4,7,Quality Reviewer,False
449,38,11,NCA-ECC,1-4-2,MEETING_MINUTES,APPROVE,Approval,الموافقة,5,5,Manager/CISO,False
450,38,11,NCA-ECC,1-4-2,MEETING_MINUTES,STORE,Storage,التخزين,6,1,GRC Platform,True
451,38,11,NCA-ECC,1-4-2,MEETING_MINUTES,USE,Active Use,الاستخدام النشط,7,365,Audit Function,True
452,38,11,NCA-ECC,1-4-2,MEETING_MINUTES,REVIEW,Periodic Review,المراجعة الدورية,8,30,Internal Audit,False
453,38,11,NCA-ECC,1-4-2,MEETING_MINUTES,REFRESH,Refresh,التحديث,9,14,Control Owner,False
454,38,11,NCA-ECC,1-4-2,MEETING_MINUTES,RETAIN,Retention,الاحتفاظ,10,1800,Records Manager,True
455,38,11,NCA-ECC,1-4-2,MEETING_MINUTES,ARCHIVE,Archive,الأرشفة,11,1,IT Operations,False
456,38,11,NCA-ECC,1-4-2,MEETING_MINUTES,DISPOSE,Disposal,التخلص,12,1,Records Manager,False
457,39,12,NCA-ECC,1-5-1,RISK_METHODOLOGY,DEFINE,Definition,التعريف,1,7,Compliance Officer,False
458,39,12,NCA-ECC,1-5-1,RISK_METHODOLOGY,PLAN,Planning,التخطيط,2,7,Control Owner,False
459,39,12,NCA-ECC,1-5-1,RISK_METHODOLOGY,COLLECT,Collection,الجمع,3,14,Evidence Collector,False
460,39,12,NCA-ECC,1-5-1,RISK_METHODOLOGY,VALIDATE,Validation,التحقق,4,7,Quality Reviewer,False
461,39,12,NCA-ECC,1-5-1,RISK_METHODOLOGY,APPROVE,Approval,الموافقة,5,5,Manager/CISO,False
462,39,12,NCA-ECC,1-5-1,RISK_METHODOLOGY,STORE,Storage,التخزين,6,1,GRC Platform,True
463,39,12,NCA-ECC,1-5-1,RISK_METHODOLOGY,USE,Active Use,الاستخدام النشط,7,365,Audit Function,True
464,39,12,NCA-ECC,1-5-1,RISK_METHODOLOGY,REVIEW,Periodic Review,المراجعة الدورية,8,30,Internal Audit,False
465,39,12,NCA-ECC,1-5-1,RISK_METHODOLOGY,REFRESH,Refresh,التحديث,9,14,Control Owner,False
466,39,12,NCA-ECC,1-5-1,RISK_METHODOLOGY,RETAIN,Retention,الاحتفاظ,10,1800,Records Manager,True
467,39,12,NCA-ECC,1-5-1,RISK_METHODOLOGY,ARCHIVE,Archive,الأرشفة,11,1,IT Operations,False
468,39,12,NCA-ECC,1-5-1,RISK_METHODOLOGY,DISPOSE,Disposal,التخلص,12,1,Records Manager,False
469,40,12,NCA-ECC,1-5-1,POLICY,DEFINE,Definition,التعريف,1,7,Compliance Officer,False
470,40,12,NCA-ECC,1-5-1,POLICY,PLAN,Planning,التخطيط,2,7,Control Owner,False
471,40,12,NCA-ECC,1-5-1,POLICY,COLLECT,Collection,الجمع,3,14,Evidence Collector,False
472,40,12,NCA-ECC,1-5-1,POLICY,VALIDATE,Validation,التحقق,4,7,Quality Reviewer,False
473,40,12,NCA-ECC,1-5-1,POLICY,APPROVE,Approval,الموافقة,5,5,Manager/CISO,False
474,40,12,NCA-ECC,1-5-1,POLICY,STORE,Storage,التخزين,6,1,GRC Platform,True
475,40,12,NCA-ECC,1-5-1,POLICY,USE,Active Use,الاستخدام النشط,7,365,Audit Function,True
476,40,12,NCA-ECC,1-5-1,POLICY,REVIEW,Periodic Review,المراجعة الدورية,8,30,Internal Audit,False
477,40,12,NCA-ECC,1-5-1,POLICY,REFRESH,Refresh,التحديث,9,14,Control Owner,False
478,40,12,NCA-ECC,1-5-1,POLICY,RETAIN,Retention,الاحتفاظ,10,1080,Records Manager,True
479,40,12,NCA-ECC,1-5-1,POLICY,ARCHIVE,Archive,الأرشفة,11,1,IT Operations,False
480,40,12,NCA-ECC,1-5-1,POLICY,DISPOSE,Disposal,التخلص,12,1,Records Manager,False
481,41,12,NCA-ECC,1-5-1,APPROVAL_RECORD,DEFINE,Definition,التعريف,1,7,Compliance Officer,False
482,41,12,NCA-ECC,1-5-1,APPROVAL_RECORD,PLAN,Planning,التخطيط,2,7,Control Owner,False
483,41,12,NCA-ECC,1-5-1,APPROVAL_RECORD,COLLECT,Collection,الجمع,3,14,Evidence Collector,False
484,41,12,NCA-ECC,1-5-1,APPROVAL_RECORD,VALIDATE,Validation,التحقق,4,7,Quality Reviewer,False
485,41,12,NCA-ECC,1-5-1,APPROVAL_RECORD,APPROVE,Approval,الموافقة,5,5,Manager/CISO,False
486,41,12,NCA-ECC,1-5-1,APPROVAL_RECORD,STORE,Storage,التخزين,6,1,GRC Platform,True
487,41,12,NCA-ECC,1-5-1,APPROVAL_RECORD,USE,Active Use,الاستخدام النشط,7,365,Audit Function,True
488,41,12,NCA-ECC,1-5-1,APPROVAL_RECORD,REVIEW,Periodic Review,المراجعة الدورية,8,30,Internal Audit,False
489,41,12,NCA-ECC,1-5-1,APPROVAL_RECORD,REFRESH,Refresh,التحديث,9,14,Control Owner,False
490,41,12,NCA-ECC,1-5-1,APPROVAL_RECORD,RETAIN,Retention,الاحتفاظ,10,1800,Records Manager,True
491,41,12,NCA-ECC,1-5-1,APPROVAL_RECORD,ARCHIVE,Archive,الأرشفة,11,1,IT Operations,False
492,41,12,NCA-ECC,1-5-1,APPROVAL_RECORD,DISPOSE,Disposal,التخلص,12,1,Records Manager,False
493,42,12,NCA-ECC,1-5-1,PROCEDURE,DEFINE,Definition,التعريف,1,7,Compliance Officer,False
494,42,12,NCA-ECC,1-5-1,PROCEDURE,PLAN,Planning,التخطيط,2,7,Control Owner,False
495,42,12,NCA-ECC,1-5-1,PROCEDURE,COLLECT,Collection,الجمع,3,14,Evidence Collector,False
496,42,12,NCA-ECC,1-5-1,PROCEDURE,VALIDATE,Validation,التحقق,4,7,Quality Reviewer,False
497,42,12,NCA-ECC,1-5-1,PROCEDURE,APPROVE,Approval,الموافقة,5,5,Manager/CISO,False
498,42,12,NCA-ECC,1-5-1,PROCEDURE,STORE,Storage,التخزين,6,1,GRC Platform,True
499,42,12,NCA-ECC,1-5-1,PROCEDURE,USE,Active Use,الاستخدام النشط,7,365,Audit Function,True
500,42,12,NCA-ECC,1-5-1,PROCEDURE,REVIEW,Periodic Review,المراجعة الدورية,8,30,Internal Audit,False
501,42,12,NCA-ECC,1-5-1,PROCEDURE,REFRESH,Refresh,التحديث,9,14,Control Owner,False
502,42,12,NCA-ECC,1-5-1,PROCEDURE,RETAIN,Retention,الاحتفاظ,10,1080,Records Manager,True
503,42,12,NCA-ECC,1-5-1,PROCEDURE,ARCHIVE,Archive,الأرشفة,11,1,IT Operations,False
504,42,12,NCA-ECC,1-5-1,PROCEDURE,DISPOSE,Disposal,التخلص,12,1,Records Manager,False
505,43,13,NCA-ECC,1-5-2,RISK_ASSESSMENT,DEFINE,Definition,التعريف,1,7,Compliance Officer,False
506,43,13,NCA-ECC,1-5-2,RISK_ASSESSMENT,PLAN,Planning,التخطيط,2,7,Control Owner,False
507,43,13,NCA-ECC,1-5-2,RISK_ASSESSMENT,COLLECT,Collection,الجمع,3,14,Evidence Collector,False
508,43,13,NCA-ECC,1-5-2,RISK_ASSESSMENT,VALIDATE,Validation,التحقق,4,7,Quality Reviewer,False
509,43,13,NCA-ECC,1-5-2,RISK_ASSESSMENT,APPROVE,Approval,الموافقة,5,5,Manager/CISO,False
510,43,13,NCA-ECC,1-5-2,RISK_ASSESSMENT,STORE,Storage,التخزين,6,1,GRC Platform,True
511,43,13,NCA-ECC,1-5-2,RISK_ASSESSMENT,USE,Active Use,الاستخدام النشط,7,365,Audit Function,True
512,43,13,NCA-ECC,1-5-2,RISK_ASSESSMENT,REVIEW,Periodic Review,المراجعة الدورية,8,30,Internal Audit,False
513,43,13,NCA-ECC,1-5-2,RISK_ASSESSMENT,REFRESH,Refresh,التحديث,9,14,Control Owner,False
514,43,13,NCA-ECC,1-5-2,RISK_ASSESSMENT,RETAIN,Retention,الاحتفاظ,10,1080,Records Manager,True
515,43,13,NCA-ECC,1-5-2,RISK_ASSESSMENT,ARCHIVE,Archive,الأرشفة,11,1,IT Operations,False
516,43,13,NCA-ECC,1-5-2,RISK_ASSESSMENT,DISPOSE,Disposal,التخلص,12,1,Records Manager,False
517,44,13,NCA-ECC,1-5-2,RISK_REGISTER,DEFINE,Definition,التعريف,1,7,Compliance Officer,False
518,44,13,NCA-ECC,1-5-2,RISK_REGISTER,PLAN,Planning,التخطيط,2,7,Control Owner,False
519,44,13,NCA-ECC,1-5-2,RISK_REGISTER,COLLECT,Collection,الجمع,3,14,Evidence Collector,False
520,44,13,NCA-ECC,1-5-2,RISK_REGISTER,VALIDATE,Validation,التحقق,4,7,Quality Reviewer,False
521,44,13,NCA-ECC,1-5-2,RISK_REGISTER,APPROVE,Approval,الموافقة,5,5,Manager/CISO,False
522,44,13,NCA-ECC,1-5-2,RISK_REGISTER,STORE,Storage,التخزين,6,1,GRC Platform,True
523,44,13,NCA-ECC,1-5-2,RISK_REGISTER,USE,Active Use,الاستخدام النشط,7,365,Audit Function,True
524,44,13,NCA-ECC,1-5-2,RISK_REGISTER,REVIEW,Periodic Review,المراجعة الدورية,8,30,Internal Audit,False
525,44,13,NCA-ECC,1-5-2,RISK_REGISTER,REFRESH,Refresh,التحديث,9,14,Control Owner,False
526,44,13,NCA-ECC,1-5-2,RISK_REGISTER,RETAIN,Retention,الاحتفاظ,10,1800,Records Manager,True
527,44,13,NCA-ECC,1-5-2,RISK_REGISTER,ARCHIVE,Archive,الأرشفة,11,1,IT Operations,False
528,44,13,NCA-ECC,1-5-2,RISK_REGISTER,DISPOSE,Disposal,التخلص,12,1,Records Manager,False
529,45,13,NCA-ECC,1-5-2,REPORT,DEFINE,Definition,التعريف,1,7,Compliance Officer,False
530,45,13,NCA-ECC,1-5-2,REPORT,PLAN,Planning,التخطيط,2,7,Control Owner,False
531,45,13,NCA-ECC,1-5-2,REPORT,COLLECT,Collection,الجمع,3,14,Evidence Collector,False
532,45,13,NCA-ECC,1-5-2,REPORT,VALIDATE,Validation,التحقق,4,7,Quality Reviewer,False
533,45,13,NCA-ECC,1-5-2,REPORT,APPROVE,Approval,الموافقة,5,5,Manager/CISO,False
534,45,13,NCA-ECC,1-5-2,REPORT,STORE,Storage,التخزين,6,1,GRC Platform,True
535,45,13,NCA-ECC,1-5-2,REPORT,USE,Active Use,الاستخدام النشط,7,365,Audit Function,True
536,45,13,NCA-ECC,1-5-2,REPORT,REVIEW,Periodic Review,المراجعة الدورية,8,30,Internal Audit,False
537,45,13,NCA-ECC,1-5-2,REPORT,REFRESH,Refresh,التحديث,9,14,Control Owner,False
538,45,13,NCA-ECC,1-5-2,REPORT,RETAIN,Retention,الاحتفاظ,10,1080,Records Manager,True
539,45,13,NCA-ECC,1-5-2,REPORT,ARCHIVE,Archive,الأرشفة,11,1,IT Operations,False
540,45,13,NCA-ECC,1-5-2,REPORT,DISPOSE,Disposal,التخلص,12,1,Records Manager,False
541,46,13,NCA-ECC,1-5-2,MEETING_MINUTES,DEFINE,Definition,التعريف,1,7,Compliance Officer,False
542,46,13,NCA-ECC,1-5-2,MEETING_MINUTES,PLAN,Planning,التخطيط,2,7,Control Owner,False
543,46,13,NCA-ECC,1-5-2,MEETING_MINUTES,COLLECT,Collection,الجمع,3,14,Evidence Collector,False
544,46,13,NCA-ECC,1-5-2,MEETING_MINUTES,VALIDATE,Validation,التحقق,4,7,Quality Reviewer,False
545,46,13,NCA-ECC,1-5-2,MEETING_MINUTES,APPROVE,Approval,الموافقة,5,5,Manager/CISO,False
546,46,13,NCA-ECC,1-5-2,MEETING_MINUTES,STORE,Storage,التخزين,6,1,GRC Platform,True
547,46,13,NCA-ECC,1-5-2,MEETING_MINUTES,USE,Active Use,الاستخدام النشط,7,365,Audit Function,True
548,46,13,NCA-ECC,1-5-2,MEETING_MINUTES,REVIEW,Periodic Review,المراجعة الدورية,8,30,Internal Audit,False
549,46,13,NCA-ECC,1-5-2,MEETING_MINUTES,REFRESH,Refresh,التحديث,9,14,Control Owner,False
550,46,13,NCA-ECC,1-5-2,MEETING_MINUTES,RETAIN,Retention,الاحتفاظ,10,1800,Records Manager,True
551,46,13,NCA-ECC,1-5-2,MEETING_MINUTES,ARCHIVE,Archive,الأرشفة,11,1,IT Operations,False
552,46,13,NCA-ECC,1-5-2,MEETING_MINUTES,DISPOSE,Disposal,التخلص,12,1,Records Manager,False
553,47,14,NCA-ECC,1-5-3,RISK_TREATMENT_PLAN,DEFINE,Definition,التعريف,1,7,Compliance Officer,False
554,47,14,NCA-ECC,1-5-3,RISK_TREATMENT_PLAN,PLAN,Planning,التخطيط,2,7,Control Owner,False
555,47,14,NCA-ECC,1-5-3,RISK_TREATMENT_PLAN,COLLECT,Collection,الجمع,3,14,Evidence Collector,False
556,47,14,NCA-ECC,1-5-3,RISK_TREATMENT_PLAN,VALIDATE,Validation,التحقق,4,7,Quality Reviewer,False
557,47,14,NCA-ECC,1-5-3,RISK_TREATMENT_PLAN,APPROVE,Approval,الموافقة,5,5,Manager/CISO,False
558,47,14,NCA-ECC,1-5-3,RISK_TREATMENT_PLAN,STORE,Storage,التخزين,6,1,GRC Platform,True
559,47,14,NCA-ECC,1-5-3,RISK_TREATMENT_PLAN,USE,Active Use,الاستخدام النشط,7,365,Audit Function,True
560,47,14,NCA-ECC,1-5-3,RISK_TREATMENT_PLAN,REVIEW,Periodic Review,المراجعة الدورية,8,30,Internal Audit,False
561,47,14,NCA-ECC,1-5-3,RISK_TREATMENT_PLAN,REFRESH,Refresh,التحديث,9,14,Control Owner,False
562,47,14,NCA-ECC,1-5-3,RISK_TREATMENT_PLAN,RETAIN,Retention,الاحتفاظ,10,1080,Records Manager,True
563,47,14,NCA-ECC,1-5-3,RISK_TREATMENT_PLAN,ARCHIVE,Archive,الأرشفة,11,1,IT Operations,False
564,47,14,NCA-ECC,1-5-3,RISK_TREATMENT_PLAN,DISPOSE,Disposal,التخلص,12,1,Records Manager,False
565,48,14,NCA-ECC,1-5-3,APPROVAL_RECORD,DEFINE,Definition,التعريف,1,7,Compliance Officer,False
566,48,14,NCA-ECC,1-5-3,APPROVAL_RECORD,PLAN,Planning,التخطيط,2,7,Control Owner,False
567,48,14,NCA-ECC,1-5-3,APPROVAL_RECORD,COLLECT,Collection,الجمع,3,14,Evidence Collector,False
568,48,14,NCA-ECC,1-5-3,APPROVAL_RECORD,VALIDATE,Validation,التحقق,4,7,Quality Reviewer,False
569,48,14,NCA-ECC,1-5-3,APPROVAL_RECORD,APPROVE,Approval,الموافقة,5,5,Manager/CISO,False
570,48,14,NCA-ECC,1-5-3,APPROVAL_RECORD,STORE,Storage,التخزين,6,1,GRC Platform,True
571,48,14,NCA-ECC,1-5-3,APPROVAL_RECORD,USE,Active Use,الاستخدام النشط,7,365,Audit Function,True
572,48,14,NCA-ECC,1-5-3,APPROVAL_RECORD,REVIEW,Periodic Review,المراجعة الدورية,8,30,Internal Audit,False
573,48,14,NCA-ECC,1-5-3,APPROVAL_RECORD,REFRESH,Refresh,التحديث,9,14,Control Owner,False
574,48,14,NCA-ECC,1-5-3,APPROVAL_RECORD,RETAIN,Retention,الاحتفاظ,10,1800,Records Manager,True
575,48,14,NCA-ECC,1-5-3,APPROVAL_RECORD,ARCHIVE,Archive,الأرشفة,11,1,IT Operations,False
576,48,14,NCA-ECC,1-5-3,APPROVAL_RECORD,DISPOSE,Disposal,التخلص,12,1,Records Manager,False
577,49,14,NCA-ECC,1-5-3,REPORT,DEFINE,Definition,التعريف,1,7,Compliance Officer,False
578,49,14,NCA-ECC,1-5-3,REPORT,PLAN,Planning,التخطيط,2,7,Control Owner,False
579,49,14,NCA-ECC,1-5-3,REPORT,COLLECT,Collection,الجمع,3,14,Evidence Collector,False
580,49,14,NCA-ECC,1-5-3,REPORT,VALIDATE,Validation,التحقق,4,7,Quality Reviewer,False
581,49,14,NCA-ECC,1-5-3,REPORT,APPROVE,Approval,الموافقة,5,5,Manager/CISO,False
582,49,14,NCA-ECC,1-5-3,REPORT,STORE,Storage,التخزين,6,1,GRC Platform,True
583,49,14,NCA-ECC,1-5-3,REPORT,USE,Active Use,الاستخدام النشط,7,365,Audit Function,True
584,49,14,NCA-ECC,1-5-3,REPORT,REVIEW,Periodic Review,المراجعة الدورية,8,30,Internal Audit,False
585,49,14,NCA-ECC,1-5-3,REPORT,REFRESH,Refresh,التحديث,9,14,Control Owner,False
586,49,14,NCA-ECC,1-5-3,REPORT,RETAIN,Retention,الاحتفاظ,10,1080,Records Manager,True
587,49,14,NCA-ECC,1-5-3,REPORT,ARCHIVE,Archive,الأرشفة,11,1,IT Operations,False
588,49,14,NCA-ECC,1-5-3,REPORT,DISPOSE,Disposal,التخلص,12,1,Records Manager,False
589,50,15,NCA-ECC,1-6-1,METHODOLOGY,DEFINE,Definition,التعريف,1,7,Compliance Officer,False
590,50,15,NCA-ECC,1-6-1,METHODOLOGY,PLAN,Planning,التخطيط,2,7,Control Owner,False
591,50,15,NCA-ECC,1-6-1,METHODOLOGY,COLLECT,Collection,الجمع,3,14,Evidence Collector,False
592,50,15,NCA-ECC,1-6-1,METHODOLOGY,VALIDATE,Validation,التحقق,4,7,Quality Reviewer,False
593,50,15,NCA-ECC,1-6-1,METHODOLOGY,APPROVE,Approval,الموافقة,5,5,Manager/CISO,False
594,50,15,NCA-ECC,1-6-1,METHODOLOGY,STORE,Storage,التخزين,6,1,GRC Platform,True
595,50,15,NCA-ECC,1-6-1,METHODOLOGY,USE,Active Use,الاستخدام النشط,7,365,Audit Function,True
596,50,15,NCA-ECC,1-6-1,METHODOLOGY,REVIEW,Periodic Review,المراجعة الدورية,8,30,Internal Audit,False
597,50,15,NCA-ECC,1-6-1,METHODOLOGY,REFRESH,Refresh,التحديث,9,14,Control Owner,False
598,50,15,NCA-ECC,1-6-1,METHODOLOGY,RETAIN,Retention,الاحتفاظ,10,1800,Records Manager,True
599,50,15,NCA-ECC,1-6-1,METHODOLOGY,ARCHIVE,Archive,الأرشفة,11,1,IT Operations,False
600,50,15,NCA-ECC,1-6-1,METHODOLOGY,DISPOSE,Disposal,التخلص,12,1,Records Manager,False
601,51,15,NCA-ECC,1-6-1,POLICY,DEFINE,Definition,التعريف,1,7,Compliance Officer,False
602,51,15,NCA-ECC,1-6-1,POLICY,PLAN,Planning,التخطيط,2,7,Control Owner,False
603,51,15,NCA-ECC,1-6-1,POLICY,COLLECT,Collection,الجمع,3,14,Evidence Collector,False
604,51,15,NCA-ECC,1-6-1,POLICY,VALIDATE,Validation,التحقق,4,7,Quality Reviewer,False
605,51,15,NCA-ECC,1-6-1,POLICY,APPROVE,Approval,الموافقة,5,5,Manager/CISO,False
606,51,15,NCA-ECC,1-6-1,POLICY,STORE,Storage,التخزين,6,1,GRC Platform,True
607,51,15,NCA-ECC,1-6-1,POLICY,USE,Active Use,الاستخدام النشط,7,365,Audit Function,True
608,51,15,NCA-ECC,1-6-1,POLICY,REVIEW,Periodic Review,المراجعة الدورية,8,30,Internal Audit,False
609,51,15,NCA-ECC,1-6-1,POLICY,REFRESH,Refresh,التحديث,9,14,Control Owner,False
610,51,15,NCA-ECC,1-6-1,POLICY,RETAIN,Retention,الاحتفاظ,10,1080,Records Manager,True
611,51,15,NCA-ECC,1-6-1,POLICY,ARCHIVE,Archive,الأرشفة,11,1,IT Operations,False
612,51,15,NCA-ECC,1-6-1,POLICY,DISPOSE,Disposal,التخلص,12,1,Records Manager,False
613,52,15,NCA-ECC,1-6-1,PROJECT_CHARTER,DEFINE,Definition,التعريف,1,7,Compliance Officer,False
614,52,15,NCA-ECC,1-6-1,PROJECT_CHARTER,PLAN,Planning,التخطيط,2,7,Control Owner,False
615,52,15,NCA-ECC,1-6-1,PROJECT_CHARTER,COLLECT,Collection,الجمع,3,14,Evidence Collector,False
616,52,15,NCA-ECC,1-6-1,PROJECT_CHARTER,VALIDATE,Validation,التحقق,4,7,Quality Reviewer,False
617,52,15,NCA-ECC,1-6-1,PROJECT_CHARTER,APPROVE,Approval,الموافقة,5,5,Manager/CISO,False
618,52,15,NCA-ECC,1-6-1,PROJECT_CHARTER,STORE,Storage,التخزين,6,1,GRC Platform,True
619,52,15,NCA-ECC,1-6-1,PROJECT_CHARTER,USE,Active Use,الاستخدام النشط,7,365,Audit Function,True
620,52,15,NCA-ECC,1-6-1,PROJECT_CHARTER,REVIEW,Periodic Review,المراجعة الدورية,8,30,Internal Audit,False
621,52,15,NCA-ECC,1-6-1,PROJECT_CHARTER,REFRESH,Refresh,التحديث,9,14,Control Owner,False
622,52,15,NCA-ECC,1-6-1,PROJECT_CHARTER,RETAIN,Retention,الاحتفاظ,10,1080,Records Manager,True
623,52,15,NCA-ECC,1-6-1,PROJECT_CHARTER,ARCHIVE,Archive,الأرشفة,11,1,IT Operations,False
624,52,15,NCA-ECC,1-6-1,PROJECT_CHARTER,DISPOSE,Disposal,التخلص,12,1,Records Manager,False
625,53,15,NCA-ECC,1-6-1,CHECKLIST,DEFINE,Definition,التعريف,1,7,Compliance Officer,False
626,53,15,NCA-ECC,1-6-1,CHECKLIST,PLAN,Planning,التخطيط,2,7,Control Owner,False
627,53,15,NCA-ECC,1-6-1,CHECKLIST,COLLECT,Collection,الجمع,3,14,Evidence Collector,False
628,53,15,NCA-ECC,1-6-1,CHECKLIST,VALIDATE,Validation,التحقق,4,7,Quality Reviewer,False
629,53,15,NCA-ECC,1-6-1,CHECKLIST,APPROVE,Approval,الموافقة,5,5,Manager/CISO,False
630,53,15,NCA-ECC,1-6-1,CHECKLIST,STORE,Storage,التخزين,6,1,GRC Platform,True
631,53,15,NCA-ECC,1-6-1,CHECKLIST,USE,Active Use,الاستخدام النشط,7,365,Audit Function,True
632,53,15,NCA-ECC,1-6-1,CHECKLIST,REVIEW,Periodic Review,المراجعة الدورية,8,30,Internal Audit,False
633,53,15,NCA-ECC,1-6-1,CHECKLIST,REFRESH,Refresh,التحديث,9,14,Control Owner,False
634,53,15,NCA-ECC,1-6-1,CHECKLIST,RETAIN,Retention,الاحتفاظ,10,1080,Records Manager,True
635,53,15,NCA-ECC,1-6-1,CHECKLIST,ARCHIVE,Archive,الأرشفة,11,1,IT Operations,False
636,53,15,NCA-ECC,1-6-1,CHECKLIST,DISPOSE,Disposal,التخلص,12,1,Records Manager,False
637,54,16,NCA-ECC,1-7-1,COMPLIANCE_REPORT,DEFINE,Definition,التعريف,1,7,Compliance Officer,False
638,54,16,NCA-ECC,1-7-1,COMPLIANCE_REPORT,PLAN,Planning,التخطيط,2,7,Control Owner,False
639,54,16,NCA-ECC,1-7-1,COMPLIANCE_REPORT,COLLECT,Collection,الجمع,3,14,Evidence Collector,False
640,54,16,NCA-ECC,1-7-1,COMPLIANCE_REPORT,VALIDATE,Validation,التحقق,4,7,Quality Reviewer,False
641,54,16,NCA-ECC,1-7-1,COMPLIANCE_REPORT,APPROVE,Approval,الموافقة,5,5,Manager/CISO,False
642,54,16,NCA-ECC,1-7-1,COMPLIANCE_REPORT,STORE,Storage,التخزين,6,1,GRC Platform,True
643,54,16,NCA-ECC,1-7-1,COMPLIANCE_REPORT,USE,Active Use,الاستخدام النشط,7,365,Audit Function,True
644,54,16,NCA-ECC,1-7-1,COMPLIANCE_REPORT,REVIEW,Periodic Review,المراجعة الدورية,8,30,Internal Audit,False
645,54,16,NCA-ECC,1-7-1,COMPLIANCE_REPORT,REFRESH,Refresh,التحديث,9,14,Control Owner,False
646,54,16,NCA-ECC,1-7-1,COMPLIANCE_REPORT,RETAIN,Retention,الاحتفاظ,10,1800,Records Manager,True
647,54,16,NCA-ECC,1-7-1,COMPLIANCE_REPORT,ARCHIVE,Archive,الأرشفة,11,1,IT Operations,False
648,54,16,NCA-ECC,1-7-1,COMPLIANCE_REPORT,DISPOSE,Disposal,التخلص,12,1,Records Manager,False
649,55,16,NCA-ECC,1-7-1,AUDIT_REPORT,DEFINE,Definition,التعريف,1,7,Compliance Officer,False
650,55,16,NCA-ECC,1-7-1,AUDIT_REPORT,PLAN,Planning,التخطيط,2,7,Control Owner,False
651,55,16,NCA-ECC,1-7-1,AUDIT_REPORT,COLLECT,Collection,الجمع,3,14,Evidence Collector,False
652,55,16,NCA-ECC,1-7-1,AUDIT_REPORT,VALIDATE,Validation,التحقق,4,7,Quality Reviewer,False
653,55,16,NCA-ECC,1-7-1,AUDIT_REPORT,APPROVE,Approval,الموافقة,5,5,Manager/CISO,False
654,55,16,NCA-ECC,1-7-1,AUDIT_REPORT,STORE,Storage,التخزين,6,1,GRC Platform,True
655,55,16,NCA-ECC,1-7-1,AUDIT_REPORT,USE,Active Use,الاستخدام النشط,7,365,Audit Function,True
656,55,16,NCA-ECC,1-7-1,AUDIT_REPORT,REVIEW,Periodic Review,المراجعة الدورية,8,30,Internal Audit,False
657,55,16,NCA-ECC,1-7-1,AUDIT_REPORT,REFRESH,Refresh,التحديث,9,14,Control Owner,False
658,55,16,NCA-ECC,1-7-1,AUDIT_REPORT,RETAIN,Retention,الاحتفاظ,10,2520,Records Manager,True
659,55,16,NCA-ECC,1-7-1,AUDIT_REPORT,ARCHIVE,Archive,الأرشفة,11,1,IT Operations,False
660,55,16,NCA-ECC,1-7-1,AUDIT_REPORT,DISPOSE,Disposal,التخلص,12,1,Records Manager,False
661,56,16,NCA-ECC,1-7-1,POLICY,DEFINE,Definition,التعريف,1,7,Compliance Officer,False
662,56,16,NCA-ECC,1-7-1,POLICY,PLAN,Planning,التخطيط,2,7,Control Owner,False
663,56,16,NCA-ECC,1-7-1,POLICY,COLLECT,Collection,الجمع,3,14,Evidence Collector,False
664,56,16,NCA-ECC,1-7-1,POLICY,VALIDATE,Validation,التحقق,4,7,Quality Reviewer,False
665,56,16,NCA-ECC,1-7-1,POLICY,APPROVE,Approval,الموافقة,5,5,Manager/CISO,False
666,56,16,NCA-ECC,1-7-1,POLICY,STORE,Storage,التخزين,6,1,GRC Platform,True
667,56,16,NCA-ECC,1-7-1,POLICY,USE,Active Use,الاستخدام النشط,7,365,Audit Function,True
668,56,16,NCA-ECC,1-7-1,POLICY,REVIEW,Periodic Review,المراجعة الدورية,8,30,Internal Audit,False
669,56,16,NCA-ECC,1-7-1,POLICY,REFRESH,Refresh,التحديث,9,14,Control Owner,False
670,56,16,NCA-ECC,1-7-1,POLICY,RETAIN,Retention,الاحتفاظ,10,1080,Records Manager,True
671,56,16,NCA-ECC,1-7-1,POLICY,ARCHIVE,Archive,الأرشفة,11,1,IT Operations,False
672,56,16,NCA-ECC,1-7-1,POLICY,DISPOSE,Disposal,التخلص,12,1,Records Manager,False
673,57,16,NCA-ECC,1-7-1,EVIDENCE,DEFINE,Definition,التعريف,1,7,Compliance Officer,False
674,57,16,NCA-ECC,1-7-1,EVIDENCE,PLAN,Planning,التخطيط,2,7,Control Owner,False
675,57,16,NCA-ECC,1-7-1,EVIDENCE,COLLECT,Collection,الجمع,3,14,Evidence Collector,False
676,57,16,NCA-ECC,1-7-1,EVIDENCE,VALIDATE,Validation,التحقق,4,7,Quality Reviewer,False
677,57,16,NCA-ECC,1-7-1,EVIDENCE,APPROVE,Approval,الموافقة,5,5,Manager/CISO,False
678,57,16,NCA-ECC,1-7-1,EVIDENCE,STORE,Storage,التخزين,6,1,GRC Platform,True
679,57,16,NCA-ECC,1-7-1,EVIDENCE,USE,Active Use,الاستخدام النشط,7,365,Audit Function,True
680,57,16,NCA-ECC,1-7-1,EVIDENCE,REVIEW,Periodic Review,المراجعة الدورية,8,30,Internal Audit,False
681,57,16,NCA-ECC,1-7-1,EVIDENCE,REFRESH,Refresh,التحديث,9,14,Control Owner,False
682,57,16,NCA-ECC,1-7-1,EVIDENCE,RETAIN,Retention,الاحتفاظ,10,1080,Records Manager,True
683,57,16,NCA-ECC,1-7-1,EVIDENCE,ARCHIVE,Archive,الأرشفة,11,1,IT Operations,False
684,57,16,NCA-ECC,1-7-1,EVIDENCE,DISPOSE,Disposal,التخلص,12,1,Records Manager,False
685,58,17,NCA-ECC,1-8-1,AUDIT_PLAN,DEFINE,Definition,التعريف,1,7,Compliance Officer,False
686,58,17,NCA-ECC,1-8-1,AUDIT_PLAN,PLAN,Planning,التخطيط,2,7,Control Owner,False
687,58,17,NCA-ECC,1-8-1,AUDIT_PLAN,COLLECT,Collection,الجمع,3,14,Evidence Collector,False
688,58,17,NCA-ECC,1-8-1,AUDIT_PLAN,VALIDATE,Validation,التحقق,4,7,Quality Reviewer,False
689,58,17,NCA-ECC,1-8-1,AUDIT_PLAN,APPROVE,Approval,الموافقة,5,5,Manager/CISO,False
690,58,17,NCA-ECC,1-8-1,AUDIT_PLAN,STORE,Storage,التخزين,6,1,GRC Platform,True
691,58,17,NCA-ECC,1-8-1,AUDIT_PLAN,USE,Active Use,الاستخدام النشط,7,365,Audit Function,True
692,58,17,NCA-ECC,1-8-1,AUDIT_PLAN,REVIEW,Periodic Review,المراجعة الدورية,8,30,Internal Audit,False
693,58,17,NCA-ECC,1-8-1,AUDIT_PLAN,REFRESH,Refresh,التحديث,9,14,Control Owner,False
694,58,17,NCA-ECC,1-8-1,AUDIT_PLAN,RETAIN,Retention,الاحتفاظ,10,1800,Records Manager,True
695,58,17,NCA-ECC,1-8-1,AUDIT_PLAN,ARCHIVE,Archive,الأرشفة,11,1,IT Operations,False
696,58,17,NCA-ECC,1-8-1,AUDIT_PLAN,DISPOSE,Disposal,التخلص,12,1,Records Manager,False
697,59,17,NCA-ECC,1-8-1,AUDIT_REPORT,DEFINE,Definition,التعريف,1,7,Compliance Officer,False
698,59,17,NCA-ECC,1-8-1,AUDIT_REPORT,PLAN,Planning,التخطيط,2,7,Control Owner,False
699,59,17,NCA-ECC,1-8-1,AUDIT_REPORT,COLLECT,Collection,الجمع,3,14,Evidence Collector,False
700,59,17,NCA-ECC,1-8-1,AUDIT_REPORT,VALIDATE,Validation,التحقق,4,7,Quality Reviewer,False
701,59,17,NCA-ECC,1-8-1,AUDIT_REPORT,APPROVE,Approval,الموافقة,5,5,Manager/CISO,False
702,59,17,NCA-ECC,1-8-1,AUDIT_REPORT,STORE,Storage,التخزين,6,1,GRC Platform,True
703,59,17,NCA-ECC,1-8-1,AUDIT_REPORT,USE,Active Use,الاستخدام النشط,7,365,Audit Function,True
704,59,17,NCA-ECC,1-8-1,AUDIT_REPORT,REVIEW,Periodic Review,المراجعة الدورية,8,30,Internal Audit,False
705,59,17,NCA-ECC,1-8-1,AUDIT_REPORT,REFRESH,Refresh,التحديث,9,14,Control Owner,False
706,59,17,NCA-ECC,1-8-1,AUDIT_REPORT,RETAIN,Retention,الاحتفاظ,10,2520,Records Manager,True
707,59,17,NCA-ECC,1-8-1,AUDIT_REPORT,ARCHIVE,Archive,الأرشفة,11,1,IT Operations,False
708,59,17,NCA-ECC,1-8-1,AUDIT_REPORT,DISPOSE,Disposal,التخلص,12,1,Records Manager,False
709,60,17,NCA-ECC,1-8-1,FINDINGS,DEFINE,Definition,التعريف,1,7,Compliance Officer,False
710,60,17,NCA-ECC,1-8-1,FINDINGS,PLAN,Planning,التخطيط,2,7,Control Owner,False
711,60,17,NCA-ECC,1-8-1,FINDINGS,COLLECT,Collection,الجمع,3,14,Evidence Collector,False
712,60,17,NCA-ECC,1-8-1,FINDINGS,VALIDATE,Validation,التحقق,4,7,Quality Reviewer,False
713,60,17,NCA-ECC,1-8-1,FINDINGS,APPROVE,Approval,الموافقة,5,5,Manager/CISO,False
714,60,17,NCA-ECC,1-8-1,FINDINGS,STORE,Storage,التخزين,6,1,GRC Platform,True
715,60,17,NCA-ECC,1-8-1,FINDINGS,USE,Active Use,الاستخدام النشط,7,365,Audit Function,True
716,60,17,NCA-ECC,1-8-1,FINDINGS,REVIEW,Periodic Review,المراجعة الدورية,8,30,Internal Audit,False
717,60,17,NCA-ECC,1-8-1,FINDINGS,REFRESH,Refresh,التحديث,9,14,Control Owner,False
718,60,17,NCA-ECC,1-8-1,FINDINGS,RETAIN,Retention,الاحتفاظ,10,1800,Records Manager,True
719,60,17,NCA-ECC,1-8-1,FINDINGS,ARCHIVE,Archive,الأرشفة,11,1,IT Operations,False
720,60,17,NCA-ECC,1-8-1,FINDINGS,DISPOSE,Disposal,التخلص,12,1,Records Manager,False
721,61,17,NCA-ECC,1-8-1,REMEDIATION_PLAN,DEFINE,Definition,التعريف,1,7,Compliance Officer,False
722,61,17,NCA-ECC,1-8-1,REMEDIATION_PLAN,PLAN,Planning,التخطيط,2,7,Control Owner,False
723,61,17,NCA-ECC,1-8-1,REMEDIATION_PLAN,COLLECT,Collection,الجمع,3,14,Evidence Collector,False
724,61,17,NCA-ECC,1-8-1,REMEDIATION_PLAN,VALIDATE,Validation,التحقق,4,7,Quality Reviewer,False
725,61,17,NCA-ECC,1-8-1,REMEDIATION_PLAN,APPROVE,Approval,الموافقة,5,5,Manager/CISO,False
726,61,17,NCA-ECC,1-8-1,REMEDIATION_PLAN,STORE,Storage,التخزين,6,1,GRC Platform,True
727,61,17,NCA-ECC,1-8-1,REMEDIATION_PLAN,USE,Active Use,الاستخدام النشط,7,365,Audit Function,True
728,61,17,NCA-ECC,1-8-1,REMEDIATION_PLAN,REVIEW,Periodic Review,المراجعة الدورية,8,30,Internal Audit,False
729,61,17,NCA-ECC,1-8-1,REMEDIATION_PLAN,REFRESH,Refresh,التحديث,9,14,Control Owner,False
730,61,17,NCA-ECC,1-8-1,REMEDIATION_PLAN,RETAIN,Retention,الاحتفاظ,10,1080,Records Manager,True
731,61,17,NCA-ECC,1-8-1,REMEDIATION_PLAN,ARCHIVE,Archive,الأرشفة,11,1,IT Operations,False
732,61,17,NCA-ECC,1-8-1,REMEDIATION_PLAN,DISPOSE,Disposal,التخلص,12,1,Records Manager,False
733,62,18,NCA-ECC,1-9-1,SCREENING_RECORD,DEFINE,Definition,التعريف,1,7,Compliance Officer,False
734,62,18,NCA-ECC,1-9-1,SCREENING_RECORD,PLAN,Planning,التخطيط,2,7,Control Owner,False
735,62,18,NCA-ECC,1-9-1,SCREENING_RECORD,COLLECT,Collection,الجمع,3,14,Evidence Collector,False
736,62,18,NCA-ECC,1-9-1,SCREENING_RECORD,VALIDATE,Validation,التحقق,4,7,Quality Reviewer,False
737,62,18,NCA-ECC,1-9-1,SCREENING_RECORD,APPROVE,Approval,الموافقة,5,5,Manager/CISO,False
738,62,18,NCA-ECC,1-9-1,SCREENING_RECORD,STORE,Storage,التخزين,6,1,GRC Platform,True
739,62,18,NCA-ECC,1-9-1,SCREENING_RECORD,USE,Active Use,الاستخدام النشط,7,365,Audit Function,True
740,62,18,NCA-ECC,1-9-1,SCREENING_RECORD,REVIEW,Periodic Review,المراجعة الدورية,8,30,Internal Audit,False
741,62,18,NCA-ECC,1-9-1,SCREENING_RECORD,REFRESH,Refresh,التحديث,9,14,Control Owner,False
742,62,18,NCA-ECC,1-9-1,SCREENING_RECORD,RETAIN,Retention,الاحتفاظ,10,1800,Records Manager,True
743,62,18,NCA-ECC,1-9-1,SCREENING_RECORD,ARCHIVE,Archive,الأرشفة,11,1,IT Operations,False
744,62,18,NCA-ECC,1-9-1,SCREENING_RECORD,DISPOSE,Disposal,التخلص,12,1,Records Manager,False
745,63,18,NCA-ECC,1-9-1,POLICY,DEFINE,Definition,التعريف,1,7,Compliance Officer,False
746,63,18,NCA-ECC,1-9-1,POLICY,PLAN,Planning,التخطيط,2,7,Control Owner,False
747,63,18,NCA-ECC,1-9-1,POLICY,COLLECT,Collection,الجمع,3,14,Evidence Collector,False
748,63,18,NCA-ECC,1-9-1,POLICY,VALIDATE,Validation,التحقق,4,7,Quality Reviewer,False
749,63,18,NCA-ECC,1-9-1,POLICY,APPROVE,Approval,الموافقة,5,5,Manager/CISO,False
750,63,18,NCA-ECC,1-9-1,POLICY,STORE,Storage,التخزين,6,1,GRC Platform,True
751,63,18,NCA-ECC,1-9-1,POLICY,USE,Active Use,الاستخدام النشط,7,365,Audit Function,True
752,63,18,NCA-ECC,1-9-1,POLICY,REVIEW,Periodic Review,المراجعة الدورية,8,30,Internal Audit,False
753,63,18,NCA-ECC,1-9-1,POLICY,REFRESH,Refresh,التحديث,9,14,Control Owner,False
754,63,18,NCA-ECC,1-9-1,POLICY,RETAIN,Retention,الاحتفاظ,10,1080,Records Manager,True
755,63,18,NCA-ECC,1-9-1,POLICY,ARCHIVE,Archive,الأرشفة,11,1,IT Operations,False
756,63,18,NCA-ECC,1-9-1,POLICY,DISPOSE,Disposal,التخلص,12,1,Records Manager,False
757,64,18,NCA-ECC,1-9-1,HR_RECORDS,DEFINE,Definition,التعريف,1,7,Compliance Officer,False
758,64,18,NCA-ECC,1-9-1,HR_RECORDS,PLAN,Planning,التخطيط,2,7,Control Owner,False
759,64,18,NCA-ECC,1-9-1,HR_RECORDS,COLLECT,Collection,الجمع,3,14,Evidence Collector,False
760,64,18,NCA-ECC,1-9-1,HR_RECORDS,VALIDATE,Validation,التحقق,4,7,Quality Reviewer,False
761,64,18,NCA-ECC,1-9-1,HR_RECORDS,APPROVE,Approval,الموافقة,5,5,Manager/CISO,False
762,64,18,NCA-ECC,1-9-1,HR_RECORDS,STORE,Storage,التخزين,6,1,GRC Platform,True
763,64,18,NCA-ECC,1-9-1,HR_RECORDS,USE,Active Use,الاستخدام النشط,7,365,Audit Function,True
764,64,18,NCA-ECC,1-9-1,HR_RECORDS,REVIEW,Periodic Review,المراجعة الدورية,8,30,Internal Audit,False
765,64,18,NCA-ECC,1-9-1,HR_RECORDS,REFRESH,Refresh,التحديث,9,14,Control Owner,False
766,64,18,NCA-ECC,1-9-1,HR_RECORDS,RETAIN,Retention,الاحتفاظ,10,2520,Records Manager,True
767,64,18,NCA-ECC,1-9-1,HR_RECORDS,ARCHIVE,Archive,الأرشفة,11,1,IT Operations,False
768,64,18,NCA-ECC,1-9-1,HR_RECORDS,DISPOSE,Disposal,التخلص,12,1,Records Manager,False
769,65,19,NCA-ECC,1-9-2,PROCEDURE,DEFINE,Definition,التعريف,1,7,Compliance Officer,False
770,65,19,NCA-ECC,1-9-2,PROCEDURE,PLAN,Planning,التخطيط,2,7,Control Owner,False
771,65,19,NCA-ECC,1-9-2,PROCEDURE,COLLECT,Collection,الجمع,3,14,Evidence Collector,False
772,65,19,NCA-ECC,1-9-2,PROCEDURE,VALIDATE,Validation,التحقق,4,7,Quality Reviewer,False
773,65,19,NCA-ECC,1-9-2,PROCEDURE,APPROVE,Approval,الموافقة,5,5,Manager/CISO,False
774,65,19,NCA-ECC,1-9-2,PROCEDURE,STORE,Storage,التخزين,6,1,GRC Platform,True
775,65,19,NCA-ECC,1-9-2,PROCEDURE,USE,Active Use,الاستخدام النشط,7,365,Audit Function,True
776,65,19,NCA-ECC,1-9-2,PROCEDURE,REVIEW,Periodic Review,المراجعة الدورية,8,30,Internal Audit,False
777,65,19,NCA-ECC,1-9-2,PROCEDURE,REFRESH,Refresh,التحديث,9,14,Control Owner,False
778,65,19,NCA-ECC,1-9-2,PROCEDURE,RETAIN,Retention,الاحتفاظ,10,1080,Records Manager,True
779,65,19,NCA-ECC,1-9-2,PROCEDURE,ARCHIVE,Archive,الأرشفة,11,1,IT Operations,False
780,65,19,NCA-ECC,1-9-2,PROCEDURE,DISPOSE,Disposal,التخلص,12,1,Records Manager,False
781,66,19,NCA-ECC,1-9-2,CHECKLIST,DEFINE,Definition,التعريف,1,7,Compliance Officer,False
782,66,19,NCA-ECC,1-9-2,CHECKLIST,PLAN,Planning,التخطيط,2,7,Control Owner,False
783,66,19,NCA-ECC,1-9-2,CHECKLIST,COLLECT,Collection,الجمع,3,14,Evidence Collector,False
784,66,19,NCA-ECC,1-9-2,CHECKLIST,VALIDATE,Validation,التحقق,4,7,Quality Reviewer,False
785,66,19,NCA-ECC,1-9-2,CHECKLIST,APPROVE,Approval,الموافقة,5,5,Manager/CISO,False
786,66,19,NCA-ECC,1-9-2,CHECKLIST,STORE,Storage,التخزين,6,1,GRC Platform,True
787,66,19,NCA-ECC,1-9-2,CHECKLIST,USE,Active Use,الاستخدام النشط,7,365,Audit Function,True
788,66,19,NCA-ECC,1-9-2,CHECKLIST,REVIEW,Periodic Review,المراجعة الدورية,8,30,Internal Audit,False
789,66,19,NCA-ECC,1-9-2,CHECKLIST,REFRESH,Refresh,التحديث,9,14,Control Owner,False
790,66,19,NCA-ECC,1-9-2,CHECKLIST,RETAIN,Retention,الاحتفاظ,10,1080,Records Manager,True
791,66,19,NCA-ECC,1-9-2,CHECKLIST,ARCHIVE,Archive,الأرشفة,11,1,IT Operations,False
792,66,19,NCA-ECC,1-9-2,CHECKLIST,DISPOSE,Disposal,التخلص,12,1,Records Manager,False
793,67,19,NCA-ECC,1-9-2,ACCESS_LOG,DEFINE,Definition,التعريف,1,7,Compliance Officer,False
794,67,19,NCA-ECC,1-9-2,ACCESS_LOG,PLAN,Planning,التخطيط,2,7,Control Owner,False
795,67,19,NCA-ECC,1-9-2,ACCESS_LOG,COLLECT,Collection,الجمع,3,14,Evidence Collector,False
796,67,19,NCA-ECC,1-9-2,ACCESS_LOG,VALIDATE,Validation,التحقق,4,7,Quality Reviewer,False
797,67,19,NCA-ECC,1-9-2,ACCESS_LOG,APPROVE,Approval,الموافقة,5,5,Manager/CISO,False
798,67,19,NCA-ECC,1-9-2,ACCESS_LOG,STORE,Storage,التخزين,6,1,GRC Platform,True
799,67,19,NCA-ECC,1-9-2,ACCESS_LOG,USE,Active Use,الاستخدام النشط,7,365,Audit Function,True
800,67,19,NCA-ECC,1-9-2,ACCESS_LOG,REVIEW,Periodic Review,المراجعة الدورية,8,30,Internal Audit,False
801,67,19,NCA-ECC,1-9-2,ACCESS_LOG,REFRESH,Refresh,التحديث,9,14,Control Owner,False
802,67,19,NCA-ECC,1-9-2,ACCESS_LOG,RETAIN,Retention,الاحتفاظ,10,360,Records Manager,True
803,67,19,NCA-ECC,1-9-2,ACCESS_LOG,ARCHIVE,Archive,الأرشفة,11,1,IT Operations,False
804,67,19,NCA-ECC,1-9-2,ACCESS_LOG,DISPOSE,Disposal,التخلص,12,1,Records Manager,False
805,68,19,NCA-ECC,1-9-2,AUDIT_LOG,DEFINE,Definition,التعريف,1,7,Compliance Officer,False
806,68,19,NCA-ECC,1-9-2,AUDIT_LOG,PLAN,Planning,التخطيط,2,7,Control Owner,False
807,68,19,NCA-ECC,1-9-2,AUDIT_LOG,COLLECT,Collection,الجمع,3,14,Evidence Collector,False
808,68,19,NCA-ECC,1-9-2,AUDIT_LOG,VALIDATE,Validation,التحقق,4,7,Quality Reviewer,False
809,68,19,NCA-ECC,1-9-2,AUDIT_LOG,APPROVE,Approval,الموافقة,5,5,Manager/CISO,False
810,68,19,NCA-ECC,1-9-2,AUDIT_LOG,STORE,Storage,التخزين,6,1,GRC Platform,True
811,68,19,NCA-ECC,1-9-2,AUDIT_LOG,USE,Active Use,الاستخدام النشط,7,365,Audit Function,True
812,68,19,NCA-ECC,1-9-2,AUDIT_LOG,REVIEW,Periodic Review,المراجعة الدورية,8,30,Internal Audit,False
813,68,19,NCA-ECC,1-9-2,AUDIT_LOG,REFRESH,Refresh,التحديث,9,14,Control Owner,False
814,68,19,NCA-ECC,1-9-2,AUDIT_LOG,RETAIN,Retention,الاحتفاظ,10,720,Records Manager,True
815,68,19,NCA-ECC,1-9-2,AUDIT_LOG,ARCHIVE,Archive,الأرشفة,11,1,IT Operations,False
816,68,19,NCA-ECC,1-9-2,AUDIT_LOG,DISPOSE,Disposal,التخلص,12,1,Records Manager,False
817,69,20,NCA-ECC,1-10-1,TRAINING_PROGRAM,DEFINE,Definition,التعريف,1,7,Compliance Officer,False
818,69,20,NCA-ECC,1-10-1,TRAINING_PROGRAM,PLAN,Planning,التخطيط,2,7,Control Owner,False
819,69,20,NCA-ECC,1-10-1,TRAINING_PROGRAM,COLLECT,Collection,الجمع,3,14,Evidence Collector,False
820,69,20,NCA-ECC,1-10-1,TRAINING_PROGRAM,VALIDATE,Validation,التحقق,4,7,Quality Reviewer,False
821,69,20,NCA-ECC,1-10-1,TRAINING_PROGRAM,APPROVE,Approval,الموافقة,5,5,Manager/CISO,False
822,69,20,NCA-ECC,1-10-1,TRAINING_PROGRAM,STORE,Storage,التخزين,6,1,GRC Platform,True
823,69,20,NCA-ECC,1-10-1,TRAINING_PROGRAM,USE,Active Use,الاستخدام النشط,7,365,Audit Function,True
824,69,20,NCA-ECC,1-10-1,TRAINING_PROGRAM,REVIEW,Periodic Review,المراجعة الدورية,8,30,Internal Audit,False
825,69,20,NCA-ECC,1-10-1,TRAINING_PROGRAM,REFRESH,Refresh,التحديث,9,14,Control Owner,False
826,69,20,NCA-ECC,1-10-1,TRAINING_PROGRAM,RETAIN,Retention,الاحتفاظ,10,1080,Records Manager,True
827,69,20,NCA-ECC,1-10-1,TRAINING_PROGRAM,ARCHIVE,Archive,الأرشفة,11,1,IT Operations,False
828,69,20,NCA-ECC,1-10-1,TRAINING_PROGRAM,DISPOSE,Disposal,التخلص,12,1,Records Manager,False
829,70,20,NCA-ECC,1-10-1,TRAINING_RECORD,DEFINE,Definition,التعريف,1,7,Compliance Officer,False
830,70,20,NCA-ECC,1-10-1,TRAINING_RECORD,PLAN,Planning,التخطيط,2,7,Control Owner,False
831,70,20,NCA-ECC,1-10-1,TRAINING_RECORD,COLLECT,Collection,الجمع,3,14,Evidence Collector,False
832,70,20,NCA-ECC,1-10-1,TRAINING_RECORD,VALIDATE,Validation,التحقق,4,7,Quality Reviewer,False
833,70,20,NCA-ECC,1-10-1,TRAINING_RECORD,APPROVE,Approval,الموافقة,5,5,Manager/CISO,False
834,70,20,NCA-ECC,1-10-1,TRAINING_RECORD,STORE,Storage,التخزين,6,1,GRC Platform,True
835,70,20,NCA-ECC,1-10-1,TRAINING_RECORD,USE,Active Use,الاستخدام النشط,7,365,Audit Function,True
836,70,20,NCA-ECC,1-10-1,TRAINING_RECORD,REVIEW,Periodic Review,المراجعة الدورية,8,30,Internal Audit,False
837,70,20,NCA-ECC,1-10-1,TRAINING_RECORD,REFRESH,Refresh,التحديث,9,14,Control Owner,False
838,70,20,NCA-ECC,1-10-1,TRAINING_RECORD,RETAIN,Retention,الاحتفاظ,10,1800,Records Manager,True
839,70,20,NCA-ECC,1-10-1,TRAINING_RECORD,ARCHIVE,Archive,الأرشفة,11,1,IT Operations,False
840,70,20,NCA-ECC,1-10-1,TRAINING_RECORD,DISPOSE,Disposal,التخلص,12,1,Records Manager,False
841,71,20,NCA-ECC,1-10-1,CAMPAIGN_REPORT,DEFINE,Definition,التعريف,1,7,Compliance Officer,False
842,71,20,NCA-ECC,1-10-1,CAMPAIGN_REPORT,PLAN,Planning,التخطيط,2,7,Control Owner,False
843,71,20,NCA-ECC,1-10-1,CAMPAIGN_REPORT,COLLECT,Collection,الجمع,3,14,Evidence Collector,False
844,71,20,NCA-ECC,1-10-1,CAMPAIGN_REPORT,VALIDATE,Validation,التحقق,4,7,Quality Reviewer,False
845,71,20,NCA-ECC,1-10-1,CAMPAIGN_REPORT,APPROVE,Approval,الموافقة,5,5,Manager/CISO,False
846,71,20,NCA-ECC,1-10-1,CAMPAIGN_REPORT,STORE,Storage,التخزين,6,1,GRC Platform,True
847,71,20,NCA-ECC,1-10-1,CAMPAIGN_REPORT,USE,Active Use,الاستخدام النشط,7,365,Audit Function,True
848,71,20,NCA-ECC,1-10-1,CAMPAIGN_REPORT,REVIEW,Periodic Review,المراجعة الدورية,8,30,Internal Audit,False
849,71,20,NCA-ECC,1-10-1,CAMPAIGN_REPORT,REFRESH,Refresh,التحديث,9,14,Control Owner,False
850,71,20,NCA-ECC,1-10-1,CAMPAIGN_REPORT,RETAIN,Retention,الاحتفاظ,10,1080,Records Manager,True
851,71,20,NCA-ECC,1-10-1,CAMPAIGN_REPORT,ARCHIVE,Archive,الأرشفة,11,1,IT Operations,False
852,71,20,NCA-ECC,1-10-1,CAMPAIGN_REPORT,DISPOSE,Disposal,التخلص,12,1,Records Manager,False
853,72,20,NCA-ECC,1-10-1,QUIZ_RESULTS,DEFINE,Definition,التعريف,1,7,Compliance Officer,False
854,72,20,NCA-ECC,1-10-1,QUIZ_RESULTS,PLAN,Planning,التخطيط,2,7,Control Owner,False
855,72,20,NCA-ECC,1-10-1,QUIZ_RESULTS,COLLECT,Collection,الجمع,3,14,Evidence Collector,False
856,72,20,NCA-ECC,1-10-1,QUIZ_RESULTS,VALIDATE,Validation,التحقق,4,7,Quality Reviewer,False
857,72,20,NCA-ECC,1-10-1,QUIZ_RESULTS,APPROVE,Approval,الموافقة,5,5,Manager/CISO,False
858,72,20,NCA-ECC,1-10-1,QUIZ_RESULTS,STORE,Storage,التخزين,6,1,GRC Platform,True
859,72,20,NCA-ECC,1-10-1,QUIZ_RESULTS,USE,Active Use,الاستخدام النشط,7,365,Audit Function,True
860,72,20,NCA-ECC,1-10-1,QUIZ_RESULTS,REVIEW,Periodic Review,المراجعة الدورية,8,30,Internal Audit,False
861,72,20,NCA-ECC,1-10-1,QUIZ_RESULTS,REFRESH,Refresh,التحديث,9,14,Control Owner,False
862,72,20,NCA-ECC,1-10-1,QUIZ_RESULTS,RETAIN,Retention,الاحتفاظ,10,1080,Records Manager,True
863,72,20,NCA-ECC,1-10-1,QUIZ_RESULTS,ARCHIVE,Archive,الأرشفة,11,1,IT Operations,False
864,72,20,NCA-ECC,1-10-1,QUIZ_RESULTS,DISPOSE,Disposal,التخلص,12,1,Records Manager,False
865,73,21,NCA-ECC,1-10-2,TRAINING_PROGRAM,DEFINE,Definition,التعريف,1,7,Compliance Officer,False
866,73,21,NCA-ECC,1-10-2,TRAINING_PROGRAM,PLAN,Planning,التخطيط,2,7,Control Owner,False
867,73,21,NCA-ECC,1-10-2,TRAINING_PROGRAM,COLLECT,Collection,الجمع,3,14,Evidence Collector,False
868,73,21,NCA-ECC,1-10-2,TRAINING_PROGRAM,VALIDATE,Validation,التحقق,4,7,Quality Reviewer,False
869,73,21,NCA-ECC,1-10-2,TRAINING_PROGRAM,APPROVE,Approval,الموافقة,5,5,Manager/CISO,False
870,73,21,NCA-ECC,1-10-2,TRAINING_PROGRAM,STORE,Storage,التخزين,6,1,GRC Platform,True
871,73,21,NCA-ECC,1-10-2,TRAINING_PROGRAM,USE,Active Use,الاستخدام النشط,7,365,Audit Function,True
872,73,21,NCA-ECC,1-10-2,TRAINING_PROGRAM,REVIEW,Periodic Review,المراجعة الدورية,8,30,Internal Audit,False
873,73,21,NCA-ECC,1-10-2,TRAINING_PROGRAM,REFRESH,Refresh,التحديث,9,14,Control Owner,False
874,73,21,NCA-ECC,1-10-2,TRAINING_PROGRAM,RETAIN,Retention,الاحتفاظ,10,1080,Records Manager,True
875,73,21,NCA-ECC,1-10-2,TRAINING_PROGRAM,ARCHIVE,Archive,الأرشفة,11,1,IT Operations,False
876,73,21,NCA-ECC,1-10-2,TRAINING_PROGRAM,DISPOSE,Disposal,التخلص,12,1,Records Manager,False
877,74,21,NCA-ECC,1-10-2,CERTIFICATES,DEFINE,Definition,التعريف,1,7,Compliance Officer,False
878,74,21,NCA-ECC,1-10-2,CERTIFICATES,PLAN,Planning,التخطيط,2,7,Control Owner,False
879,74,21,NCA-ECC,1-10-2,CERTIFICATES,COLLECT,Collection,الجمع,3,14,Evidence Collector,False
880,74,21,NCA-ECC,1-10-2,CERTIFICATES,VALIDATE,Validation,التحقق,4,7,Quality Reviewer,False
881,74,21,NCA-ECC,1-10-2,CERTIFICATES,APPROVE,Approval,الموافقة,5,5,Manager/CISO,False
882,74,21,NCA-ECC,1-10-2,CERTIFICATES,STORE,Storage,التخزين,6,1,GRC Platform,True
883,74,21,NCA-ECC,1-10-2,CERTIFICATES,USE,Active Use,الاستخدام النشط,7,365,Audit Function,True
884,74,21,NCA-ECC,1-10-2,CERTIFICATES,REVIEW,Periodic Review,المراجعة الدورية,8,30,Internal Audit,False
885,74,21,NCA-ECC,1-10-2,CERTIFICATES,REFRESH,Refresh,التحديث,9,14,Control Owner,False
886,74,21,NCA-ECC,1-10-2,CERTIFICATES,RETAIN,Retention,الاحتفاظ,10,1800,Records Manager,True
887,74,21,NCA-ECC,1-10-2,CERTIFICATES,ARCHIVE,Archive,الأرشفة,11,1,IT Operations,False
888,74,21,NCA-ECC,1-10-2,CERTIFICATES,DISPOSE,Disposal,التخلص,12,1,Records Manager,False
889,75,21,NCA-ECC,1-10-2,TRAINING_RECORD,DEFINE,Definition,التعريف,1,7,Compliance Officer,False
890,75,21,NCA-ECC,1-10-2,TRAINING_RECORD,PLAN,Planning,التخطيط,2,7,Control Owner,False
891,75,21,NCA-ECC,1-10-2,TRAINING_RECORD,COLLECT,Collection,الجمع,3,14,Evidence Collector,False
892,75,21,NCA-ECC,1-10-2,TRAINING_RECORD,VALIDATE,Validation,التحقق,4,7,Quality Reviewer,False
893,75,21,NCA-ECC,1-10-2,TRAINING_RECORD,APPROVE,Approval,الموافقة,5,5,Manager/CISO,False
894,75,21,NCA-ECC,1-10-2,TRAINING_RECORD,STORE,Storage,التخزين,6,1,GRC Platform,True
895,75,21,NCA-ECC,1-10-2,TRAINING_RECORD,USE,Active Use,الاستخدام النشط,7,365,Audit Function,True
896,75,21,NCA-ECC,1-10-2,TRAINING_RECORD,REVIEW,Periodic Review,المراجعة الدورية,8,30,Internal Audit,False
897,75,21,NCA-ECC,1-10-2,TRAINING_RECORD,REFRESH,Refresh,التحديث,9,14,Control Owner,False
898,75,21,NCA-ECC,1-10-2,TRAINING_RECORD,RETAIN,Retention,الاحتفاظ,10,1800,Records Manager,True
899,75,21,NCA-ECC,1-10-2,TRAINING_RECORD,ARCHIVE,Archive,الأرشفة,11,1,IT Operations,False
900,75,21,NCA-ECC,1-10-2,TRAINING_RECORD,DISPOSE,Disposal,التخلص,12,1,Records Manager,False
901,76,21,NCA-ECC,1-10-2,SKILLS_MATRIX,DEFINE,Definition,التعريف,1,7,Compliance Officer,False
902,76,21,NCA-ECC,1-10-2,SKILLS_MATRIX,PLAN,Planning,التخطيط,2,7,Control Owner,False
903,76,21,NCA-ECC,1-10-2,SKILLS_MATRIX,COLLECT,Collection,الجمع,3,14,Evidence Collector,False
904,76,21,NCA-ECC,1-10-2,SKILLS_MATRIX,VALIDATE,Validation,التحقق,4,7,Quality Reviewer,False
905,76,21,NCA-ECC,1-10-2,SKILLS_MATRIX,APPROVE,Approval,الموافقة,5,5,Manager/CISO,False
906,76,21,NCA-ECC,1-10-2,SKILLS_MATRIX,STORE,Storage,التخزين,6,1,GRC Platform,True
907,76,21,NCA-ECC,1-10-2,SKILLS_MATRIX,USE,Active Use,الاستخدام النشط,7,365,Audit Function,True
908,76,21,NCA-ECC,1-10-2,SKILLS_MATRIX,REVIEW,Periodic Review,المراجعة الدورية,8,30,Internal Audit,False
909,76,21,NCA-ECC,1-10-2,SKILLS_MATRIX,REFRESH,Refresh,التحديث,9,14,Control Owner,False
910,76,21,NCA-ECC,1-10-2,SKILLS_MATRIX,RETAIN,Retention,الاحتفاظ,10,1080,Records Manager,True
911,76,21,NCA-ECC,1-10-2,SKILLS_MATRIX,ARCHIVE,Archive,الأرشفة,11,1,IT Operations,False
912,76,21,NCA-ECC,1-10-2,SKILLS_MATRIX,DISPOSE,Disposal,التخلص,12,1,Records Manager,False
913,77,22,NCA-ECC,2-1-1,POLICY,DEFINE,Definition,التعريف,1,7,Compliance Officer,False
914,77,22,NCA-ECC,2-1-1,POLICY,PLAN,Planning,التخطيط,2,7,Control Owner,False
915,77,22,NCA-ECC,2-1-1,POLICY,COLLECT,Collection,الجمع,3,14,Evidence Collector,False
916,77,22,NCA-ECC,2-1-1,POLICY,VALIDATE,Validation,التحقق,4,7,Quality Reviewer,False
917,77,22,NCA-ECC,2-1-1,POLICY,APPROVE,Approval,الموافقة,5,5,Manager/CISO,False
918,77,22,NCA-ECC,2-1-1,POLICY,STORE,Storage,التخزين,6,1,GRC Platform,True
919,77,22,NCA-ECC,2-1-1,POLICY,USE,Active Use,الاستخدام النشط,7,365,Audit Function,True
920,77,22,NCA-ECC,2-1-1,POLICY,REVIEW,Periodic Review,المراجعة الدورية,8,30,Internal Audit,False
921,77,22,NCA-ECC,2-1-1,POLICY,REFRESH,Refresh,التحديث,9,14,Control Owner,False
922,77,22,NCA-ECC,2-1-1,POLICY,RETAIN,Retention,الاحتفاظ,10,1080,Records Manager,True
923,77,22,NCA-ECC,2-1-1,POLICY,ARCHIVE,Archive,الأرشفة,11,1,IT Operations,False
924,77,22,NCA-ECC,2-1-1,POLICY,DISPOSE,Disposal,التخلص,12,1,Records Manager,False
925,78,22,NCA-ECC,2-1-1,PROCEDURE,DEFINE,Definition,التعريف,1,7,Compliance Officer,False
926,78,22,NCA-ECC,2-1-1,PROCEDURE,PLAN,Planning,التخطيط,2,7,Control Owner,False
927,78,22,NCA-ECC,2-1-1,PROCEDURE,COLLECT,Collection,الجمع,3,14,Evidence Collector,False
928,78,22,NCA-ECC,2-1-1,PROCEDURE,VALIDATE,Validation,التحقق,4,7,Quality Reviewer,False
929,78,22,NCA-ECC,2-1-1,PROCEDURE,APPROVE,Approval,الموافقة,5,5,Manager/CISO,False
930,78,22,NCA-ECC,2-1-1,PROCEDURE,STORE,Storage,التخزين,6,1,GRC Platform,True
931,78,22,NCA-ECC,2-1-1,PROCEDURE,USE,Active Use,الاستخدام النشط,7,365,Audit Function,True
932,78,22,NCA-ECC,2-1-1,PROCEDURE,REVIEW,Periodic Review,المراجعة الدورية,8,30,Internal Audit,False
933,78,22,NCA-ECC,2-1-1,PROCEDURE,REFRESH,Refresh,التحديث,9,14,Control Owner,False
934,78,22,NCA-ECC,2-1-1,PROCEDURE,RETAIN,Retention,الاحتفاظ,10,1080,Records Manager,True
935,78,22,NCA-ECC,2-1-1,PROCEDURE,ARCHIVE,Archive,الأرشفة,11,1,IT Operations,False
936,78,22,NCA-ECC,2-1-1,PROCEDURE,DISPOSE,Disposal,التخلص,12,1,Records Manager,False
937,79,22,NCA-ECC,2-1-1,APPROVAL_RECORD,DEFINE,Definition,التعريف,1,7,Compliance Officer,False
938,79,22,NCA-ECC,2-1-1,APPROVAL_RECORD,PLAN,Planning,التخطيط,2,7,Control Owner,False
939,79,22,NCA-ECC,2-1-1,APPROVAL_RECORD,COLLECT,Collection,الجمع,3,14,Evidence Collector,False
940,79,22,NCA-ECC,2-1-1,APPROVAL_RECORD,VALIDATE,Validation,التحقق,4,7,Quality Reviewer,False
941,79,22,NCA-ECC,2-1-1,APPROVAL_RECORD,APPROVE,Approval,الموافقة,5,5,Manager/CISO,False
942,79,22,NCA-ECC,2-1-1,APPROVAL_RECORD,STORE,Storage,التخزين,6,1,GRC Platform,True
943,79,22,NCA-ECC,2-1-1,APPROVAL_RECORD,USE,Active Use,الاستخدام النشط,7,365,Audit Function,True
944,79,22,NCA-ECC,2-1-1,APPROVAL_RECORD,REVIEW,Periodic Review,المراجعة الدورية,8,30,Internal Audit,False
945,79,22,NCA-ECC,2-1-1,APPROVAL_RECORD,REFRESH,Refresh,التحديث,9,14,Control Owner,False
946,79,22,NCA-ECC,2-1-1,APPROVAL_RECORD,RETAIN,Retention,الاحتفاظ,10,1800,Records Manager,True
947,79,22,NCA-ECC,2-1-1,APPROVAL_RECORD,ARCHIVE,Archive,الأرشفة,11,1,IT Operations,False
948,79,22,NCA-ECC,2-1-1,APPROVAL_RECORD,DISPOSE,Disposal,التخلص,12,1,Records Manager,False
949,80,23,NCA-ECC,2-1-2,INVENTORY,DEFINE,Definition,التعريف,1,7,Compliance Officer,False
950,80,23,NCA-ECC,2-1-2,INVENTORY,PLAN,Planning,التخطيط,2,7,Control Owner,False
951,80,23,NCA-ECC,2-1-2,INVENTORY,COLLECT,Collection,الجمع,3,14,Evidence Collector,False
952,80,23,NCA-ECC,2-1-2,INVENTORY,VALIDATE,Validation,التحقق,4,7,Quality Reviewer,False
953,80,23,NCA-ECC,2-1-2,INVENTORY,APPROVE,Approval,الموافقة,5,5,Manager/CISO,False
954,80,23,NCA-ECC,2-1-2,INVENTORY,STORE,Storage,التخزين,6,1,GRC Platform,True
955,80,23,NCA-ECC,2-1-2,INVENTORY,USE,Active Use,الاستخدام النشط,7,365,Audit Function,True
956,80,23,NCA-ECC,2-1-2,INVENTORY,REVIEW,Periodic Review,المراجعة الدورية,8,30,Internal Audit,False
957,80,23,NCA-ECC,2-1-2,INVENTORY,REFRESH,Refresh,التحديث,9,14,Control Owner,False
958,80,23,NCA-ECC,2-1-2,INVENTORY,RETAIN,Retention,الاحتفاظ,10,1080,Records Manager,True
959,80,23,NCA-ECC,2-1-2,INVENTORY,ARCHIVE,Archive,الأرشفة,11,1,IT Operations,False
960,80,23,NCA-ECC,2-1-2,INVENTORY,DISPOSE,Disposal,التخلص,12,1,Records Manager,False
961,81,23,NCA-ECC,2-1-2,CMDB_EXPORT,DEFINE,Definition,التعريف,1,7,Compliance Officer,False
962,81,23,NCA-ECC,2-1-2,CMDB_EXPORT,PLAN,Planning,التخطيط,2,7,Control Owner,False
963,81,23,NCA-ECC,2-1-2,CMDB_EXPORT,COLLECT,Collection,الجمع,3,14,Evidence Collector,False
964,81,23,NCA-ECC,2-1-2,CMDB_EXPORT,VALIDATE,Validation,التحقق,4,7,Quality Reviewer,False
965,81,23,NCA-ECC,2-1-2,CMDB_EXPORT,APPROVE,Approval,الموافقة,5,5,Manager/CISO,False
966,81,23,NCA-ECC,2-1-2,CMDB_EXPORT,STORE,Storage,التخزين,6,1,GRC Platform,True
967,81,23,NCA-ECC,2-1-2,CMDB_EXPORT,USE,Active Use,الاستخدام النشط,7,365,Audit Function,True
968,81,23,NCA-ECC,2-1-2,CMDB_EXPORT,REVIEW,Periodic Review,المراجعة الدورية,8,30,Internal Audit,False
969,81,23,NCA-ECC,2-1-2,CMDB_EXPORT,REFRESH,Refresh,التحديث,9,14,Control Owner,False
970,81,23,NCA-ECC,2-1-2,CMDB_EXPORT,RETAIN,Retention,الاحتفاظ,10,720,Records Manager,True
971,81,23,NCA-ECC,2-1-2,CMDB_EXPORT,ARCHIVE,Archive,الأرشفة,11,1,IT Operations,False
972,81,23,NCA-ECC,2-1-2,CMDB_EXPORT,DISPOSE,Disposal,التخلص,12,1,Records Manager,False
973,82,23,NCA-ECC,2-1-2,REPORT,DEFINE,Definition,التعريف,1,7,Compliance Officer,False
974,82,23,NCA-ECC,2-1-2,REPORT,PLAN,Planning,التخطيط,2,7,Control Owner,False
975,82,23,NCA-ECC,2-1-2,REPORT,COLLECT,Collection,الجمع,3,14,Evidence Collector,False
976,82,23,NCA-ECC,2-1-2,REPORT,VALIDATE,Validation,التحقق,4,7,Quality Reviewer,False
977,82,23,NCA-ECC,2-1-2,REPORT,APPROVE,Approval,الموافقة,5,5,Manager/CISO,False
978,82,23,NCA-ECC,2-1-2,REPORT,STORE,Storage,التخزين,6,1,GRC Platform,True
979,82,23,NCA-ECC,2-1-2,REPORT,USE,Active Use,الاستخدام النشط,7,365,Audit Function,True
980,82,23,NCA-ECC,2-1-2,REPORT,REVIEW,Periodic Review,المراجعة الدورية,8,30,Internal Audit,False
981,82,23,NCA-ECC,2-1-2,REPORT,REFRESH,Refresh,التحديث,9,14,Control Owner,False
982,82,23,NCA-ECC,2-1-2,REPORT,RETAIN,Retention,الاحتفاظ,10,1080,Records Manager,True
983,82,23,NCA-ECC,2-1-2,REPORT,ARCHIVE,Archive,الأرشفة,11,1,IT Operations,False
984,82,23,NCA-ECC,2-1-2,REPORT,DISPOSE,Disposal,التخلص,12,1,Records Manager,False
985,83,23,NCA-ECC,2-1-2,SCREENSHOT,DEFINE,Definition,التعريف,1,7,Compliance Officer,False
986,83,23,NCA-ECC,2-1-2,SCREENSHOT,PLAN,Planning,التخطيط,2,7,Control Owner,False
987,83,23,NCA-ECC,2-1-2,SCREENSHOT,COLLECT,Collection,الجمع,3,14,Evidence Collector,False
988,83,23,NCA-ECC,2-1-2,SCREENSHOT,VALIDATE,Validation,التحقق,4,7,Quality Reviewer,False
989,83,23,NCA-ECC,2-1-2,SCREENSHOT,APPROVE,Approval,الموافقة,5,5,Manager/CISO,False
990,83,23,NCA-ECC,2-1-2,SCREENSHOT,STORE,Storage,التخزين,6,1,GRC Platform,True
991,83,23,NCA-ECC,2-1-2,SCREENSHOT,USE,Active Use,الاستخدام النشط,7,365,Audit Function,True
992,83,23,NCA-ECC,2-1-2,SCREENSHOT,REVIEW,Periodic Review,المراجعة الدورية,8,30,Internal Audit,False
993,83,23,NCA-ECC,2-1-2,SCREENSHOT,REFRESH,Refresh,التحديث,9,14,Control Owner,False
994,83,23,NCA-ECC,2-1-2,SCREENSHOT,RETAIN,Retention,الاحتفاظ,10,720,Records Manager,True
995,83,23,NCA-ECC,2-1-2,SCREENSHOT,ARCHIVE,Archive,الأرشفة,11,1,IT Operations,False
996,83,23,NCA-ECC,2-1-2,SCREENSHOT,DISPOSE,Disposal,التخلص,12,1,Records Manager,False
997,84,24,NCA-ECC,2-1-3,CLASSIFICATION_SCHEME,DEFINE,Definition,التعريف,1,7,Compliance Officer,False
998,84,24,NCA-ECC,2-1-3,CLASSIFICATION_SCHEME,PLAN,Planning,التخطيط,2,7,Control Owner,False
999,84,24,NCA-ECC,2-1-3,CLASSIFICATION_SCHEME,COLLECT,Collection,الجمع,3,14,Evidence Collector,False
1000,84,24,NCA-ECC,2-1-3,CLASSIFICATION_SCHEME,VALIDATE,Validation,التحقق,4,7,Quality Reviewer,False
1001,84,24,NCA-ECC,2-1-3,CLASSIFICATION_SCHEME,APPROVE,Approval,الموافقة,5,5,Manager/CISO,False
1002,84,24,NCA-ECC,2-1-3,CLASSIFICATION_SCHEME,STORE,Storage,التخزين,6,1,GRC Platform,True
1003,84,24,NCA-ECC,2-1-3,CLASSIFICATION_SCHEME,USE,Active Use,الاستخدام النشط,7,365,Audit Function,True
1004,84,24,NCA-ECC,2-1-3,CLASSIFICATION_SCHEME,REVIEW,Periodic Review,المراجعة الدورية,8,30,Internal Audit,False
1005,84,24,NCA-ECC,2-1-3,CLASSIFICATION_SCHEME,REFRESH,Refresh,التحديث,9,14,Control Owner,False
1006,84,24,NCA-ECC,2-1-3,CLASSIFICATION_SCHEME,RETAIN,Retention,الاحتفاظ,10,1800,Records Manager,True
1007,84,24,NCA-ECC,2-1-3,CLASSIFICATION_SCHEME,ARCHIVE,Archive,الأرشفة,11,1,IT Operations,False
1008,84,24,NCA-ECC,2-1-3,CLASSIFICATION_SCHEME,DISPOSE,Disposal,التخلص,12,1,Records Manager,False
1009,85,24,NCA-ECC,2-1-3,INVENTORY,DEFINE,Definition,التعريف,1,7,Compliance Officer,False
1010,85,24,NCA-ECC,2-1-3,INVENTORY,PLAN,Planning,التخطيط,2,7,Control Owner,False
1011,85,24,NCA-ECC,2-1-3,INVENTORY,COLLECT,Collection,الجمع,3,14,Evidence Collector,False
1012,85,24,NCA-ECC,2-1-3,INVENTORY,VALIDATE,Validation,التحقق,4,7,Quality Reviewer,False
1013,85,24,NCA-ECC,2-1-3,INVENTORY,APPROVE,Approval,الموافقة,5,5,Manager/CISO,False
1014,85,24,NCA-ECC,2-1-3,INVENTORY,STORE,Storage,التخزين,6,1,GRC Platform,True
1015,85,24,NCA-ECC,2-1-3,INVENTORY,USE,Active Use,الاستخدام النشط,7,365,Audit Function,True
1016,85,24,NCA-ECC,2-1-3,INVENTORY,REVIEW,Periodic Review,المراجعة الدورية,8,30,Internal Audit,False
1017,85,24,NCA-ECC,2-1-3,INVENTORY,REFRESH,Refresh,التحديث,9,14,Control Owner,False
1018,85,24,NCA-ECC,2-1-3,INVENTORY,RETAIN,Retention,الاحتفاظ,10,1080,Records Manager,True
1019,85,24,NCA-ECC,2-1-3,INVENTORY,ARCHIVE,Archive,الأرشفة,11,1,IT Operations,False
1020,85,24,NCA-ECC,2-1-3,INVENTORY,DISPOSE,Disposal,التخلص,12,1,Records Manager,False
1021,86,24,NCA-ECC,2-1-3,POLICY,DEFINE,Definition,التعريف,1,7,Compliance Officer,False
1022,86,24,NCA-ECC,2-1-3,POLICY,PLAN,Planning,التخطيط,2,7,Control Owner,False
1023,86,24,NCA-ECC,2-1-3,POLICY,COLLECT,Collection,الجمع,3,14,Evidence Collector,False
1024,86,24,NCA-ECC,2-1-3,POLICY,VALIDATE,Validation,التحقق,4,7,Quality Reviewer,False
1025,86,24,NCA-ECC,2-1-3,POLICY,APPROVE,Approval,الموافقة,5,5,Manager/CISO,False
1026,86,24,NCA-ECC,2-1-3,POLICY,STORE,Storage,التخزين,6,1,GRC Platform,True
1027,86,24,NCA-ECC,2-1-3,POLICY,USE,Active Use,الاستخدام النشط,7,365,Audit Function,True
1028,86,24,NCA-ECC,2-1-3,POLICY,REVIEW,Periodic Review,المراجعة الدورية,8,30,Internal Audit,False
1029,86,24,NCA-ECC,2-1-3,POLICY,REFRESH,Refresh,التحديث,9,14,Control Owner,False
1030,86,24,NCA-ECC,2-1-3,POLICY,RETAIN,Retention,الاحتفاظ,10,1080,Records Manager,True
1031,86,24,NCA-ECC,2-1-3,POLICY,ARCHIVE,Archive,الأرشفة,11,1,IT Operations,False
1032,86,24,NCA-ECC,2-1-3,POLICY,DISPOSE,Disposal,التخلص,12,1,Records Manager,False
1033,87,25,NCA-ECC,2-1-4,INVENTORY,DEFINE,Definition,التعريف,1,7,Compliance Officer,False
1034,87,25,NCA-ECC,2-1-4,INVENTORY,PLAN,Planning,التخطيط,2,7,Control Owner,False
1035,87,25,NCA-ECC,2-1-4,INVENTORY,COLLECT,Collection,الجمع,3,14,Evidence Collector,False
1036,87,25,NCA-ECC,2-1-4,INVENTORY,VALIDATE,Validation,التحقق,4,7,Quality Reviewer,False
1037,87,25,NCA-ECC,2-1-4,INVENTORY,APPROVE,Approval,الموافقة,5,5,Manager/CISO,False
1038,87,25,NCA-ECC,2-1-4,INVENTORY,STORE,Storage,التخزين,6,1,GRC Platform,True
1039,87,25,NCA-ECC,2-1-4,INVENTORY,USE,Active Use,الاستخدام النشط,7,365,Audit Function,True
1040,87,25,NCA-ECC,2-1-4,INVENTORY,REVIEW,Periodic Review,المراجعة الدورية,8,30,Internal Audit,False
1041,87,25,NCA-ECC,2-1-4,INVENTORY,REFRESH,Refresh,التحديث,9,14,Control Owner,False
1042,87,25,NCA-ECC,2-1-4,INVENTORY,RETAIN,Retention,الاحتفاظ,10,1080,Records Manager,True
1043,87,25,NCA-ECC,2-1-4,INVENTORY,ARCHIVE,Archive,الأرشفة,11,1,IT Operations,False
1044,87,25,NCA-ECC,2-1-4,INVENTORY,DISPOSE,Disposal,التخلص,12,1,Records Manager,False
1045,88,25,NCA-ECC,2-1-4,RACI_MATRIX,DEFINE,Definition,التعريف,1,7,Compliance Officer,False
1046,88,25,NCA-ECC,2-1-4,RACI_MATRIX,PLAN,Planning,التخطيط,2,7,Control Owner,False
1047,88,25,NCA-ECC,2-1-4,RACI_MATRIX,COLLECT,Collection,الجمع,3,14,Evidence Collector,False
1048,88,25,NCA-ECC,2-1-4,RACI_MATRIX,VALIDATE,Validation,التحقق,4,7,Quality Reviewer,False
1049,88,25,NCA-ECC,2-1-4,RACI_MATRIX,APPROVE,Approval,الموافقة,5,5,Manager/CISO,False
1050,88,25,NCA-ECC,2-1-4,RACI_MATRIX,STORE,Storage,التخزين,6,1,GRC Platform,True
1051,88,25,NCA-ECC,2-1-4,RACI_MATRIX,USE,Active Use,الاستخدام النشط,7,365,Audit Function,True
1052,88,25,NCA-ECC,2-1-4,RACI_MATRIX,REVIEW,Periodic Review,المراجعة الدورية,8,30,Internal Audit,False
1053,88,25,NCA-ECC,2-1-4,RACI_MATRIX,REFRESH,Refresh,التحديث,9,14,Control Owner,False
1054,88,25,NCA-ECC,2-1-4,RACI_MATRIX,RETAIN,Retention,الاحتفاظ,10,1080,Records Manager,True
1055,88,25,NCA-ECC,2-1-4,RACI_MATRIX,ARCHIVE,Archive,الأرشفة,11,1,IT Operations,False
1056,88,25,NCA-ECC,2-1-4,RACI_MATRIX,DISPOSE,Disposal,التخلص,12,1,Records Manager,False
1057,89,25,NCA-ECC,2-1-4,APPROVAL_RECORD,DEFINE,Definition,التعريف,1,7,Compliance Officer,False
1058,89,25,NCA-ECC,2-1-4,APPROVAL_RECORD,PLAN,Planning,التخطيط,2,7,Control Owner,False
1059,89,25,NCA-ECC,2-1-4,APPROVAL_RECORD,COLLECT,Collection,الجمع,3,14,Evidence Collector,False
1060,89,25,NCA-ECC,2-1-4,APPROVAL_RECORD,VALIDATE,Validation,التحقق,4,7,Quality Reviewer,False
1061,89,25,NCA-ECC,2-1-4,APPROVAL_RECORD,APPROVE,Approval,الموافقة,5,5,Manager/CISO,False
1062,89,25,NCA-ECC,2-1-4,APPROVAL_RECORD,STORE,Storage,التخزين,6,1,GRC Platform,True
1063,89,25,NCA-ECC,2-1-4,APPROVAL_RECORD,USE,Active Use,الاستخدام النشط,7,365,Audit Function,True
1064,89,25,NCA-ECC,2-1-4,APPROVAL_RECORD,REVIEW,Periodic Review,المراجعة الدورية,8,30,Internal Audit,False
1065,89,25,NCA-ECC,2-1-4,APPROVAL_RECORD,REFRESH,Refresh,التحديث,9,14,Control Owner,False
1066,89,25,NCA-ECC,2-1-4,APPROVAL_RECORD,RETAIN,Retention,الاحتفاظ,10,1800,Records Manager,True
1067,89,25,NCA-ECC,2-1-4,APPROVAL_RECORD,ARCHIVE,Archive,الأرشفة,11,1,IT Operations,False
1068,89,25,NCA-ECC,2-1-4,APPROVAL_RECORD,DISPOSE,Disposal,التخلص,12,1,Records Manager,False
1069,90,26,NCA-ECC,2-2-1,POLICY,DEFINE,Definition,التعريف,1,7,Compliance Officer,False
1070,90,26,NCA-ECC,2-2-1,POLICY,PLAN,Planning,التخطيط,2,7,Control Owner,False
1071,90,26,NCA-ECC,2-2-1,POLICY,COLLECT,Collection,الجمع,3,14,Evidence Collector,False
1072,90,26,NCA-ECC,2-2-1,POLICY,VALIDATE,Validation,التحقق,4,7,Quality Reviewer,False
1073,90,26,NCA-ECC,2-2-1,POLICY,APPROVE,Approval,الموافقة,5,5,Manager/CISO,False
1074,90,26,NCA-ECC,2-2-1,POLICY,STORE,Storage,التخزين,6,1,GRC Platform,True
1075,90,26,NCA-ECC,2-2-1,POLICY,USE,Active Use,الاستخدام النشط,7,365,Audit Function,True
1076,90,26,NCA-ECC,2-2-1,POLICY,REVIEW,Periodic Review,المراجعة الدورية,8,30,Internal Audit,False
1077,90,26,NCA-ECC,2-2-1,POLICY,REFRESH,Refresh,التحديث,9,14,Control Owner,False
1078,90,26,NCA-ECC,2-2-1,POLICY,RETAIN,Retention,الاحتفاظ,10,1080,Records Manager,True
1079,90,26,NCA-ECC,2-2-1,POLICY,ARCHIVE,Archive,الأرشفة,11,1,IT Operations,False
1080,90,26,NCA-ECC,2-2-1,POLICY,DISPOSE,Disposal,التخلص,12,1,Records Manager,False
1081,91,26,NCA-ECC,2-2-1,PROCEDURE,DEFINE,Definition,التعريف,1,7,Compliance Officer,False
1082,91,26,NCA-ECC,2-2-1,PROCEDURE,PLAN,Planning,التخطيط,2,7,Control Owner,False
1083,91,26,NCA-ECC,2-2-1,PROCEDURE,COLLECT,Collection,الجمع,3,14,Evidence Collector,False
1084,91,26,NCA-ECC,2-2-1,PROCEDURE,VALIDATE,Validation,التحقق,4,7,Quality Reviewer,False
1085,91,26,NCA-ECC,2-2-1,PROCEDURE,APPROVE,Approval,الموافقة,5,5,Manager/CISO,False
1086,91,26,NCA-ECC,2-2-1,PROCEDURE,STORE,Storage,التخزين,6,1,GRC Platform,True
1087,91,26,NCA-ECC,2-2-1,PROCEDURE,USE,Active Use,الاستخدام النشط,7,365,Audit Function,True
1088,91,26,NCA-ECC,2-2-1,PROCEDURE,REVIEW,Periodic Review,المراجعة الدورية,8,30,Internal Audit,False
1089,91,26,NCA-ECC,2-2-1,PROCEDURE,REFRESH,Refresh,التحديث,9,14,Control Owner,False
1090,91,26,NCA-ECC,2-2-1,PROCEDURE,RETAIN,Retention,الاحتفاظ,10,1080,Records Manager,True
1091,91,26,NCA-ECC,2-2-1,PROCEDURE,ARCHIVE,Archive,الأرشفة,11,1,IT Operations,False
1092,91,26,NCA-ECC,2-2-1,PROCEDURE,DISPOSE,Disposal,التخلص,12,1,Records Manager,False
1093,92,26,NCA-ECC,2-2-1,APPROVAL_RECORD,DEFINE,Definition,التعريف,1,7,Compliance Officer,False
1094,92,26,NCA-ECC,2-2-1,APPROVAL_RECORD,PLAN,Planning,التخطيط,2,7,Control Owner,False
1095,92,26,NCA-ECC,2-2-1,APPROVAL_RECORD,COLLECT,Collection,الجمع,3,14,Evidence Collector,False
1096,92,26,NCA-ECC,2-2-1,APPROVAL_RECORD,VALIDATE,Validation,التحقق,4,7,Quality Reviewer,False
1097,92,26,NCA-ECC,2-2-1,APPROVAL_RECORD,APPROVE,Approval,الموافقة,5,5,Manager/CISO,False
1098,92,26,NCA-ECC,2-2-1,APPROVAL_RECORD,STORE,Storage,التخزين,6,1,GRC Platform,True
1099,92,26,NCA-ECC,2-2-1,APPROVAL_RECORD,USE,Active Use,الاستخدام النشط,7,365,Audit Function,True
1100,92,26,NCA-ECC,2-2-1,APPROVAL_RECORD,REVIEW,Periodic Review,المراجعة الدورية,8,30,Internal Audit,False
1101,92,26,NCA-ECC,2-2-1,APPROVAL_RECORD,REFRESH,Refresh,التحديث,9,14,Control Owner,False
1102,92,26,NCA-ECC,2-2-1,APPROVAL_RECORD,RETAIN,Retention,الاحتفاظ,10,1800,Records Manager,True
1103,92,26,NCA-ECC,2-2-1,APPROVAL_RECORD,ARCHIVE,Archive,الأرشفة,11,1,IT Operations,False
1104,92,26,NCA-ECC,2-2-1,APPROVAL_RECORD,DISPOSE,Disposal,التخلص,12,1,Records Manager,False
1105,93,26,NCA-ECC,2-2-1,STANDARD,DEFINE,Definition,التعريف,1,7,Compliance Officer,False
1106,93,26,NCA-ECC,2-2-1,STANDARD,PLAN,Planning,التخطيط,2,7,Control Owner,False
1107,93,26,NCA-ECC,2-2-1,STANDARD,COLLECT,Collection,الجمع,3,14,Evidence Collector,False
1108,93,26,NCA-ECC,2-2-1,STANDARD,VALIDATE,Validation,التحقق,4,7,Quality Reviewer,False
1109,93,26,NCA-ECC,2-2-1,STANDARD,APPROVE,Approval,الموافقة,5,5,Manager/CISO,False
1110,93,26,NCA-ECC,2-2-1,STANDARD,STORE,Storage,التخزين,6,1,GRC Platform,True
1111,93,26,NCA-ECC,2-2-1,STANDARD,USE,Active Use,الاستخدام النشط,7,365,Audit Function,True
1112,93,26,NCA-ECC,2-2-1,STANDARD,REVIEW,Periodic Review,المراجعة الدورية,8,30,Internal Audit,False
1113,93,26,NCA-ECC,2-2-1,STANDARD,REFRESH,Refresh,التحديث,9,14,Control Owner,False
1114,93,26,NCA-ECC,2-2-1,STANDARD,RETAIN,Retention,الاحتفاظ,10,1080,Records Manager,True
1115,93,26,NCA-ECC,2-2-1,STANDARD,ARCHIVE,Archive,الأرشفة,11,1,IT Operations,False
1116,93,26,NCA-ECC,2-2-1,STANDARD,DISPOSE,Disposal,التخلص,12,1,Records Manager,False
1117,94,27,NCA-ECC,2-2-2,CONFIGURATION,DEFINE,Definition,التعريف,1,7,Compliance Officer,False
1118,94,27,NCA-ECC,2-2-2,CONFIGURATION,PLAN,Planning,التخطيط,2,7,Control Owner,False
1119,94,27,NCA-ECC,2-2-2,CONFIGURATION,COLLECT,Collection,الجمع,3,14,Evidence Collector,False
1120,94,27,NCA-ECC,2-2-2,CONFIGURATION,VALIDATE,Validation,التحقق,4,7,Quality Reviewer,False
1121,94,27,NCA-ECC,2-2-2,CONFIGURATION,APPROVE,Approval,الموافقة,5,5,Manager/CISO,False
1122,94,27,NCA-ECC,2-2-2,CONFIGURATION,STORE,Storage,التخزين,6,1,GRC Platform,True
1123,94,27,NCA-ECC,2-2-2,CONFIGURATION,USE,Active Use,الاستخدام النشط,7,365,Audit Function,True
1124,94,27,NCA-ECC,2-2-2,CONFIGURATION,REVIEW,Periodic Review,المراجعة الدورية,8,30,Internal Audit,False
1125,94,27,NCA-ECC,2-2-2,CONFIGURATION,REFRESH,Refresh,التحديث,9,14,Control Owner,False
1126,94,27,NCA-ECC,2-2-2,CONFIGURATION,RETAIN,Retention,الاحتفاظ,10,720,Records Manager,True
1127,94,27,NCA-ECC,2-2-2,CONFIGURATION,ARCHIVE,Archive,الأرشفة,11,1,IT Operations,False
1128,94,27,NCA-ECC,2-2-2,CONFIGURATION,DISPOSE,Disposal,التخلص,12,1,Records Manager,False
1129,95,27,NCA-ECC,2-2-2,POLICY,DEFINE,Definition,التعريف,1,7,Compliance Officer,False
1130,95,27,NCA-ECC,2-2-2,POLICY,PLAN,Planning,التخطيط,2,7,Control Owner,False
1131,95,27,NCA-ECC,2-2-2,POLICY,COLLECT,Collection,الجمع,3,14,Evidence Collector,False
1132,95,27,NCA-ECC,2-2-2,POLICY,VALIDATE,Validation,التحقق,4,7,Quality Reviewer,False
1133,95,27,NCA-ECC,2-2-2,POLICY,APPROVE,Approval,الموافقة,5,5,Manager/CISO,False
1134,95,27,NCA-ECC,2-2-2,POLICY,STORE,Storage,التخزين,6,1,GRC Platform,True
1135,95,27,NCA-ECC,2-2-2,POLICY,USE,Active Use,الاستخدام النشط,7,365,Audit Function,True
1136,95,27,NCA-ECC,2-2-2,POLICY,REVIEW,Periodic Review,المراجعة الدورية,8,30,Internal Audit,False
1137,95,27,NCA-ECC,2-2-2,POLICY,REFRESH,Refresh,التحديث,9,14,Control Owner,False
1138,95,27,NCA-ECC,2-2-2,POLICY,RETAIN,Retention,الاحتفاظ,10,1080,Records Manager,True
1139,95,27,NCA-ECC,2-2-2,POLICY,ARCHIVE,Archive,الأرشفة,11,1,IT Operations,False
1140,95,27,NCA-ECC,2-2-2,POLICY,DISPOSE,Disposal,التخلص,12,1,Records Manager,False
1141,96,27,NCA-ECC,2-2-2,ACCESS_REVIEW,DEFINE,Definition,التعريف,1,7,Compliance Officer,False
1142,96,27,NCA-ECC,2-2-2,ACCESS_REVIEW,PLAN,Planning,التخطيط,2,7,Control Owner,False
1143,96,27,NCA-ECC,2-2-2,ACCESS_REVIEW,COLLECT,Collection,الجمع,3,14,Evidence Collector,False
1144,96,27,NCA-ECC,2-2-2,ACCESS_REVIEW,VALIDATE,Validation,التحقق,4,7,Quality Reviewer,False
1145,96,27,NCA-ECC,2-2-2,ACCESS_REVIEW,APPROVE,Approval,الموافقة,5,5,Manager/CISO,False
1146,96,27,NCA-ECC,2-2-2,ACCESS_REVIEW,STORE,Storage,التخزين,6,1,GRC Platform,True
1147,96,27,NCA-ECC,2-2-2,ACCESS_REVIEW,USE,Active Use,الاستخدام النشط,7,365,Audit Function,True
1148,96,27,NCA-ECC,2-2-2,ACCESS_REVIEW,REVIEW,Periodic Review,المراجعة الدورية,8,30,Internal Audit,False
1149,96,27,NCA-ECC,2-2-2,ACCESS_REVIEW,REFRESH,Refresh,التحديث,9,14,Control Owner,False
1150,96,27,NCA-ECC,2-2-2,ACCESS_REVIEW,RETAIN,Retention,الاحتفاظ,10,720,Records Manager,True
1151,96,27,NCA-ECC,2-2-2,ACCESS_REVIEW,ARCHIVE,Archive,الأرشفة,11,1,IT Operations,False
1152,96,27,NCA-ECC,2-2-2,ACCESS_REVIEW,DISPOSE,Disposal,التخلص,12,1,Records Manager,False
1153,97,27,NCA-ECC,2-2-2,AUDIT_LOG,DEFINE,Definition,التعريف,1,7,Compliance Officer,False
1154,97,27,NCA-ECC,2-2-2,AUDIT_LOG,PLAN,Planning,التخطيط,2,7,Control Owner,False
1155,97,27,NCA-ECC,2-2-2,AUDIT_LOG,COLLECT,Collection,الجمع,3,14,Evidence Collector,False
1156,97,27,NCA-ECC,2-2-2,AUDIT_LOG,VALIDATE,Validation,التحقق,4,7,Quality Reviewer,False
1157,97,27,NCA-ECC,2-2-2,AUDIT_LOG,APPROVE,Approval,الموافقة,5,5,Manager/CISO,False
1158,97,27,NCA-ECC,2-2-2,AUDIT_LOG,STORE,Storage,التخزين,6,1,GRC Platform,True
1159,97,27,NCA-ECC,2-2-2,AUDIT_LOG,USE,Active Use,الاستخدام النشط,7,365,Audit Function,True
1160,97,27,NCA-ECC,2-2-2,AUDIT_LOG,REVIEW,Periodic Review,المراجعة الدورية,8,30,Internal Audit,False
1161,97,27,NCA-ECC,2-2-2,AUDIT_LOG,REFRESH,Refresh,التحديث,9,14,Control Owner,False
1162,97,27,NCA-ECC,2-2-2,AUDIT_LOG,RETAIN,Retention,الاحتفاظ,10,720,Records Manager,True
1163,97,27,NCA-ECC,2-2-2,AUDIT_LOG,ARCHIVE,Archive,الأرشفة,11,1,IT Operations,False
1164,97,27,NCA-ECC,2-2-2,AUDIT_LOG,DISPOSE,Disposal,التخلص,12,1,Records Manager,False
1165,98,28,NCA-ECC,2-2-3,CONFIGURATION,DEFINE,Definition,التعريف,1,7,Compliance Officer,False
1166,98,28,NCA-ECC,2-2-3,CONFIGURATION,PLAN,Planning,التخطيط,2,7,Control Owner,False
1167,98,28,NCA-ECC,2-2-3,CONFIGURATION,COLLECT,Collection,الجمع,3,14,Evidence Collector,False
1168,98,28,NCA-ECC,2-2-3,CONFIGURATION,VALIDATE,Validation,التحقق,4,7,Quality Reviewer,False
1169,98,28,NCA-ECC,2-2-3,CONFIGURATION,APPROVE,Approval,الموافقة,5,5,Manager/CISO,False
1170,98,28,NCA-ECC,2-2-3,CONFIGURATION,STORE,Storage,التخزين,6,1,GRC Platform,True
1171,98,28,NCA-ECC,2-2-3,CONFIGURATION,USE,Active Use,الاستخدام النشط,7,365,Audit Function,True
1172,98,28,NCA-ECC,2-2-3,CONFIGURATION,REVIEW,Periodic Review,المراجعة الدورية,8,30,Internal Audit,False
1173,98,28,NCA-ECC,2-2-3,CONFIGURATION,REFRESH,Refresh,التحديث,9,14,Control Owner,False
1174,98,28,NCA-ECC,2-2-3,CONFIGURATION,RETAIN,Retention,الاحتفاظ,10,720,Records Manager,True
1175,98,28,NCA-ECC,2-2-3,CONFIGURATION,ARCHIVE,Archive,الأرشفة,11,1,IT Operations,False
1176,98,28,NCA-ECC,2-2-3,CONFIGURATION,DISPOSE,Disposal,التخلص,12,1,Records Manager,False
1177,99,28,NCA-ECC,2-2-3,SCREENSHOT,DEFINE,Definition,التعريف,1,7,Compliance Officer,False
1178,99,28,NCA-ECC,2-2-3,SCREENSHOT,PLAN,Planning,التخطيط,2,7,Control Owner,False
1179,99,28,NCA-ECC,2-2-3,SCREENSHOT,COLLECT,Collection,الجمع,3,14,Evidence Collector,False
1180,99,28,NCA-ECC,2-2-3,SCREENSHOT,VALIDATE,Validation,التحقق,4,7,Quality Reviewer,False
1181,99,28,NCA-ECC,2-2-3,SCREENSHOT,APPROVE,Approval,الموافقة,5,5,Manager/CISO,False
1182,99,28,NCA-ECC,2-2-3,SCREENSHOT,STORE,Storage,التخزين,6,1,GRC Platform,True
1183,99,28,NCA-ECC,2-2-3,SCREENSHOT,USE,Active Use,الاستخدام النشط,7,365,Audit Function,True
1184,99,28,NCA-ECC,2-2-3,SCREENSHOT,REVIEW,Periodic Review,المراجعة الدورية,8,30,Internal Audit,False
1185,99,28,NCA-ECC,2-2-3,SCREENSHOT,REFRESH,Refresh,التحديث,9,14,Control Owner,False
1186,99,28,NCA-ECC,2-2-3,SCREENSHOT,RETAIN,Retention,الاحتفاظ,10,720,Records Manager,True
1187,99,28,NCA-ECC,2-2-3,SCREENSHOT,ARCHIVE,Archive,الأرشفة,11,1,IT Operations,False
1188,99,28,NCA-ECC,2-2-3,SCREENSHOT,DISPOSE,Disposal,التخلص,12,1,Records Manager,False
1189,100,28,NCA-ECC,2-2-3,POLICY,DEFINE,Definition,التعريف,1,7,Compliance Officer,False
1190,100,28,NCA-ECC,2-2-3,POLICY,PLAN,Planning,التخطيط,2,7,Control Owner,False
1191,100,28,NCA-ECC,2-2-3,POLICY,COLLECT,Collection,الجمع,3,14,Evidence Collector,False
1192,100,28,NCA-ECC,2-2-3,POLICY,VALIDATE,Validation,التحقق,4,7,Quality Reviewer,False
1193,100,28,NCA-ECC,2-2-3,POLICY,APPROVE,Approval,الموافقة,5,5,Manager/CISO,False
1194,100,28,NCA-ECC,2-2-3,POLICY,STORE,Storage,التخزين,6,1,GRC Platform,True
1195,100,28,NCA-ECC,2-2-3,POLICY,USE,Active Use,الاستخدام النشط,7,365,Audit Function,True
1196,100,28,NCA-ECC,2-2-3,POLICY,REVIEW,Periodic Review,المراجعة الدورية,8,30,Internal Audit,False
1197,100,28,NCA-ECC,2-2-3,POLICY,REFRESH,Refresh,التحديث,9,14,Control Owner,False
1198,100,28,NCA-ECC,2-2-3,POLICY,RETAIN,Retention,الاحتفاظ,10,1080,Records Manager,True
1199,100,28,NCA-ECC,2-2-3,POLICY,ARCHIVE,Archive,الأرشفة,11,1,IT Operations,False
1200,100,28,NCA-ECC,2-2-3,POLICY,DISPOSE,Disposal,التخلص,12,1,Records Manager,False
1201,101,28,NCA-ECC,2-2-3,TEST_RESULT,DEFINE,Definition,التعريف,1,7,Compliance Officer,False
1202,101,28,NCA-ECC,2-2-3,TEST_RESULT,PLAN,Planning,التخطيط,2,7,Control Owner,False
1203,101,28,NCA-ECC,2-2-3,TEST_RESULT,COLLECT,Collection,الجمع,3,14,Evidence Collector,False
1204,101,28,NCA-ECC,2-2-3,TEST_RESULT,VALIDATE,Validation,التحقق,4,7,Quality Reviewer,False
1205,101,28,NCA-ECC,2-2-3,TEST_RESULT,APPROVE,Approval,الموافقة,5,5,Manager/CISO,False
1206,101,28,NCA-ECC,2-2-3,TEST_RESULT,STORE,Storage,التخزين,6,1,GRC Platform,True
1207,101,28,NCA-ECC,2-2-3,TEST_RESULT,USE,Active Use,الاستخدام النشط,7,365,Audit Function,True
1208,101,28,NCA-ECC,2-2-3,TEST_RESULT,REVIEW,Periodic Review,المراجعة الدورية,8,30,Internal Audit,False
1209,101,28,NCA-ECC,2-2-3,TEST_RESULT,REFRESH,Refresh,التحديث,9,14,Control Owner,False
1210,101,28,NCA-ECC,2-2-3,TEST_RESULT,RETAIN,Retention,الاحتفاظ,10,1080,Records Manager,True
1211,101,28,NCA-ECC,2-2-3,TEST_RESULT,ARCHIVE,Archive,الأرشفة,11,1,IT Operations,False
1212,101,28,NCA-ECC,2-2-3,TEST_RESULT,DISPOSE,Disposal,التخلص,12,1,Records Manager,False
1213,102,28,NCA-ECC,2-2-3,AUDIT_LOG,DEFINE,Definition,التعريف,1,7,Compliance Officer,False
1214,102,28,NCA-ECC,2-2-3,AUDIT_LOG,PLAN,Planning,التخطيط,2,7,Control Owner,False
1215,102,28,NCA-ECC,2-2-3,AUDIT_LOG,COLLECT,Collection,الجمع,3,14,Evidence Collector,False
1216,102,28,NCA-ECC,2-2-3,AUDIT_LOG,VALIDATE,Validation,التحقق,4,7,Quality Reviewer,False
1217,102,28,NCA-ECC,2-2-3,AUDIT_LOG,APPROVE,Approval,الموافقة,5,5,Manager/CISO,False
1218,102,28,NCA-ECC,2-2-3,AUDIT_LOG,STORE,Storage,التخزين,6,1,GRC Platform,True
1219,102,28,NCA-ECC,2-2-3,AUDIT_LOG,USE,Active Use,الاستخدام النشط,7,365,Audit Function,True
1220,102,28,NCA-ECC,2-2-3,AUDIT_LOG,REVIEW,Periodic Review,المراجعة الدورية,8,30,Internal Audit,False
1221,102,28,NCA-ECC,2-2-3,AUDIT_LOG,REFRESH,Refresh,التحديث,9,14,Control Owner,False
1222,102,28,NCA-ECC,2-2-3,AUDIT_LOG,RETAIN,Retention,الاحتفاظ,10,720,Records Manager,True
1223,102,28,NCA-ECC,2-2-3,AUDIT_LOG,ARCHIVE,Archive,الأرشفة,11,1,IT Operations,False
1224,102,28,NCA-ECC,2-2-3,AUDIT_LOG,DISPOSE,Disposal,التخلص,12,1,Records Manager,False
1225,103,29,NCA-ECC,2-2-4,CONFIGURATION,DEFINE,Definition,التعريف,1,7,Compliance Officer,False
1226,103,29,NCA-ECC,2-2-4,CONFIGURATION,PLAN,Planning,التخطيط,2,7,Control Owner,False
1227,103,29,NCA-ECC,2-2-4,CONFIGURATION,COLLECT,Collection,الجمع,3,14,Evidence Collector,False
1228,103,29,NCA-ECC,2-2-4,CONFIGURATION,VALIDATE,Validation,التحقق,4,7,Quality Reviewer,False
1229,103,29,NCA-ECC,2-2-4,CONFIGURATION,APPROVE,Approval,الموافقة,5,5,Manager/CISO,False
1230,103,29,NCA-ECC,2-2-4,CONFIGURATION,STORE,Storage,التخزين,6,1,GRC Platform,True
1231,103,29,NCA-ECC,2-2-4,CONFIGURATION,USE,Active Use,الاستخدام النشط,7,365,Audit Function,True
1232,103,29,NCA-ECC,2-2-4,CONFIGURATION,REVIEW,Periodic Review,المراجعة الدورية,8,30,Internal Audit,False
1233,103,29,NCA-ECC,2-2-4,CONFIGURATION,REFRESH,Refresh,التحديث,9,14,Control Owner,False
1234,103,29,NCA-ECC,2-2-4,CONFIGURATION,RETAIN,Retention,الاحتفاظ,10,720,Records Manager,True
1235,103,29,NCA-ECC,2-2-4,CONFIGURATION,ARCHIVE,Archive,الأرشفة,11,1,IT Operations,False
1236,103,29,NCA-ECC,2-2-4,CONFIGURATION,DISPOSE,Disposal,التخلص,12,1,Records Manager,False
1237,104,29,NCA-ECC,2-2-4,AUDIT_LOG,DEFINE,Definition,التعريف,1,7,Compliance Officer,False
1238,104,29,NCA-ECC,2-2-4,AUDIT_LOG,PLAN,Planning,التخطيط,2,7,Control Owner,False
1239,104,29,NCA-ECC,2-2-4,AUDIT_LOG,COLLECT,Collection,الجمع,3,14,Evidence Collector,False
1240,104,29,NCA-ECC,2-2-4,AUDIT_LOG,VALIDATE,Validation,التحقق,4,7,Quality Reviewer,False
1241,104,29,NCA-ECC,2-2-4,AUDIT_LOG,APPROVE,Approval,الموافقة,5,5,Manager/CISO,False
1242,104,29,NCA-ECC,2-2-4,AUDIT_LOG,STORE,Storage,التخزين,6,1,GRC Platform,True
1243,104,29,NCA-ECC,2-2-4,AUDIT_LOG,USE,Active Use,الاستخدام النشط,7,365,Audit Function,True
1244,104,29,NCA-ECC,2-2-4,AUDIT_LOG,REVIEW,Periodic Review,المراجعة الدورية,8,30,Internal Audit,False
1245,104,29,NCA-ECC,2-2-4,AUDIT_LOG,REFRESH,Refresh,التحديث,9,14,Control Owner,False
1246,104,29,NCA-ECC,2-2-4,AUDIT_LOG,RETAIN,Retention,الاحتفاظ,10,720,Records Manager,True
1247,104,29,NCA-ECC,2-2-4,AUDIT_LOG,ARCHIVE,Archive,الأرشفة,11,1,IT Operations,False
1248,104,29,NCA-ECC,2-2-4,AUDIT_LOG,DISPOSE,Disposal,التخلص,12,1,Records Manager,False
1249,105,29,NCA-ECC,2-2-4,ACCESS_REVIEW,DEFINE,Definition,التعريف,1,7,Compliance Officer,False
1250,105,29,NCA-ECC,2-2-4,ACCESS_REVIEW,PLAN,Planning,التخطيط,2,7,Control Owner,False
1251,105,29,NCA-ECC,2-2-4,ACCESS_REVIEW,COLLECT,Collection,الجمع,3,14,Evidence Collector,False
1252,105,29,NCA-ECC,2-2-4,ACCESS_REVIEW,VALIDATE,Validation,التحقق,4,7,Quality Reviewer,False
1253,105,29,NCA-ECC,2-2-4,ACCESS_REVIEW,APPROVE,Approval,الموافقة,5,5,Manager/CISO,False
1254,105,29,NCA-ECC,2-2-4,ACCESS_REVIEW,STORE,Storage,التخزين,6,1,GRC Platform,True
1255,105,29,NCA-ECC,2-2-4,ACCESS_REVIEW,USE,Active Use,الاستخدام النشط,7,365,Audit Function,True
1256,105,29,NCA-ECC,2-2-4,ACCESS_REVIEW,REVIEW,Periodic Review,المراجعة الدورية,8,30,Internal Audit,False
1257,105,29,NCA-ECC,2-2-4,ACCESS_REVIEW,REFRESH,Refresh,التحديث,9,14,Control Owner,False
1258,105,29,NCA-ECC,2-2-4,ACCESS_REVIEW,RETAIN,Retention,الاحتفاظ,10,720,Records Manager,True
1259,105,29,NCA-ECC,2-2-4,ACCESS_REVIEW,ARCHIVE,Archive,الأرشفة,11,1,IT Operations,False
1260,105,29,NCA-ECC,2-2-4,ACCESS_REVIEW,DISPOSE,Disposal,التخلص,12,1,Records Manager,False
1261,106,29,NCA-ECC,2-2-4,POLICY,DEFINE,Definition,التعريف,1,7,Compliance Officer,False
1262,106,29,NCA-ECC,2-2-4,POLICY,PLAN,Planning,التخطيط,2,7,Control Owner,False
1263,106,29,NCA-ECC,2-2-4,POLICY,COLLECT,Collection,الجمع,3,14,Evidence Collector,False
1264,106,29,NCA-ECC,2-2-4,POLICY,VALIDATE,Validation,التحقق,4,7,Quality Reviewer,False
1265,106,29,NCA-ECC,2-2-4,POLICY,APPROVE,Approval,الموافقة,5,5,Manager/CISO,False
1266,106,29,NCA-ECC,2-2-4,POLICY,STORE,Storage,التخزين,6,1,GRC Platform,True
1267,106,29,NCA-ECC,2-2-4,POLICY,USE,Active Use,الاستخدام النشط,7,365,Audit Function,True
1268,106,29,NCA-ECC,2-2-4,POLICY,REVIEW,Periodic Review,المراجعة الدورية,8,30,Internal Audit,False
1269,106,29,NCA-ECC,2-2-4,POLICY,REFRESH,Refresh,التحديث,9,14,Control Owner,False
1270,106,29,NCA-ECC,2-2-4,POLICY,RETAIN,Retention,الاحتفاظ,10,1080,Records Manager,True
1271,106,29,NCA-ECC,2-2-4,POLICY,ARCHIVE,Archive,الأرشفة,11,1,IT Operations,False
1272,106,29,NCA-ECC,2-2-4,POLICY,DISPOSE,Disposal,التخلص,12,1,Records Manager,False
1273,107,30,NCA-ECC,2-2-5,ACCESS_REVIEW,DEFINE,Definition,التعريف,1,7,Compliance Officer,False
1274,107,30,NCA-ECC,2-2-5,ACCESS_REVIEW,PLAN,Planning,التخطيط,2,7,Control Owner,False
1275,107,30,NCA-ECC,2-2-5,ACCESS_REVIEW,COLLECT,Collection,الجمع,3,14,Evidence Collector,False
1276,107,30,NCA-ECC,2-2-5,ACCESS_REVIEW,VALIDATE,Validation,التحقق,4,7,Quality Reviewer,False
1277,107,30,NCA-ECC,2-2-5,ACCESS_REVIEW,APPROVE,Approval,الموافقة,5,5,Manager/CISO,False
1278,107,30,NCA-ECC,2-2-5,ACCESS_REVIEW,STORE,Storage,التخزين,6,1,GRC Platform,True
1279,107,30,NCA-ECC,2-2-5,ACCESS_REVIEW,USE,Active Use,الاستخدام النشط,7,365,Audit Function,True
1280,107,30,NCA-ECC,2-2-5,ACCESS_REVIEW,REVIEW,Periodic Review,المراجعة الدورية,8,30,Internal Audit,False
1281,107,30,NCA-ECC,2-2-5,ACCESS_REVIEW,REFRESH,Refresh,التحديث,9,14,Control Owner,False
1282,107,30,NCA-ECC,2-2-5,ACCESS_REVIEW,RETAIN,Retention,الاحتفاظ,10,720,Records Manager,True
1283,107,30,NCA-ECC,2-2-5,ACCESS_REVIEW,ARCHIVE,Archive,الأرشفة,11,1,IT Operations,False
1284,107,30,NCA-ECC,2-2-5,ACCESS_REVIEW,DISPOSE,Disposal,التخلص,12,1,Records Manager,False
1285,108,30,NCA-ECC,2-2-5,REPORT,DEFINE,Definition,التعريف,1,7,Compliance Officer,False
1286,108,30,NCA-ECC,2-2-5,REPORT,PLAN,Planning,التخطيط,2,7,Control Owner,False
1287,108,30,NCA-ECC,2-2-5,REPORT,COLLECT,Collection,الجمع,3,14,Evidence Collector,False
1288,108,30,NCA-ECC,2-2-5,REPORT,VALIDATE,Validation,التحقق,4,7,Quality Reviewer,False
1289,108,30,NCA-ECC,2-2-5,REPORT,APPROVE,Approval,الموافقة,5,5,Manager/CISO,False
1290,108,30,NCA-ECC,2-2-5,REPORT,STORE,Storage,التخزين,6,1,GRC Platform,True
1291,108,30,NCA-ECC,2-2-5,REPORT,USE,Active Use,الاستخدام النشط,7,365,Audit Function,True
1292,108,30,NCA-ECC,2-2-5,REPORT,REVIEW,Periodic Review,المراجعة الدورية,8,30,Internal Audit,False
1293,108,30,NCA-ECC,2-2-5,REPORT,REFRESH,Refresh,التحديث,9,14,Control Owner,False
1294,108,30,NCA-ECC,2-2-5,REPORT,RETAIN,Retention,الاحتفاظ,10,1080,Records Manager,True
1295,108,30,NCA-ECC,2-2-5,REPORT,ARCHIVE,Archive,الأرشفة,11,1,IT Operations,False
1296,108,30,NCA-ECC,2-2-5,REPORT,DISPOSE,Disposal,التخلص,12,1,Records Manager,False
1297,109,30,NCA-ECC,2-2-5,APPROVAL_RECORD,DEFINE,Definition,التعريف,1,7,Compliance Officer,False
1298,109,30,NCA-ECC,2-2-5,APPROVAL_RECORD,PLAN,Planning,التخطيط,2,7,Control Owner,False
1299,109,30,NCA-ECC,2-2-5,APPROVAL_RECORD,COLLECT,Collection,الجمع,3,14,Evidence Collector,False
1300,109,30,NCA-ECC,2-2-5,APPROVAL_RECORD,VALIDATE,Validation,التحقق,4,7,Quality Reviewer,False
1301,109,30,NCA-ECC,2-2-5,APPROVAL_RECORD,APPROVE,Approval,الموافقة,5,5,Manager/CISO,False
1302,109,30,NCA-ECC,2-2-5,APPROVAL_RECORD,STORE,Storage,التخزين,6,1,GRC Platform,True
1303,109,30,NCA-ECC,2-2-5,APPROVAL_RECORD,USE,Active Use,الاستخدام النشط,7,365,Audit Function,True
1304,109,30,NCA-ECC,2-2-5,APPROVAL_RECORD,REVIEW,Periodic Review,المراجعة الدورية,8,30,Internal Audit,False
1305,109,30,NCA-ECC,2-2-5,APPROVAL_RECORD,REFRESH,Refresh,التحديث,9,14,Control Owner,False
1306,109,30,NCA-ECC,2-2-5,APPROVAL_RECORD,RETAIN,Retention,الاحتفاظ,10,1800,Records Manager,True
1307,109,30,NCA-ECC,2-2-5,APPROVAL_RECORD,ARCHIVE,Archive,الأرشفة,11,1,IT Operations,False
1308,109,30,NCA-ECC,2-2-5,APPROVAL_RECORD,DISPOSE,Disposal,التخلص,12,1,Records Manager,False
1309,110,31,NCA-ECC,2-2-6,CONFIGURATION,DEFINE,Definition,التعريف,1,7,Compliance Officer,False
1310,110,31,NCA-ECC,2-2-6,CONFIGURATION,PLAN,Planning,التخطيط,2,7,Control Owner,False
1311,110,31,NCA-ECC,2-2-6,CONFIGURATION,COLLECT,Collection,الجمع,3,14,Evidence Collector,False
1312,110,31,NCA-ECC,2-2-6,CONFIGURATION,VALIDATE,Validation,التحقق,4,7,Quality Reviewer,False
1313,110,31,NCA-ECC,2-2-6,CONFIGURATION,APPROVE,Approval,الموافقة,5,5,Manager/CISO,False
1314,110,31,NCA-ECC,2-2-6,CONFIGURATION,STORE,Storage,التخزين,6,1,GRC Platform,True
1315,110,31,NCA-ECC,2-2-6,CONFIGURATION,USE,Active Use,الاستخدام النشط,7,365,Audit Function,True
1316,110,31,NCA-ECC,2-2-6,CONFIGURATION,REVIEW,Periodic Review,المراجعة الدورية,8,30,Internal Audit,False
1317,110,31,NCA-ECC,2-2-6,CONFIGURATION,REFRESH,Refresh,التحديث,9,14,Control Owner,False
1318,110,31,NCA-ECC,2-2-6,CONFIGURATION,RETAIN,Retention,الاحتفاظ,10,720,Records Manager,True
1319,110,31,NCA-ECC,2-2-6,CONFIGURATION,ARCHIVE,Archive,الأرشفة,11,1,IT Operations,False
1320,110,31,NCA-ECC,2-2-6,CONFIGURATION,DISPOSE,Disposal,التخلص,12,1,Records Manager,False
1321,111,31,NCA-ECC,2-2-6,POLICY,DEFINE,Definition,التعريف,1,7,Compliance Officer,False
1322,111,31,NCA-ECC,2-2-6,POLICY,PLAN,Planning,التخطيط,2,7,Control Owner,False
1323,111,31,NCA-ECC,2-2-6,POLICY,COLLECT,Collection,الجمع,3,14,Evidence Collector,False
1324,111,31,NCA-ECC,2-2-6,POLICY,VALIDATE,Validation,التحقق,4,7,Quality Reviewer,False
1325,111,31,NCA-ECC,2-2-6,POLICY,APPROVE,Approval,الموافقة,5,5,Manager/CISO,False
1326,111,31,NCA-ECC,2-2-6,POLICY,STORE,Storage,التخزين,6,1,GRC Platform,True
1327,111,31,NCA-ECC,2-2-6,POLICY,USE,Active Use,الاستخدام النشط,7,365,Audit Function,True
1328,111,31,NCA-ECC,2-2-6,POLICY,REVIEW,Periodic Review,المراجعة الدورية,8,30,Internal Audit,False
1329,111,31,NCA-ECC,2-2-6,POLICY,REFRESH,Refresh,التحديث,9,14,Control Owner,False
1330,111,31,NCA-ECC,2-2-6,POLICY,RETAIN,Retention,الاحتفاظ,10,1080,Records Manager,True
1331,111,31,NCA-ECC,2-2-6,POLICY,ARCHIVE,Archive,الأرشفة,11,1,IT Operations,False
1332,111,31,NCA-ECC,2-2-6,POLICY,DISPOSE,Disposal,التخلص,12,1,Records Manager,False
1333,112,31,NCA-ECC,2-2-6,SCREENSHOT,DEFINE,Definition,التعريف,1,7,Compliance Officer,False
1334,112,31,NCA-ECC,2-2-6,SCREENSHOT,PLAN,Planning,التخطيط,2,7,Control Owner,False
1335,112,31,NCA-ECC,2-2-6,SCREENSHOT,COLLECT,Collection,الجمع,3,14,Evidence Collector,False
1336,112,31,NCA-ECC,2-2-6,SCREENSHOT,VALIDATE,Validation,التحقق,4,7,Quality Reviewer,False
1337,112,31,NCA-ECC,2-2-6,SCREENSHOT,APPROVE,Approval,الموافقة,5,5,Manager/CISO,False
1338,112,31,NCA-ECC,2-2-6,SCREENSHOT,STORE,Storage,التخزين,6,1,GRC Platform,True
1339,112,31,NCA-ECC,2-2-6,SCREENSHOT,USE,Active Use,الاستخدام النشط,7,365,Audit Function,True
1340,112,31,NCA-ECC,2-2-6,SCREENSHOT,REVIEW,Periodic Review,المراجعة الدورية,8,30,Internal Audit,False
1341,112,31,NCA-ECC,2-2-6,SCREENSHOT,REFRESH,Refresh,التحديث,9,14,Control Owner,False
1342,112,31,NCA-ECC,2-2-6,SCREENSHOT,RETAIN,Retention,الاحتفاظ,10,720,Records Manager,True
1343,112,31,NCA-ECC,2-2-6,SCREENSHOT,ARCHIVE,Archive,الأرشفة,11,1,IT Operations,False
1344,112,31,NCA-ECC,2-2-6,SCREENSHOT,DISPOSE,Disposal,التخلص,12,1,Records Manager,False
1345,113,31,NCA-ECC,2-2-6,TEST_RESULT,DEFINE,Definition,التعريف,1,7,Compliance Officer,False
1346,113,31,NCA-ECC,2-2-6,TEST_RESULT,PLAN,Planning,التخطيط,2,7,Control Owner,False
1347,113,31,NCA-ECC,2-2-6,TEST_RESULT,COLLECT,Collection,الجمع,3,14,Evidence Collector,False
1348,113,31,NCA-ECC,2-2-6,TEST_RESULT,VALIDATE,Validation,التحقق,4,7,Quality Reviewer,False
1349,113,31,NCA-ECC,2-2-6,TEST_RESULT,APPROVE,Approval,الموافقة,5,5,Manager/CISO,False
1350,113,31,NCA-ECC,2-2-6,TEST_RESULT,STORE,Storage,التخزين,6,1,GRC Platform,True
1351,113,31,NCA-ECC,2-2-6,TEST_RESULT,USE,Active Use,الاستخدام النشط,7,365,Audit Function,True
1352,113,31,NCA-ECC,2-2-6,TEST_RESULT,REVIEW,Periodic Review,المراجعة الدورية,8,30,Internal Audit,False
1353,113,31,NCA-ECC,2-2-6,TEST_RESULT,REFRESH,Refresh,التحديث,9,14,Control Owner,False
1354,113,31,NCA-ECC,2-2-6,TEST_RESULT,RETAIN,Retention,الاحتفاظ,10,1080,Records Manager,True
1355,113,31,NCA-ECC,2-2-6,TEST_RESULT,ARCHIVE,Archive,الأرشفة,11,1,IT Operations,False
1356,113,31,NCA-ECC,2-2-6,TEST_RESULT,DISPOSE,Disposal,التخلص,12,1,Records Manager,False
1357,114,32,NCA-ECC,2-3-1,BASELINE_CONFIG,DEFINE,Definition,التعريف,1,7,Compliance Officer,False
1358,114,32,NCA-ECC,2-3-1,BASELINE_CONFIG,PLAN,Planning,التخطيط,2,7,Control Owner,False
1359,114,32,NCA-ECC,2-3-1,BASELINE_CONFIG,COLLECT,Collection,الجمع,3,14,Evidence Collector,False
1360,114,32,NCA-ECC,2-3-1,BASELINE_CONFIG,VALIDATE,Validation,التحقق,4,7,Quality Reviewer,False
1361,114,32,NCA-ECC,2-3-1,BASELINE_CONFIG,APPROVE,Approval,الموافقة,5,5,Manager/CISO,False
1362,114,32,NCA-ECC,2-3-1,BASELINE_CONFIG,STORE,Storage,التخزين,6,1,GRC Platform,True
1363,114,32,NCA-ECC,2-3-1,BASELINE_CONFIG,USE,Active Use,الاستخدام النشط,7,365,Audit Function,True
1364,114,32,NCA-ECC,2-3-1,BASELINE_CONFIG,REVIEW,Periodic Review,المراجعة الدورية,8,30,Internal Audit,False
1365,114,32,NCA-ECC,2-3-1,BASELINE_CONFIG,REFRESH,Refresh,التحديث,9,14,Control Owner,False
1366,114,32,NCA-ECC,2-3-1,BASELINE_CONFIG,RETAIN,Retention,الاحتفاظ,10,1080,Records Manager,True
1367,114,32,NCA-ECC,2-3-1,BASELINE_CONFIG,ARCHIVE,Archive,الأرشفة,11,1,IT Operations,False
1368,114,32,NCA-ECC,2-3-1,BASELINE_CONFIG,DISPOSE,Disposal,التخلص,12,1,Records Manager,False
1369,115,32,NCA-ECC,2-3-1,SCAN_REPORT,DEFINE,Definition,التعريف,1,7,Compliance Officer,False
1370,115,32,NCA-ECC,2-3-1,SCAN_REPORT,PLAN,Planning,التخطيط,2,7,Control Owner,False
1371,115,32,NCA-ECC,2-3-1,SCAN_REPORT,COLLECT,Collection,الجمع,3,14,Evidence Collector,False
1372,115,32,NCA-ECC,2-3-1,SCAN_REPORT,VALIDATE,Validation,التحقق,4,7,Quality Reviewer,False
1373,115,32,NCA-ECC,2-3-1,SCAN_REPORT,APPROVE,Approval,الموافقة,5,5,Manager/CISO,False
1374,115,32,NCA-ECC,2-3-1,SCAN_REPORT,STORE,Storage,التخزين,6,1,GRC Platform,True
1375,115,32,NCA-ECC,2-3-1,SCAN_REPORT,USE,Active Use,الاستخدام النشط,7,365,Audit Function,True
1376,115,32,NCA-ECC,2-3-1,SCAN_REPORT,REVIEW,Periodic Review,المراجعة الدورية,8,30,Internal Audit,False
1377,115,32,NCA-ECC,2-3-1,SCAN_REPORT,REFRESH,Refresh,التحديث,9,14,Control Owner,False
1378,115,32,NCA-ECC,2-3-1,SCAN_REPORT,RETAIN,Retention,الاحتفاظ,10,720,Records Manager,True
1379,115,32,NCA-ECC,2-3-1,SCAN_REPORT,ARCHIVE,Archive,الأرشفة,11,1,IT Operations,False
1380,115,32,NCA-ECC,2-3-1,SCAN_REPORT,DISPOSE,Disposal,التخلص,12,1,Records Manager,False
1381,116,32,NCA-ECC,2-3-1,STANDARD,DEFINE,Definition,التعريف,1,7,Compliance Officer,False
1382,116,32,NCA-ECC,2-3-1,STANDARD,PLAN,Planning,التخطيط,2,7,Control Owner,False
1383,116,32,NCA-ECC,2-3-1,STANDARD,COLLECT,Collection,الجمع,3,14,Evidence Collector,False
1384,116,32,NCA-ECC,2-3-1,STANDARD,VALIDATE,Validation,التحقق,4,7,Quality Reviewer,False
1385,116,32,NCA-ECC,2-3-1,STANDARD,APPROVE,Approval,الموافقة,5,5,Manager/CISO,False
1386,116,32,NCA-ECC,2-3-1,STANDARD,STORE,Storage,التخزين,6,1,GRC Platform,True
1387,116,32,NCA-ECC,2-3-1,STANDARD,USE,Active Use,الاستخدام النشط,7,365,Audit Function,True
1388,116,32,NCA-ECC,2-3-1,STANDARD,REVIEW,Periodic Review,المراجعة الدورية,8,30,Internal Audit,False
1389,116,32,NCA-ECC,2-3-1,STANDARD,REFRESH,Refresh,التحديث,9,14,Control Owner,False
1390,116,32,NCA-ECC,2-3-1,STANDARD,RETAIN,Retention,الاحتفاظ,10,1080,Records Manager,True
1391,116,32,NCA-ECC,2-3-1,STANDARD,ARCHIVE,Archive,الأرشفة,11,1,IT Operations,False
1392,116,32,NCA-ECC,2-3-1,STANDARD,DISPOSE,Disposal,التخلص,12,1,Records Manager,False
1393,117,32,NCA-ECC,2-3-1,TEST_RESULT,DEFINE,Definition,التعريف,1,7,Compliance Officer,False
1394,117,32,NCA-ECC,2-3-1,TEST_RESULT,PLAN,Planning,التخطيط,2,7,Control Owner,False
1395,117,32,NCA-ECC,2-3-1,TEST_RESULT,COLLECT,Collection,الجمع,3,14,Evidence Collector,False
1396,117,32,NCA-ECC,2-3-1,TEST_RESULT,VALIDATE,Validation,التحقق,4,7,Quality Reviewer,False
1397,117,32,NCA-ECC,2-3-1,TEST_RESULT,APPROVE,Approval,الموافقة,5,5,Manager/CISO,False
1398,117,32,NCA-ECC,2-3-1,TEST_RESULT,STORE,Storage,التخزين,6,1,GRC Platform,True
1399,117,32,NCA-ECC,2-3-1,TEST_RESULT,USE,Active Use,الاستخدام النشط,7,365,Audit Function,True
1400,117,32,NCA-ECC,2-3-1,TEST_RESULT,REVIEW,Periodic Review,المراجعة الدورية,8,30,Internal Audit,False
1401,117,32,NCA-ECC,2-3-1,TEST_RESULT,REFRESH,Refresh,التحديث,9,14,Control Owner,False
1402,117,32,NCA-ECC,2-3-1,TEST_RESULT,RETAIN,Retention,الاحتفاظ,10,1080,Records Manager,True
1403,117,32,NCA-ECC,2-3-1,TEST_RESULT,ARCHIVE,Archive,الأرشفة,11,1,IT Operations,False
1404,117,32,NCA-ECC,2-3-1,TEST_RESULT,DISPOSE,Disposal,التخلص,12,1,Records Manager,False
1405,118,33,NCA-ECC,2-3-2,CONFIGURATION,DEFINE,Definition,التعريف,1,7,Compliance Officer,False
1406,118,33,NCA-ECC,2-3-2,CONFIGURATION,PLAN,Planning,التخطيط,2,7,Control Owner,False
1407,118,33,NCA-ECC,2-3-2,CONFIGURATION,COLLECT,Collection,الجمع,3,14,Evidence Collector,False
1408,118,33,NCA-ECC,2-3-2,CONFIGURATION,VALIDATE,Validation,التحقق,4,7,Quality Reviewer,False
1409,118,33,NCA-ECC,2-3-2,CONFIGURATION,APPROVE,Approval,الموافقة,5,5,Manager/CISO,False
1410,118,33,NCA-ECC,2-3-2,CONFIGURATION,STORE,Storage,التخزين,6,1,GRC Platform,True
1411,118,33,NCA-ECC,2-3-2,CONFIGURATION,USE,Active Use,الاستخدام النشط,7,365,Audit Function,True
1412,118,33,NCA-ECC,2-3-2,CONFIGURATION,REVIEW,Periodic Review,المراجعة الدورية,8,30,Internal Audit,False
1413,118,33,NCA-ECC,2-3-2,CONFIGURATION,REFRESH,Refresh,التحديث,9,14,Control Owner,False
1414,118,33,NCA-ECC,2-3-2,CONFIGURATION,RETAIN,Retention,الاحتفاظ,10,720,Records Manager,True
1415,118,33,NCA-ECC,2-3-2,CONFIGURATION,ARCHIVE,Archive,الأرشفة,11,1,IT Operations,False
1416,118,33,NCA-ECC,2-3-2,CONFIGURATION,DISPOSE,Disposal,التخلص,12,1,Records Manager,False
1417,119,33,NCA-ECC,2-3-2,SCAN_REPORT,DEFINE,Definition,التعريف,1,7,Compliance Officer,False
1418,119,33,NCA-ECC,2-3-2,SCAN_REPORT,PLAN,Planning,التخطيط,2,7,Control Owner,False
1419,119,33,NCA-ECC,2-3-2,SCAN_REPORT,COLLECT,Collection,الجمع,3,14,Evidence Collector,False
1420,119,33,NCA-ECC,2-3-2,SCAN_REPORT,VALIDATE,Validation,التحقق,4,7,Quality Reviewer,False
1421,119,33,NCA-ECC,2-3-2,SCAN_REPORT,APPROVE,Approval,الموافقة,5,5,Manager/CISO,False
1422,119,33,NCA-ECC,2-3-2,SCAN_REPORT,STORE,Storage,التخزين,6,1,GRC Platform,True
1423,119,33,NCA-ECC,2-3-2,SCAN_REPORT,USE,Active Use,الاستخدام النشط,7,365,Audit Function,True
1424,119,33,NCA-ECC,2-3-2,SCAN_REPORT,REVIEW,Periodic Review,المراجعة الدورية,8,30,Internal Audit,False
1425,119,33,NCA-ECC,2-3-2,SCAN_REPORT,REFRESH,Refresh,التحديث,9,14,Control Owner,False
1426,119,33,NCA-ECC,2-3-2,SCAN_REPORT,RETAIN,Retention,الاحتفاظ,10,720,Records Manager,True
1427,119,33,NCA-ECC,2-3-2,SCAN_REPORT,ARCHIVE,Archive,الأرشفة,11,1,IT Operations,False
1428,119,33,NCA-ECC,2-3-2,SCAN_REPORT,DISPOSE,Disposal,التخلص,12,1,Records Manager,False
1429,120,33,NCA-ECC,2-3-2,LOG,DEFINE,Definition,التعريف,1,7,Compliance Officer,False
1430,120,33,NCA-ECC,2-3-2,LOG,PLAN,Planning,التخطيط,2,7,Control Owner,False
1431,120,33,NCA-ECC,2-3-2,LOG,COLLECT,Collection,الجمع,3,14,Evidence Collector,False
1432,120,33,NCA-ECC,2-3-2,LOG,VALIDATE,Validation,التحقق,4,7,Quality Reviewer,False
1433,120,33,NCA-ECC,2-3-2,LOG,APPROVE,Approval,الموافقة,5,5,Manager/CISO,False
1434,120,33,NCA-ECC,2-3-2,LOG,STORE,Storage,التخزين,6,1,GRC Platform,True
1435,120,33,NCA-ECC,2-3-2,LOG,USE,Active Use,الاستخدام النشط,7,365,Audit Function,True
1436,120,33,NCA-ECC,2-3-2,LOG,REVIEW,Periodic Review,المراجعة الدورية,8,30,Internal Audit,False
1437,120,33,NCA-ECC,2-3-2,LOG,REFRESH,Refresh,التحديث,9,14,Control Owner,False
1438,120,33,NCA-ECC,2-3-2,LOG,RETAIN,Retention,الاحتفاظ,10,360,Records Manager,True
1439,120,33,NCA-ECC,2-3-2,LOG,ARCHIVE,Archive,الأرشفة,11,1,IT Operations,False
1440,120,33,NCA-ECC,2-3-2,LOG,DISPOSE,Disposal,التخلص,12,1,Records Manager,False
1441,121,33,NCA-ECC,2-3-2,REPORT,DEFINE,Definition,التعريف,1,7,Compliance Officer,False
1442,121,33,NCA-ECC,2-3-2,REPORT,PLAN,Planning,التخطيط,2,7,Control Owner,False
1443,121,33,NCA-ECC,2-3-2,REPORT,COLLECT,Collection,الجمع,3,14,Evidence Collector,False
1444,121,33,NCA-ECC,2-3-2,REPORT,VALIDATE,Validation,التحقق,4,7,Quality Reviewer,False
1445,121,33,NCA-ECC,2-3-2,REPORT,APPROVE,Approval,الموافقة,5,5,Manager/CISO,False
1446,121,33,NCA-ECC,2-3-2,REPORT,STORE,Storage,التخزين,6,1,GRC Platform,True
1447,121,33,NCA-ECC,2-3-2,REPORT,USE,Active Use,الاستخدام النشط,7,365,Audit Function,True
1448,121,33,NCA-ECC,2-3-2,REPORT,REVIEW,Periodic Review,المراجعة الدورية,8,30,Internal Audit,False
1449,121,33,NCA-ECC,2-3-2,REPORT,REFRESH,Refresh,التحديث,9,14,Control Owner,False
1450,121,33,NCA-ECC,2-3-2,REPORT,RETAIN,Retention,الاحتفاظ,10,1080,Records Manager,True
1451,121,33,NCA-ECC,2-3-2,REPORT,ARCHIVE,Archive,الأرشفة,11,1,IT Operations,False
1452,121,33,NCA-ECC,2-3-2,REPORT,DISPOSE,Disposal,التخلص,12,1,Records Manager,False
1453,122,34,NCA-ECC,2-3-3,PATCH_REPORT,DEFINE,Definition,التعريف,1,7,Compliance Officer,False
1454,122,34,NCA-ECC,2-3-3,PATCH_REPORT,PLAN,Planning,التخطيط,2,7,Control Owner,False
1455,122,34,NCA-ECC,2-3-3,PATCH_REPORT,COLLECT,Collection,الجمع,3,14,Evidence Collector,False
1456,122,34,NCA-ECC,2-3-3,PATCH_REPORT,VALIDATE,Validation,التحقق,4,7,Quality Reviewer,False
1457,122,34,NCA-ECC,2-3-3,PATCH_REPORT,APPROVE,Approval,الموافقة,5,5,Manager/CISO,False
1458,122,34,NCA-ECC,2-3-3,PATCH_REPORT,STORE,Storage,التخزين,6,1,GRC Platform,True
1459,122,34,NCA-ECC,2-3-3,PATCH_REPORT,USE,Active Use,الاستخدام النشط,7,365,Audit Function,True
1460,122,34,NCA-ECC,2-3-3,PATCH_REPORT,REVIEW,Periodic Review,المراجعة الدورية,8,30,Internal Audit,False
1461,122,34,NCA-ECC,2-3-3,PATCH_REPORT,REFRESH,Refresh,التحديث,9,14,Control Owner,False
1462,122,34,NCA-ECC,2-3-3,PATCH_REPORT,RETAIN,Retention,الاحتفاظ,10,720,Records Manager,True
1463,122,34,NCA-ECC,2-3-3,PATCH_REPORT,ARCHIVE,Archive,الأرشفة,11,1,IT Operations,False
1464,122,34,NCA-ECC,2-3-3,PATCH_REPORT,DISPOSE,Disposal,التخلص,12,1,Records Manager,False
1465,123,34,NCA-ECC,2-3-3,SCAN_REPORT,DEFINE,Definition,التعريف,1,7,Compliance Officer,False
1466,123,34,NCA-ECC,2-3-3,SCAN_REPORT,PLAN,Planning,التخطيط,2,7,Control Owner,False
1467,123,34,NCA-ECC,2-3-3,SCAN_REPORT,COLLECT,Collection,الجمع,3,14,Evidence Collector,False
1468,123,34,NCA-ECC,2-3-3,SCAN_REPORT,VALIDATE,Validation,التحقق,4,7,Quality Reviewer,False
1469,123,34,NCA-ECC,2-3-3,SCAN_REPORT,APPROVE,Approval,الموافقة,5,5,Manager/CISO,False
1470,123,34,NCA-ECC,2-3-3,SCAN_REPORT,STORE,Storage,التخزين,6,1,GRC Platform,True
1471,123,34,NCA-ECC,2-3-3,SCAN_REPORT,USE,Active Use,الاستخدام النشط,7,365,Audit Function,True
1472,123,34,NCA-ECC,2-3-3,SCAN_REPORT,REVIEW,Periodic Review,المراجعة الدورية,8,30,Internal Audit,False
1473,123,34,NCA-ECC,2-3-3,SCAN_REPORT,REFRESH,Refresh,التحديث,9,14,Control Owner,False
1474,123,34,NCA-ECC,2-3-3,SCAN_REPORT,RETAIN,Retention,الاحتفاظ,10,720,Records Manager,True
1475,123,34,NCA-ECC,2-3-3,SCAN_REPORT,ARCHIVE,Archive,الأرشفة,11,1,IT Operations,False
1476,123,34,NCA-ECC,2-3-3,SCAN_REPORT,DISPOSE,Disposal,التخلص,12,1,Records Manager,False
1477,124,34,NCA-ECC,2-3-3,POLICY,DEFINE,Definition,التعريف,1,7,Compliance Officer,False
1478,124,34,NCA-ECC,2-3-3,POLICY,PLAN,Planning,التخطيط,2,7,Control Owner,False
1479,124,34,NCA-ECC,2-3-3,POLICY,COLLECT,Collection,الجمع,3,14,Evidence Collector,False
1480,124,34,NCA-ECC,2-3-3,POLICY,VALIDATE,Validation,التحقق,4,7,Quality Reviewer,False
1481,124,34,NCA-ECC,2-3-3,POLICY,APPROVE,Approval,الموافقة,5,5,Manager/CISO,False
1482,124,34,NCA-ECC,2-3-3,POLICY,STORE,Storage,التخزين,6,1,GRC Platform,True
1483,124,34,NCA-ECC,2-3-3,POLICY,USE,Active Use,الاستخدام النشط,7,365,Audit Function,True
1484,124,34,NCA-ECC,2-3-3,POLICY,REVIEW,Periodic Review,المراجعة الدورية,8,30,Internal Audit,False
1485,124,34,NCA-ECC,2-3-3,POLICY,REFRESH,Refresh,التحديث,9,14,Control Owner,False
1486,124,34,NCA-ECC,2-3-3,POLICY,RETAIN,Retention,الاحتفاظ,10,1080,Records Manager,True
1487,124,34,NCA-ECC,2-3-3,POLICY,ARCHIVE,Archive,الأرشفة,11,1,IT Operations,False
1488,124,34,NCA-ECC,2-3-3,POLICY,DISPOSE,Disposal,التخلص,12,1,Records Manager,False
1489,125,34,NCA-ECC,2-3-3,CHANGE_RECORD,DEFINE,Definition,التعريف,1,7,Compliance Officer,False
1490,125,34,NCA-ECC,2-3-3,CHANGE_RECORD,PLAN,Planning,التخطيط,2,7,Control Owner,False
1491,125,34,NCA-ECC,2-3-3,CHANGE_RECORD,COLLECT,Collection,الجمع,3,14,Evidence Collector,False
1492,125,34,NCA-ECC,2-3-3,CHANGE_RECORD,VALIDATE,Validation,التحقق,4,7,Quality Reviewer,False
1493,125,34,NCA-ECC,2-3-3,CHANGE_RECORD,APPROVE,Approval,الموافقة,5,5,Manager/CISO,False
1494,125,34,NCA-ECC,2-3-3,CHANGE_RECORD,STORE,Storage,التخزين,6,1,GRC Platform,True
1495,125,34,NCA-ECC,2-3-3,CHANGE_RECORD,USE,Active Use,الاستخدام النشط,7,365,Audit Function,True
1496,125,34,NCA-ECC,2-3-3,CHANGE_RECORD,REVIEW,Periodic Review,المراجعة الدورية,8,30,Internal Audit,False
1497,125,34,NCA-ECC,2-3-3,CHANGE_RECORD,REFRESH,Refresh,التحديث,9,14,Control Owner,False
1498,125,34,NCA-ECC,2-3-3,CHANGE_RECORD,RETAIN,Retention,الاحتفاظ,10,720,Records Manager,True
1499,125,34,NCA-ECC,2-3-3,CHANGE_RECORD,ARCHIVE,Archive,الأرشفة,11,1,IT Operations,False
1500,125,34,NCA-ECC,2-3-3,CHANGE_RECORD,DISPOSE,Disposal,التخلص,12,1,Records Manager,False
1501,126,35,NCA-ECC,2-4-1,CONFIGURATION,DEFINE,Definition,التعريف,1,7,Compliance Officer,False
1502,126,35,NCA-ECC,2-4-1,CONFIGURATION,PLAN,Planning,التخطيط,2,7,Control Owner,False
1503,126,35,NCA-ECC,2-4-1,CONFIGURATION,COLLECT,Collection,الجمع,3,14,Evidence Collector,False
1504,126,35,NCA-ECC,2-4-1,CONFIGURATION,VALIDATE,Validation,التحقق,4,7,Quality Reviewer,False
1505,126,35,NCA-ECC,2-4-1,CONFIGURATION,APPROVE,Approval,الموافقة,5,5,Manager/CISO,False
1506,126,35,NCA-ECC,2-4-1,CONFIGURATION,STORE,Storage,التخزين,6,1,GRC Platform,True
1507,126,35,NCA-ECC,2-4-1,CONFIGURATION,USE,Active Use,الاستخدام النشط,7,365,Audit Function,True
1508,126,35,NCA-ECC,2-4-1,CONFIGURATION,REVIEW,Periodic Review,المراجعة الدورية,8,30,Internal Audit,False
1509,126,35,NCA-ECC,2-4-1,CONFIGURATION,REFRESH,Refresh,التحديث,9,14,Control Owner,False
1510,126,35,NCA-ECC,2-4-1,CONFIGURATION,RETAIN,Retention,الاحتفاظ,10,720,Records Manager,True
1511,126,35,NCA-ECC,2-4-1,CONFIGURATION,ARCHIVE,Archive,الأرشفة,11,1,IT Operations,False
1512,126,35,NCA-ECC,2-4-1,CONFIGURATION,DISPOSE,Disposal,التخلص,12,1,Records Manager,False
1513,127,35,NCA-ECC,2-4-1,DNS_RECORDS,DEFINE,Definition,التعريف,1,7,Compliance Officer,False
1514,127,35,NCA-ECC,2-4-1,DNS_RECORDS,PLAN,Planning,التخطيط,2,7,Control Owner,False
1515,127,35,NCA-ECC,2-4-1,DNS_RECORDS,COLLECT,Collection,الجمع,3,14,Evidence Collector,False
1516,127,35,NCA-ECC,2-4-1,DNS_RECORDS,VALIDATE,Validation,التحقق,4,7,Quality Reviewer,False
1517,127,35,NCA-ECC,2-4-1,DNS_RECORDS,APPROVE,Approval,الموافقة,5,5,Manager/CISO,False
1518,127,35,NCA-ECC,2-4-1,DNS_RECORDS,STORE,Storage,التخزين,6,1,GRC Platform,True
1519,127,35,NCA-ECC,2-4-1,DNS_RECORDS,USE,Active Use,الاستخدام النشط,7,365,Audit Function,True
1520,127,35,NCA-ECC,2-4-1,DNS_RECORDS,REVIEW,Periodic Review,المراجعة الدورية,8,30,Internal Audit,False
1521,127,35,NCA-ECC,2-4-1,DNS_RECORDS,REFRESH,Refresh,التحديث,9,14,Control Owner,False
1522,127,35,NCA-ECC,2-4-1,DNS_RECORDS,RETAIN,Retention,الاحتفاظ,10,720,Records Manager,True
1523,127,35,NCA-ECC,2-4-1,DNS_RECORDS,ARCHIVE,Archive,الأرشفة,11,1,IT Operations,False
1524,127,35,NCA-ECC,2-4-1,DNS_RECORDS,DISPOSE,Disposal,التخلص,12,1,Records Manager,False
1525,128,35,NCA-ECC,2-4-1,POLICY,DEFINE,Definition,التعريف,1,7,Compliance Officer,False
1526,128,35,NCA-ECC,2-4-1,POLICY,PLAN,Planning,التخطيط,2,7,Control Owner,False
1527,128,35,NCA-ECC,2-4-1,POLICY,COLLECT,Collection,الجمع,3,14,Evidence Collector,False
1528,128,35,NCA-ECC,2-4-1,POLICY,VALIDATE,Validation,التحقق,4,7,Quality Reviewer,False
1529,128,35,NCA-ECC,2-4-1,POLICY,APPROVE,Approval,الموافقة,5,5,Manager/CISO,False
1530,128,35,NCA-ECC,2-4-1,POLICY,STORE,Storage,التخزين,6,1,GRC Platform,True
1531,128,35,NCA-ECC,2-4-1,POLICY,USE,Active Use,الاستخدام النشط,7,365,Audit Function,True
1532,128,35,NCA-ECC,2-4-1,POLICY,REVIEW,Periodic Review,المراجعة الدورية,8,30,Internal Audit,False
1533,128,35,NCA-ECC,2-4-1,POLICY,REFRESH,Refresh,التحديث,9,14,Control Owner,False
1534,128,35,NCA-ECC,2-4-1,POLICY,RETAIN,Retention,الاحتفاظ,10,1080,Records Manager,True
1535,128,35,NCA-ECC,2-4-1,POLICY,ARCHIVE,Archive,الأرشفة,11,1,IT Operations,False
1536,128,35,NCA-ECC,2-4-1,POLICY,DISPOSE,Disposal,التخلص,12,1,Records Manager,False
1537,129,35,NCA-ECC,2-4-1,TEST_RESULT,DEFINE,Definition,التعريف,1,7,Compliance Officer,False
1538,129,35,NCA-ECC,2-4-1,TEST_RESULT,PLAN,Planning,التخطيط,2,7,Control Owner,False
1539,129,35,NCA-ECC,2-4-1,TEST_RESULT,COLLECT,Collection,الجمع,3,14,Evidence Collector,False
1540,129,35,NCA-ECC,2-4-1,TEST_RESULT,VALIDATE,Validation,التحقق,4,7,Quality Reviewer,False
1541,129,35,NCA-ECC,2-4-1,TEST_RESULT,APPROVE,Approval,الموافقة,5,5,Manager/CISO,False
1542,129,35,NCA-ECC,2-4-1,TEST_RESULT,STORE,Storage,التخزين,6,1,GRC Platform,True
1543,129,35,NCA-ECC,2-4-1,TEST_RESULT,USE,Active Use,الاستخدام النشط,7,365,Audit Function,True
1544,129,35,NCA-ECC,2-4-1,TEST_RESULT,REVIEW,Periodic Review,المراجعة الدورية,8,30,Internal Audit,False
1545,129,35,NCA-ECC,2-4-1,TEST_RESULT,REFRESH,Refresh,التحديث,9,14,Control Owner,False
1546,129,35,NCA-ECC,2-4-1,TEST_RESULT,RETAIN,Retention,الاحتفاظ,10,1080,Records Manager,True
1547,129,35,NCA-ECC,2-4-1,TEST_RESULT,ARCHIVE,Archive,الأرشفة,11,1,IT Operations,False
1548,129,35,NCA-ECC,2-4-1,TEST_RESULT,DISPOSE,Disposal,التخلص,12,1,Records Manager,False
1549,130,36,NCA-ECC,2-4-2,CONFIGURATION,DEFINE,Definition,التعريف,1,7,Compliance Officer,False
1550,130,36,NCA-ECC,2-4-2,CONFIGURATION,PLAN,Planning,التخطيط,2,7,Control Owner,False
1551,130,36,NCA-ECC,2-4-2,CONFIGURATION,COLLECT,Collection,الجمع,3,14,Evidence Collector,False
1552,130,36,NCA-ECC,2-4-2,CONFIGURATION,VALIDATE,Validation,التحقق,4,7,Quality Reviewer,False
1553,130,36,NCA-ECC,2-4-2,CONFIGURATION,APPROVE,Approval,الموافقة,5,5,Manager/CISO,False
1554,130,36,NCA-ECC,2-4-2,CONFIGURATION,STORE,Storage,التخزين,6,1,GRC Platform,True
1555,130,36,NCA-ECC,2-4-2,CONFIGURATION,USE,Active Use,الاستخدام النشط,7,365,Audit Function,True
1556,130,36,NCA-ECC,2-4-2,CONFIGURATION,REVIEW,Periodic Review,المراجعة الدورية,8,30,Internal Audit,False
1557,130,36,NCA-ECC,2-4-2,CONFIGURATION,REFRESH,Refresh,التحديث,9,14,Control Owner,False
1558,130,36,NCA-ECC,2-4-2,CONFIGURATION,RETAIN,Retention,الاحتفاظ,10,720,Records Manager,True
1559,130,36,NCA-ECC,2-4-2,CONFIGURATION,ARCHIVE,Archive,الأرشفة,11,1,IT Operations,False
1560,130,36,NCA-ECC,2-4-2,CONFIGURATION,DISPOSE,Disposal,التخلص,12,1,Records Manager,False
1561,131,36,NCA-ECC,2-4-2,LOG,DEFINE,Definition,التعريف,1,7,Compliance Officer,False
1562,131,36,NCA-ECC,2-4-2,LOG,PLAN,Planning,التخطيط,2,7,Control Owner,False
1563,131,36,NCA-ECC,2-4-2,LOG,COLLECT,Collection,الجمع,3,14,Evidence Collector,False
1564,131,36,NCA-ECC,2-4-2,LOG,VALIDATE,Validation,التحقق,4,7,Quality Reviewer,False
1565,131,36,NCA-ECC,2-4-2,LOG,APPROVE,Approval,الموافقة,5,5,Manager/CISO,False
1566,131,36,NCA-ECC,2-4-2,LOG,STORE,Storage,التخزين,6,1,GRC Platform,True
1567,131,36,NCA-ECC,2-4-2,LOG,USE,Active Use,الاستخدام النشط,7,365,Audit Function,True
1568,131,36,NCA-ECC,2-4-2,LOG,REVIEW,Periodic Review,المراجعة الدورية,8,30,Internal Audit,False
1569,131,36,NCA-ECC,2-4-2,LOG,REFRESH,Refresh,التحديث,9,14,Control Owner,False
1570,131,36,NCA-ECC,2-4-2,LOG,RETAIN,Retention,الاحتفاظ,10,360,Records Manager,True
1571,131,36,NCA-ECC,2-4-2,LOG,ARCHIVE,Archive,الأرشفة,11,1,IT Operations,False
1572,131,36,NCA-ECC,2-4-2,LOG,DISPOSE,Disposal,التخلص,12,1,Records Manager,False
1573,132,36,NCA-ECC,2-4-2,REPORT,DEFINE,Definition,التعريف,1,7,Compliance Officer,False
1574,132,36,NCA-ECC,2-4-2,REPORT,PLAN,Planning,التخطيط,2,7,Control Owner,False
1575,132,36,NCA-ECC,2-4-2,REPORT,COLLECT,Collection,الجمع,3,14,Evidence Collector,False
1576,132,36,NCA-ECC,2-4-2,REPORT,VALIDATE,Validation,التحقق,4,7,Quality Reviewer,False
1577,132,36,NCA-ECC,2-4-2,REPORT,APPROVE,Approval,الموافقة,5,5,Manager/CISO,False
1578,132,36,NCA-ECC,2-4-2,REPORT,STORE,Storage,التخزين,6,1,GRC Platform,True
1579,132,36,NCA-ECC,2-4-2,REPORT,USE,Active Use,الاستخدام النشط,7,365,Audit Function,True
1580,132,36,NCA-ECC,2-4-2,REPORT,REVIEW,Periodic Review,المراجعة الدورية,8,30,Internal Audit,False
1581,132,36,NCA-ECC,2-4-2,REPORT,REFRESH,Refresh,التحديث,9,14,Control Owner,False
1582,132,36,NCA-ECC,2-4-2,REPORT,RETAIN,Retention,الاحتفاظ,10,1080,Records Manager,True
1583,132,36,NCA-ECC,2-4-2,REPORT,ARCHIVE,Archive,الأرشفة,11,1,IT Operations,False
1584,132,36,NCA-ECC,2-4-2,REPORT,DISPOSE,Disposal,التخلص,12,1,Records Manager,False
1585,133,36,NCA-ECC,2-4-2,TRAINING_RECORD,DEFINE,Definition,التعريف,1,7,Compliance Officer,False
1586,133,36,NCA-ECC,2-4-2,TRAINING_RECORD,PLAN,Planning,التخطيط,2,7,Control Owner,False
1587,133,36,NCA-ECC,2-4-2,TRAINING_RECORD,COLLECT,Collection,الجمع,3,14,Evidence Collector,False
1588,133,36,NCA-ECC,2-4-2,TRAINING_RECORD,VALIDATE,Validation,التحقق,4,7,Quality Reviewer,False
1589,133,36,NCA-ECC,2-4-2,TRAINING_RECORD,APPROVE,Approval,الموافقة,5,5,Manager/CISO,False
1590,133,36,NCA-ECC,2-4-2,TRAINING_RECORD,STORE,Storage,التخزين,6,1,GRC Platform,True
1591,133,36,NCA-ECC,2-4-2,TRAINING_RECORD,USE,Active Use,الاستخدام النشط,7,365,Audit Function,True
1592,133,36,NCA-ECC,2-4-2,TRAINING_RECORD,REVIEW,Periodic Review,المراجعة الدورية,8,30,Internal Audit,False
1593,133,36,NCA-ECC,2-4-2,TRAINING_RECORD,REFRESH,Refresh,التحديث,9,14,Control Owner,False
1594,133,36,NCA-ECC,2-4-2,TRAINING_RECORD,RETAIN,Retention,الاحتفاظ,10,1800,Records Manager,True
1595,133,36,NCA-ECC,2-4-2,TRAINING_RECORD,ARCHIVE,Archive,الأرشفة,11,1,IT Operations,False
1596,133,36,NCA-ECC,2-4-2,TRAINING_RECORD,DISPOSE,Disposal,التخلص,12,1,Records Manager,False
1597,134,37,NCA-ECC,2-4-3,CONFIGURATION,DEFINE,Definition,التعريف,1,7,Compliance Officer,False
1598,134,37,NCA-ECC,2-4-3,CONFIGURATION,PLAN,Planning,التخطيط,2,7,Control Owner,False
1599,134,37,NCA-ECC,2-4-3,CONFIGURATION,COLLECT,Collection,الجمع,3,14,Evidence Collector,False
1600,134,37,NCA-ECC,2-4-3,CONFIGURATION,VALIDATE,Validation,التحقق,4,7,Quality Reviewer,False
1601,134,37,NCA-ECC,2-4-3,CONFIGURATION,APPROVE,Approval,الموافقة,5,5,Manager/CISO,False
1602,134,37,NCA-ECC,2-4-3,CONFIGURATION,STORE,Storage,التخزين,6,1,GRC Platform,True
1603,134,37,NCA-ECC,2-4-3,CONFIGURATION,USE,Active Use,الاستخدام النشط,7,365,Audit Function,True
1604,134,37,NCA-ECC,2-4-3,CONFIGURATION,REVIEW,Periodic Review,المراجعة الدورية,8,30,Internal Audit,False
1605,134,37,NCA-ECC,2-4-3,CONFIGURATION,REFRESH,Refresh,التحديث,9,14,Control Owner,False
1606,134,37,NCA-ECC,2-4-3,CONFIGURATION,RETAIN,Retention,الاحتفاظ,10,720,Records Manager,True
1607,134,37,NCA-ECC,2-4-3,CONFIGURATION,ARCHIVE,Archive,الأرشفة,11,1,IT Operations,False
1608,134,37,NCA-ECC,2-4-3,CONFIGURATION,DISPOSE,Disposal,التخلص,12,1,Records Manager,False
1609,135,37,NCA-ECC,2-4-3,POLICY,DEFINE,Definition,التعريف,1,7,Compliance Officer,False
1610,135,37,NCA-ECC,2-4-3,POLICY,PLAN,Planning,التخطيط,2,7,Control Owner,False
1611,135,37,NCA-ECC,2-4-3,POLICY,COLLECT,Collection,الجمع,3,14,Evidence Collector,False
1612,135,37,NCA-ECC,2-4-3,POLICY,VALIDATE,Validation,التحقق,4,7,Quality Reviewer,False
1613,135,37,NCA-ECC,2-4-3,POLICY,APPROVE,Approval,الموافقة,5,5,Manager/CISO,False
1614,135,37,NCA-ECC,2-4-3,POLICY,STORE,Storage,التخزين,6,1,GRC Platform,True
1615,135,37,NCA-ECC,2-4-3,POLICY,USE,Active Use,الاستخدام النشط,7,365,Audit Function,True
1616,135,37,NCA-ECC,2-4-3,POLICY,REVIEW,Periodic Review,المراجعة الدورية,8,30,Internal Audit,False
1617,135,37,NCA-ECC,2-4-3,POLICY,REFRESH,Refresh,التحديث,9,14,Control Owner,False
1618,135,37,NCA-ECC,2-4-3,POLICY,RETAIN,Retention,الاحتفاظ,10,1080,Records Manager,True
1619,135,37,NCA-ECC,2-4-3,POLICY,ARCHIVE,Archive,الأرشفة,11,1,IT Operations,False
1620,135,37,NCA-ECC,2-4-3,POLICY,DISPOSE,Disposal,التخلص,12,1,Records Manager,False
1621,136,37,NCA-ECC,2-4-3,BACKUP_REPORT,DEFINE,Definition,التعريف,1,7,Compliance Officer,False
1622,136,37,NCA-ECC,2-4-3,BACKUP_REPORT,PLAN,Planning,التخطيط,2,7,Control Owner,False
1623,136,37,NCA-ECC,2-4-3,BACKUP_REPORT,COLLECT,Collection,الجمع,3,14,Evidence Collector,False
1624,136,37,NCA-ECC,2-4-3,BACKUP_REPORT,VALIDATE,Validation,التحقق,4,7,Quality Reviewer,False
1625,136,37,NCA-ECC,2-4-3,BACKUP_REPORT,APPROVE,Approval,الموافقة,5,5,Manager/CISO,False
1626,136,37,NCA-ECC,2-4-3,BACKUP_REPORT,STORE,Storage,التخزين,6,1,GRC Platform,True
1627,136,37,NCA-ECC,2-4-3,BACKUP_REPORT,USE,Active Use,الاستخدام النشط,7,365,Audit Function,True
1628,136,37,NCA-ECC,2-4-3,BACKUP_REPORT,REVIEW,Periodic Review,المراجعة الدورية,8,30,Internal Audit,False
1629,136,37,NCA-ECC,2-4-3,BACKUP_REPORT,REFRESH,Refresh,التحديث,9,14,Control Owner,False
1630,136,37,NCA-ECC,2-4-3,BACKUP_REPORT,RETAIN,Retention,الاحتفاظ,10,360,Records Manager,True
1631,136,37,NCA-ECC,2-4-3,BACKUP_REPORT,ARCHIVE,Archive,الأرشفة,11,1,IT Operations,False
1632,136,37,NCA-ECC,2-4-3,BACKUP_REPORT,DISPOSE,Disposal,التخلص,12,1,Records Manager,False
1633,137,38,NCA-ECC,2-5-1,NETWORK_DIAGRAM,DEFINE,Definition,التعريف,1,7,Compliance Officer,False
1634,137,38,NCA-ECC,2-5-1,NETWORK_DIAGRAM,PLAN,Planning,التخطيط,2,7,Control Owner,False
1635,137,38,NCA-ECC,2-5-1,NETWORK_DIAGRAM,COLLECT,Collection,الجمع,3,14,Evidence Collector,False
1636,137,38,NCA-ECC,2-5-1,NETWORK_DIAGRAM,VALIDATE,Validation,التحقق,4,7,Quality Reviewer,False
1637,137,38,NCA-ECC,2-5-1,NETWORK_DIAGRAM,APPROVE,Approval,الموافقة,5,5,Manager/CISO,False
1638,137,38,NCA-ECC,2-5-1,NETWORK_DIAGRAM,STORE,Storage,التخزين,6,1,GRC Platform,True
1639,137,38,NCA-ECC,2-5-1,NETWORK_DIAGRAM,USE,Active Use,الاستخدام النشط,7,365,Audit Function,True
1640,137,38,NCA-ECC,2-5-1,NETWORK_DIAGRAM,REVIEW,Periodic Review,المراجعة الدورية,8,30,Internal Audit,False
1641,137,38,NCA-ECC,2-5-1,NETWORK_DIAGRAM,REFRESH,Refresh,التحديث,9,14,Control Owner,False
1642,137,38,NCA-ECC,2-5-1,NETWORK_DIAGRAM,RETAIN,Retention,الاحتفاظ,10,1080,Records Manager,True
1643,137,38,NCA-ECC,2-5-1,NETWORK_DIAGRAM,ARCHIVE,Archive,الأرشفة,11,1,IT Operations,False
1644,137,38,NCA-ECC,2-5-1,NETWORK_DIAGRAM,DISPOSE,Disposal,التخلص,12,1,Records Manager,False
1645,138,38,NCA-ECC,2-5-1,FIREWALL_CONFIG,DEFINE,Definition,التعريف,1,7,Compliance Officer,False
1646,138,38,NCA-ECC,2-5-1,FIREWALL_CONFIG,PLAN,Planning,التخطيط,2,7,Control Owner,False
1647,138,38,NCA-ECC,2-5-1,FIREWALL_CONFIG,COLLECT,Collection,الجمع,3,14,Evidence Collector,False
1648,138,38,NCA-ECC,2-5-1,FIREWALL_CONFIG,VALIDATE,Validation,التحقق,4,7,Quality Reviewer,False
1649,138,38,NCA-ECC,2-5-1,FIREWALL_CONFIG,APPROVE,Approval,الموافقة,5,5,Manager/CISO,False
1650,138,38,NCA-ECC,2-5-1,FIREWALL_CONFIG,STORE,Storage,التخزين,6,1,GRC Platform,True
1651,138,38,NCA-ECC,2-5-1,FIREWALL_CONFIG,USE,Active Use,الاستخدام النشط,7,365,Audit Function,True
1652,138,38,NCA-ECC,2-5-1,FIREWALL_CONFIG,REVIEW,Periodic Review,المراجعة الدورية,8,30,Internal Audit,False
1653,138,38,NCA-ECC,2-5-1,FIREWALL_CONFIG,REFRESH,Refresh,التحديث,9,14,Control Owner,False
1654,138,38,NCA-ECC,2-5-1,FIREWALL_CONFIG,RETAIN,Retention,الاحتفاظ,10,720,Records Manager,True
1655,138,38,NCA-ECC,2-5-1,FIREWALL_CONFIG,ARCHIVE,Archive,الأرشفة,11,1,IT Operations,False
1656,138,38,NCA-ECC,2-5-1,FIREWALL_CONFIG,DISPOSE,Disposal,التخلص,12,1,Records Manager,False
1657,139,38,NCA-ECC,2-5-1,POLICY,DEFINE,Definition,التعريف,1,7,Compliance Officer,False
1658,139,38,NCA-ECC,2-5-1,POLICY,PLAN,Planning,التخطيط,2,7,Control Owner,False
1659,139,38,NCA-ECC,2-5-1,POLICY,COLLECT,Collection,الجمع,3,14,Evidence Collector,False
1660,139,38,NCA-ECC,2-5-1,POLICY,VALIDATE,Validation,التحقق,4,7,Quality Reviewer,False
1661,139,38,NCA-ECC,2-5-1,POLICY,APPROVE,Approval,الموافقة,5,5,Manager/CISO,False
1662,139,38,NCA-ECC,2-5-1,POLICY,STORE,Storage,التخزين,6,1,GRC Platform,True
1663,139,38,NCA-ECC,2-5-1,POLICY,USE,Active Use,الاستخدام النشط,7,365,Audit Function,True
1664,139,38,NCA-ECC,2-5-1,POLICY,REVIEW,Periodic Review,المراجعة الدورية,8,30,Internal Audit,False
1665,139,38,NCA-ECC,2-5-1,POLICY,REFRESH,Refresh,التحديث,9,14,Control Owner,False
1666,139,38,NCA-ECC,2-5-1,POLICY,RETAIN,Retention,الاحتفاظ,10,1080,Records Manager,True
1667,139,38,NCA-ECC,2-5-1,POLICY,ARCHIVE,Archive,الأرشفة,11,1,IT Operations,False
1668,139,38,NCA-ECC,2-5-1,POLICY,DISPOSE,Disposal,التخلص,12,1,Records Manager,False
1669,140,38,NCA-ECC,2-5-1,SCREENSHOT,DEFINE,Definition,التعريف,1,7,Compliance Officer,False
1670,140,38,NCA-ECC,2-5-1,SCREENSHOT,PLAN,Planning,التخطيط,2,7,Control Owner,False
1671,140,38,NCA-ECC,2-5-1,SCREENSHOT,COLLECT,Collection,الجمع,3,14,Evidence Collector,False
1672,140,38,NCA-ECC,2-5-1,SCREENSHOT,VALIDATE,Validation,التحقق,4,7,Quality Reviewer,False
1673,140,38,NCA-ECC,2-5-1,SCREENSHOT,APPROVE,Approval,الموافقة,5,5,Manager/CISO,False
1674,140,38,NCA-ECC,2-5-1,SCREENSHOT,STORE,Storage,التخزين,6,1,GRC Platform,True
1675,140,38,NCA-ECC,2-5-1,SCREENSHOT,USE,Active Use,الاستخدام النشط,7,365,Audit Function,True
1676,140,38,NCA-ECC,2-5-1,SCREENSHOT,REVIEW,Periodic Review,المراجعة الدورية,8,30,Internal Audit,False
1677,140,38,NCA-ECC,2-5-1,SCREENSHOT,REFRESH,Refresh,التحديث,9,14,Control Owner,False
1678,140,38,NCA-ECC,2-5-1,SCREENSHOT,RETAIN,Retention,الاحتفاظ,10,720,Records Manager,True
1679,140,38,NCA-ECC,2-5-1,SCREENSHOT,ARCHIVE,Archive,الأرشفة,11,1,IT Operations,False
1680,140,38,NCA-ECC,2-5-1,SCREENSHOT,DISPOSE,Disposal,التخلص,12,1,Records Manager,False
1681,141,39,NCA-ECC,2-5-2,CONFIGURATION,DEFINE,Definition,التعريف,1,7,Compliance Officer,False
1682,141,39,NCA-ECC,2-5-2,CONFIGURATION,PLAN,Planning,التخطيط,2,7,Control Owner,False
1683,141,39,NCA-ECC,2-5-2,CONFIGURATION,COLLECT,Collection,الجمع,3,14,Evidence Collector,False
1684,141,39,NCA-ECC,2-5-2,CONFIGURATION,VALIDATE,Validation,التحقق,4,7,Quality Reviewer,False
1685,141,39,NCA-ECC,2-5-2,CONFIGURATION,APPROVE,Approval,الموافقة,5,5,Manager/CISO,False
1686,141,39,NCA-ECC,2-5-2,CONFIGURATION,STORE,Storage,التخزين,6,1,GRC Platform,True
1687,141,39,NCA-ECC,2-5-2,CONFIGURATION,USE,Active Use,الاستخدام النشط,7,365,Audit Function,True
1688,141,39,NCA-ECC,2-5-2,CONFIGURATION,REVIEW,Periodic Review,المراجعة الدورية,8,30,Internal Audit,False
1689,141,39,NCA-ECC,2-5-2,CONFIGURATION,REFRESH,Refresh,التحديث,9,14,Control Owner,False
1690,141,39,NCA-ECC,2-5-2,CONFIGURATION,RETAIN,Retention,الاحتفاظ,10,720,Records Manager,True
1691,141,39,NCA-ECC,2-5-2,CONFIGURATION,ARCHIVE,Archive,الأرشفة,11,1,IT Operations,False
1692,141,39,NCA-ECC,2-5-2,CONFIGURATION,DISPOSE,Disposal,التخلص,12,1,Records Manager,False
1693,142,39,NCA-ECC,2-5-2,SCAN_REPORT,DEFINE,Definition,التعريف,1,7,Compliance Officer,False
1694,142,39,NCA-ECC,2-5-2,SCAN_REPORT,PLAN,Planning,التخطيط,2,7,Control Owner,False
1695,142,39,NCA-ECC,2-5-2,SCAN_REPORT,COLLECT,Collection,الجمع,3,14,Evidence Collector,False
1696,142,39,NCA-ECC,2-5-2,SCAN_REPORT,VALIDATE,Validation,التحقق,4,7,Quality Reviewer,False
1697,142,39,NCA-ECC,2-5-2,SCAN_REPORT,APPROVE,Approval,الموافقة,5,5,Manager/CISO,False
1698,142,39,NCA-ECC,2-5-2,SCAN_REPORT,STORE,Storage,التخزين,6,1,GRC Platform,True
1699,142,39,NCA-ECC,2-5-2,SCAN_REPORT,USE,Active Use,الاستخدام النشط,7,365,Audit Function,True
1700,142,39,NCA-ECC,2-5-2,SCAN_REPORT,REVIEW,Periodic Review,المراجعة الدورية,8,30,Internal Audit,False
1701,142,39,NCA-ECC,2-5-2,SCAN_REPORT,REFRESH,Refresh,التحديث,9,14,Control Owner,False
1702,142,39,NCA-ECC,2-5-2,SCAN_REPORT,RETAIN,Retention,الاحتفاظ,10,720,Records Manager,True
1703,142,39,NCA-ECC,2-5-2,SCAN_REPORT,ARCHIVE,Archive,الأرشفة,11,1,IT Operations,False
1704,142,39,NCA-ECC,2-5-2,SCAN_REPORT,DISPOSE,Disposal,التخلص,12,1,Records Manager,False
1705,143,39,NCA-ECC,2-5-2,POLICY,DEFINE,Definition,التعريف,1,7,Compliance Officer,False
1706,143,39,NCA-ECC,2-5-2,POLICY,PLAN,Planning,التخطيط,2,7,Control Owner,False
1707,143,39,NCA-ECC,2-5-2,POLICY,COLLECT,Collection,الجمع,3,14,Evidence Collector,False
1708,143,39,NCA-ECC,2-5-2,POLICY,VALIDATE,Validation,التحقق,4,7,Quality Reviewer,False
1709,143,39,NCA-ECC,2-5-2,POLICY,APPROVE,Approval,الموافقة,5,5,Manager/CISO,False
1710,143,39,NCA-ECC,2-5-2,POLICY,STORE,Storage,التخزين,6,1,GRC Platform,True
1711,143,39,NCA-ECC,2-5-2,POLICY,USE,Active Use,الاستخدام النشط,7,365,Audit Function,True
1712,143,39,NCA-ECC,2-5-2,POLICY,REVIEW,Periodic Review,المراجعة الدورية,8,30,Internal Audit,False
1713,143,39,NCA-ECC,2-5-2,POLICY,REFRESH,Refresh,التحديث,9,14,Control Owner,False
1714,143,39,NCA-ECC,2-5-2,POLICY,RETAIN,Retention,الاحتفاظ,10,1080,Records Manager,True
1715,143,39,NCA-ECC,2-5-2,POLICY,ARCHIVE,Archive,الأرشفة,11,1,IT Operations,False
1716,143,39,NCA-ECC,2-5-2,POLICY,DISPOSE,Disposal,التخلص,12,1,Records Manager,False
1717,144,40,NCA-ECC,2-5-3,CONFIGURATION,DEFINE,Definition,التعريف,1,7,Compliance Officer,False
1718,144,40,NCA-ECC,2-5-3,CONFIGURATION,PLAN,Planning,التخطيط,2,7,Control Owner,False
1719,144,40,NCA-ECC,2-5-3,CONFIGURATION,COLLECT,Collection,الجمع,3,14,Evidence Collector,False
1720,144,40,NCA-ECC,2-5-3,CONFIGURATION,VALIDATE,Validation,التحقق,4,7,Quality Reviewer,False
1721,144,40,NCA-ECC,2-5-3,CONFIGURATION,APPROVE,Approval,الموافقة,5,5,Manager/CISO,False
1722,144,40,NCA-ECC,2-5-3,CONFIGURATION,STORE,Storage,التخزين,6,1,GRC Platform,True
1723,144,40,NCA-ECC,2-5-3,CONFIGURATION,USE,Active Use,الاستخدام النشط,7,365,Audit Function,True
1724,144,40,NCA-ECC,2-5-3,CONFIGURATION,REVIEW,Periodic Review,المراجعة الدورية,8,30,Internal Audit,False
1725,144,40,NCA-ECC,2-5-3,CONFIGURATION,REFRESH,Refresh,التحديث,9,14,Control Owner,False
1726,144,40,NCA-ECC,2-5-3,CONFIGURATION,RETAIN,Retention,الاحتفاظ,10,720,Records Manager,True
1727,144,40,NCA-ECC,2-5-3,CONFIGURATION,ARCHIVE,Archive,الأرشفة,11,1,IT Operations,False
1728,144,40,NCA-ECC,2-5-3,CONFIGURATION,DISPOSE,Disposal,التخلص,12,1,Records Manager,False
1729,145,40,NCA-ECC,2-5-3,SCREENSHOT,DEFINE,Definition,التعريف,1,7,Compliance Officer,False
1730,145,40,NCA-ECC,2-5-3,SCREENSHOT,PLAN,Planning,التخطيط,2,7,Control Owner,False
1731,145,40,NCA-ECC,2-5-3,SCREENSHOT,COLLECT,Collection,الجمع,3,14,Evidence Collector,False
1732,145,40,NCA-ECC,2-5-3,SCREENSHOT,VALIDATE,Validation,التحقق,4,7,Quality Reviewer,False
1733,145,40,NCA-ECC,2-5-3,SCREENSHOT,APPROVE,Approval,الموافقة,5,5,Manager/CISO,False
1734,145,40,NCA-ECC,2-5-3,SCREENSHOT,STORE,Storage,التخزين,6,1,GRC Platform,True
1735,145,40,NCA-ECC,2-5-3,SCREENSHOT,USE,Active Use,الاستخدام النشط,7,365,Audit Function,True
1736,145,40,NCA-ECC,2-5-3,SCREENSHOT,REVIEW,Periodic Review,المراجعة الدورية,8,30,Internal Audit,False
1737,145,40,NCA-ECC,2-5-3,SCREENSHOT,REFRESH,Refresh,التحديث,9,14,Control Owner,False
1738,145,40,NCA-ECC,2-5-3,SCREENSHOT,RETAIN,Retention,الاحتفاظ,10,720,Records Manager,True
1739,145,40,NCA-ECC,2-5-3,SCREENSHOT,ARCHIVE,Archive,الأرشفة,11,1,IT Operations,False
1740,145,40,NCA-ECC,2-5-3,SCREENSHOT,DISPOSE,Disposal,التخلص,12,1,Records Manager,False
1741,146,40,NCA-ECC,2-5-3,POLICY,DEFINE,Definition,التعريف,1,7,Compliance Officer,False
1742,146,40,NCA-ECC,2-5-3,POLICY,PLAN,Planning,التخطيط,2,7,Control Owner,False
1743,146,40,NCA-ECC,2-5-3,POLICY,COLLECT,Collection,الجمع,3,14,Evidence Collector,False
1744,146,40,NCA-ECC,2-5-3,POLICY,VALIDATE,Validation,التحقق,4,7,Quality Reviewer,False
1745,146,40,NCA-ECC,2-5-3,POLICY,APPROVE,Approval,الموافقة,5,5,Manager/CISO,False
1746,146,40,NCA-ECC,2-5-3,POLICY,STORE,Storage,التخزين,6,1,GRC Platform,True
1747,146,40,NCA-ECC,2-5-3,POLICY,USE,Active Use,الاستخدام النشط,7,365,Audit Function,True
1748,146,40,NCA-ECC,2-5-3,POLICY,REVIEW,Periodic Review,المراجعة الدورية,8,30,Internal Audit,False
1749,146,40,NCA-ECC,2-5-3,POLICY,REFRESH,Refresh,التحديث,9,14,Control Owner,False
1750,146,40,NCA-ECC,2-5-3,POLICY,RETAIN,Retention,الاحتفاظ,10,1080,Records Manager,True
1751,146,40,NCA-ECC,2-5-3,POLICY,ARCHIVE,Archive,الأرشفة,11,1,IT Operations,False
1752,146,40,NCA-ECC,2-5-3,POLICY,DISPOSE,Disposal,التخلص,12,1,Records Manager,False
1753,147,40,NCA-ECC,2-5-3,LOG,DEFINE,Definition,التعريف,1,7,Compliance Officer,False
1754,147,40,NCA-ECC,2-5-3,LOG,PLAN,Planning,التخطيط,2,7,Control Owner,False
1755,147,40,NCA-ECC,2-5-3,LOG,COLLECT,Collection,الجمع,3,14,Evidence Collector,False
1756,147,40,NCA-ECC,2-5-3,LOG,VALIDATE,Validation,التحقق,4,7,Quality Reviewer,False
1757,147,40,NCA-ECC,2-5-3,LOG,APPROVE,Approval,الموافقة,5,5,Manager/CISO,False
1758,147,40,NCA-ECC,2-5-3,LOG,STORE,Storage,التخزين,6,1,GRC Platform,True
1759,147,40,NCA-ECC,2-5-3,LOG,USE,Active Use,الاستخدام النشط,7,365,Audit Function,True
1760,147,40,NCA-ECC,2-5-3,LOG,REVIEW,Periodic Review,المراجعة الدورية,8,30,Internal Audit,False
1761,147,40,NCA-ECC,2-5-3,LOG,REFRESH,Refresh,التحديث,9,14,Control Owner,False
1762,147,40,NCA-ECC,2-5-3,LOG,RETAIN,Retention,الاحتفاظ,10,360,Records Manager,True
1763,147,40,NCA-ECC,2-5-3,LOG,ARCHIVE,Archive,الأرشفة,11,1,IT Operations,False
1764,147,40,NCA-ECC,2-5-3,LOG,DISPOSE,Disposal,التخلص,12,1,Records Manager,False
1765,148,41,NCA-ECC,2-5-4,CONFIGURATION,DEFINE,Definition,التعريف,1,7,Compliance Officer,False
1766,148,41,NCA-ECC,2-5-4,CONFIGURATION,PLAN,Planning,التخطيط,2,7,Control Owner,False
1767,148,41,NCA-ECC,2-5-4,CONFIGURATION,COLLECT,Collection,الجمع,3,14,Evidence Collector,False
1768,148,41,NCA-ECC,2-5-4,CONFIGURATION,VALIDATE,Validation,التحقق,4,7,Quality Reviewer,False
1769,148,41,NCA-ECC,2-5-4,CONFIGURATION,APPROVE,Approval,الموافقة,5,5,Manager/CISO,False
1770,148,41,NCA-ECC,2-5-4,CONFIGURATION,STORE,Storage,التخزين,6,1,GRC Platform,True
1771,148,41,NCA-ECC,2-5-4,CONFIGURATION,USE,Active Use,الاستخدام النشط,7,365,Audit Function,True
1772,148,41,NCA-ECC,2-5-4,CONFIGURATION,REVIEW,Periodic Review,المراجعة الدورية,8,30,Internal Audit,False
1773,148,41,NCA-ECC,2-5-4,CONFIGURATION,REFRESH,Refresh,التحديث,9,14,Control Owner,False
1774,148,41,NCA-ECC,2-5-4,CONFIGURATION,RETAIN,Retention,الاحتفاظ,10,720,Records Manager,True
1775,148,41,NCA-ECC,2-5-4,CONFIGURATION,ARCHIVE,Archive,الأرشفة,11,1,IT Operations,False
1776,148,41,NCA-ECC,2-5-4,CONFIGURATION,DISPOSE,Disposal,التخلص,12,1,Records Manager,False
1777,149,41,NCA-ECC,2-5-4,LOG,DEFINE,Definition,التعريف,1,7,Compliance Officer,False
1778,149,41,NCA-ECC,2-5-4,LOG,PLAN,Planning,التخطيط,2,7,Control Owner,False
1779,149,41,NCA-ECC,2-5-4,LOG,COLLECT,Collection,الجمع,3,14,Evidence Collector,False
1780,149,41,NCA-ECC,2-5-4,LOG,VALIDATE,Validation,التحقق,4,7,Quality Reviewer,False
1781,149,41,NCA-ECC,2-5-4,LOG,APPROVE,Approval,الموافقة,5,5,Manager/CISO,False
1782,149,41,NCA-ECC,2-5-4,LOG,STORE,Storage,التخزين,6,1,GRC Platform,True
1783,149,41,NCA-ECC,2-5-4,LOG,USE,Active Use,الاستخدام النشط,7,365,Audit Function,True
1784,149,41,NCA-ECC,2-5-4,LOG,REVIEW,Periodic Review,المراجعة الدورية,8,30,Internal Audit,False
1785,149,41,NCA-ECC,2-5-4,LOG,REFRESH,Refresh,التحديث,9,14,Control Owner,False
1786,149,41,NCA-ECC,2-5-4,LOG,RETAIN,Retention,الاحتفاظ,10,360,Records Manager,True
1787,149,41,NCA-ECC,2-5-4,LOG,ARCHIVE,Archive,الأرشفة,11,1,IT Operations,False
1788,149,41,NCA-ECC,2-5-4,LOG,DISPOSE,Disposal,التخلص,12,1,Records Manager,False
1789,150,41,NCA-ECC,2-5-4,REPORT,DEFINE,Definition,التعريف,1,7,Compliance Officer,False
1790,150,41,NCA-ECC,2-5-4,REPORT,PLAN,Planning,التخطيط,2,7,Control Owner,False
1791,150,41,NCA-ECC,2-5-4,REPORT,COLLECT,Collection,الجمع,3,14,Evidence Collector,False
1792,150,41,NCA-ECC,2-5-4,REPORT,VALIDATE,Validation,التحقق,4,7,Quality Reviewer,False
1793,150,41,NCA-ECC,2-5-4,REPORT,APPROVE,Approval,الموافقة,5,5,Manager/CISO,False
1794,150,41,NCA-ECC,2-5-4,REPORT,STORE,Storage,التخزين,6,1,GRC Platform,True
1795,150,41,NCA-ECC,2-5-4,REPORT,USE,Active Use,الاستخدام النشط,7,365,Audit Function,True
1796,150,41,NCA-ECC,2-5-4,REPORT,REVIEW,Periodic Review,المراجعة الدورية,8,30,Internal Audit,False
1797,150,41,NCA-ECC,2-5-4,REPORT,REFRESH,Refresh,التحديث,9,14,Control Owner,False
1798,150,41,NCA-ECC,2-5-4,REPORT,RETAIN,Retention,الاحتفاظ,10,1080,Records Manager,True
1799,150,41,NCA-ECC,2-5-4,REPORT,ARCHIVE,Archive,الأرشفة,11,1,IT Operations,False
1800,150,41,NCA-ECC,2-5-4,REPORT,DISPOSE,Disposal,التخلص,12,1,Records Manager,False
1801,151,41,NCA-ECC,2-5-4,SCAN_REPORT,DEFINE,Definition,التعريف,1,7,Compliance Officer,False
1802,151,41,NCA-ECC,2-5-4,SCAN_REPORT,PLAN,Planning,التخطيط,2,7,Control Owner,False
1803,151,41,NCA-ECC,2-5-4,SCAN_REPORT,COLLECT,Collection,الجمع,3,14,Evidence Collector,False
1804,151,41,NCA-ECC,2-5-4,SCAN_REPORT,VALIDATE,Validation,التحقق,4,7,Quality Reviewer,False
1805,151,41,NCA-ECC,2-5-4,SCAN_REPORT,APPROVE,Approval,الموافقة,5,5,Manager/CISO,False
1806,151,41,NCA-ECC,2-5-4,SCAN_REPORT,STORE,Storage,التخزين,6,1,GRC Platform,True
1807,151,41,NCA-ECC,2-5-4,SCAN_REPORT,USE,Active Use,الاستخدام النشط,7,365,Audit Function,True
1808,151,41,NCA-ECC,2-5-4,SCAN_REPORT,REVIEW,Periodic Review,المراجعة الدورية,8,30,Internal Audit,False
1809,151,41,NCA-ECC,2-5-4,SCAN_REPORT,REFRESH,Refresh,التحديث,9,14,Control Owner,False
1810,151,41,NCA-ECC,2-5-4,SCAN_REPORT,RETAIN,Retention,الاحتفاظ,10,720,Records Manager,True
1811,151,41,NCA-ECC,2-5-4,SCAN_REPORT,ARCHIVE,Archive,الأرشفة,11,1,IT Operations,False
1812,151,41,NCA-ECC,2-5-4,SCAN_REPORT,DISPOSE,Disposal,التخلص,12,1,Records Manager,False
1813,152,42,NCA-ECC,2-6-1,CONFIGURATION,DEFINE,Definition,التعريف,1,7,Compliance Officer,False
1814,152,42,NCA-ECC,2-6-1,CONFIGURATION,PLAN,Planning,التخطيط,2,7,Control Owner,False
1815,152,42,NCA-ECC,2-6-1,CONFIGURATION,COLLECT,Collection,الجمع,3,14,Evidence Collector,False
1816,152,42,NCA-ECC,2-6-1,CONFIGURATION,VALIDATE,Validation,التحقق,4,7,Quality Reviewer,False
1817,152,42,NCA-ECC,2-6-1,CONFIGURATION,APPROVE,Approval,الموافقة,5,5,Manager/CISO,False
1818,152,42,NCA-ECC,2-6-1,CONFIGURATION,STORE,Storage,التخزين,6,1,GRC Platform,True
1819,152,42,NCA-ECC,2-6-1,CONFIGURATION,USE,Active Use,الاستخدام النشط,7,365,Audit Function,True
1820,152,42,NCA-ECC,2-6-1,CONFIGURATION,REVIEW,Periodic Review,المراجعة الدورية,8,30,Internal Audit,False
1821,152,42,NCA-ECC,2-6-1,CONFIGURATION,REFRESH,Refresh,التحديث,9,14,Control Owner,False
1822,152,42,NCA-ECC,2-6-1,CONFIGURATION,RETAIN,Retention,الاحتفاظ,10,720,Records Manager,True
1823,152,42,NCA-ECC,2-6-1,CONFIGURATION,ARCHIVE,Archive,الأرشفة,11,1,IT Operations,False
1824,152,42,NCA-ECC,2-6-1,CONFIGURATION,DISPOSE,Disposal,التخلص,12,1,Records Manager,False
1825,153,42,NCA-ECC,2-6-1,INVENTORY,DEFINE,Definition,التعريف,1,7,Compliance Officer,False
1826,153,42,NCA-ECC,2-6-1,INVENTORY,PLAN,Planning,التخطيط,2,7,Control Owner,False
1827,153,42,NCA-ECC,2-6-1,INVENTORY,COLLECT,Collection,الجمع,3,14,Evidence Collector,False
1828,153,42,NCA-ECC,2-6-1,INVENTORY,VALIDATE,Validation,التحقق,4,7,Quality Reviewer,False
1829,153,42,NCA-ECC,2-6-1,INVENTORY,APPROVE,Approval,الموافقة,5,5,Manager/CISO,False
1830,153,42,NCA-ECC,2-6-1,INVENTORY,STORE,Storage,التخزين,6,1,GRC Platform,True
1831,153,42,NCA-ECC,2-6-1,INVENTORY,USE,Active Use,الاستخدام النشط,7,365,Audit Function,True
1832,153,42,NCA-ECC,2-6-1,INVENTORY,REVIEW,Periodic Review,المراجعة الدورية,8,30,Internal Audit,False
1833,153,42,NCA-ECC,2-6-1,INVENTORY,REFRESH,Refresh,التحديث,9,14,Control Owner,False
1834,153,42,NCA-ECC,2-6-1,INVENTORY,RETAIN,Retention,الاحتفاظ,10,1080,Records Manager,True
1835,153,42,NCA-ECC,2-6-1,INVENTORY,ARCHIVE,Archive,الأرشفة,11,1,IT Operations,False
1836,153,42,NCA-ECC,2-6-1,INVENTORY,DISPOSE,Disposal,التخلص,12,1,Records Manager,False
1837,154,42,NCA-ECC,2-6-1,POLICY,DEFINE,Definition,التعريف,1,7,Compliance Officer,False
1838,154,42,NCA-ECC,2-6-1,POLICY,PLAN,Planning,التخطيط,2,7,Control Owner,False
1839,154,42,NCA-ECC,2-6-1,POLICY,COLLECT,Collection,الجمع,3,14,Evidence Collector,False
1840,154,42,NCA-ECC,2-6-1,POLICY,VALIDATE,Validation,التحقق,4,7,Quality Reviewer,False
1841,154,42,NCA-ECC,2-6-1,POLICY,APPROVE,Approval,الموافقة,5,5,Manager/CISO,False
1842,154,42,NCA-ECC,2-6-1,POLICY,STORE,Storage,التخزين,6,1,GRC Platform,True
1843,154,42,NCA-ECC,2-6-1,POLICY,USE,Active Use,الاستخدام النشط,7,365,Audit Function,True
1844,154,42,NCA-ECC,2-6-1,POLICY,REVIEW,Periodic Review,المراجعة الدورية,8,30,Internal Audit,False
1845,154,42,NCA-ECC,2-6-1,POLICY,REFRESH,Refresh,التحديث,9,14,Control Owner,False
1846,154,42,NCA-ECC,2-6-1,POLICY,RETAIN,Retention,الاحتفاظ,10,1080,Records Manager,True
1847,154,42,NCA-ECC,2-6-1,POLICY,ARCHIVE,Archive,الأرشفة,11,1,IT Operations,False
1848,154,42,NCA-ECC,2-6-1,POLICY,DISPOSE,Disposal,التخلص,12,1,Records Manager,False
1849,155,43,NCA-ECC,2-6-2,POLICY,DEFINE,Definition,التعريف,1,7,Compliance Officer,False
1850,155,43,NCA-ECC,2-6-2,POLICY,PLAN,Planning,التخطيط,2,7,Control Owner,False
1851,155,43,NCA-ECC,2-6-2,POLICY,COLLECT,Collection,الجمع,3,14,Evidence Collector,False
1852,155,43,NCA-ECC,2-6-2,POLICY,VALIDATE,Validation,التحقق,4,7,Quality Reviewer,False
1853,155,43,NCA-ECC,2-6-2,POLICY,APPROVE,Approval,الموافقة,5,5,Manager/CISO,False
1854,155,43,NCA-ECC,2-6-2,POLICY,STORE,Storage,التخزين,6,1,GRC Platform,True
1855,155,43,NCA-ECC,2-6-2,POLICY,USE,Active Use,الاستخدام النشط,7,365,Audit Function,True
1856,155,43,NCA-ECC,2-6-2,POLICY,REVIEW,Periodic Review,المراجعة الدورية,8,30,Internal Audit,False
1857,155,43,NCA-ECC,2-6-2,POLICY,REFRESH,Refresh,التحديث,9,14,Control Owner,False
1858,155,43,NCA-ECC,2-6-2,POLICY,RETAIN,Retention,الاحتفاظ,10,1080,Records Manager,True
1859,155,43,NCA-ECC,2-6-2,POLICY,ARCHIVE,Archive,الأرشفة,11,1,IT Operations,False
1860,155,43,NCA-ECC,2-6-2,POLICY,DISPOSE,Disposal,التخلص,12,1,Records Manager,False
1861,156,43,NCA-ECC,2-6-2,PROCEDURE,DEFINE,Definition,التعريف,1,7,Compliance Officer,False
1862,156,43,NCA-ECC,2-6-2,PROCEDURE,PLAN,Planning,التخطيط,2,7,Control Owner,False
1863,156,43,NCA-ECC,2-6-2,PROCEDURE,COLLECT,Collection,الجمع,3,14,Evidence Collector,False
1864,156,43,NCA-ECC,2-6-2,PROCEDURE,VALIDATE,Validation,التحقق,4,7,Quality Reviewer,False
1865,156,43,NCA-ECC,2-6-2,PROCEDURE,APPROVE,Approval,الموافقة,5,5,Manager/CISO,False
1866,156,43,NCA-ECC,2-6-2,PROCEDURE,STORE,Storage,التخزين,6,1,GRC Platform,True
1867,156,43,NCA-ECC,2-6-2,PROCEDURE,USE,Active Use,الاستخدام النشط,7,365,Audit Function,True
1868,156,43,NCA-ECC,2-6-2,PROCEDURE,REVIEW,Periodic Review,المراجعة الدورية,8,30,Internal Audit,False
1869,156,43,NCA-ECC,2-6-2,PROCEDURE,REFRESH,Refresh,التحديث,9,14,Control Owner,False
1870,156,43,NCA-ECC,2-6-2,PROCEDURE,RETAIN,Retention,الاحتفاظ,10,1080,Records Manager,True
1871,156,43,NCA-ECC,2-6-2,PROCEDURE,ARCHIVE,Archive,الأرشفة,11,1,IT Operations,False
1872,156,43,NCA-ECC,2-6-2,PROCEDURE,DISPOSE,Disposal,التخلص,12,1,Records Manager,False
1873,157,43,NCA-ECC,2-6-2,TRAINING_RECORD,DEFINE,Definition,التعريف,1,7,Compliance Officer,False
1874,157,43,NCA-ECC,2-6-2,TRAINING_RECORD,PLAN,Planning,التخطيط,2,7,Control Owner,False
1875,157,43,NCA-ECC,2-6-2,TRAINING_RECORD,COLLECT,Collection,الجمع,3,14,Evidence Collector,False
1876,157,43,NCA-ECC,2-6-2,TRAINING_RECORD,VALIDATE,Validation,التحقق,4,7,Quality Reviewer,False
1877,157,43,NCA-ECC,2-6-2,TRAINING_RECORD,APPROVE,Approval,الموافقة,5,5,Manager/CISO,False
1878,157,43,NCA-ECC,2-6-2,TRAINING_RECORD,STORE,Storage,التخزين,6,1,GRC Platform,True
1879,157,43,NCA-ECC,2-6-2,TRAINING_RECORD,USE,Active Use,الاستخدام النشط,7,365,Audit Function,True
1880,157,43,NCA-ECC,2-6-2,TRAINING_RECORD,REVIEW,Periodic Review,المراجعة الدورية,8,30,Internal Audit,False
1881,157,43,NCA-ECC,2-6-2,TRAINING_RECORD,REFRESH,Refresh,التحديث,9,14,Control Owner,False
1882,157,43,NCA-ECC,2-6-2,TRAINING_RECORD,RETAIN,Retention,الاحتفاظ,10,1800,Records Manager,True
1883,157,43,NCA-ECC,2-6-2,TRAINING_RECORD,ARCHIVE,Archive,الأرشفة,11,1,IT Operations,False
1884,157,43,NCA-ECC,2-6-2,TRAINING_RECORD,DISPOSE,Disposal,التخلص,12,1,Records Manager,False
1885,158,43,NCA-ECC,2-6-2,ATTESTATION,DEFINE,Definition,التعريف,1,7,Compliance Officer,False
1886,158,43,NCA-ECC,2-6-2,ATTESTATION,PLAN,Planning,التخطيط,2,7,Control Owner,False
1887,158,43,NCA-ECC,2-6-2,ATTESTATION,COLLECT,Collection,الجمع,3,14,Evidence Collector,False
1888,158,43,NCA-ECC,2-6-2,ATTESTATION,VALIDATE,Validation,التحقق,4,7,Quality Reviewer,False
1889,158,43,NCA-ECC,2-6-2,ATTESTATION,APPROVE,Approval,الموافقة,5,5,Manager/CISO,False
1890,158,43,NCA-ECC,2-6-2,ATTESTATION,STORE,Storage,التخزين,6,1,GRC Platform,True
1891,158,43,NCA-ECC,2-6-2,ATTESTATION,USE,Active Use,الاستخدام النشط,7,365,Audit Function,True
1892,158,43,NCA-ECC,2-6-2,ATTESTATION,REVIEW,Periodic Review,المراجعة الدورية,8,30,Internal Audit,False
1893,158,43,NCA-ECC,2-6-2,ATTESTATION,REFRESH,Refresh,التحديث,9,14,Control Owner,False
1894,158,43,NCA-ECC,2-6-2,ATTESTATION,RETAIN,Retention,الاحتفاظ,10,1080,Records Manager,True
1895,158,43,NCA-ECC,2-6-2,ATTESTATION,ARCHIVE,Archive,الأرشفة,11,1,IT Operations,False
1896,158,43,NCA-ECC,2-6-2,ATTESTATION,DISPOSE,Disposal,التخلص,12,1,Records Manager,False
1897,159,44,NCA-ECC,2-7-1,CLASSIFICATION_SCHEME,DEFINE,Definition,التعريف,1,7,Compliance Officer,False
1898,159,44,NCA-ECC,2-7-1,CLASSIFICATION_SCHEME,PLAN,Planning,التخطيط,2,7,Control Owner,False
1899,159,44,NCA-ECC,2-7-1,CLASSIFICATION_SCHEME,COLLECT,Collection,الجمع,3,14,Evidence Collector,False
1900,159,44,NCA-ECC,2-7-1,CLASSIFICATION_SCHEME,VALIDATE,Validation,التحقق,4,7,Quality Reviewer,False
1901,159,44,NCA-ECC,2-7-1,CLASSIFICATION_SCHEME,APPROVE,Approval,الموافقة,5,5,Manager/CISO,False
1902,159,44,NCA-ECC,2-7-1,CLASSIFICATION_SCHEME,STORE,Storage,التخزين,6,1,GRC Platform,True
1903,159,44,NCA-ECC,2-7-1,CLASSIFICATION_SCHEME,USE,Active Use,الاستخدام النشط,7,365,Audit Function,True
1904,159,44,NCA-ECC,2-7-1,CLASSIFICATION_SCHEME,REVIEW,Periodic Review,المراجعة الدورية,8,30,Internal Audit,False
1905,159,44,NCA-ECC,2-7-1,CLASSIFICATION_SCHEME,REFRESH,Refresh,التحديث,9,14,Control Owner,False
1906,159,44,NCA-ECC,2-7-1,CLASSIFICATION_SCHEME,RETAIN,Retention,الاحتفاظ,10,1800,Records Manager,True
1907,159,44,NCA-ECC,2-7-1,CLASSIFICATION_SCHEME,ARCHIVE,Archive,الأرشفة,11,1,IT Operations,False
1908,159,44,NCA-ECC,2-7-1,CLASSIFICATION_SCHEME,DISPOSE,Disposal,التخلص,12,1,Records Manager,False
1909,160,44,NCA-ECC,2-7-1,POLICY,DEFINE,Definition,التعريف,1,7,Compliance Officer,False
1910,160,44,NCA-ECC,2-7-1,POLICY,PLAN,Planning,التخطيط,2,7,Control Owner,False
1911,160,44,NCA-ECC,2-7-1,POLICY,COLLECT,Collection,الجمع,3,14,Evidence Collector,False
1912,160,44,NCA-ECC,2-7-1,POLICY,VALIDATE,Validation,التحقق,4,7,Quality Reviewer,False
1913,160,44,NCA-ECC,2-7-1,POLICY,APPROVE,Approval,الموافقة,5,5,Manager/CISO,False
1914,160,44,NCA-ECC,2-7-1,POLICY,STORE,Storage,التخزين,6,1,GRC Platform,True
1915,160,44,NCA-ECC,2-7-1,POLICY,USE,Active Use,الاستخدام النشط,7,365,Audit Function,True
1916,160,44,NCA-ECC,2-7-1,POLICY,REVIEW,Periodic Review,المراجعة الدورية,8,30,Internal Audit,False
1917,160,44,NCA-ECC,2-7-1,POLICY,REFRESH,Refresh,التحديث,9,14,Control Owner,False
1918,160,44,NCA-ECC,2-7-1,POLICY,RETAIN,Retention,الاحتفاظ,10,1080,Records Manager,True
1919,160,44,NCA-ECC,2-7-1,POLICY,ARCHIVE,Archive,الأرشفة,11,1,IT Operations,False
1920,160,44,NCA-ECC,2-7-1,POLICY,DISPOSE,Disposal,التخلص,12,1,Records Manager,False
1921,161,44,NCA-ECC,2-7-1,INVENTORY,DEFINE,Definition,التعريف,1,7,Compliance Officer,False
1922,161,44,NCA-ECC,2-7-1,INVENTORY,PLAN,Planning,التخطيط,2,7,Control Owner,False
1923,161,44,NCA-ECC,2-7-1,INVENTORY,COLLECT,Collection,الجمع,3,14,Evidence Collector,False
1924,161,44,NCA-ECC,2-7-1,INVENTORY,VALIDATE,Validation,التحقق,4,7,Quality Reviewer,False
1925,161,44,NCA-ECC,2-7-1,INVENTORY,APPROVE,Approval,الموافقة,5,5,Manager/CISO,False
1926,161,44,NCA-ECC,2-7-1,INVENTORY,STORE,Storage,التخزين,6,1,GRC Platform,True
1927,161,44,NCA-ECC,2-7-1,INVENTORY,USE,Active Use,الاستخدام النشط,7,365,Audit Function,True
1928,161,44,NCA-ECC,2-7-1,INVENTORY,REVIEW,Periodic Review,المراجعة الدورية,8,30,Internal Audit,False
1929,161,44,NCA-ECC,2-7-1,INVENTORY,REFRESH,Refresh,التحديث,9,14,Control Owner,False
1930,161,44,NCA-ECC,2-7-1,INVENTORY,RETAIN,Retention,الاحتفاظ,10,1080,Records Manager,True
1931,161,44,NCA-ECC,2-7-1,INVENTORY,ARCHIVE,Archive,الأرشفة,11,1,IT Operations,False
1932,161,44,NCA-ECC,2-7-1,INVENTORY,DISPOSE,Disposal,التخلص,12,1,Records Manager,False
1933,162,44,NCA-ECC,2-7-1,TRAINING_RECORD,DEFINE,Definition,التعريف,1,7,Compliance Officer,False
1934,162,44,NCA-ECC,2-7-1,TRAINING_RECORD,PLAN,Planning,التخطيط,2,7,Control Owner,False
1935,162,44,NCA-ECC,2-7-1,TRAINING_RECORD,COLLECT,Collection,الجمع,3,14,Evidence Collector,False
1936,162,44,NCA-ECC,2-7-1,TRAINING_RECORD,VALIDATE,Validation,التحقق,4,7,Quality Reviewer,False
1937,162,44,NCA-ECC,2-7-1,TRAINING_RECORD,APPROVE,Approval,الموافقة,5,5,Manager/CISO,False
1938,162,44,NCA-ECC,2-7-1,TRAINING_RECORD,STORE,Storage,التخزين,6,1,GRC Platform,True
1939,162,44,NCA-ECC,2-7-1,TRAINING_RECORD,USE,Active Use,الاستخدام النشط,7,365,Audit Function,True
1940,162,44,NCA-ECC,2-7-1,TRAINING_RECORD,REVIEW,Periodic Review,المراجعة الدورية,8,30,Internal Audit,False
1941,162,44,NCA-ECC,2-7-1,TRAINING_RECORD,REFRESH,Refresh,التحديث,9,14,Control Owner,False
1942,162,44,NCA-ECC,2-7-1,TRAINING_RECORD,RETAIN,Retention,الاحتفاظ,10,1800,Records Manager,True
1943,162,44,NCA-ECC,2-7-1,TRAINING_RECORD,ARCHIVE,Archive,الأرشفة,11,1,IT Operations,False
1944,162,44,NCA-ECC,2-7-1,TRAINING_RECORD,DISPOSE,Disposal,التخلص,12,1,Records Manager,False
1945,163,45,NCA-ECC,2-7-2,CONFIGURATION,DEFINE,Definition,التعريف,1,7,Compliance Officer,False
1946,163,45,NCA-ECC,2-7-2,CONFIGURATION,PLAN,Planning,التخطيط,2,7,Control Owner,False
1947,163,45,NCA-ECC,2-7-2,CONFIGURATION,COLLECT,Collection,الجمع,3,14,Evidence Collector,False
1948,163,45,NCA-ECC,2-7-2,CONFIGURATION,VALIDATE,Validation,التحقق,4,7,Quality Reviewer,False
1949,163,45,NCA-ECC,2-7-2,CONFIGURATION,APPROVE,Approval,الموافقة,5,5,Manager/CISO,False
1950,163,45,NCA-ECC,2-7-2,CONFIGURATION,STORE,Storage,التخزين,6,1,GRC Platform,True
1951,163,45,NCA-ECC,2-7-2,CONFIGURATION,USE,Active Use,الاستخدام النشط,7,365,Audit Function,True
1952,163,45,NCA-ECC,2-7-2,CONFIGURATION,REVIEW,Periodic Review,المراجعة الدورية,8,30,Internal Audit,False
1953,163,45,NCA-ECC,2-7-2,CONFIGURATION,REFRESH,Refresh,التحديث,9,14,Control Owner,False
1954,163,45,NCA-ECC,2-7-2,CONFIGURATION,RETAIN,Retention,الاحتفاظ,10,720,Records Manager,True
1955,163,45,NCA-ECC,2-7-2,CONFIGURATION,ARCHIVE,Archive,الأرشفة,11,1,IT Operations,False
1956,163,45,NCA-ECC,2-7-2,CONFIGURATION,DISPOSE,Disposal,التخلص,12,1,Records Manager,False
1957,164,45,NCA-ECC,2-7-2,LOG,DEFINE,Definition,التعريف,1,7,Compliance Officer,False
1958,164,45,NCA-ECC,2-7-2,LOG,PLAN,Planning,التخطيط,2,7,Control Owner,False
1959,164,45,NCA-ECC,2-7-2,LOG,COLLECT,Collection,الجمع,3,14,Evidence Collector,False
1960,164,45,NCA-ECC,2-7-2,LOG,VALIDATE,Validation,التحقق,4,7,Quality Reviewer,False
1961,164,45,NCA-ECC,2-7-2,LOG,APPROVE,Approval,الموافقة,5,5,Manager/CISO,False
1962,164,45,NCA-ECC,2-7-2,LOG,STORE,Storage,التخزين,6,1,GRC Platform,True
1963,164,45,NCA-ECC,2-7-2,LOG,USE,Active Use,الاستخدام النشط,7,365,Audit Function,True
1964,164,45,NCA-ECC,2-7-2,LOG,REVIEW,Periodic Review,المراجعة الدورية,8,30,Internal Audit,False
1965,164,45,NCA-ECC,2-7-2,LOG,REFRESH,Refresh,التحديث,9,14,Control Owner,False
1966,164,45,NCA-ECC,2-7-2,LOG,RETAIN,Retention,الاحتفاظ,10,360,Records Manager,True
1967,164,45,NCA-ECC,2-7-2,LOG,ARCHIVE,Archive,الأرشفة,11,1,IT Operations,False
1968,164,45,NCA-ECC,2-7-2,LOG,DISPOSE,Disposal,التخلص,12,1,Records Manager,False
1969,165,45,NCA-ECC,2-7-2,REPORT,DEFINE,Definition,التعريف,1,7,Compliance Officer,False
1970,165,45,NCA-ECC,2-7-2,REPORT,PLAN,Planning,التخطيط,2,7,Control Owner,False
1971,165,45,NCA-ECC,2-7-2,REPORT,COLLECT,Collection,الجمع,3,14,Evidence Collector,False
1972,165,45,NCA-ECC,2-7-2,REPORT,VALIDATE,Validation,التحقق,4,7,Quality Reviewer,False
1973,165,45,NCA-ECC,2-7-2,REPORT,APPROVE,Approval,الموافقة,5,5,Manager/CISO,False
1974,165,45,NCA-ECC,2-7-2,REPORT,STORE,Storage,التخزين,6,1,GRC Platform,True
1975,165,45,NCA-ECC,2-7-2,REPORT,USE,Active Use,الاستخدام النشط,7,365,Audit Function,True
1976,165,45,NCA-ECC,2-7-2,REPORT,REVIEW,Periodic Review,المراجعة الدورية,8,30,Internal Audit,False
1977,165,45,NCA-ECC,2-7-2,REPORT,REFRESH,Refresh,التحديث,9,14,Control Owner,False
1978,165,45,NCA-ECC,2-7-2,REPORT,RETAIN,Retention,الاحتفاظ,10,1080,Records Manager,True
1979,165,45,NCA-ECC,2-7-2,REPORT,ARCHIVE,Archive,الأرشفة,11,1,IT Operations,False
1980,165,45,NCA-ECC,2-7-2,REPORT,DISPOSE,Disposal,التخلص,12,1,Records Manager,False
1981,166,45,NCA-ECC,2-7-2,INCIDENT_REPORT,DEFINE,Definition,التعريف,1,7,Compliance Officer,False
1982,166,45,NCA-ECC,2-7-2,INCIDENT_REPORT,PLAN,Planning,التخطيط,2,7,Control Owner,False
1983,166,45,NCA-ECC,2-7-2,INCIDENT_REPORT,COLLECT,Collection,الجمع,3,14,Evidence Collector,False
1984,166,45,NCA-ECC,2-7-2,INCIDENT_REPORT,VALIDATE,Validation,التحقق,4,7,Quality Reviewer,False
1985,166,45,NCA-ECC,2-7-2,INCIDENT_REPORT,APPROVE,Approval,الموافقة,5,5,Manager/CISO,False
1986,166,45,NCA-ECC,2-7-2,INCIDENT_REPORT,STORE,Storage,التخزين,6,1,GRC Platform,True
1987,166,45,NCA-ECC,2-7-2,INCIDENT_REPORT,USE,Active Use,الاستخدام النشط,7,365,Audit Function,True
1988,166,45,NCA-ECC,2-7-2,INCIDENT_REPORT,REVIEW,Periodic Review,المراجعة الدورية,8,30,Internal Audit,False
1989,166,45,NCA-ECC,2-7-2,INCIDENT_REPORT,REFRESH,Refresh,التحديث,9,14,Control Owner,False
1990,166,45,NCA-ECC,2-7-2,INCIDENT_REPORT,RETAIN,Retention,الاحتفاظ,10,1800,Records Manager,True
1991,166,45,NCA-ECC,2-7-2,INCIDENT_REPORT,ARCHIVE,Archive,الأرشفة,11,1,IT Operations,False
1992,166,45,NCA-ECC,2-7-2,INCIDENT_REPORT,DISPOSE,Disposal,التخلص,12,1,Records Manager,False
1993,167,46,NCA-ECC,2-7-3,DESTRUCTION_CERT,DEFINE,Definition,التعريف,1,7,Compliance Officer,False
1994,167,46,NCA-ECC,2-7-3,DESTRUCTION_CERT,PLAN,Planning,التخطيط,2,7,Control Owner,False
1995,167,46,NCA-ECC,2-7-3,DESTRUCTION_CERT,COLLECT,Collection,الجمع,3,14,Evidence Collector,False
1996,167,46,NCA-ECC,2-7-3,DESTRUCTION_CERT,VALIDATE,Validation,التحقق,4,7,Quality Reviewer,False
1997,167,46,NCA-ECC,2-7-3,DESTRUCTION_CERT,APPROVE,Approval,الموافقة,5,5,Manager/CISO,False
1998,167,46,NCA-ECC,2-7-3,DESTRUCTION_CERT,STORE,Storage,التخزين,6,1,GRC Platform,True
1999,167,46,NCA-ECC,2-7-3,DESTRUCTION_CERT,USE,Active Use,الاستخدام النشط,7,365,Audit Function,True
2000,167,46,NCA-ECC,2-7-3,DESTRUCTION_CERT,REVIEW,Periodic Review,المراجعة الدورية,8,30,Internal Audit,False
2001,167,46,NCA-ECC,2-7-3,DESTRUCTION_CERT,REFRESH,Refresh,التحديث,9,14,Control Owner,False
2002,167,46,NCA-ECC,2-7-3,DESTRUCTION_CERT,RETAIN,Retention,الاحتفاظ,10,2520,Records Manager,True
2003,167,46,NCA-ECC,2-7-3,DESTRUCTION_CERT,ARCHIVE,Archive,الأرشفة,11,1,IT Operations,False
2004,167,46,NCA-ECC,2-7-3,DESTRUCTION_CERT,DISPOSE,Disposal,التخلص,12,1,Records Manager,False
2005,168,46,NCA-ECC,2-7-3,POLICY,DEFINE,Definition,التعريف,1,7,Compliance Officer,False
2006,168,46,NCA-ECC,2-7-3,POLICY,PLAN,Planning,التخطيط,2,7,Control Owner,False
2007,168,46,NCA-ECC,2-7-3,POLICY,COLLECT,Collection,الجمع,3,14,Evidence Collector,False
2008,168,46,NCA-ECC,2-7-3,POLICY,VALIDATE,Validation,التحقق,4,7,Quality Reviewer,False
2009,168,46,NCA-ECC,2-7-3,POLICY,APPROVE,Approval,الموافقة,5,5,Manager/CISO,False
2010,168,46,NCA-ECC,2-7-3,POLICY,STORE,Storage,التخزين,6,1,GRC Platform,True
2011,168,46,NCA-ECC,2-7-3,POLICY,USE,Active Use,الاستخدام النشط,7,365,Audit Function,True
2012,168,46,NCA-ECC,2-7-3,POLICY,REVIEW,Periodic Review,المراجعة الدورية,8,30,Internal Audit,False
2013,168,46,NCA-ECC,2-7-3,POLICY,REFRESH,Refresh,التحديث,9,14,Control Owner,False
2014,168,46,NCA-ECC,2-7-3,POLICY,RETAIN,Retention,الاحتفاظ,10,1080,Records Manager,True
2015,168,46,NCA-ECC,2-7-3,POLICY,ARCHIVE,Archive,الأرشفة,11,1,IT Operations,False
2016,168,46,NCA-ECC,2-7-3,POLICY,DISPOSE,Disposal,التخلص,12,1,Records Manager,False
2017,169,46,NCA-ECC,2-7-3,PROCEDURE,DEFINE,Definition,التعريف,1,7,Compliance Officer,False
2018,169,46,NCA-ECC,2-7-3,PROCEDURE,PLAN,Planning,التخطيط,2,7,Control Owner,False
2019,169,46,NCA-ECC,2-7-3,PROCEDURE,COLLECT,Collection,الجمع,3,14,Evidence Collector,False
2020,169,46,NCA-ECC,2-7-3,PROCEDURE,VALIDATE,Validation,التحقق,4,7,Quality Reviewer,False
2021,169,46,NCA-ECC,2-7-3,PROCEDURE,APPROVE,Approval,الموافقة,5,5,Manager/CISO,False
2022,169,46,NCA-ECC,2-7-3,PROCEDURE,STORE,Storage,التخزين,6,1,GRC Platform,True
2023,169,46,NCA-ECC,2-7-3,PROCEDURE,USE,Active Use,الاستخدام النشط,7,365,Audit Function,True
2024,169,46,NCA-ECC,2-7-3,PROCEDURE,REVIEW,Periodic Review,المراجعة الدورية,8,30,Internal Audit,False
2025,169,46,NCA-ECC,2-7-3,PROCEDURE,REFRESH,Refresh,التحديث,9,14,Control Owner,False
2026,169,46,NCA-ECC,2-7-3,PROCEDURE,RETAIN,Retention,الاحتفاظ,10,1080,Records Manager,True
2027,169,46,NCA-ECC,2-7-3,PROCEDURE,ARCHIVE,Archive,الأرشفة,11,1,IT Operations,False
2028,169,46,NCA-ECC,2-7-3,PROCEDURE,DISPOSE,Disposal,التخلص,12,1,Records Manager,False
2029,170,46,NCA-ECC,2-7-3,AUDIT_LOG,DEFINE,Definition,التعريف,1,7,Compliance Officer,False
2030,170,46,NCA-ECC,2-7-3,AUDIT_LOG,PLAN,Planning,التخطيط,2,7,Control Owner,False
2031,170,46,NCA-ECC,2-7-3,AUDIT_LOG,COLLECT,Collection,الجمع,3,14,Evidence Collector,False
2032,170,46,NCA-ECC,2-7-3,AUDIT_LOG,VALIDATE,Validation,التحقق,4,7,Quality Reviewer,False
2033,170,46,NCA-ECC,2-7-3,AUDIT_LOG,APPROVE,Approval,الموافقة,5,5,Manager/CISO,False
2034,170,46,NCA-ECC,2-7-3,AUDIT_LOG,STORE,Storage,التخزين,6,1,GRC Platform,True
2035,170,46,NCA-ECC,2-7-3,AUDIT_LOG,USE,Active Use,الاستخدام النشط,7,365,Audit Function,True
2036,170,46,NCA-ECC,2-7-3,AUDIT_LOG,REVIEW,Periodic Review,المراجعة الدورية,8,30,Internal Audit,False
2037,170,46,NCA-ECC,2-7-3,AUDIT_LOG,REFRESH,Refresh,التحديث,9,14,Control Owner,False
2038,170,46,NCA-ECC,2-7-3,AUDIT_LOG,RETAIN,Retention,الاحتفاظ,10,720,Records Manager,True
2039,170,46,NCA-ECC,2-7-3,AUDIT_LOG,ARCHIVE,Archive,الأرشفة,11,1,IT Operations,False
2040,170,46,NCA-ECC,2-7-3,AUDIT_LOG,DISPOSE,Disposal,التخلص,12,1,Records Manager,False
2041,171,47,NCA-ECC,2-8-1,STANDARD,DEFINE,Definition,التعريف,1,7,Compliance Officer,False
2042,171,47,NCA-ECC,2-8-1,STANDARD,PLAN,Planning,التخطيط,2,7,Control Owner,False
2043,171,47,NCA-ECC,2-8-1,STANDARD,COLLECT,Collection,الجمع,3,14,Evidence Collector,False
2044,171,47,NCA-ECC,2-8-1,STANDARD,VALIDATE,Validation,التحقق,4,7,Quality Reviewer,False
2045,171,47,NCA-ECC,2-8-1,STANDARD,APPROVE,Approval,الموافقة,5,5,Manager/CISO,False
2046,171,47,NCA-ECC,2-8-1,STANDARD,STORE,Storage,التخزين,6,1,GRC Platform,True
2047,171,47,NCA-ECC,2-8-1,STANDARD,USE,Active Use,الاستخدام النشط,7,365,Audit Function,True
2048,171,47,NCA-ECC,2-8-1,STANDARD,REVIEW,Periodic Review,المراجعة الدورية,8,30,Internal Audit,False
2049,171,47,NCA-ECC,2-8-1,STANDARD,REFRESH,Refresh,التحديث,9,14,Control Owner,False
2050,171,47,NCA-ECC,2-8-1,STANDARD,RETAIN,Retention,الاحتفاظ,10,1080,Records Manager,True
2051,171,47,NCA-ECC,2-8-1,STANDARD,ARCHIVE,Archive,الأرشفة,11,1,IT Operations,False
2052,171,47,NCA-ECC,2-8-1,STANDARD,DISPOSE,Disposal,التخلص,12,1,Records Manager,False
2053,172,47,NCA-ECC,2-8-1,CONFIGURATION,DEFINE,Definition,التعريف,1,7,Compliance Officer,False
2054,172,47,NCA-ECC,2-8-1,CONFIGURATION,PLAN,Planning,التخطيط,2,7,Control Owner,False
2055,172,47,NCA-ECC,2-8-1,CONFIGURATION,COLLECT,Collection,الجمع,3,14,Evidence Collector,False
2056,172,47,NCA-ECC,2-8-1,CONFIGURATION,VALIDATE,Validation,التحقق,4,7,Quality Reviewer,False
2057,172,47,NCA-ECC,2-8-1,CONFIGURATION,APPROVE,Approval,الموافقة,5,5,Manager/CISO,False
2058,172,47,NCA-ECC,2-8-1,CONFIGURATION,STORE,Storage,التخزين,6,1,GRC Platform,True
2059,172,47,NCA-ECC,2-8-1,CONFIGURATION,USE,Active Use,الاستخدام النشط,7,365,Audit Function,True
2060,172,47,NCA-ECC,2-8-1,CONFIGURATION,REVIEW,Periodic Review,المراجعة الدورية,8,30,Internal Audit,False
2061,172,47,NCA-ECC,2-8-1,CONFIGURATION,REFRESH,Refresh,التحديث,9,14,Control Owner,False
2062,172,47,NCA-ECC,2-8-1,CONFIGURATION,RETAIN,Retention,الاحتفاظ,10,720,Records Manager,True
2063,172,47,NCA-ECC,2-8-1,CONFIGURATION,ARCHIVE,Archive,الأرشفة,11,1,IT Operations,False
2064,172,47,NCA-ECC,2-8-1,CONFIGURATION,DISPOSE,Disposal,التخلص,12,1,Records Manager,False
2065,173,47,NCA-ECC,2-8-1,POLICY,DEFINE,Definition,التعريف,1,7,Compliance Officer,False
2066,173,47,NCA-ECC,2-8-1,POLICY,PLAN,Planning,التخطيط,2,7,Control Owner,False
2067,173,47,NCA-ECC,2-8-1,POLICY,COLLECT,Collection,الجمع,3,14,Evidence Collector,False
2068,173,47,NCA-ECC,2-8-1,POLICY,VALIDATE,Validation,التحقق,4,7,Quality Reviewer,False
2069,173,47,NCA-ECC,2-8-1,POLICY,APPROVE,Approval,الموافقة,5,5,Manager/CISO,False
2070,173,47,NCA-ECC,2-8-1,POLICY,STORE,Storage,التخزين,6,1,GRC Platform,True
2071,173,47,NCA-ECC,2-8-1,POLICY,USE,Active Use,الاستخدام النشط,7,365,Audit Function,True
2072,173,47,NCA-ECC,2-8-1,POLICY,REVIEW,Periodic Review,المراجعة الدورية,8,30,Internal Audit,False
2073,173,47,NCA-ECC,2-8-1,POLICY,REFRESH,Refresh,التحديث,9,14,Control Owner,False
2074,173,47,NCA-ECC,2-8-1,POLICY,RETAIN,Retention,الاحتفاظ,10,1080,Records Manager,True
2075,173,47,NCA-ECC,2-8-1,POLICY,ARCHIVE,Archive,الأرشفة,11,1,IT Operations,False
2076,173,47,NCA-ECC,2-8-1,POLICY,DISPOSE,Disposal,التخلص,12,1,Records Manager,False
2077,174,47,NCA-ECC,2-8-1,TEST_RESULT,DEFINE,Definition,التعريف,1,7,Compliance Officer,False
2078,174,47,NCA-ECC,2-8-1,TEST_RESULT,PLAN,Planning,التخطيط,2,7,Control Owner,False
2079,174,47,NCA-ECC,2-8-1,TEST_RESULT,COLLECT,Collection,الجمع,3,14,Evidence Collector,False
2080,174,47,NCA-ECC,2-8-1,TEST_RESULT,VALIDATE,Validation,التحقق,4,7,Quality Reviewer,False
2081,174,47,NCA-ECC,2-8-1,TEST_RESULT,APPROVE,Approval,الموافقة,5,5,Manager/CISO,False
2082,174,47,NCA-ECC,2-8-1,TEST_RESULT,STORE,Storage,التخزين,6,1,GRC Platform,True
2083,174,47,NCA-ECC,2-8-1,TEST_RESULT,USE,Active Use,الاستخدام النشط,7,365,Audit Function,True
2084,174,47,NCA-ECC,2-8-1,TEST_RESULT,REVIEW,Periodic Review,المراجعة الدورية,8,30,Internal Audit,False
2085,174,47,NCA-ECC,2-8-1,TEST_RESULT,REFRESH,Refresh,التحديث,9,14,Control Owner,False
2086,174,47,NCA-ECC,2-8-1,TEST_RESULT,RETAIN,Retention,الاحتفاظ,10,1080,Records Manager,True
2087,174,47,NCA-ECC,2-8-1,TEST_RESULT,ARCHIVE,Archive,الأرشفة,11,1,IT Operations,False
2088,174,47,NCA-ECC,2-8-1,TEST_RESULT,DISPOSE,Disposal,التخلص,12,1,Records Manager,False
2089,175,48,NCA-ECC,2-8-2,POLICY,DEFINE,Definition,التعريف,1,7,Compliance Officer,False
2090,175,48,NCA-ECC,2-8-2,POLICY,PLAN,Planning,التخطيط,2,7,Control Owner,False
2091,175,48,NCA-ECC,2-8-2,POLICY,COLLECT,Collection,الجمع,3,14,Evidence Collector,False
2092,175,48,NCA-ECC,2-8-2,POLICY,VALIDATE,Validation,التحقق,4,7,Quality Reviewer,False
2093,175,48,NCA-ECC,2-8-2,POLICY,APPROVE,Approval,الموافقة,5,5,Manager/CISO,False
2094,175,48,NCA-ECC,2-8-2,POLICY,STORE,Storage,التخزين,6,1,GRC Platform,True
2095,175,48,NCA-ECC,2-8-2,POLICY,USE,Active Use,الاستخدام النشط,7,365,Audit Function,True
2096,175,48,NCA-ECC,2-8-2,POLICY,REVIEW,Periodic Review,المراجعة الدورية,8,30,Internal Audit,False
2097,175,48,NCA-ECC,2-8-2,POLICY,REFRESH,Refresh,التحديث,9,14,Control Owner,False
2098,175,48,NCA-ECC,2-8-2,POLICY,RETAIN,Retention,الاحتفاظ,10,1080,Records Manager,True
2099,175,48,NCA-ECC,2-8-2,POLICY,ARCHIVE,Archive,الأرشفة,11,1,IT Operations,False
2100,175,48,NCA-ECC,2-8-2,POLICY,DISPOSE,Disposal,التخلص,12,1,Records Manager,False
2101,176,48,NCA-ECC,2-8-2,PROCEDURE,DEFINE,Definition,التعريف,1,7,Compliance Officer,False
2102,176,48,NCA-ECC,2-8-2,PROCEDURE,PLAN,Planning,التخطيط,2,7,Control Owner,False
2103,176,48,NCA-ECC,2-8-2,PROCEDURE,COLLECT,Collection,الجمع,3,14,Evidence Collector,False
2104,176,48,NCA-ECC,2-8-2,PROCEDURE,VALIDATE,Validation,التحقق,4,7,Quality Reviewer,False
2105,176,48,NCA-ECC,2-8-2,PROCEDURE,APPROVE,Approval,الموافقة,5,5,Manager/CISO,False
2106,176,48,NCA-ECC,2-8-2,PROCEDURE,STORE,Storage,التخزين,6,1,GRC Platform,True
2107,176,48,NCA-ECC,2-8-2,PROCEDURE,USE,Active Use,الاستخدام النشط,7,365,Audit Function,True
2108,176,48,NCA-ECC,2-8-2,PROCEDURE,REVIEW,Periodic Review,المراجعة الدورية,8,30,Internal Audit,False
2109,176,48,NCA-ECC,2-8-2,PROCEDURE,REFRESH,Refresh,التحديث,9,14,Control Owner,False
2110,176,48,NCA-ECC,2-8-2,PROCEDURE,RETAIN,Retention,الاحتفاظ,10,1080,Records Manager,True
2111,176,48,NCA-ECC,2-8-2,PROCEDURE,ARCHIVE,Archive,الأرشفة,11,1,IT Operations,False
2112,176,48,NCA-ECC,2-8-2,PROCEDURE,DISPOSE,Disposal,التخلص,12,1,Records Manager,False
2113,177,48,NCA-ECC,2-8-2,AUDIT_LOG,DEFINE,Definition,التعريف,1,7,Compliance Officer,False
2114,177,48,NCA-ECC,2-8-2,AUDIT_LOG,PLAN,Planning,التخطيط,2,7,Control Owner,False
2115,177,48,NCA-ECC,2-8-2,AUDIT_LOG,COLLECT,Collection,الجمع,3,14,Evidence Collector,False
2116,177,48,NCA-ECC,2-8-2,AUDIT_LOG,VALIDATE,Validation,التحقق,4,7,Quality Reviewer,False
2117,177,48,NCA-ECC,2-8-2,AUDIT_LOG,APPROVE,Approval,الموافقة,5,5,Manager/CISO,False
2118,177,48,NCA-ECC,2-8-2,AUDIT_LOG,STORE,Storage,التخزين,6,1,GRC Platform,True
2119,177,48,NCA-ECC,2-8-2,AUDIT_LOG,USE,Active Use,الاستخدام النشط,7,365,Audit Function,True
2120,177,48,NCA-ECC,2-8-2,AUDIT_LOG,REVIEW,Periodic Review,المراجعة الدورية,8,30,Internal Audit,False
2121,177,48,NCA-ECC,2-8-2,AUDIT_LOG,REFRESH,Refresh,التحديث,9,14,Control Owner,False
2122,177,48,NCA-ECC,2-8-2,AUDIT_LOG,RETAIN,Retention,الاحتفاظ,10,720,Records Manager,True
2123,177,48,NCA-ECC,2-8-2,AUDIT_LOG,ARCHIVE,Archive,الأرشفة,11,1,IT Operations,False
2124,177,48,NCA-ECC,2-8-2,AUDIT_LOG,DISPOSE,Disposal,التخلص,12,1,Records Manager,False
2125,178,48,NCA-ECC,2-8-2,CONFIGURATION,DEFINE,Definition,التعريف,1,7,Compliance Officer,False
2126,178,48,NCA-ECC,2-8-2,CONFIGURATION,PLAN,Planning,التخطيط,2,7,Control Owner,False
2127,178,48,NCA-ECC,2-8-2,CONFIGURATION,COLLECT,Collection,الجمع,3,14,Evidence Collector,False
2128,178,48,NCA-ECC,2-8-2,CONFIGURATION,VALIDATE,Validation,التحقق,4,7,Quality Reviewer,False
2129,178,48,NCA-ECC,2-8-2,CONFIGURATION,APPROVE,Approval,الموافقة,5,5,Manager/CISO,False
2130,178,48,NCA-ECC,2-8-2,CONFIGURATION,STORE,Storage,التخزين,6,1,GRC Platform,True
2131,178,48,NCA-ECC,2-8-2,CONFIGURATION,USE,Active Use,الاستخدام النشط,7,365,Audit Function,True
2132,178,48,NCA-ECC,2-8-2,CONFIGURATION,REVIEW,Periodic Review,المراجعة الدورية,8,30,Internal Audit,False
2133,178,48,NCA-ECC,2-8-2,CONFIGURATION,REFRESH,Refresh,التحديث,9,14,Control Owner,False
2134,178,48,NCA-ECC,2-8-2,CONFIGURATION,RETAIN,Retention,الاحتفاظ,10,720,Records Manager,True
2135,178,48,NCA-ECC,2-8-2,CONFIGURATION,ARCHIVE,Archive,الأرشفة,11,1,IT Operations,False
2136,178,48,NCA-ECC,2-8-2,CONFIGURATION,DISPOSE,Disposal,التخلص,12,1,Records Manager,False
2137,179,49,NCA-ECC,2-9-1,POLICY,DEFINE,Definition,التعريف,1,7,Compliance Officer,False
2138,179,49,NCA-ECC,2-9-1,POLICY,PLAN,Planning,التخطيط,2,7,Control Owner,False
2139,179,49,NCA-ECC,2-9-1,POLICY,COLLECT,Collection,الجمع,3,14,Evidence Collector,False
2140,179,49,NCA-ECC,2-9-1,POLICY,VALIDATE,Validation,التحقق,4,7,Quality Reviewer,False
2141,179,49,NCA-ECC,2-9-1,POLICY,APPROVE,Approval,الموافقة,5,5,Manager/CISO,False
2142,179,49,NCA-ECC,2-9-1,POLICY,STORE,Storage,التخزين,6,1,GRC Platform,True
2143,179,49,NCA-ECC,2-9-1,POLICY,USE,Active Use,الاستخدام النشط,7,365,Audit Function,True
2144,179,49,NCA-ECC,2-9-1,POLICY,REVIEW,Periodic Review,المراجعة الدورية,8,30,Internal Audit,False
2145,179,49,NCA-ECC,2-9-1,POLICY,REFRESH,Refresh,التحديث,9,14,Control Owner,False
2146,179,49,NCA-ECC,2-9-1,POLICY,RETAIN,Retention,الاحتفاظ,10,1080,Records Manager,True
2147,179,49,NCA-ECC,2-9-1,POLICY,ARCHIVE,Archive,الأرشفة,11,1,IT Operations,False
2148,179,49,NCA-ECC,2-9-1,POLICY,DISPOSE,Disposal,التخلص,12,1,Records Manager,False
2149,180,49,NCA-ECC,2-9-1,BACKUP_PLAN,DEFINE,Definition,التعريف,1,7,Compliance Officer,False
2150,180,49,NCA-ECC,2-9-1,BACKUP_PLAN,PLAN,Planning,التخطيط,2,7,Control Owner,False
2151,180,49,NCA-ECC,2-9-1,BACKUP_PLAN,COLLECT,Collection,الجمع,3,14,Evidence Collector,False
2152,180,49,NCA-ECC,2-9-1,BACKUP_PLAN,VALIDATE,Validation,التحقق,4,7,Quality Reviewer,False
2153,180,49,NCA-ECC,2-9-1,BACKUP_PLAN,APPROVE,Approval,الموافقة,5,5,Manager/CISO,False
2154,180,49,NCA-ECC,2-9-1,BACKUP_PLAN,STORE,Storage,التخزين,6,1,GRC Platform,True
2155,180,49,NCA-ECC,2-9-1,BACKUP_PLAN,USE,Active Use,الاستخدام النشط,7,365,Audit Function,True
2156,180,49,NCA-ECC,2-9-1,BACKUP_PLAN,REVIEW,Periodic Review,المراجعة الدورية,8,30,Internal Audit,False
2157,180,49,NCA-ECC,2-9-1,BACKUP_PLAN,REFRESH,Refresh,التحديث,9,14,Control Owner,False
2158,180,49,NCA-ECC,2-9-1,BACKUP_PLAN,RETAIN,Retention,الاحتفاظ,10,1080,Records Manager,True
2159,180,49,NCA-ECC,2-9-1,BACKUP_PLAN,ARCHIVE,Archive,الأرشفة,11,1,IT Operations,False
2160,180,49,NCA-ECC,2-9-1,BACKUP_PLAN,DISPOSE,Disposal,التخلص,12,1,Records Manager,False
2161,181,49,NCA-ECC,2-9-1,CONFIGURATION,DEFINE,Definition,التعريف,1,7,Compliance Officer,False
2162,181,49,NCA-ECC,2-9-1,CONFIGURATION,PLAN,Planning,التخطيط,2,7,Control Owner,False
2163,181,49,NCA-ECC,2-9-1,CONFIGURATION,COLLECT,Collection,الجمع,3,14,Evidence Collector,False
2164,181,49,NCA-ECC,2-9-1,CONFIGURATION,VALIDATE,Validation,التحقق,4,7,Quality Reviewer,False
2165,181,49,NCA-ECC,2-9-1,CONFIGURATION,APPROVE,Approval,الموافقة,5,5,Manager/CISO,False
2166,181,49,NCA-ECC,2-9-1,CONFIGURATION,STORE,Storage,التخزين,6,1,GRC Platform,True
2167,181,49,NCA-ECC,2-9-1,CONFIGURATION,USE,Active Use,الاستخدام النشط,7,365,Audit Function,True
2168,181,49,NCA-ECC,2-9-1,CONFIGURATION,REVIEW,Periodic Review,المراجعة الدورية,8,30,Internal Audit,False
2169,181,49,NCA-ECC,2-9-1,CONFIGURATION,REFRESH,Refresh,التحديث,9,14,Control Owner,False
2170,181,49,NCA-ECC,2-9-1,CONFIGURATION,RETAIN,Retention,الاحتفاظ,10,720,Records Manager,True
2171,181,49,NCA-ECC,2-9-1,CONFIGURATION,ARCHIVE,Archive,الأرشفة,11,1,IT Operations,False
2172,181,49,NCA-ECC,2-9-1,CONFIGURATION,DISPOSE,Disposal,التخلص,12,1,Records Manager,False
2173,182,49,NCA-ECC,2-9-1,REPORT,DEFINE,Definition,التعريف,1,7,Compliance Officer,False
2174,182,49,NCA-ECC,2-9-1,REPORT,PLAN,Planning,التخطيط,2,7,Control Owner,False
2175,182,49,NCA-ECC,2-9-1,REPORT,COLLECT,Collection,الجمع,3,14,Evidence Collector,False
2176,182,49,NCA-ECC,2-9-1,REPORT,VALIDATE,Validation,التحقق,4,7,Quality Reviewer,False
2177,182,49,NCA-ECC,2-9-1,REPORT,APPROVE,Approval,الموافقة,5,5,Manager/CISO,False
2178,182,49,NCA-ECC,2-9-1,REPORT,STORE,Storage,التخزين,6,1,GRC Platform,True
2179,182,49,NCA-ECC,2-9-1,REPORT,USE,Active Use,الاستخدام النشط,7,365,Audit Function,True
2180,182,49,NCA-ECC,2-9-1,REPORT,REVIEW,Periodic Review,المراجعة الدورية,8,30,Internal Audit,False
2181,182,49,NCA-ECC,2-9-1,REPORT,REFRESH,Refresh,التحديث,9,14,Control Owner,False
2182,182,49,NCA-ECC,2-9-1,REPORT,RETAIN,Retention,الاحتفاظ,10,1080,Records Manager,True
2183,182,49,NCA-ECC,2-9-1,REPORT,ARCHIVE,Archive,الأرشفة,11,1,IT Operations,False
2184,182,49,NCA-ECC,2-9-1,REPORT,DISPOSE,Disposal,التخلص,12,1,Records Manager,False
2185,183,50,NCA-ECC,2-9-2,TEST_RESULT,DEFINE,Definition,التعريف,1,7,Compliance Officer,False
2186,183,50,NCA-ECC,2-9-2,TEST_RESULT,PLAN,Planning,التخطيط,2,7,Control Owner,False
2187,183,50,NCA-ECC,2-9-2,TEST_RESULT,COLLECT,Collection,الجمع,3,14,Evidence Collector,False
2188,183,50,NCA-ECC,2-9-2,TEST_RESULT,VALIDATE,Validation,التحقق,4,7,Quality Reviewer,False
2189,183,50,NCA-ECC,2-9-2,TEST_RESULT,APPROVE,Approval,الموافقة,5,5,Manager/CISO,False
2190,183,50,NCA-ECC,2-9-2,TEST_RESULT,STORE,Storage,التخزين,6,1,GRC Platform,True
2191,183,50,NCA-ECC,2-9-2,TEST_RESULT,USE,Active Use,الاستخدام النشط,7,365,Audit Function,True
2192,183,50,NCA-ECC,2-9-2,TEST_RESULT,REVIEW,Periodic Review,المراجعة الدورية,8,30,Internal Audit,False
2193,183,50,NCA-ECC,2-9-2,TEST_RESULT,REFRESH,Refresh,التحديث,9,14,Control Owner,False
2194,183,50,NCA-ECC,2-9-2,TEST_RESULT,RETAIN,Retention,الاحتفاظ,10,1080,Records Manager,True
2195,183,50,NCA-ECC,2-9-2,TEST_RESULT,ARCHIVE,Archive,الأرشفة,11,1,IT Operations,False
2196,183,50,NCA-ECC,2-9-2,TEST_RESULT,DISPOSE,Disposal,التخلص,12,1,Records Manager,False
2197,184,50,NCA-ECC,2-9-2,REPORT,DEFINE,Definition,التعريف,1,7,Compliance Officer,False
2198,184,50,NCA-ECC,2-9-2,REPORT,PLAN,Planning,التخطيط,2,7,Control Owner,False
2199,184,50,NCA-ECC,2-9-2,REPORT,COLLECT,Collection,الجمع,3,14,Evidence Collector,False
2200,184,50,NCA-ECC,2-9-2,REPORT,VALIDATE,Validation,التحقق,4,7,Quality Reviewer,False
2201,184,50,NCA-ECC,2-9-2,REPORT,APPROVE,Approval,الموافقة,5,5,Manager/CISO,False
2202,184,50,NCA-ECC,2-9-2,REPORT,STORE,Storage,التخزين,6,1,GRC Platform,True
2203,184,50,NCA-ECC,2-9-2,REPORT,USE,Active Use,الاستخدام النشط,7,365,Audit Function,True
2204,184,50,NCA-ECC,2-9-2,REPORT,REVIEW,Periodic Review,المراجعة الدورية,8,30,Internal Audit,False
2205,184,50,NCA-ECC,2-9-2,REPORT,REFRESH,Refresh,التحديث,9,14,Control Owner,False
2206,184,50,NCA-ECC,2-9-2,REPORT,RETAIN,Retention,الاحتفاظ,10,1080,Records Manager,True
2207,184,50,NCA-ECC,2-9-2,REPORT,ARCHIVE,Archive,الأرشفة,11,1,IT Operations,False
2208,184,50,NCA-ECC,2-9-2,REPORT,DISPOSE,Disposal,التخلص,12,1,Records Manager,False
2209,185,50,NCA-ECC,2-9-2,MEETING_MINUTES,DEFINE,Definition,التعريف,1,7,Compliance Officer,False
2210,185,50,NCA-ECC,2-9-2,MEETING_MINUTES,PLAN,Planning,التخطيط,2,7,Control Owner,False
2211,185,50,NCA-ECC,2-9-2,MEETING_MINUTES,COLLECT,Collection,الجمع,3,14,Evidence Collector,False
2212,185,50,NCA-ECC,2-9-2,MEETING_MINUTES,VALIDATE,Validation,التحقق,4,7,Quality Reviewer,False
2213,185,50,NCA-ECC,2-9-2,MEETING_MINUTES,APPROVE,Approval,الموافقة,5,5,Manager/CISO,False
2214,185,50,NCA-ECC,2-9-2,MEETING_MINUTES,STORE,Storage,التخزين,6,1,GRC Platform,True
2215,185,50,NCA-ECC,2-9-2,MEETING_MINUTES,USE,Active Use,الاستخدام النشط,7,365,Audit Function,True
2216,185,50,NCA-ECC,2-9-2,MEETING_MINUTES,REVIEW,Periodic Review,المراجعة الدورية,8,30,Internal Audit,False
2217,185,50,NCA-ECC,2-9-2,MEETING_MINUTES,REFRESH,Refresh,التحديث,9,14,Control Owner,False
2218,185,50,NCA-ECC,2-9-2,MEETING_MINUTES,RETAIN,Retention,الاحتفاظ,10,1800,Records Manager,True
2219,185,50,NCA-ECC,2-9-2,MEETING_MINUTES,ARCHIVE,Archive,الأرشفة,11,1,IT Operations,False
2220,185,50,NCA-ECC,2-9-2,MEETING_MINUTES,DISPOSE,Disposal,التخلص,12,1,Records Manager,False
2221,186,51,NCA-ECC,2-10-1,SCAN_REPORT,DEFINE,Definition,التعريف,1,7,Compliance Officer,False
2222,186,51,NCA-ECC,2-10-1,SCAN_REPORT,PLAN,Planning,التخطيط,2,7,Control Owner,False
2223,186,51,NCA-ECC,2-10-1,SCAN_REPORT,COLLECT,Collection,الجمع,3,14,Evidence Collector,False
2224,186,51,NCA-ECC,2-10-1,SCAN_REPORT,VALIDATE,Validation,التحقق,4,7,Quality Reviewer,False
2225,186,51,NCA-ECC,2-10-1,SCAN_REPORT,APPROVE,Approval,الموافقة,5,5,Manager/CISO,False
2226,186,51,NCA-ECC,2-10-1,SCAN_REPORT,STORE,Storage,التخزين,6,1,GRC Platform,True
2227,186,51,NCA-ECC,2-10-1,SCAN_REPORT,USE,Active Use,الاستخدام النشط,7,365,Audit Function,True
2228,186,51,NCA-ECC,2-10-1,SCAN_REPORT,REVIEW,Periodic Review,المراجعة الدورية,8,30,Internal Audit,False
2229,186,51,NCA-ECC,2-10-1,SCAN_REPORT,REFRESH,Refresh,التحديث,9,14,Control Owner,False
2230,186,51,NCA-ECC,2-10-1,SCAN_REPORT,RETAIN,Retention,الاحتفاظ,10,720,Records Manager,True
2231,186,51,NCA-ECC,2-10-1,SCAN_REPORT,ARCHIVE,Archive,الأرشفة,11,1,IT Operations,False
2232,186,51,NCA-ECC,2-10-1,SCAN_REPORT,DISPOSE,Disposal,التخلص,12,1,Records Manager,False
2233,187,51,NCA-ECC,2-10-1,REPORT,DEFINE,Definition,التعريف,1,7,Compliance Officer,False
2234,187,51,NCA-ECC,2-10-1,REPORT,PLAN,Planning,التخطيط,2,7,Control Owner,False
2235,187,51,NCA-ECC,2-10-1,REPORT,COLLECT,Collection,الجمع,3,14,Evidence Collector,False
2236,187,51,NCA-ECC,2-10-1,REPORT,VALIDATE,Validation,التحقق,4,7,Quality Reviewer,False
2237,187,51,NCA-ECC,2-10-1,REPORT,APPROVE,Approval,الموافقة,5,5,Manager/CISO,False
2238,187,51,NCA-ECC,2-10-1,REPORT,STORE,Storage,التخزين,6,1,GRC Platform,True
2239,187,51,NCA-ECC,2-10-1,REPORT,USE,Active Use,الاستخدام النشط,7,365,Audit Function,True
2240,187,51,NCA-ECC,2-10-1,REPORT,REVIEW,Periodic Review,المراجعة الدورية,8,30,Internal Audit,False
2241,187,51,NCA-ECC,2-10-1,REPORT,REFRESH,Refresh,التحديث,9,14,Control Owner,False
2242,187,51,NCA-ECC,2-10-1,REPORT,RETAIN,Retention,الاحتفاظ,10,1080,Records Manager,True
2243,187,51,NCA-ECC,2-10-1,REPORT,ARCHIVE,Archive,الأرشفة,11,1,IT Operations,False
2244,187,51,NCA-ECC,2-10-1,REPORT,DISPOSE,Disposal,التخلص,12,1,Records Manager,False
2245,188,51,NCA-ECC,2-10-1,REMEDIATION_PLAN,DEFINE,Definition,التعريف,1,7,Compliance Officer,False
2246,188,51,NCA-ECC,2-10-1,REMEDIATION_PLAN,PLAN,Planning,التخطيط,2,7,Control Owner,False
2247,188,51,NCA-ECC,2-10-1,REMEDIATION_PLAN,COLLECT,Collection,الجمع,3,14,Evidence Collector,False
2248,188,51,NCA-ECC,2-10-1,REMEDIATION_PLAN,VALIDATE,Validation,التحقق,4,7,Quality Reviewer,False
2249,188,51,NCA-ECC,2-10-1,REMEDIATION_PLAN,APPROVE,Approval,الموافقة,5,5,Manager/CISO,False
2250,188,51,NCA-ECC,2-10-1,REMEDIATION_PLAN,STORE,Storage,التخزين,6,1,GRC Platform,True
2251,188,51,NCA-ECC,2-10-1,REMEDIATION_PLAN,USE,Active Use,الاستخدام النشط,7,365,Audit Function,True
2252,188,51,NCA-ECC,2-10-1,REMEDIATION_PLAN,REVIEW,Periodic Review,المراجعة الدورية,8,30,Internal Audit,False
2253,188,51,NCA-ECC,2-10-1,REMEDIATION_PLAN,REFRESH,Refresh,التحديث,9,14,Control Owner,False
2254,188,51,NCA-ECC,2-10-1,REMEDIATION_PLAN,RETAIN,Retention,الاحتفاظ,10,1080,Records Manager,True
2255,188,51,NCA-ECC,2-10-1,REMEDIATION_PLAN,ARCHIVE,Archive,الأرشفة,11,1,IT Operations,False
2256,188,51,NCA-ECC,2-10-1,REMEDIATION_PLAN,DISPOSE,Disposal,التخلص,12,1,Records Manager,False
2257,189,52,NCA-ECC,2-10-2,SCAN_REPORT,DEFINE,Definition,التعريف,1,7,Compliance Officer,False
2258,189,52,NCA-ECC,2-10-2,SCAN_REPORT,PLAN,Planning,التخطيط,2,7,Control Owner,False
2259,189,52,NCA-ECC,2-10-2,SCAN_REPORT,COLLECT,Collection,الجمع,3,14,Evidence Collector,False
2260,189,52,NCA-ECC,2-10-2,SCAN_REPORT,VALIDATE,Validation,التحقق,4,7,Quality Reviewer,False
2261,189,52,NCA-ECC,2-10-2,SCAN_REPORT,APPROVE,Approval,الموافقة,5,5,Manager/CISO,False
2262,189,52,NCA-ECC,2-10-2,SCAN_REPORT,STORE,Storage,التخزين,6,1,GRC Platform,True
2263,189,52,NCA-ECC,2-10-2,SCAN_REPORT,USE,Active Use,الاستخدام النشط,7,365,Audit Function,True
2264,189,52,NCA-ECC,2-10-2,SCAN_REPORT,REVIEW,Periodic Review,المراجعة الدورية,8,30,Internal Audit,False
2265,189,52,NCA-ECC,2-10-2,SCAN_REPORT,REFRESH,Refresh,التحديث,9,14,Control Owner,False
2266,189,52,NCA-ECC,2-10-2,SCAN_REPORT,RETAIN,Retention,الاحتفاظ,10,720,Records Manager,True
2267,189,52,NCA-ECC,2-10-2,SCAN_REPORT,ARCHIVE,Archive,الأرشفة,11,1,IT Operations,False
2268,189,52,NCA-ECC,2-10-2,SCAN_REPORT,DISPOSE,Disposal,التخلص,12,1,Records Manager,False
2269,190,52,NCA-ECC,2-10-2,REMEDIATION_REPORT,DEFINE,Definition,التعريف,1,7,Compliance Officer,False
2270,190,52,NCA-ECC,2-10-2,REMEDIATION_REPORT,PLAN,Planning,التخطيط,2,7,Control Owner,False
2271,190,52,NCA-ECC,2-10-2,REMEDIATION_REPORT,COLLECT,Collection,الجمع,3,14,Evidence Collector,False
2272,190,52,NCA-ECC,2-10-2,REMEDIATION_REPORT,VALIDATE,Validation,التحقق,4,7,Quality Reviewer,False
2273,190,52,NCA-ECC,2-10-2,REMEDIATION_REPORT,APPROVE,Approval,الموافقة,5,5,Manager/CISO,False
2274,190,52,NCA-ECC,2-10-2,REMEDIATION_REPORT,STORE,Storage,التخزين,6,1,GRC Platform,True
2275,190,52,NCA-ECC,2-10-2,REMEDIATION_REPORT,USE,Active Use,الاستخدام النشط,7,365,Audit Function,True
2276,190,52,NCA-ECC,2-10-2,REMEDIATION_REPORT,REVIEW,Periodic Review,المراجعة الدورية,8,30,Internal Audit,False
2277,190,52,NCA-ECC,2-10-2,REMEDIATION_REPORT,REFRESH,Refresh,التحديث,9,14,Control Owner,False
2278,190,52,NCA-ECC,2-10-2,REMEDIATION_REPORT,RETAIN,Retention,الاحتفاظ,10,1080,Records Manager,True
2279,190,52,NCA-ECC,2-10-2,REMEDIATION_REPORT,ARCHIVE,Archive,الأرشفة,11,1,IT Operations,False
2280,190,52,NCA-ECC,2-10-2,REMEDIATION_REPORT,DISPOSE,Disposal,التخلص,12,1,Records Manager,False
2281,191,52,NCA-ECC,2-10-2,CHANGE_RECORD,DEFINE,Definition,التعريف,1,7,Compliance Officer,False
2282,191,52,NCA-ECC,2-10-2,CHANGE_RECORD,PLAN,Planning,التخطيط,2,7,Control Owner,False
2283,191,52,NCA-ECC,2-10-2,CHANGE_RECORD,COLLECT,Collection,الجمع,3,14,Evidence Collector,False
2284,191,52,NCA-ECC,2-10-2,CHANGE_RECORD,VALIDATE,Validation,التحقق,4,7,Quality Reviewer,False
2285,191,52,NCA-ECC,2-10-2,CHANGE_RECORD,APPROVE,Approval,الموافقة,5,5,Manager/CISO,False
2286,191,52,NCA-ECC,2-10-2,CHANGE_RECORD,STORE,Storage,التخزين,6,1,GRC Platform,True
2287,191,52,NCA-ECC,2-10-2,CHANGE_RECORD,USE,Active Use,الاستخدام النشط,7,365,Audit Function,True
2288,191,52,NCA-ECC,2-10-2,CHANGE_RECORD,REVIEW,Periodic Review,المراجعة الدورية,8,30,Internal Audit,False
2289,191,52,NCA-ECC,2-10-2,CHANGE_RECORD,REFRESH,Refresh,التحديث,9,14,Control Owner,False
2290,191,52,NCA-ECC,2-10-2,CHANGE_RECORD,RETAIN,Retention,الاحتفاظ,10,720,Records Manager,True
2291,191,52,NCA-ECC,2-10-2,CHANGE_RECORD,ARCHIVE,Archive,الأرشفة,11,1,IT Operations,False
2292,191,52,NCA-ECC,2-10-2,CHANGE_RECORD,DISPOSE,Disposal,التخلص,12,1,Records Manager,False
2293,192,53,NCA-ECC,2-11-1,PENTEST_REPORT,DEFINE,Definition,التعريف,1,7,Compliance Officer,False
2294,192,53,NCA-ECC,2-11-1,PENTEST_REPORT,PLAN,Planning,التخطيط,2,7,Control Owner,False
2295,192,53,NCA-ECC,2-11-1,PENTEST_REPORT,COLLECT,Collection,الجمع,3,14,Evidence Collector,False
2296,192,53,NCA-ECC,2-11-1,PENTEST_REPORT,VALIDATE,Validation,التحقق,4,7,Quality Reviewer,False
2297,192,53,NCA-ECC,2-11-1,PENTEST_REPORT,APPROVE,Approval,الموافقة,5,5,Manager/CISO,False
2298,192,53,NCA-ECC,2-11-1,PENTEST_REPORT,STORE,Storage,التخزين,6,1,GRC Platform,True
2299,192,53,NCA-ECC,2-11-1,PENTEST_REPORT,USE,Active Use,الاستخدام النشط,7,365,Audit Function,True
2300,192,53,NCA-ECC,2-11-1,PENTEST_REPORT,REVIEW,Periodic Review,المراجعة الدورية,8,30,Internal Audit,False
2301,192,53,NCA-ECC,2-11-1,PENTEST_REPORT,REFRESH,Refresh,التحديث,9,14,Control Owner,False
2302,192,53,NCA-ECC,2-11-1,PENTEST_REPORT,RETAIN,Retention,الاحتفاظ,10,1080,Records Manager,True
2303,192,53,NCA-ECC,2-11-1,PENTEST_REPORT,ARCHIVE,Archive,الأرشفة,11,1,IT Operations,False
2304,192,53,NCA-ECC,2-11-1,PENTEST_REPORT,DISPOSE,Disposal,التخلص,12,1,Records Manager,False
2305,193,53,NCA-ECC,2-11-1,CONTRACT,DEFINE,Definition,التعريف,1,7,Compliance Officer,False
2306,193,53,NCA-ECC,2-11-1,CONTRACT,PLAN,Planning,التخطيط,2,7,Control Owner,False
2307,193,53,NCA-ECC,2-11-1,CONTRACT,COLLECT,Collection,الجمع,3,14,Evidence Collector,False
2308,193,53,NCA-ECC,2-11-1,CONTRACT,VALIDATE,Validation,التحقق,4,7,Quality Reviewer,False
2309,193,53,NCA-ECC,2-11-1,CONTRACT,APPROVE,Approval,الموافقة,5,5,Manager/CISO,False
2310,193,53,NCA-ECC,2-11-1,CONTRACT,STORE,Storage,التخزين,6,1,GRC Platform,True
2311,193,53,NCA-ECC,2-11-1,CONTRACT,USE,Active Use,الاستخدام النشط,7,365,Audit Function,True
2312,193,53,NCA-ECC,2-11-1,CONTRACT,REVIEW,Periodic Review,المراجعة الدورية,8,30,Internal Audit,False
2313,193,53,NCA-ECC,2-11-1,CONTRACT,REFRESH,Refresh,التحديث,9,14,Control Owner,False
2314,193,53,NCA-ECC,2-11-1,CONTRACT,RETAIN,Retention,الاحتفاظ,10,2520,Records Manager,True
2315,193,53,NCA-ECC,2-11-1,CONTRACT,ARCHIVE,Archive,الأرشفة,11,1,IT Operations,False
2316,193,53,NCA-ECC,2-11-1,CONTRACT,DISPOSE,Disposal,التخلص,12,1,Records Manager,False
2317,194,53,NCA-ECC,2-11-1,REMEDIATION_PLAN,DEFINE,Definition,التعريف,1,7,Compliance Officer,False
2318,194,53,NCA-ECC,2-11-1,REMEDIATION_PLAN,PLAN,Planning,التخطيط,2,7,Control Owner,False
2319,194,53,NCA-ECC,2-11-1,REMEDIATION_PLAN,COLLECT,Collection,الجمع,3,14,Evidence Collector,False
2320,194,53,NCA-ECC,2-11-1,REMEDIATION_PLAN,VALIDATE,Validation,التحقق,4,7,Quality Reviewer,False
2321,194,53,NCA-ECC,2-11-1,REMEDIATION_PLAN,APPROVE,Approval,الموافقة,5,5,Manager/CISO,False
2322,194,53,NCA-ECC,2-11-1,REMEDIATION_PLAN,STORE,Storage,التخزين,6,1,GRC Platform,True
2323,194,53,NCA-ECC,2-11-1,REMEDIATION_PLAN,USE,Active Use,الاستخدام النشط,7,365,Audit Function,True
2324,194,53,NCA-ECC,2-11-1,REMEDIATION_PLAN,REVIEW,Periodic Review,المراجعة الدورية,8,30,Internal Audit,False
2325,194,53,NCA-ECC,2-11-1,REMEDIATION_PLAN,REFRESH,Refresh,التحديث,9,14,Control Owner,False
2326,194,53,NCA-ECC,2-11-1,REMEDIATION_PLAN,RETAIN,Retention,الاحتفاظ,10,1080,Records Manager,True
2327,194,53,NCA-ECC,2-11-1,REMEDIATION_PLAN,ARCHIVE,Archive,الأرشفة,11,1,IT Operations,False
2328,194,53,NCA-ECC,2-11-1,REMEDIATION_PLAN,DISPOSE,Disposal,التخلص,12,1,Records Manager,False
2329,195,54,NCA-ECC,2-12-1,CONFIGURATION,DEFINE,Definition,التعريف,1,7,Compliance Officer,False
2330,195,54,NCA-ECC,2-12-1,CONFIGURATION,PLAN,Planning,التخطيط,2,7,Control Owner,False
2331,195,54,NCA-ECC,2-12-1,CONFIGURATION,COLLECT,Collection,الجمع,3,14,Evidence Collector,False
2332,195,54,NCA-ECC,2-12-1,CONFIGURATION,VALIDATE,Validation,التحقق,4,7,Quality Reviewer,False
2333,195,54,NCA-ECC,2-12-1,CONFIGURATION,APPROVE,Approval,الموافقة,5,5,Manager/CISO,False
2334,195,54,NCA-ECC,2-12-1,CONFIGURATION,STORE,Storage,التخزين,6,1,GRC Platform,True
2335,195,54,NCA-ECC,2-12-1,CONFIGURATION,USE,Active Use,الاستخدام النشط,7,365,Audit Function,True
2336,195,54,NCA-ECC,2-12-1,CONFIGURATION,REVIEW,Periodic Review,المراجعة الدورية,8,30,Internal Audit,False
2337,195,54,NCA-ECC,2-12-1,CONFIGURATION,REFRESH,Refresh,التحديث,9,14,Control Owner,False
2338,195,54,NCA-ECC,2-12-1,CONFIGURATION,RETAIN,Retention,الاحتفاظ,10,720,Records Manager,True
2339,195,54,NCA-ECC,2-12-1,CONFIGURATION,ARCHIVE,Archive,الأرشفة,11,1,IT Operations,False
2340,195,54,NCA-ECC,2-12-1,CONFIGURATION,DISPOSE,Disposal,التخلص,12,1,Records Manager,False
2341,196,54,NCA-ECC,2-12-1,LOG,DEFINE,Definition,التعريف,1,7,Compliance Officer,False
2342,196,54,NCA-ECC,2-12-1,LOG,PLAN,Planning,التخطيط,2,7,Control Owner,False
2343,196,54,NCA-ECC,2-12-1,LOG,COLLECT,Collection,الجمع,3,14,Evidence Collector,False
2344,196,54,NCA-ECC,2-12-1,LOG,VALIDATE,Validation,التحقق,4,7,Quality Reviewer,False
2345,196,54,NCA-ECC,2-12-1,LOG,APPROVE,Approval,الموافقة,5,5,Manager/CISO,False
2346,196,54,NCA-ECC,2-12-1,LOG,STORE,Storage,التخزين,6,1,GRC Platform,True
2347,196,54,NCA-ECC,2-12-1,LOG,USE,Active Use,الاستخدام النشط,7,365,Audit Function,True
2348,196,54,NCA-ECC,2-12-1,LOG,REVIEW,Periodic Review,المراجعة الدورية,8,30,Internal Audit,False
2349,196,54,NCA-ECC,2-12-1,LOG,REFRESH,Refresh,التحديث,9,14,Control Owner,False
2350,196,54,NCA-ECC,2-12-1,LOG,RETAIN,Retention,الاحتفاظ,10,360,Records Manager,True
2351,196,54,NCA-ECC,2-12-1,LOG,ARCHIVE,Archive,الأرشفة,11,1,IT Operations,False
2352,196,54,NCA-ECC,2-12-1,LOG,DISPOSE,Disposal,التخلص,12,1,Records Manager,False
2353,197,54,NCA-ECC,2-12-1,REPORT,DEFINE,Definition,التعريف,1,7,Compliance Officer,False
2354,197,54,NCA-ECC,2-12-1,REPORT,PLAN,Planning,التخطيط,2,7,Control Owner,False
2355,197,54,NCA-ECC,2-12-1,REPORT,COLLECT,Collection,الجمع,3,14,Evidence Collector,False
2356,197,54,NCA-ECC,2-12-1,REPORT,VALIDATE,Validation,التحقق,4,7,Quality Reviewer,False
2357,197,54,NCA-ECC,2-12-1,REPORT,APPROVE,Approval,الموافقة,5,5,Manager/CISO,False
2358,197,54,NCA-ECC,2-12-1,REPORT,STORE,Storage,التخزين,6,1,GRC Platform,True
2359,197,54,NCA-ECC,2-12-1,REPORT,USE,Active Use,الاستخدام النشط,7,365,Audit Function,True
2360,197,54,NCA-ECC,2-12-1,REPORT,REVIEW,Periodic Review,المراجعة الدورية,8,30,Internal Audit,False
2361,197,54,NCA-ECC,2-12-1,REPORT,REFRESH,Refresh,التحديث,9,14,Control Owner,False
2362,197,54,NCA-ECC,2-12-1,REPORT,RETAIN,Retention,الاحتفاظ,10,1080,Records Manager,True
2363,197,54,NCA-ECC,2-12-1,REPORT,ARCHIVE,Archive,الأرشفة,11,1,IT Operations,False
2364,197,54,NCA-ECC,2-12-1,REPORT,DISPOSE,Disposal,التخلص,12,1,Records Manager,False
2365,198,54,NCA-ECC,2-12-1,DASHBOARD,DEFINE,Definition,التعريف,1,7,Compliance Officer,False
2366,198,54,NCA-ECC,2-12-1,DASHBOARD,PLAN,Planning,التخطيط,2,7,Control Owner,False
2367,198,54,NCA-ECC,2-12-1,DASHBOARD,COLLECT,Collection,الجمع,3,14,Evidence Collector,False
2368,198,54,NCA-ECC,2-12-1,DASHBOARD,VALIDATE,Validation,التحقق,4,7,Quality Reviewer,False
2369,198,54,NCA-ECC,2-12-1,DASHBOARD,APPROVE,Approval,الموافقة,5,5,Manager/CISO,False
2370,198,54,NCA-ECC,2-12-1,DASHBOARD,STORE,Storage,التخزين,6,1,GRC Platform,True
2371,198,54,NCA-ECC,2-12-1,DASHBOARD,USE,Active Use,الاستخدام النشط,7,365,Audit Function,True
2372,198,54,NCA-ECC,2-12-1,DASHBOARD,REVIEW,Periodic Review,المراجعة الدورية,8,30,Internal Audit,False
2373,198,54,NCA-ECC,2-12-1,DASHBOARD,REFRESH,Refresh,التحديث,9,14,Control Owner,False
2374,198,54,NCA-ECC,2-12-1,DASHBOARD,RETAIN,Retention,الاحتفاظ,10,720,Records Manager,True
2375,198,54,NCA-ECC,2-12-1,DASHBOARD,ARCHIVE,Archive,الأرشفة,11,1,IT Operations,False
2376,198,54,NCA-ECC,2-12-1,DASHBOARD,DISPOSE,Disposal,التخلص,12,1,Records Manager,False
2377,199,55,NCA-ECC,2-12-2,LOG,DEFINE,Definition,التعريف,1,7,Compliance Officer,False
2378,199,55,NCA-ECC,2-12-2,LOG,PLAN,Planning,التخطيط,2,7,Control Owner,False
2379,199,55,NCA-ECC,2-12-2,LOG,COLLECT,Collection,الجمع,3,14,Evidence Collector,False
2380,199,55,NCA-ECC,2-12-2,LOG,VALIDATE,Validation,التحقق,4,7,Quality Reviewer,False
2381,199,55,NCA-ECC,2-12-2,LOG,APPROVE,Approval,الموافقة,5,5,Manager/CISO,False
2382,199,55,NCA-ECC,2-12-2,LOG,STORE,Storage,التخزين,6,1,GRC Platform,True
2383,199,55,NCA-ECC,2-12-2,LOG,USE,Active Use,الاستخدام النشط,7,365,Audit Function,True
2384,199,55,NCA-ECC,2-12-2,LOG,REVIEW,Periodic Review,المراجعة الدورية,8,30,Internal Audit,False
2385,199,55,NCA-ECC,2-12-2,LOG,REFRESH,Refresh,التحديث,9,14,Control Owner,False
2386,199,55,NCA-ECC,2-12-2,LOG,RETAIN,Retention,الاحتفاظ,10,360,Records Manager,True
2387,199,55,NCA-ECC,2-12-2,LOG,ARCHIVE,Archive,الأرشفة,11,1,IT Operations,False
2388,199,55,NCA-ECC,2-12-2,LOG,DISPOSE,Disposal,التخلص,12,1,Records Manager,False
2389,200,55,NCA-ECC,2-12-2,REPORT,DEFINE,Definition,التعريف,1,7,Compliance Officer,False
2390,200,55,NCA-ECC,2-12-2,REPORT,PLAN,Planning,التخطيط,2,7,Control Owner,False
2391,200,55,NCA-ECC,2-12-2,REPORT,COLLECT,Collection,الجمع,3,14,Evidence Collector,False
2392,200,55,NCA-ECC,2-12-2,REPORT,VALIDATE,Validation,التحقق,4,7,Quality Reviewer,False
2393,200,55,NCA-ECC,2-12-2,REPORT,APPROVE,Approval,الموافقة,5,5,Manager/CISO,False
2394,200,55,NCA-ECC,2-12-2,REPORT,STORE,Storage,التخزين,6,1,GRC Platform,True
2395,200,55,NCA-ECC,2-12-2,REPORT,USE,Active Use,الاستخدام النشط,7,365,Audit Function,True
2396,200,55,NCA-ECC,2-12-2,REPORT,REVIEW,Periodic Review,المراجعة الدورية,8,30,Internal Audit,False
2397,200,55,NCA-ECC,2-12-2,REPORT,REFRESH,Refresh,التحديث,9,14,Control Owner,False
2398,200,55,NCA-ECC,2-12-2,REPORT,RETAIN,Retention,الاحتفاظ,10,1080,Records Manager,True
2399,200,55,NCA-ECC,2-12-2,REPORT,ARCHIVE,Archive,الأرشفة,11,1,IT Operations,False
2400,200,55,NCA-ECC,2-12-2,REPORT,DISPOSE,Disposal,التخلص,12,1,Records Manager,False
2401,201,55,NCA-ECC,2-12-2,INCIDENT_REPORT,DEFINE,Definition,التعريف,1,7,Compliance Officer,False
2402,201,55,NCA-ECC,2-12-2,INCIDENT_REPORT,PLAN,Planning,التخطيط,2,7,Control Owner,False
2403,201,55,NCA-ECC,2-12-2,INCIDENT_REPORT,COLLECT,Collection,الجمع,3,14,Evidence Collector,False
2404,201,55,NCA-ECC,2-12-2,INCIDENT_REPORT,VALIDATE,Validation,التحقق,4,7,Quality Reviewer,False
2405,201,55,NCA-ECC,2-12-2,INCIDENT_REPORT,APPROVE,Approval,الموافقة,5,5,Manager/CISO,False
2406,201,55,NCA-ECC,2-12-2,INCIDENT_REPORT,STORE,Storage,التخزين,6,1,GRC Platform,True
2407,201,55,NCA-ECC,2-12-2,INCIDENT_REPORT,USE,Active Use,الاستخدام النشط,7,365,Audit Function,True
2408,201,55,NCA-ECC,2-12-2,INCIDENT_REPORT,REVIEW,Periodic Review,المراجعة الدورية,8,30,Internal Audit,False
2409,201,55,NCA-ECC,2-12-2,INCIDENT_REPORT,REFRESH,Refresh,التحديث,9,14,Control Owner,False
2410,201,55,NCA-ECC,2-12-2,INCIDENT_REPORT,RETAIN,Retention,الاحتفاظ,10,1800,Records Manager,True
2411,201,55,NCA-ECC,2-12-2,INCIDENT_REPORT,ARCHIVE,Archive,الأرشفة,11,1,IT Operations,False
2412,201,55,NCA-ECC,2-12-2,INCIDENT_REPORT,DISPOSE,Disposal,التخلص,12,1,Records Manager,False
2413,202,55,NCA-ECC,2-12-2,SHIFT_RECORDS,DEFINE,Definition,التعريف,1,7,Compliance Officer,False
2414,202,55,NCA-ECC,2-12-2,SHIFT_RECORDS,PLAN,Planning,التخطيط,2,7,Control Owner,False
2415,202,55,NCA-ECC,2-12-2,SHIFT_RECORDS,COLLECT,Collection,الجمع,3,14,Evidence Collector,False
2416,202,55,NCA-ECC,2-12-2,SHIFT_RECORDS,VALIDATE,Validation,التحقق,4,7,Quality Reviewer,False
2417,202,55,NCA-ECC,2-12-2,SHIFT_RECORDS,APPROVE,Approval,الموافقة,5,5,Manager/CISO,False
2418,202,55,NCA-ECC,2-12-2,SHIFT_RECORDS,STORE,Storage,التخزين,6,1,GRC Platform,True
2419,202,55,NCA-ECC,2-12-2,SHIFT_RECORDS,USE,Active Use,الاستخدام النشط,7,365,Audit Function,True
2420,202,55,NCA-ECC,2-12-2,SHIFT_RECORDS,REVIEW,Periodic Review,المراجعة الدورية,8,30,Internal Audit,False
2421,202,55,NCA-ECC,2-12-2,SHIFT_RECORDS,REFRESH,Refresh,التحديث,9,14,Control Owner,False
2422,202,55,NCA-ECC,2-12-2,SHIFT_RECORDS,RETAIN,Retention,الاحتفاظ,10,360,Records Manager,True
2423,202,55,NCA-ECC,2-12-2,SHIFT_RECORDS,ARCHIVE,Archive,الأرشفة,11,1,IT Operations,False
2424,202,55,NCA-ECC,2-12-2,SHIFT_RECORDS,DISPOSE,Disposal,التخلص,12,1,Records Manager,False
2425,203,56,NCA-ECC,2-13-1,INCIDENT_RESPONSE_PLAN,DEFINE,Definition,التعريف,1,7,Compliance Officer,False
2426,203,56,NCA-ECC,2-13-1,INCIDENT_RESPONSE_PLAN,PLAN,Planning,التخطيط,2,7,Control Owner,False
2427,203,56,NCA-ECC,2-13-1,INCIDENT_RESPONSE_PLAN,COLLECT,Collection,الجمع,3,14,Evidence Collector,False
2428,203,56,NCA-ECC,2-13-1,INCIDENT_RESPONSE_PLAN,VALIDATE,Validation,التحقق,4,7,Quality Reviewer,False
2429,203,56,NCA-ECC,2-13-1,INCIDENT_RESPONSE_PLAN,APPROVE,Approval,الموافقة,5,5,Manager/CISO,False
2430,203,56,NCA-ECC,2-13-1,INCIDENT_RESPONSE_PLAN,STORE,Storage,التخزين,6,1,GRC Platform,True
2431,203,56,NCA-ECC,2-13-1,INCIDENT_RESPONSE_PLAN,USE,Active Use,الاستخدام النشط,7,365,Audit Function,True
2432,203,56,NCA-ECC,2-13-1,INCIDENT_RESPONSE_PLAN,REVIEW,Periodic Review,المراجعة الدورية,8,30,Internal Audit,False
2433,203,56,NCA-ECC,2-13-1,INCIDENT_RESPONSE_PLAN,REFRESH,Refresh,التحديث,9,14,Control Owner,False
2434,203,56,NCA-ECC,2-13-1,INCIDENT_RESPONSE_PLAN,RETAIN,Retention,الاحتفاظ,10,1080,Records Manager,True
2435,203,56,NCA-ECC,2-13-1,INCIDENT_RESPONSE_PLAN,ARCHIVE,Archive,الأرشفة,11,1,IT Operations,False
2436,203,56,NCA-ECC,2-13-1,INCIDENT_RESPONSE_PLAN,DISPOSE,Disposal,التخلص,12,1,Records Manager,False
2437,204,56,NCA-ECC,2-13-1,TEST_RESULT,DEFINE,Definition,التعريف,1,7,Compliance Officer,False
2438,204,56,NCA-ECC,2-13-1,TEST_RESULT,PLAN,Planning,التخطيط,2,7,Control Owner,False
2439,204,56,NCA-ECC,2-13-1,TEST_RESULT,COLLECT,Collection,الجمع,3,14,Evidence Collector,False
2440,204,56,NCA-ECC,2-13-1,TEST_RESULT,VALIDATE,Validation,التحقق,4,7,Quality Reviewer,False
2441,204,56,NCA-ECC,2-13-1,TEST_RESULT,APPROVE,Approval,الموافقة,5,5,Manager/CISO,False
2442,204,56,NCA-ECC,2-13-1,TEST_RESULT,STORE,Storage,التخزين,6,1,GRC Platform,True
2443,204,56,NCA-ECC,2-13-1,TEST_RESULT,USE,Active Use,الاستخدام النشط,7,365,Audit Function,True
2444,204,56,NCA-ECC,2-13-1,TEST_RESULT,REVIEW,Periodic Review,المراجعة الدورية,8,30,Internal Audit,False
2445,204,56,NCA-ECC,2-13-1,TEST_RESULT,REFRESH,Refresh,التحديث,9,14,Control Owner,False
2446,204,56,NCA-ECC,2-13-1,TEST_RESULT,RETAIN,Retention,الاحتفاظ,10,1080,Records Manager,True
2447,204,56,NCA-ECC,2-13-1,TEST_RESULT,ARCHIVE,Archive,الأرشفة,11,1,IT Operations,False
2448,204,56,NCA-ECC,2-13-1,TEST_RESULT,DISPOSE,Disposal,التخلص,12,1,Records Manager,False
2449,205,56,NCA-ECC,2-13-1,POLICY,DEFINE,Definition,التعريف,1,7,Compliance Officer,False
2450,205,56,NCA-ECC,2-13-1,POLICY,PLAN,Planning,التخطيط,2,7,Control Owner,False
2451,205,56,NCA-ECC,2-13-1,POLICY,COLLECT,Collection,الجمع,3,14,Evidence Collector,False
2452,205,56,NCA-ECC,2-13-1,POLICY,VALIDATE,Validation,التحقق,4,7,Quality Reviewer,False
2453,205,56,NCA-ECC,2-13-1,POLICY,APPROVE,Approval,الموافقة,5,5,Manager/CISO,False
2454,205,56,NCA-ECC,2-13-1,POLICY,STORE,Storage,التخزين,6,1,GRC Platform,True
2455,205,56,NCA-ECC,2-13-1,POLICY,USE,Active Use,الاستخدام النشط,7,365,Audit Function,True
2456,205,56,NCA-ECC,2-13-1,POLICY,REVIEW,Periodic Review,المراجعة الدورية,8,30,Internal Audit,False
2457,205,56,NCA-ECC,2-13-1,POLICY,REFRESH,Refresh,التحديث,9,14,Control Owner,False
2458,205,56,NCA-ECC,2-13-1,POLICY,RETAIN,Retention,الاحتفاظ,10,1080,Records Manager,True
2459,205,56,NCA-ECC,2-13-1,POLICY,ARCHIVE,Archive,الأرشفة,11,1,IT Operations,False
2460,205,56,NCA-ECC,2-13-1,POLICY,DISPOSE,Disposal,التخلص,12,1,Records Manager,False
2461,206,56,NCA-ECC,2-13-1,TRAINING_RECORD,DEFINE,Definition,التعريف,1,7,Compliance Officer,False
2462,206,56,NCA-ECC,2-13-1,TRAINING_RECORD,PLAN,Planning,التخطيط,2,7,Control Owner,False
2463,206,56,NCA-ECC,2-13-1,TRAINING_RECORD,COLLECT,Collection,الجمع,3,14,Evidence Collector,False
2464,206,56,NCA-ECC,2-13-1,TRAINING_RECORD,VALIDATE,Validation,التحقق,4,7,Quality Reviewer,False
2465,206,56,NCA-ECC,2-13-1,TRAINING_RECORD,APPROVE,Approval,الموافقة,5,5,Manager/CISO,False
2466,206,56,NCA-ECC,2-13-1,TRAINING_RECORD,STORE,Storage,التخزين,6,1,GRC Platform,True
2467,206,56,NCA-ECC,2-13-1,TRAINING_RECORD,USE,Active Use,الاستخدام النشط,7,365,Audit Function,True
2468,206,56,NCA-ECC,2-13-1,TRAINING_RECORD,REVIEW,Periodic Review,المراجعة الدورية,8,30,Internal Audit,False
2469,206,56,NCA-ECC,2-13-1,TRAINING_RECORD,REFRESH,Refresh,التحديث,9,14,Control Owner,False
2470,206,56,NCA-ECC,2-13-1,TRAINING_RECORD,RETAIN,Retention,الاحتفاظ,10,1800,Records Manager,True
2471,206,56,NCA-ECC,2-13-1,TRAINING_RECORD,ARCHIVE,Archive,الأرشفة,11,1,IT Operations,False
2472,206,56,NCA-ECC,2-13-1,TRAINING_RECORD,DISPOSE,Disposal,التخلص,12,1,Records Manager,False
2473,207,57,NCA-ECC,2-13-2,INCIDENT_REPORT,DEFINE,Definition,التعريف,1,7,Compliance Officer,False
2474,207,57,NCA-ECC,2-13-2,INCIDENT_REPORT,PLAN,Planning,التخطيط,2,7,Control Owner,False
2475,207,57,NCA-ECC,2-13-2,INCIDENT_REPORT,COLLECT,Collection,الجمع,3,14,Evidence Collector,False
2476,207,57,NCA-ECC,2-13-2,INCIDENT_REPORT,VALIDATE,Validation,التحقق,4,7,Quality Reviewer,False
2477,207,57,NCA-ECC,2-13-2,INCIDENT_REPORT,APPROVE,Approval,الموافقة,5,5,Manager/CISO,False
2478,207,57,NCA-ECC,2-13-2,INCIDENT_REPORT,STORE,Storage,التخزين,6,1,GRC Platform,True
2479,207,57,NCA-ECC,2-13-2,INCIDENT_REPORT,USE,Active Use,الاستخدام النشط,7,365,Audit Function,True
2480,207,57,NCA-ECC,2-13-2,INCIDENT_REPORT,REVIEW,Periodic Review,المراجعة الدورية,8,30,Internal Audit,False
2481,207,57,NCA-ECC,2-13-2,INCIDENT_REPORT,REFRESH,Refresh,التحديث,9,14,Control Owner,False
2482,207,57,NCA-ECC,2-13-2,INCIDENT_REPORT,RETAIN,Retention,الاحتفاظ,10,1800,Records Manager,True
2483,207,57,NCA-ECC,2-13-2,INCIDENT_REPORT,ARCHIVE,Archive,الأرشفة,11,1,IT Operations,False
2484,207,57,NCA-ECC,2-13-2,INCIDENT_REPORT,DISPOSE,Disposal,التخلص,12,1,Records Manager,False
2485,208,57,NCA-ECC,2-13-2,NCA_NOTIFICATION,DEFINE,Definition,التعريف,1,7,Compliance Officer,False
2486,208,57,NCA-ECC,2-13-2,NCA_NOTIFICATION,PLAN,Planning,التخطيط,2,7,Control Owner,False
2487,208,57,NCA-ECC,2-13-2,NCA_NOTIFICATION,COLLECT,Collection,الجمع,3,14,Evidence Collector,False
2488,208,57,NCA-ECC,2-13-2,NCA_NOTIFICATION,VALIDATE,Validation,التحقق,4,7,Quality Reviewer,False
2489,208,57,NCA-ECC,2-13-2,NCA_NOTIFICATION,APPROVE,Approval,الموافقة,5,5,Manager/CISO,False
2490,208,57,NCA-ECC,2-13-2,NCA_NOTIFICATION,STORE,Storage,التخزين,6,1,GRC Platform,True
2491,208,57,NCA-ECC,2-13-2,NCA_NOTIFICATION,USE,Active Use,الاستخدام النشط,7,365,Audit Function,True
2492,208,57,NCA-ECC,2-13-2,NCA_NOTIFICATION,REVIEW,Periodic Review,المراجعة الدورية,8,30,Internal Audit,False
2493,208,57,NCA-ECC,2-13-2,NCA_NOTIFICATION,REFRESH,Refresh,التحديث,9,14,Control Owner,False
2494,208,57,NCA-ECC,2-13-2,NCA_NOTIFICATION,RETAIN,Retention,الاحتفاظ,10,2520,Records Manager,True
2495,208,57,NCA-ECC,2-13-2,NCA_NOTIFICATION,ARCHIVE,Archive,الأرشفة,11,1,IT Operations,False
2496,208,57,NCA-ECC,2-13-2,NCA_NOTIFICATION,DISPOSE,Disposal,التخلص,12,1,Records Manager,False
2497,209,57,NCA-ECC,2-13-2,TIMELINE,DEFINE,Definition,التعريف,1,7,Compliance Officer,False
2498,209,57,NCA-ECC,2-13-2,TIMELINE,PLAN,Planning,التخطيط,2,7,Control Owner,False
2499,209,57,NCA-ECC,2-13-2,TIMELINE,COLLECT,Collection,الجمع,3,14,Evidence Collector,False
2500,209,57,NCA-ECC,2-13-2,TIMELINE,VALIDATE,Validation,التحقق,4,7,Quality Reviewer,False
2501,209,57,NCA-ECC,2-13-2,TIMELINE,APPROVE,Approval,الموافقة,5,5,Manager/CISO,False
2502,209,57,NCA-ECC,2-13-2,TIMELINE,STORE,Storage,التخزين,6,1,GRC Platform,True
2503,209,57,NCA-ECC,2-13-2,TIMELINE,USE,Active Use,الاستخدام النشط,7,365,Audit Function,True
2504,209,57,NCA-ECC,2-13-2,TIMELINE,REVIEW,Periodic Review,المراجعة الدورية,8,30,Internal Audit,False
2505,209,57,NCA-ECC,2-13-2,TIMELINE,REFRESH,Refresh,التحديث,9,14,Control Owner,False
2506,209,57,NCA-ECC,2-13-2,TIMELINE,RETAIN,Retention,الاحتفاظ,10,1800,Records Manager,True
2507,209,57,NCA-ECC,2-13-2,TIMELINE,ARCHIVE,Archive,الأرشفة,11,1,IT Operations,False
2508,209,57,NCA-ECC,2-13-2,TIMELINE,DISPOSE,Disposal,التخلص,12,1,Records Manager,False
2509,210,57,NCA-ECC,2-13-2,AUDIT_LOG,DEFINE,Definition,التعريف,1,7,Compliance Officer,False
2510,210,57,NCA-ECC,2-13-2,AUDIT_LOG,PLAN,Planning,التخطيط,2,7,Control Owner,False
2511,210,57,NCA-ECC,2-13-2,AUDIT_LOG,COLLECT,Collection,الجمع,3,14,Evidence Collector,False
2512,210,57,NCA-ECC,2-13-2,AUDIT_LOG,VALIDATE,Validation,التحقق,4,7,Quality Reviewer,False
2513,210,57,NCA-ECC,2-13-2,AUDIT_LOG,APPROVE,Approval,الموافقة,5,5,Manager/CISO,False
2514,210,57,NCA-ECC,2-13-2,AUDIT_LOG,STORE,Storage,التخزين,6,1,GRC Platform,True
2515,210,57,NCA-ECC,2-13-2,AUDIT_LOG,USE,Active Use,الاستخدام النشط,7,365,Audit Function,True
2516,210,57,NCA-ECC,2-13-2,AUDIT_LOG,REVIEW,Periodic Review,المراجعة الدورية,8,30,Internal Audit,False
2517,210,57,NCA-ECC,2-13-2,AUDIT_LOG,REFRESH,Refresh,التحديث,9,14,Control Owner,False
2518,210,57,NCA-ECC,2-13-2,AUDIT_LOG,RETAIN,Retention,الاحتفاظ,10,720,Records Manager,True
2519,210,57,NCA-ECC,2-13-2,AUDIT_LOG,ARCHIVE,Archive,الأرشفة,11,1,IT Operations,False
2520,210,57,NCA-ECC,2-13-2,AUDIT_LOG,DISPOSE,Disposal,التخلص,12,1,Records Manager,False
2521,211,58,NCA-ECC,2-14-1,ACCESS_LOG,DEFINE,Definition,التعريف,1,7,Compliance Officer,False
2522,211,58,NCA-ECC,2-14-1,ACCESS_LOG,PLAN,Planning,التخطيط,2,7,Control Owner,False
2523,211,58,NCA-ECC,2-14-1,ACCESS_LOG,COLLECT,Collection,الجمع,3,14,Evidence Collector,False
2524,211,58,NCA-ECC,2-14-1,ACCESS_LOG,VALIDATE,Validation,التحقق,4,7,Quality Reviewer,False
2525,211,58,NCA-ECC,2-14-1,ACCESS_LOG,APPROVE,Approval,الموافقة,5,5,Manager/CISO,False
2526,211,58,NCA-ECC,2-14-1,ACCESS_LOG,STORE,Storage,التخزين,6,1,GRC Platform,True
2527,211,58,NCA-ECC,2-14-1,ACCESS_LOG,USE,Active Use,الاستخدام النشط,7,365,Audit Function,True
2528,211,58,NCA-ECC,2-14-1,ACCESS_LOG,REVIEW,Periodic Review,المراجعة الدورية,8,30,Internal Audit,False
2529,211,58,NCA-ECC,2-14-1,ACCESS_LOG,REFRESH,Refresh,التحديث,9,14,Control Owner,False
2530,211,58,NCA-ECC,2-14-1,ACCESS_LOG,RETAIN,Retention,الاحتفاظ,10,360,Records Manager,True
2531,211,58,NCA-ECC,2-14-1,ACCESS_LOG,ARCHIVE,Archive,الأرشفة,11,1,IT Operations,False
2532,211,58,NCA-ECC,2-14-1,ACCESS_LOG,DISPOSE,Disposal,التخلص,12,1,Records Manager,False
2533,212,58,NCA-ECC,2-14-1,POLICY,DEFINE,Definition,التعريف,1,7,Compliance Officer,False
2534,212,58,NCA-ECC,2-14-1,POLICY,PLAN,Planning,التخطيط,2,7,Control Owner,False
2535,212,58,NCA-ECC,2-14-1,POLICY,COLLECT,Collection,الجمع,3,14,Evidence Collector,False
2536,212,58,NCA-ECC,2-14-1,POLICY,VALIDATE,Validation,التحقق,4,7,Quality Reviewer,False
2537,212,58,NCA-ECC,2-14-1,POLICY,APPROVE,Approval,الموافقة,5,5,Manager/CISO,False
2538,212,58,NCA-ECC,2-14-1,POLICY,STORE,Storage,التخزين,6,1,GRC Platform,True
2539,212,58,NCA-ECC,2-14-1,POLICY,USE,Active Use,الاستخدام النشط,7,365,Audit Function,True
2540,212,58,NCA-ECC,2-14-1,POLICY,REVIEW,Periodic Review,المراجعة الدورية,8,30,Internal Audit,False
2541,212,58,NCA-ECC,2-14-1,POLICY,REFRESH,Refresh,التحديث,9,14,Control Owner,False
2542,212,58,NCA-ECC,2-14-1,POLICY,RETAIN,Retention,الاحتفاظ,10,1080,Records Manager,True
2543,212,58,NCA-ECC,2-14-1,POLICY,ARCHIVE,Archive,الأرشفة,11,1,IT Operations,False
2544,212,58,NCA-ECC,2-14-1,POLICY,DISPOSE,Disposal,التخلص,12,1,Records Manager,False
2545,213,58,NCA-ECC,2-14-1,BADGE_RECORDS,DEFINE,Definition,التعريف,1,7,Compliance Officer,False
2546,213,58,NCA-ECC,2-14-1,BADGE_RECORDS,PLAN,Planning,التخطيط,2,7,Control Owner,False
2547,213,58,NCA-ECC,2-14-1,BADGE_RECORDS,COLLECT,Collection,الجمع,3,14,Evidence Collector,False
2548,213,58,NCA-ECC,2-14-1,BADGE_RECORDS,VALIDATE,Validation,التحقق,4,7,Quality Reviewer,False
2549,213,58,NCA-ECC,2-14-1,BADGE_RECORDS,APPROVE,Approval,الموافقة,5,5,Manager/CISO,False
2550,213,58,NCA-ECC,2-14-1,BADGE_RECORDS,STORE,Storage,التخزين,6,1,GRC Platform,True
2551,213,58,NCA-ECC,2-14-1,BADGE_RECORDS,USE,Active Use,الاستخدام النشط,7,365,Audit Function,True
2552,213,58,NCA-ECC,2-14-1,BADGE_RECORDS,REVIEW,Periodic Review,المراجعة الدورية,8,30,Internal Audit,False
2553,213,58,NCA-ECC,2-14-1,BADGE_RECORDS,REFRESH,Refresh,التحديث,9,14,Control Owner,False
2554,213,58,NCA-ECC,2-14-1,BADGE_RECORDS,RETAIN,Retention,الاحتفاظ,10,720,Records Manager,True
2555,213,58,NCA-ECC,2-14-1,BADGE_RECORDS,ARCHIVE,Archive,الأرشفة,11,1,IT Operations,False
2556,213,58,NCA-ECC,2-14-1,BADGE_RECORDS,DISPOSE,Disposal,التخلص,12,1,Records Manager,False
2557,214,58,NCA-ECC,2-14-1,CCTV_RECORDS,DEFINE,Definition,التعريف,1,7,Compliance Officer,False
2558,214,58,NCA-ECC,2-14-1,CCTV_RECORDS,PLAN,Planning,التخطيط,2,7,Control Owner,False
2559,214,58,NCA-ECC,2-14-1,CCTV_RECORDS,COLLECT,Collection,الجمع,3,14,Evidence Collector,False
2560,214,58,NCA-ECC,2-14-1,CCTV_RECORDS,VALIDATE,Validation,التحقق,4,7,Quality Reviewer,False
2561,214,58,NCA-ECC,2-14-1,CCTV_RECORDS,APPROVE,Approval,الموافقة,5,5,Manager/CISO,False
2562,214,58,NCA-ECC,2-14-1,CCTV_RECORDS,STORE,Storage,التخزين,6,1,GRC Platform,True
2563,214,58,NCA-ECC,2-14-1,CCTV_RECORDS,USE,Active Use,الاستخدام النشط,7,365,Audit Function,True
2564,214,58,NCA-ECC,2-14-1,CCTV_RECORDS,REVIEW,Periodic Review,المراجعة الدورية,8,30,Internal Audit,False
2565,214,58,NCA-ECC,2-14-1,CCTV_RECORDS,REFRESH,Refresh,التحديث,9,14,Control Owner,False
2566,214,58,NCA-ECC,2-14-1,CCTV_RECORDS,RETAIN,Retention,الاحتفاظ,10,180,Records Manager,True
2567,214,58,NCA-ECC,2-14-1,CCTV_RECORDS,ARCHIVE,Archive,الأرشفة,11,1,IT Operations,False
2568,214,58,NCA-ECC,2-14-1,CCTV_RECORDS,DISPOSE,Disposal,التخلص,12,1,Records Manager,False
2569,215,59,NCA-ECC,2-15-1,CONFIGURATION,DEFINE,Definition,التعريف,1,7,Compliance Officer,False
2570,215,59,NCA-ECC,2-15-1,CONFIGURATION,PLAN,Planning,التخطيط,2,7,Control Owner,False
2571,215,59,NCA-ECC,2-15-1,CONFIGURATION,COLLECT,Collection,الجمع,3,14,Evidence Collector,False
2572,215,59,NCA-ECC,2-15-1,CONFIGURATION,VALIDATE,Validation,التحقق,4,7,Quality Reviewer,False
2573,215,59,NCA-ECC,2-15-1,CONFIGURATION,APPROVE,Approval,الموافقة,5,5,Manager/CISO,False
2574,215,59,NCA-ECC,2-15-1,CONFIGURATION,STORE,Storage,التخزين,6,1,GRC Platform,True
2575,215,59,NCA-ECC,2-15-1,CONFIGURATION,USE,Active Use,الاستخدام النشط,7,365,Audit Function,True
2576,215,59,NCA-ECC,2-15-1,CONFIGURATION,REVIEW,Periodic Review,المراجعة الدورية,8,30,Internal Audit,False
2577,215,59,NCA-ECC,2-15-1,CONFIGURATION,REFRESH,Refresh,التحديث,9,14,Control Owner,False
2578,215,59,NCA-ECC,2-15-1,CONFIGURATION,RETAIN,Retention,الاحتفاظ,10,720,Records Manager,True
2579,215,59,NCA-ECC,2-15-1,CONFIGURATION,ARCHIVE,Archive,الأرشفة,11,1,IT Operations,False
2580,215,59,NCA-ECC,2-15-1,CONFIGURATION,DISPOSE,Disposal,التخلص,12,1,Records Manager,False
2581,216,59,NCA-ECC,2-15-1,LOG,DEFINE,Definition,التعريف,1,7,Compliance Officer,False
2582,216,59,NCA-ECC,2-15-1,LOG,PLAN,Planning,التخطيط,2,7,Control Owner,False
2583,216,59,NCA-ECC,2-15-1,LOG,COLLECT,Collection,الجمع,3,14,Evidence Collector,False
2584,216,59,NCA-ECC,2-15-1,LOG,VALIDATE,Validation,التحقق,4,7,Quality Reviewer,False
2585,216,59,NCA-ECC,2-15-1,LOG,APPROVE,Approval,الموافقة,5,5,Manager/CISO,False
2586,216,59,NCA-ECC,2-15-1,LOG,STORE,Storage,التخزين,6,1,GRC Platform,True
2587,216,59,NCA-ECC,2-15-1,LOG,USE,Active Use,الاستخدام النشط,7,365,Audit Function,True
2588,216,59,NCA-ECC,2-15-1,LOG,REVIEW,Periodic Review,المراجعة الدورية,8,30,Internal Audit,False
2589,216,59,NCA-ECC,2-15-1,LOG,REFRESH,Refresh,التحديث,9,14,Control Owner,False
2590,216,59,NCA-ECC,2-15-1,LOG,RETAIN,Retention,الاحتفاظ,10,360,Records Manager,True
2591,216,59,NCA-ECC,2-15-1,LOG,ARCHIVE,Archive,الأرشفة,11,1,IT Operations,False
2592,216,59,NCA-ECC,2-15-1,LOG,DISPOSE,Disposal,التخلص,12,1,Records Manager,False
2593,217,59,NCA-ECC,2-15-1,POLICY,DEFINE,Definition,التعريف,1,7,Compliance Officer,False
2594,217,59,NCA-ECC,2-15-1,POLICY,PLAN,Planning,التخطيط,2,7,Control Owner,False
2595,217,59,NCA-ECC,2-15-1,POLICY,COLLECT,Collection,الجمع,3,14,Evidence Collector,False
2596,217,59,NCA-ECC,2-15-1,POLICY,VALIDATE,Validation,التحقق,4,7,Quality Reviewer,False
2597,217,59,NCA-ECC,2-15-1,POLICY,APPROVE,Approval,الموافقة,5,5,Manager/CISO,False
2598,217,59,NCA-ECC,2-15-1,POLICY,STORE,Storage,التخزين,6,1,GRC Platform,True
2599,217,59,NCA-ECC,2-15-1,POLICY,USE,Active Use,الاستخدام النشط,7,365,Audit Function,True
2600,217,59,NCA-ECC,2-15-1,POLICY,REVIEW,Periodic Review,المراجعة الدورية,8,30,Internal Audit,False
2601,217,59,NCA-ECC,2-15-1,POLICY,REFRESH,Refresh,التحديث,9,14,Control Owner,False
2602,217,59,NCA-ECC,2-15-1,POLICY,RETAIN,Retention,الاحتفاظ,10,1080,Records Manager,True
2603,217,59,NCA-ECC,2-15-1,POLICY,ARCHIVE,Archive,الأرشفة,11,1,IT Operations,False
2604,217,59,NCA-ECC,2-15-1,POLICY,DISPOSE,Disposal,التخلص,12,1,Records Manager,False
2605,218,59,NCA-ECC,2-15-1,TEST_RESULT,DEFINE,Definition,التعريف,1,7,Compliance Officer,False
2606,218,59,NCA-ECC,2-15-1,TEST_RESULT,PLAN,Planning,التخطيط,2,7,Control Owner,False
2607,218,59,NCA-ECC,2-15-1,TEST_RESULT,COLLECT,Collection,الجمع,3,14,Evidence Collector,False
2608,218,59,NCA-ECC,2-15-1,TEST_RESULT,VALIDATE,Validation,التحقق,4,7,Quality Reviewer,False
2609,218,59,NCA-ECC,2-15-1,TEST_RESULT,APPROVE,Approval,الموافقة,5,5,Manager/CISO,False
2610,218,59,NCA-ECC,2-15-1,TEST_RESULT,STORE,Storage,التخزين,6,1,GRC Platform,True
2611,218,59,NCA-ECC,2-15-1,TEST_RESULT,USE,Active Use,الاستخدام النشط,7,365,Audit Function,True
2612,218,59,NCA-ECC,2-15-1,TEST_RESULT,REVIEW,Periodic Review,المراجعة الدورية,8,30,Internal Audit,False
2613,218,59,NCA-ECC,2-15-1,TEST_RESULT,REFRESH,Refresh,التحديث,9,14,Control Owner,False
2614,218,59,NCA-ECC,2-15-1,TEST_RESULT,RETAIN,Retention,الاحتفاظ,10,1080,Records Manager,True
2615,218,59,NCA-ECC,2-15-1,TEST_RESULT,ARCHIVE,Archive,الأرشفة,11,1,IT Operations,False
2616,218,59,NCA-ECC,2-15-1,TEST_RESULT,DISPOSE,Disposal,التخلص,12,1,Records Manager,False
2617,219,60,NCA-ECC,2-15-2,POLICY,DEFINE,Definition,التعريف,1,7,Compliance Officer,False
2618,219,60,NCA-ECC,2-15-2,POLICY,PLAN,Planning,التخطيط,2,7,Control Owner,False
2619,219,60,NCA-ECC,2-15-2,POLICY,COLLECT,Collection,الجمع,3,14,Evidence Collector,False
2620,219,60,NCA-ECC,2-15-2,POLICY,VALIDATE,Validation,التحقق,4,7,Quality Reviewer,False
2621,219,60,NCA-ECC,2-15-2,POLICY,APPROVE,Approval,الموافقة,5,5,Manager/CISO,False
2622,219,60,NCA-ECC,2-15-2,POLICY,STORE,Storage,التخزين,6,1,GRC Platform,True
2623,219,60,NCA-ECC,2-15-2,POLICY,USE,Active Use,الاستخدام النشط,7,365,Audit Function,True
2624,219,60,NCA-ECC,2-15-2,POLICY,REVIEW,Periodic Review,المراجعة الدورية,8,30,Internal Audit,False
2625,219,60,NCA-ECC,2-15-2,POLICY,REFRESH,Refresh,التحديث,9,14,Control Owner,False
2626,219,60,NCA-ECC,2-15-2,POLICY,RETAIN,Retention,الاحتفاظ,10,1080,Records Manager,True
2627,219,60,NCA-ECC,2-15-2,POLICY,ARCHIVE,Archive,الأرشفة,11,1,IT Operations,False
2628,219,60,NCA-ECC,2-15-2,POLICY,DISPOSE,Disposal,التخلص,12,1,Records Manager,False
2629,220,60,NCA-ECC,2-15-2,CODE_REVIEW_REPORT,DEFINE,Definition,التعريف,1,7,Compliance Officer,False
2630,220,60,NCA-ECC,2-15-2,CODE_REVIEW_REPORT,PLAN,Planning,التخطيط,2,7,Control Owner,False
2631,220,60,NCA-ECC,2-15-2,CODE_REVIEW_REPORT,COLLECT,Collection,الجمع,3,14,Evidence Collector,False
2632,220,60,NCA-ECC,2-15-2,CODE_REVIEW_REPORT,VALIDATE,Validation,التحقق,4,7,Quality Reviewer,False
2633,220,60,NCA-ECC,2-15-2,CODE_REVIEW_REPORT,APPROVE,Approval,الموافقة,5,5,Manager/CISO,False
2634,220,60,NCA-ECC,2-15-2,CODE_REVIEW_REPORT,STORE,Storage,التخزين,6,1,GRC Platform,True
2635,220,60,NCA-ECC,2-15-2,CODE_REVIEW_REPORT,USE,Active Use,الاستخدام النشط,7,365,Audit Function,True
2636,220,60,NCA-ECC,2-15-2,CODE_REVIEW_REPORT,REVIEW,Periodic Review,المراجعة الدورية,8,30,Internal Audit,False
2637,220,60,NCA-ECC,2-15-2,CODE_REVIEW_REPORT,REFRESH,Refresh,التحديث,9,14,Control Owner,False
2638,220,60,NCA-ECC,2-15-2,CODE_REVIEW_REPORT,RETAIN,Retention,الاحتفاظ,10,720,Records Manager,True
2639,220,60,NCA-ECC,2-15-2,CODE_REVIEW_REPORT,ARCHIVE,Archive,الأرشفة,11,1,IT Operations,False
2640,220,60,NCA-ECC,2-15-2,CODE_REVIEW_REPORT,DISPOSE,Disposal,التخلص,12,1,Records Manager,False
2641,221,60,NCA-ECC,2-15-2,SAST_REPORT,DEFINE,Definition,التعريف,1,7,Compliance Officer,False
2642,221,60,NCA-ECC,2-15-2,SAST_REPORT,PLAN,Planning,التخطيط,2,7,Control Owner,False
2643,221,60,NCA-ECC,2-15-2,SAST_REPORT,COLLECT,Collection,الجمع,3,14,Evidence Collector,False
2644,221,60,NCA-ECC,2-15-2,SAST_REPORT,VALIDATE,Validation,التحقق,4,7,Quality Reviewer,False
2645,221,60,NCA-ECC,2-15-2,SAST_REPORT,APPROVE,Approval,الموافقة,5,5,Manager/CISO,False
2646,221,60,NCA-ECC,2-15-2,SAST_REPORT,STORE,Storage,التخزين,6,1,GRC Platform,True
2647,221,60,NCA-ECC,2-15-2,SAST_REPORT,USE,Active Use,الاستخدام النشط,7,365,Audit Function,True
2648,221,60,NCA-ECC,2-15-2,SAST_REPORT,REVIEW,Periodic Review,المراجعة الدورية,8,30,Internal Audit,False
2649,221,60,NCA-ECC,2-15-2,SAST_REPORT,REFRESH,Refresh,التحديث,9,14,Control Owner,False
2650,221,60,NCA-ECC,2-15-2,SAST_REPORT,RETAIN,Retention,الاحتفاظ,10,720,Records Manager,True
2651,221,60,NCA-ECC,2-15-2,SAST_REPORT,ARCHIVE,Archive,الأرشفة,11,1,IT Operations,False
2652,221,60,NCA-ECC,2-15-2,SAST_REPORT,DISPOSE,Disposal,التخلص,12,1,Records Manager,False
2653,222,60,NCA-ECC,2-15-2,DAST_REPORT,DEFINE,Definition,التعريف,1,7,Compliance Officer,False
2654,222,60,NCA-ECC,2-15-2,DAST_REPORT,PLAN,Planning,التخطيط,2,7,Control Owner,False
2655,222,60,NCA-ECC,2-15-2,DAST_REPORT,COLLECT,Collection,الجمع,3,14,Evidence Collector,False
2656,222,60,NCA-ECC,2-15-2,DAST_REPORT,VALIDATE,Validation,التحقق,4,7,Quality Reviewer,False
2657,222,60,NCA-ECC,2-15-2,DAST_REPORT,APPROVE,Approval,الموافقة,5,5,Manager/CISO,False
2658,222,60,NCA-ECC,2-15-2,DAST_REPORT,STORE,Storage,التخزين,6,1,GRC Platform,True
2659,222,60,NCA-ECC,2-15-2,DAST_REPORT,USE,Active Use,الاستخدام النشط,7,365,Audit Function,True
2660,222,60,NCA-ECC,2-15-2,DAST_REPORT,REVIEW,Periodic Review,المراجعة الدورية,8,30,Internal Audit,False
2661,222,60,NCA-ECC,2-15-2,DAST_REPORT,REFRESH,Refresh,التحديث,9,14,Control Owner,False
2662,222,60,NCA-ECC,2-15-2,DAST_REPORT,RETAIN,Retention,الاحتفاظ,10,720,Records Manager,True
2663,222,60,NCA-ECC,2-15-2,DAST_REPORT,ARCHIVE,Archive,الأرشفة,11,1,IT Operations,False
2664,222,60,NCA-ECC,2-15-2,DAST_REPORT,DISPOSE,Disposal,التخلص,12,1,Records Manager,False
2665,223,61,NCA-ECC,3-1-1,BCP_DRP,DEFINE,Definition,التعريف,1,7,Compliance Officer,False
2666,223,61,NCA-ECC,3-1-1,BCP_DRP,PLAN,Planning,التخطيط,2,7,Control Owner,False
2667,223,61,NCA-ECC,3-1-1,BCP_DRP,COLLECT,Collection,الجمع,3,14,Evidence Collector,False
2668,223,61,NCA-ECC,3-1-1,BCP_DRP,VALIDATE,Validation,التحقق,4,7,Quality Reviewer,False
2669,223,61,NCA-ECC,3-1-1,BCP_DRP,APPROVE,Approval,الموافقة,5,5,Manager/CISO,False
2670,223,61,NCA-ECC,3-1-1,BCP_DRP,STORE,Storage,التخزين,6,1,GRC Platform,True
2671,223,61,NCA-ECC,3-1-1,BCP_DRP,USE,Active Use,الاستخدام النشط,7,365,Audit Function,True
2672,223,61,NCA-ECC,3-1-1,BCP_DRP,REVIEW,Periodic Review,المراجعة الدورية,8,30,Internal Audit,False
2673,223,61,NCA-ECC,3-1-1,BCP_DRP,REFRESH,Refresh,التحديث,9,14,Control Owner,False
2674,223,61,NCA-ECC,3-1-1,BCP_DRP,RETAIN,Retention,الاحتفاظ,10,1080,Records Manager,True
2675,223,61,NCA-ECC,3-1-1,BCP_DRP,ARCHIVE,Archive,الأرشفة,11,1,IT Operations,False
2676,223,61,NCA-ECC,3-1-1,BCP_DRP,DISPOSE,Disposal,التخلص,12,1,Records Manager,False
2677,224,61,NCA-ECC,3-1-1,RISK_ASSESSMENT,DEFINE,Definition,التعريف,1,7,Compliance Officer,False
2678,224,61,NCA-ECC,3-1-1,RISK_ASSESSMENT,PLAN,Planning,التخطيط,2,7,Control Owner,False
2679,224,61,NCA-ECC,3-1-1,RISK_ASSESSMENT,COLLECT,Collection,الجمع,3,14,Evidence Collector,False
2680,224,61,NCA-ECC,3-1-1,RISK_ASSESSMENT,VALIDATE,Validation,التحقق,4,7,Quality Reviewer,False
2681,224,61,NCA-ECC,3-1-1,RISK_ASSESSMENT,APPROVE,Approval,الموافقة,5,5,Manager/CISO,False
2682,224,61,NCA-ECC,3-1-1,RISK_ASSESSMENT,STORE,Storage,التخزين,6,1,GRC Platform,True
2683,224,61,NCA-ECC,3-1-1,RISK_ASSESSMENT,USE,Active Use,الاستخدام النشط,7,365,Audit Function,True
2684,224,61,NCA-ECC,3-1-1,RISK_ASSESSMENT,REVIEW,Periodic Review,المراجعة الدورية,8,30,Internal Audit,False
2685,224,61,NCA-ECC,3-1-1,RISK_ASSESSMENT,REFRESH,Refresh,التحديث,9,14,Control Owner,False
2686,224,61,NCA-ECC,3-1-1,RISK_ASSESSMENT,RETAIN,Retention,الاحتفاظ,10,1080,Records Manager,True
2687,224,61,NCA-ECC,3-1-1,RISK_ASSESSMENT,ARCHIVE,Archive,الأرشفة,11,1,IT Operations,False
2688,224,61,NCA-ECC,3-1-1,RISK_ASSESSMENT,DISPOSE,Disposal,التخلص,12,1,Records Manager,False
2689,225,61,NCA-ECC,3-1-1,POLICY,DEFINE,Definition,التعريف,1,7,Compliance Officer,False
2690,225,61,NCA-ECC,3-1-1,POLICY,PLAN,Planning,التخطيط,2,7,Control Owner,False
2691,225,61,NCA-ECC,3-1-1,POLICY,COLLECT,Collection,الجمع,3,14,Evidence Collector,False
2692,225,61,NCA-ECC,3-1-1,POLICY,VALIDATE,Validation,التحقق,4,7,Quality Reviewer,False
2693,225,61,NCA-ECC,3-1-1,POLICY,APPROVE,Approval,الموافقة,5,5,Manager/CISO,False
2694,225,61,NCA-ECC,3-1-1,POLICY,STORE,Storage,التخزين,6,1,GRC Platform,True
2695,225,61,NCA-ECC,3-1-1,POLICY,USE,Active Use,الاستخدام النشط,7,365,Audit Function,True
2696,225,61,NCA-ECC,3-1-1,POLICY,REVIEW,Periodic Review,المراجعة الدورية,8,30,Internal Audit,False
2697,225,61,NCA-ECC,3-1-1,POLICY,REFRESH,Refresh,التحديث,9,14,Control Owner,False
2698,225,61,NCA-ECC,3-1-1,POLICY,RETAIN,Retention,الاحتفاظ,10,1080,Records Manager,True
2699,225,61,NCA-ECC,3-1-1,POLICY,ARCHIVE,Archive,الأرشفة,11,1,IT Operations,False
2700,225,61,NCA-ECC,3-1-1,POLICY,DISPOSE,Disposal,التخلص,12,1,Records Manager,False
2701,226,61,NCA-ECC,3-1-1,TEST_RESULT,DEFINE,Definition,التعريف,1,7,Compliance Officer,False
2702,226,61,NCA-ECC,3-1-1,TEST_RESULT,PLAN,Planning,التخطيط,2,7,Control Owner,False
2703,226,61,NCA-ECC,3-1-1,TEST_RESULT,COLLECT,Collection,الجمع,3,14,Evidence Collector,False
2704,226,61,NCA-ECC,3-1-1,TEST_RESULT,VALIDATE,Validation,التحقق,4,7,Quality Reviewer,False
2705,226,61,NCA-ECC,3-1-1,TEST_RESULT,APPROVE,Approval,الموافقة,5,5,Manager/CISO,False
2706,226,61,NCA-ECC,3-1-1,TEST_RESULT,STORE,Storage,التخزين,6,1,GRC Platform,True
2707,226,61,NCA-ECC,3-1-1,TEST_RESULT,USE,Active Use,الاستخدام النشط,7,365,Audit Function,True
2708,226,61,NCA-ECC,3-1-1,TEST_RESULT,REVIEW,Periodic Review,المراجعة الدورية,8,30,Internal Audit,False
2709,226,61,NCA-ECC,3-1-1,TEST_RESULT,REFRESH,Refresh,التحديث,9,14,Control Owner,False
2710,226,61,NCA-ECC,3-1-1,TEST_RESULT,RETAIN,Retention,الاحتفاظ,10,1080,Records Manager,True
2711,226,61,NCA-ECC,3-1-1,TEST_RESULT,ARCHIVE,Archive,الأرشفة,11,1,IT Operations,False
2712,226,61,NCA-ECC,3-1-1,TEST_RESULT,DISPOSE,Disposal,التخلص,12,1,Records Manager,False
2713,227,62,NCA-ECC,3-1-2,BCP_DRP,DEFINE,Definition,التعريف,1,7,Compliance Officer,False
2714,227,62,NCA-ECC,3-1-2,BCP_DRP,PLAN,Planning,التخطيط,2,7,Control Owner,False
2715,227,62,NCA-ECC,3-1-2,BCP_DRP,COLLECT,Collection,الجمع,3,14,Evidence Collector,False
2716,227,62,NCA-ECC,3-1-2,BCP_DRP,VALIDATE,Validation,التحقق,4,7,Quality Reviewer,False
2717,227,62,NCA-ECC,3-1-2,BCP_DRP,APPROVE,Approval,الموافقة,5,5,Manager/CISO,False
2718,227,62,NCA-ECC,3-1-2,BCP_DRP,STORE,Storage,التخزين,6,1,GRC Platform,True
2719,227,62,NCA-ECC,3-1-2,BCP_DRP,USE,Active Use,الاستخدام النشط,7,365,Audit Function,True
2720,227,62,NCA-ECC,3-1-2,BCP_DRP,REVIEW,Periodic Review,المراجعة الدورية,8,30,Internal Audit,False
2721,227,62,NCA-ECC,3-1-2,BCP_DRP,REFRESH,Refresh,التحديث,9,14,Control Owner,False
2722,227,62,NCA-ECC,3-1-2,BCP_DRP,RETAIN,Retention,الاحتفاظ,10,1080,Records Manager,True
2723,227,62,NCA-ECC,3-1-2,BCP_DRP,ARCHIVE,Archive,الأرشفة,11,1,IT Operations,False
2724,227,62,NCA-ECC,3-1-2,BCP_DRP,DISPOSE,Disposal,التخلص,12,1,Records Manager,False
2725,228,62,NCA-ECC,3-1-2,BCP_TEST,DEFINE,Definition,التعريف,1,7,Compliance Officer,False
2726,228,62,NCA-ECC,3-1-2,BCP_TEST,PLAN,Planning,التخطيط,2,7,Control Owner,False
2727,228,62,NCA-ECC,3-1-2,BCP_TEST,COLLECT,Collection,الجمع,3,14,Evidence Collector,False
2728,228,62,NCA-ECC,3-1-2,BCP_TEST,VALIDATE,Validation,التحقق,4,7,Quality Reviewer,False
2729,228,62,NCA-ECC,3-1-2,BCP_TEST,APPROVE,Approval,الموافقة,5,5,Manager/CISO,False
2730,228,62,NCA-ECC,3-1-2,BCP_TEST,STORE,Storage,التخزين,6,1,GRC Platform,True
2731,228,62,NCA-ECC,3-1-2,BCP_TEST,USE,Active Use,الاستخدام النشط,7,365,Audit Function,True
2732,228,62,NCA-ECC,3-1-2,BCP_TEST,REVIEW,Periodic Review,المراجعة الدورية,8,30,Internal Audit,False
2733,228,62,NCA-ECC,3-1-2,BCP_TEST,REFRESH,Refresh,التحديث,9,14,Control Owner,False
2734,228,62,NCA-ECC,3-1-2,BCP_TEST,RETAIN,Retention,الاحتفاظ,10,1080,Records Manager,True
2735,228,62,NCA-ECC,3-1-2,BCP_TEST,ARCHIVE,Archive,الأرشفة,11,1,IT Operations,False
2736,228,62,NCA-ECC,3-1-2,BCP_TEST,DISPOSE,Disposal,التخلص,12,1,Records Manager,False
2737,229,62,NCA-ECC,3-1-2,REPORT,DEFINE,Definition,التعريف,1,7,Compliance Officer,False
2738,229,62,NCA-ECC,3-1-2,REPORT,PLAN,Planning,التخطيط,2,7,Control Owner,False
2739,229,62,NCA-ECC,3-1-2,REPORT,COLLECT,Collection,الجمع,3,14,Evidence Collector,False
2740,229,62,NCA-ECC,3-1-2,REPORT,VALIDATE,Validation,التحقق,4,7,Quality Reviewer,False
2741,229,62,NCA-ECC,3-1-2,REPORT,APPROVE,Approval,الموافقة,5,5,Manager/CISO,False
2742,229,62,NCA-ECC,3-1-2,REPORT,STORE,Storage,التخزين,6,1,GRC Platform,True
2743,229,62,NCA-ECC,3-1-2,REPORT,USE,Active Use,الاستخدام النشط,7,365,Audit Function,True
2744,229,62,NCA-ECC,3-1-2,REPORT,REVIEW,Periodic Review,المراجعة الدورية,8,30,Internal Audit,False
2745,229,62,NCA-ECC,3-1-2,REPORT,REFRESH,Refresh,التحديث,9,14,Control Owner,False
2746,229,62,NCA-ECC,3-1-2,REPORT,RETAIN,Retention,الاحتفاظ,10,1080,Records Manager,True
2747,229,62,NCA-ECC,3-1-2,REPORT,ARCHIVE,Archive,الأرشفة,11,1,IT Operations,False
2748,229,62,NCA-ECC,3-1-2,REPORT,DISPOSE,Disposal,التخلص,12,1,Records Manager,False
2749,230,62,NCA-ECC,3-1-2,MEETING_MINUTES,DEFINE,Definition,التعريف,1,7,Compliance Officer,False
2750,230,62,NCA-ECC,3-1-2,MEETING_MINUTES,PLAN,Planning,التخطيط,2,7,Control Owner,False
2751,230,62,NCA-ECC,3-1-2,MEETING_MINUTES,COLLECT,Collection,الجمع,3,14,Evidence Collector,False
2752,230,62,NCA-ECC,3-1-2,MEETING_MINUTES,VALIDATE,Validation,التحقق,4,7,Quality Reviewer,False
2753,230,62,NCA-ECC,3-1-2,MEETING_MINUTES,APPROVE,Approval,الموافقة,5,5,Manager/CISO,False
2754,230,62,NCA-ECC,3-1-2,MEETING_MINUTES,STORE,Storage,التخزين,6,1,GRC Platform,True
2755,230,62,NCA-ECC,3-1-2,MEETING_MINUTES,USE,Active Use,الاستخدام النشط,7,365,Audit Function,True
2756,230,62,NCA-ECC,3-1-2,MEETING_MINUTES,REVIEW,Periodic Review,المراجعة الدورية,8,30,Internal Audit,False
2757,230,62,NCA-ECC,3-1-2,MEETING_MINUTES,REFRESH,Refresh,التحديث,9,14,Control Owner,False
2758,230,62,NCA-ECC,3-1-2,MEETING_MINUTES,RETAIN,Retention,الاحتفاظ,10,1800,Records Manager,True
2759,230,62,NCA-ECC,3-1-2,MEETING_MINUTES,ARCHIVE,Archive,الأرشفة,11,1,IT Operations,False
2760,230,62,NCA-ECC,3-1-2,MEETING_MINUTES,DISPOSE,Disposal,التخلص,12,1,Records Manager,False
2761,231,63,NCA-ECC,3-1-3,TEST_RESULT,DEFINE,Definition,التعريف,1,7,Compliance Officer,False
2762,231,63,NCA-ECC,3-1-3,TEST_RESULT,PLAN,Planning,التخطيط,2,7,Control Owner,False
2763,231,63,NCA-ECC,3-1-3,TEST_RESULT,COLLECT,Collection,الجمع,3,14,Evidence Collector,False
2764,231,63,NCA-ECC,3-1-3,TEST_RESULT,VALIDATE,Validation,التحقق,4,7,Quality Reviewer,False
2765,231,63,NCA-ECC,3-1-3,TEST_RESULT,APPROVE,Approval,الموافقة,5,5,Manager/CISO,False
2766,231,63,NCA-ECC,3-1-3,TEST_RESULT,STORE,Storage,التخزين,6,1,GRC Platform,True
2767,231,63,NCA-ECC,3-1-3,TEST_RESULT,USE,Active Use,الاستخدام النشط,7,365,Audit Function,True
2768,231,63,NCA-ECC,3-1-3,TEST_RESULT,REVIEW,Periodic Review,المراجعة الدورية,8,30,Internal Audit,False
2769,231,63,NCA-ECC,3-1-3,TEST_RESULT,REFRESH,Refresh,التحديث,9,14,Control Owner,False
2770,231,63,NCA-ECC,3-1-3,TEST_RESULT,RETAIN,Retention,الاحتفاظ,10,1080,Records Manager,True
2771,231,63,NCA-ECC,3-1-3,TEST_RESULT,ARCHIVE,Archive,الأرشفة,11,1,IT Operations,False
2772,231,63,NCA-ECC,3-1-3,TEST_RESULT,DISPOSE,Disposal,التخلص,12,1,Records Manager,False
2773,232,63,NCA-ECC,3-1-3,REPORT,DEFINE,Definition,التعريف,1,7,Compliance Officer,False
2774,232,63,NCA-ECC,3-1-3,REPORT,PLAN,Planning,التخطيط,2,7,Control Owner,False
2775,232,63,NCA-ECC,3-1-3,REPORT,COLLECT,Collection,الجمع,3,14,Evidence Collector,False
2776,232,63,NCA-ECC,3-1-3,REPORT,VALIDATE,Validation,التحقق,4,7,Quality Reviewer,False
2777,232,63,NCA-ECC,3-1-3,REPORT,APPROVE,Approval,الموافقة,5,5,Manager/CISO,False
2778,232,63,NCA-ECC,3-1-3,REPORT,STORE,Storage,التخزين,6,1,GRC Platform,True
2779,232,63,NCA-ECC,3-1-3,REPORT,USE,Active Use,الاستخدام النشط,7,365,Audit Function,True
2780,232,63,NCA-ECC,3-1-3,REPORT,REVIEW,Periodic Review,المراجعة الدورية,8,30,Internal Audit,False
2781,232,63,NCA-ECC,3-1-3,REPORT,REFRESH,Refresh,التحديث,9,14,Control Owner,False
2782,232,63,NCA-ECC,3-1-3,REPORT,RETAIN,Retention,الاحتفاظ,10,1080,Records Manager,True
2783,232,63,NCA-ECC,3-1-3,REPORT,ARCHIVE,Archive,الأرشفة,11,1,IT Operations,False
2784,232,63,NCA-ECC,3-1-3,REPORT,DISPOSE,Disposal,التخلص,12,1,Records Manager,False
2785,233,63,NCA-ECC,3-1-3,INCIDENT_REPORT,DEFINE,Definition,التعريف,1,7,Compliance Officer,False
2786,233,63,NCA-ECC,3-1-3,INCIDENT_REPORT,PLAN,Planning,التخطيط,2,7,Control Owner,False
2787,233,63,NCA-ECC,3-1-3,INCIDENT_REPORT,COLLECT,Collection,الجمع,3,14,Evidence Collector,False
2788,233,63,NCA-ECC,3-1-3,INCIDENT_REPORT,VALIDATE,Validation,التحقق,4,7,Quality Reviewer,False
2789,233,63,NCA-ECC,3-1-3,INCIDENT_REPORT,APPROVE,Approval,الموافقة,5,5,Manager/CISO,False
2790,233,63,NCA-ECC,3-1-3,INCIDENT_REPORT,STORE,Storage,التخزين,6,1,GRC Platform,True
2791,233,63,NCA-ECC,3-1-3,INCIDENT_REPORT,USE,Active Use,الاستخدام النشط,7,365,Audit Function,True
2792,233,63,NCA-ECC,3-1-3,INCIDENT_REPORT,REVIEW,Periodic Review,المراجعة الدورية,8,30,Internal Audit,False
2793,233,63,NCA-ECC,3-1-3,INCIDENT_REPORT,REFRESH,Refresh,التحديث,9,14,Control Owner,False
2794,233,63,NCA-ECC,3-1-3,INCIDENT_REPORT,RETAIN,Retention,الاحتفاظ,10,1800,Records Manager,True
2795,233,63,NCA-ECC,3-1-3,INCIDENT_REPORT,ARCHIVE,Archive,الأرشفة,11,1,IT Operations,False
2796,233,63,NCA-ECC,3-1-3,INCIDENT_REPORT,DISPOSE,Disposal,التخلص,12,1,Records Manager,False
2797,234,64,NCA-ECC,3-1-4,ARCHITECTURE_DIAGRAM,DEFINE,Definition,التعريف,1,7,Compliance Officer,False
2798,234,64,NCA-ECC,3-1-4,ARCHITECTURE_DIAGRAM,PLAN,Planning,التخطيط,2,7,Control Owner,False
2799,234,64,NCA-ECC,3-1-4,ARCHITECTURE_DIAGRAM,COLLECT,Collection,الجمع,3,14,Evidence Collector,False
2800,234,64,NCA-ECC,3-1-4,ARCHITECTURE_DIAGRAM,VALIDATE,Validation,التحقق,4,7,Quality Reviewer,False
2801,234,64,NCA-ECC,3-1-4,ARCHITECTURE_DIAGRAM,APPROVE,Approval,الموافقة,5,5,Manager/CISO,False
2802,234,64,NCA-ECC,3-1-4,ARCHITECTURE_DIAGRAM,STORE,Storage,التخزين,6,1,GRC Platform,True
2803,234,64,NCA-ECC,3-1-4,ARCHITECTURE_DIAGRAM,USE,Active Use,الاستخدام النشط,7,365,Audit Function,True
2804,234,64,NCA-ECC,3-1-4,ARCHITECTURE_DIAGRAM,REVIEW,Periodic Review,المراجعة الدورية,8,30,Internal Audit,False
2805,234,64,NCA-ECC,3-1-4,ARCHITECTURE_DIAGRAM,REFRESH,Refresh,التحديث,9,14,Control Owner,False
2806,234,64,NCA-ECC,3-1-4,ARCHITECTURE_DIAGRAM,RETAIN,Retention,الاحتفاظ,10,1080,Records Manager,True
2807,234,64,NCA-ECC,3-1-4,ARCHITECTURE_DIAGRAM,ARCHIVE,Archive,الأرشفة,11,1,IT Operations,False
2808,234,64,NCA-ECC,3-1-4,ARCHITECTURE_DIAGRAM,DISPOSE,Disposal,التخلص,12,1,Records Manager,False
2809,235,64,NCA-ECC,3-1-4,TEST_RESULT,DEFINE,Definition,التعريف,1,7,Compliance Officer,False
2810,235,64,NCA-ECC,3-1-4,TEST_RESULT,PLAN,Planning,التخطيط,2,7,Control Owner,False
2811,235,64,NCA-ECC,3-1-4,TEST_RESULT,COLLECT,Collection,الجمع,3,14,Evidence Collector,False
2812,235,64,NCA-ECC,3-1-4,TEST_RESULT,VALIDATE,Validation,التحقق,4,7,Quality Reviewer,False
2813,235,64,NCA-ECC,3-1-4,TEST_RESULT,APPROVE,Approval,الموافقة,5,5,Manager/CISO,False
2814,235,64,NCA-ECC,3-1-4,TEST_RESULT,STORE,Storage,التخزين,6,1,GRC Platform,True
2815,235,64,NCA-ECC,3-1-4,TEST_RESULT,USE,Active Use,الاستخدام النشط,7,365,Audit Function,True
2816,235,64,NCA-ECC,3-1-4,TEST_RESULT,REVIEW,Periodic Review,المراجعة الدورية,8,30,Internal Audit,False
2817,235,64,NCA-ECC,3-1-4,TEST_RESULT,REFRESH,Refresh,التحديث,9,14,Control Owner,False
2818,235,64,NCA-ECC,3-1-4,TEST_RESULT,RETAIN,Retention,الاحتفاظ,10,1080,Records Manager,True
2819,235,64,NCA-ECC,3-1-4,TEST_RESULT,ARCHIVE,Archive,الأرشفة,11,1,IT Operations,False
2820,235,64,NCA-ECC,3-1-4,TEST_RESULT,DISPOSE,Disposal,التخلص,12,1,Records Manager,False
2821,236,64,NCA-ECC,3-1-4,CONTRACT,DEFINE,Definition,التعريف,1,7,Compliance Officer,False
2822,236,64,NCA-ECC,3-1-4,CONTRACT,PLAN,Planning,التخطيط,2,7,Control Owner,False
2823,236,64,NCA-ECC,3-1-4,CONTRACT,COLLECT,Collection,الجمع,3,14,Evidence Collector,False
2824,236,64,NCA-ECC,3-1-4,CONTRACT,VALIDATE,Validation,التحقق,4,7,Quality Reviewer,False
2825,236,64,NCA-ECC,3-1-4,CONTRACT,APPROVE,Approval,الموافقة,5,5,Manager/CISO,False
2826,236,64,NCA-ECC,3-1-4,CONTRACT,STORE,Storage,التخزين,6,1,GRC Platform,True
2827,236,64,NCA-ECC,3-1-4,CONTRACT,USE,Active Use,الاستخدام النشط,7,365,Audit Function,True
2828,236,64,NCA-ECC,3-1-4,CONTRACT,REVIEW,Periodic Review,المراجعة الدورية,8,30,Internal Audit,False
2829,236,64,NCA-ECC,3-1-4,CONTRACT,REFRESH,Refresh,التحديث,9,14,Control Owner,False
2830,236,64,NCA-ECC,3-1-4,CONTRACT,RETAIN,Retention,الاحتفاظ,10,2520,Records Manager,True
2831,236,64,NCA-ECC,3-1-4,CONTRACT,ARCHIVE,Archive,الأرشفة,11,1,IT Operations,False
2832,236,64,NCA-ECC,3-1-4,CONTRACT,DISPOSE,Disposal,التخلص,12,1,Records Manager,False
2833,237,64,NCA-ECC,3-1-4,REPORT,DEFINE,Definition,التعريف,1,7,Compliance Officer,False
2834,237,64,NCA-ECC,3-1-4,REPORT,PLAN,Planning,التخطيط,2,7,Control Owner,False
2835,237,64,NCA-ECC,3-1-4,REPORT,COLLECT,Collection,الجمع,3,14,Evidence Collector,False
2836,237,64,NCA-ECC,3-1-4,REPORT,VALIDATE,Validation,التحقق,4,7,Quality Reviewer,False
2837,237,64,NCA-ECC,3-1-4,REPORT,APPROVE,Approval,الموافقة,5,5,Manager/CISO,False
2838,237,64,NCA-ECC,3-1-4,REPORT,STORE,Storage,التخزين,6,1,GRC Platform,True
2839,237,64,NCA-ECC,3-1-4,REPORT,USE,Active Use,الاستخدام النشط,7,365,Audit Function,True
2840,237,64,NCA-ECC,3-1-4,REPORT,REVIEW,Periodic Review,المراجعة الدورية,8,30,Internal Audit,False
2841,237,64,NCA-ECC,3-1-4,REPORT,REFRESH,Refresh,التحديث,9,14,Control Owner,False
2842,237,64,NCA-ECC,3-1-4,REPORT,RETAIN,Retention,الاحتفاظ,10,1080,Records Manager,True
2843,237,64,NCA-ECC,3-1-4,REPORT,ARCHIVE,Archive,الأرشفة,11,1,IT Operations,False
2844,237,64,NCA-ECC,3-1-4,REPORT,DISPOSE,Disposal,التخلص,12,1,Records Manager,False
2845,238,65,NCA-ECC,4-1-1,RISK_ASSESSMENT,DEFINE,Definition,التعريف,1,7,Compliance Officer,False
2846,238,65,NCA-ECC,4-1-1,RISK_ASSESSMENT,PLAN,Planning,التخطيط,2,7,Control Owner,False
2847,238,65,NCA-ECC,4-1-1,RISK_ASSESSMENT,COLLECT,Collection,الجمع,3,14,Evidence Collector,False
2848,238,65,NCA-ECC,4-1-1,RISK_ASSESSMENT,VALIDATE,Validation,التحقق,4,7,Quality Reviewer,False
2849,238,65,NCA-ECC,4-1-1,RISK_ASSESSMENT,APPROVE,Approval,الموافقة,5,5,Manager/CISO,False
2850,238,65,NCA-ECC,4-1-1,RISK_ASSESSMENT,STORE,Storage,التخزين,6,1,GRC Platform,True
2851,238,65,NCA-ECC,4-1-1,RISK_ASSESSMENT,USE,Active Use,الاستخدام النشط,7,365,Audit Function,True
2852,238,65,NCA-ECC,4-1-1,RISK_ASSESSMENT,REVIEW,Periodic Review,المراجعة الدورية,8,30,Internal Audit,False
2853,238,65,NCA-ECC,4-1-1,RISK_ASSESSMENT,REFRESH,Refresh,التحديث,9,14,Control Owner,False
2854,238,65,NCA-ECC,4-1-1,RISK_ASSESSMENT,RETAIN,Retention,الاحتفاظ,10,1080,Records Manager,True
2855,238,65,NCA-ECC,4-1-1,RISK_ASSESSMENT,ARCHIVE,Archive,الأرشفة,11,1,IT Operations,False
2856,238,65,NCA-ECC,4-1-1,RISK_ASSESSMENT,DISPOSE,Disposal,التخلص,12,1,Records Manager,False
2857,239,65,NCA-ECC,4-1-1,DUE_DILIGENCE,DEFINE,Definition,التعريف,1,7,Compliance Officer,False
2858,239,65,NCA-ECC,4-1-1,DUE_DILIGENCE,PLAN,Planning,التخطيط,2,7,Control Owner,False
2859,239,65,NCA-ECC,4-1-1,DUE_DILIGENCE,COLLECT,Collection,الجمع,3,14,Evidence Collector,False
2860,239,65,NCA-ECC,4-1-1,DUE_DILIGENCE,VALIDATE,Validation,التحقق,4,7,Quality Reviewer,False
2861,239,65,NCA-ECC,4-1-1,DUE_DILIGENCE,APPROVE,Approval,الموافقة,5,5,Manager/CISO,False
2862,239,65,NCA-ECC,4-1-1,DUE_DILIGENCE,STORE,Storage,التخزين,6,1,GRC Platform,True
2863,239,65,NCA-ECC,4-1-1,DUE_DILIGENCE,USE,Active Use,الاستخدام النشط,7,365,Audit Function,True
2864,239,65,NCA-ECC,4-1-1,DUE_DILIGENCE,REVIEW,Periodic Review,المراجعة الدورية,8,30,Internal Audit,False
2865,239,65,NCA-ECC,4-1-1,DUE_DILIGENCE,REFRESH,Refresh,التحديث,9,14,Control Owner,False
2866,239,65,NCA-ECC,4-1-1,DUE_DILIGENCE,RETAIN,Retention,الاحتفاظ,10,1800,Records Manager,True
2867,239,65,NCA-ECC,4-1-1,DUE_DILIGENCE,ARCHIVE,Archive,الأرشفة,11,1,IT Operations,False
2868,239,65,NCA-ECC,4-1-1,DUE_DILIGENCE,DISPOSE,Disposal,التخلص,12,1,Records Manager,False
2869,240,65,NCA-ECC,4-1-1,QUESTIONNAIRE,DEFINE,Definition,التعريف,1,7,Compliance Officer,False
2870,240,65,NCA-ECC,4-1-1,QUESTIONNAIRE,PLAN,Planning,التخطيط,2,7,Control Owner,False
2871,240,65,NCA-ECC,4-1-1,QUESTIONNAIRE,COLLECT,Collection,الجمع,3,14,Evidence Collector,False
2872,240,65,NCA-ECC,4-1-1,QUESTIONNAIRE,VALIDATE,Validation,التحقق,4,7,Quality Reviewer,False
2873,240,65,NCA-ECC,4-1-1,QUESTIONNAIRE,APPROVE,Approval,الموافقة,5,5,Manager/CISO,False
2874,240,65,NCA-ECC,4-1-1,QUESTIONNAIRE,STORE,Storage,التخزين,6,1,GRC Platform,True
2875,240,65,NCA-ECC,4-1-1,QUESTIONNAIRE,USE,Active Use,الاستخدام النشط,7,365,Audit Function,True
2876,240,65,NCA-ECC,4-1-1,QUESTIONNAIRE,REVIEW,Periodic Review,المراجعة الدورية,8,30,Internal Audit,False
2877,240,65,NCA-ECC,4-1-1,QUESTIONNAIRE,REFRESH,Refresh,التحديث,9,14,Control Owner,False
2878,240,65,NCA-ECC,4-1-1,QUESTIONNAIRE,RETAIN,Retention,الاحتفاظ,10,1080,Records Manager,True
2879,240,65,NCA-ECC,4-1-1,QUESTIONNAIRE,ARCHIVE,Archive,الأرشفة,11,1,IT Operations,False
2880,240,65,NCA-ECC,4-1-1,QUESTIONNAIRE,DISPOSE,Disposal,التخلص,12,1,Records Manager,False
2881,241,65,NCA-ECC,4-1-1,REPORT,DEFINE,Definition,التعريف,1,7,Compliance Officer,False
2882,241,65,NCA-ECC,4-1-1,REPORT,PLAN,Planning,التخطيط,2,7,Control Owner,False
2883,241,65,NCA-ECC,4-1-1,REPORT,COLLECT,Collection,الجمع,3,14,Evidence Collector,False
2884,241,65,NCA-ECC,4-1-1,REPORT,VALIDATE,Validation,التحقق,4,7,Quality Reviewer,False
2885,241,65,NCA-ECC,4-1-1,REPORT,APPROVE,Approval,الموافقة,5,5,Manager/CISO,False
2886,241,65,NCA-ECC,4-1-1,REPORT,STORE,Storage,التخزين,6,1,GRC Platform,True
2887,241,65,NCA-ECC,4-1-1,REPORT,USE,Active Use,الاستخدام النشط,7,365,Audit Function,True
2888,241,65,NCA-ECC,4-1-1,REPORT,REVIEW,Periodic Review,المراجعة الدورية,8,30,Internal Audit,False
2889,241,65,NCA-ECC,4-1-1,REPORT,REFRESH,Refresh,التحديث,9,14,Control Owner,False
2890,241,65,NCA-ECC,4-1-1,REPORT,RETAIN,Retention,الاحتفاظ,10,1080,Records Manager,True
2891,241,65,NCA-ECC,4-1-1,REPORT,ARCHIVE,Archive,الأرشفة,11,1,IT Operations,False
2892,241,65,NCA-ECC,4-1-1,REPORT,DISPOSE,Disposal,التخلص,12,1,Records Manager,False
2893,242,66,NCA-ECC,4-1-2,CONTRACT,DEFINE,Definition,التعريف,1,7,Compliance Officer,False
2894,242,66,NCA-ECC,4-1-2,CONTRACT,PLAN,Planning,التخطيط,2,7,Control Owner,False
2895,242,66,NCA-ECC,4-1-2,CONTRACT,COLLECT,Collection,الجمع,3,14,Evidence Collector,False
2896,242,66,NCA-ECC,4-1-2,CONTRACT,VALIDATE,Validation,التحقق,4,7,Quality Reviewer,False
2897,242,66,NCA-ECC,4-1-2,CONTRACT,APPROVE,Approval,الموافقة,5,5,Manager/CISO,False
2898,242,66,NCA-ECC,4-1-2,CONTRACT,STORE,Storage,التخزين,6,1,GRC Platform,True
2899,242,66,NCA-ECC,4-1-2,CONTRACT,USE,Active Use,الاستخدام النشط,7,365,Audit Function,True
2900,242,66,NCA-ECC,4-1-2,CONTRACT,REVIEW,Periodic Review,المراجعة الدورية,8,30,Internal Audit,False
2901,242,66,NCA-ECC,4-1-2,CONTRACT,REFRESH,Refresh,التحديث,9,14,Control Owner,False
2902,242,66,NCA-ECC,4-1-2,CONTRACT,RETAIN,Retention,الاحتفاظ,10,2520,Records Manager,True
2903,242,66,NCA-ECC,4-1-2,CONTRACT,ARCHIVE,Archive,الأرشفة,11,1,IT Operations,False
2904,242,66,NCA-ECC,4-1-2,CONTRACT,DISPOSE,Disposal,التخلص,12,1,Records Manager,False
2905,243,66,NCA-ECC,4-1-2,SLA,DEFINE,Definition,التعريف,1,7,Compliance Officer,False
2906,243,66,NCA-ECC,4-1-2,SLA,PLAN,Planning,التخطيط,2,7,Control Owner,False
2907,243,66,NCA-ECC,4-1-2,SLA,COLLECT,Collection,الجمع,3,14,Evidence Collector,False
2908,243,66,NCA-ECC,4-1-2,SLA,VALIDATE,Validation,التحقق,4,7,Quality Reviewer,False
2909,243,66,NCA-ECC,4-1-2,SLA,APPROVE,Approval,الموافقة,5,5,Manager/CISO,False
2910,243,66,NCA-ECC,4-1-2,SLA,STORE,Storage,التخزين,6,1,GRC Platform,True
2911,243,66,NCA-ECC,4-1-2,SLA,USE,Active Use,الاستخدام النشط,7,365,Audit Function,True
2912,243,66,NCA-ECC,4-1-2,SLA,REVIEW,Periodic Review,المراجعة الدورية,8,30,Internal Audit,False
2913,243,66,NCA-ECC,4-1-2,SLA,REFRESH,Refresh,التحديث,9,14,Control Owner,False
2914,243,66,NCA-ECC,4-1-2,SLA,RETAIN,Retention,الاحتفاظ,10,2520,Records Manager,True
2915,243,66,NCA-ECC,4-1-2,SLA,ARCHIVE,Archive,الأرشفة,11,1,IT Operations,False
2916,243,66,NCA-ECC,4-1-2,SLA,DISPOSE,Disposal,التخلص,12,1,Records Manager,False
2917,244,66,NCA-ECC,4-1-2,REVIEW_REPORT,DEFINE,Definition,التعريف,1,7,Compliance Officer,False
2918,244,66,NCA-ECC,4-1-2,REVIEW_REPORT,PLAN,Planning,التخطيط,2,7,Control Owner,False
2919,244,66,NCA-ECC,4-1-2,REVIEW_REPORT,COLLECT,Collection,الجمع,3,14,Evidence Collector,False
2920,244,66,NCA-ECC,4-1-2,REVIEW_REPORT,VALIDATE,Validation,التحقق,4,7,Quality Reviewer,False
2921,244,66,NCA-ECC,4-1-2,REVIEW_REPORT,APPROVE,Approval,الموافقة,5,5,Manager/CISO,False
2922,244,66,NCA-ECC,4-1-2,REVIEW_REPORT,STORE,Storage,التخزين,6,1,GRC Platform,True
2923,244,66,NCA-ECC,4-1-2,REVIEW_REPORT,USE,Active Use,الاستخدام النشط,7,365,Audit Function,True
2924,244,66,NCA-ECC,4-1-2,REVIEW_REPORT,REVIEW,Periodic Review,المراجعة الدورية,8,30,Internal Audit,False
2925,244,66,NCA-ECC,4-1-2,REVIEW_REPORT,REFRESH,Refresh,التحديث,9,14,Control Owner,False
2926,244,66,NCA-ECC,4-1-2,REVIEW_REPORT,RETAIN,Retention,الاحتفاظ,10,1800,Records Manager,True
2927,244,66,NCA-ECC,4-1-2,REVIEW_REPORT,ARCHIVE,Archive,الأرشفة,11,1,IT Operations,False
2928,244,66,NCA-ECC,4-1-2,REVIEW_REPORT,DISPOSE,Disposal,التخلص,12,1,Records Manager,False
2929,245,66,NCA-ECC,4-1-2,APPROVAL_RECORD,DEFINE,Definition,التعريف,1,7,Compliance Officer,False
2930,245,66,NCA-ECC,4-1-2,APPROVAL_RECORD,PLAN,Planning,التخطيط,2,7,Control Owner,False
2931,245,66,NCA-ECC,4-1-2,APPROVAL_RECORD,COLLECT,Collection,الجمع,3,14,Evidence Collector,False
2932,245,66,NCA-ECC,4-1-2,APPROVAL_RECORD,VALIDATE,Validation,التحقق,4,7,Quality Reviewer,False
2933,245,66,NCA-ECC,4-1-2,APPROVAL_RECORD,APPROVE,Approval,الموافقة,5,5,Manager/CISO,False
2934,245,66,NCA-ECC,4-1-2,APPROVAL_RECORD,STORE,Storage,التخزين,6,1,GRC Platform,True
2935,245,66,NCA-ECC,4-1-2,APPROVAL_RECORD,USE,Active Use,الاستخدام النشط,7,365,Audit Function,True
2936,245,66,NCA-ECC,4-1-2,APPROVAL_RECORD,REVIEW,Periodic Review,المراجعة الدورية,8,30,Internal Audit,False
2937,245,66,NCA-ECC,4-1-2,APPROVAL_RECORD,REFRESH,Refresh,التحديث,9,14,Control Owner,False
2938,245,66,NCA-ECC,4-1-2,APPROVAL_RECORD,RETAIN,Retention,الاحتفاظ,10,1800,Records Manager,True
2939,245,66,NCA-ECC,4-1-2,APPROVAL_RECORD,ARCHIVE,Archive,الأرشفة,11,1,IT Operations,False
2940,245,66,NCA-ECC,4-1-2,APPROVAL_RECORD,DISPOSE,Disposal,التخلص,12,1,Records Manager,False
2941,246,67,NCA-ECC,4-1-3,AUDIT_REPORT,DEFINE,Definition,التعريف,1,7,Compliance Officer,False
2942,246,67,NCA-ECC,4-1-3,AUDIT_REPORT,PLAN,Planning,التخطيط,2,7,Control Owner,False
2943,246,67,NCA-ECC,4-1-3,AUDIT_REPORT,COLLECT,Collection,الجمع,3,14,Evidence Collector,False
2944,246,67,NCA-ECC,4-1-3,AUDIT_REPORT,VALIDATE,Validation,التحقق,4,7,Quality Reviewer,False
2945,246,67,NCA-ECC,4-1-3,AUDIT_REPORT,APPROVE,Approval,الموافقة,5,5,Manager/CISO,False
2946,246,67,NCA-ECC,4-1-3,AUDIT_REPORT,STORE,Storage,التخزين,6,1,GRC Platform,True
2947,246,67,NCA-ECC,4-1-3,AUDIT_REPORT,USE,Active Use,الاستخدام النشط,7,365,Audit Function,True
2948,246,67,NCA-ECC,4-1-3,AUDIT_REPORT,REVIEW,Periodic Review,المراجعة الدورية,8,30,Internal Audit,False
2949,246,67,NCA-ECC,4-1-3,AUDIT_REPORT,REFRESH,Refresh,التحديث,9,14,Control Owner,False
2950,246,67,NCA-ECC,4-1-3,AUDIT_REPORT,RETAIN,Retention,الاحتفاظ,10,2520,Records Manager,True
2951,246,67,NCA-ECC,4-1-3,AUDIT_REPORT,ARCHIVE,Archive,الأرشفة,11,1,IT Operations,False
2952,246,67,NCA-ECC,4-1-3,AUDIT_REPORT,DISPOSE,Disposal,التخلص,12,1,Records Manager,False
2953,247,67,NCA-ECC,4-1-3,REPORT,DEFINE,Definition,التعريف,1,7,Compliance Officer,False
2954,247,67,NCA-ECC,4-1-3,REPORT,PLAN,Planning,التخطيط,2,7,Control Owner,False
2955,247,67,NCA-ECC,4-1-3,REPORT,COLLECT,Collection,الجمع,3,14,Evidence Collector,False
2956,247,67,NCA-ECC,4-1-3,REPORT,VALIDATE,Validation,التحقق,4,7,Quality Reviewer,False
2957,247,67,NCA-ECC,4-1-3,REPORT,APPROVE,Approval,الموافقة,5,5,Manager/CISO,False
2958,247,67,NCA-ECC,4-1-3,REPORT,STORE,Storage,التخزين,6,1,GRC Platform,True
2959,247,67,NCA-ECC,4-1-3,REPORT,USE,Active Use,الاستخدام النشط,7,365,Audit Function,True
2960,247,67,NCA-ECC,4-1-3,REPORT,REVIEW,Periodic Review,المراجعة الدورية,8,30,Internal Audit,False
2961,247,67,NCA-ECC,4-1-3,REPORT,REFRESH,Refresh,التحديث,9,14,Control Owner,False
2962,247,67,NCA-ECC,4-1-3,REPORT,RETAIN,Retention,الاحتفاظ,10,1080,Records Manager,True
2963,247,67,NCA-ECC,4-1-3,REPORT,ARCHIVE,Archive,الأرشفة,11,1,IT Operations,False
2964,247,67,NCA-ECC,4-1-3,REPORT,DISPOSE,Disposal,التخلص,12,1,Records Manager,False
2965,248,67,NCA-ECC,4-1-3,SLA_COMPLIANCE,DEFINE,Definition,التعريف,1,7,Compliance Officer,False
2966,248,67,NCA-ECC,4-1-3,SLA_COMPLIANCE,PLAN,Planning,التخطيط,2,7,Control Owner,False
2967,248,67,NCA-ECC,4-1-3,SLA_COMPLIANCE,COLLECT,Collection,الجمع,3,14,Evidence Collector,False
2968,248,67,NCA-ECC,4-1-3,SLA_COMPLIANCE,VALIDATE,Validation,التحقق,4,7,Quality Reviewer,False
2969,248,67,NCA-ECC,4-1-3,SLA_COMPLIANCE,APPROVE,Approval,الموافقة,5,5,Manager/CISO,False
2970,248,67,NCA-ECC,4-1-3,SLA_COMPLIANCE,STORE,Storage,التخزين,6,1,GRC Platform,True
2971,248,67,NCA-ECC,4-1-3,SLA_COMPLIANCE,USE,Active Use,الاستخدام النشط,7,365,Audit Function,True
2972,248,67,NCA-ECC,4-1-3,SLA_COMPLIANCE,REVIEW,Periodic Review,المراجعة الدورية,8,30,Internal Audit,False
2973,248,67,NCA-ECC,4-1-3,SLA_COMPLIANCE,REFRESH,Refresh,التحديث,9,14,Control Owner,False
2974,248,67,NCA-ECC,4-1-3,SLA_COMPLIANCE,RETAIN,Retention,الاحتفاظ,10,720,Records Manager,True
2975,248,67,NCA-ECC,4-1-3,SLA_COMPLIANCE,ARCHIVE,Archive,الأرشفة,11,1,IT Operations,False
2976,248,67,NCA-ECC,4-1-3,SLA_COMPLIANCE,DISPOSE,Disposal,التخلص,12,1,Records Manager,False
2977,249,67,NCA-ECC,4-1-3,MEETING_MINUTES,DEFINE,Definition,التعريف,1,7,Compliance Officer,False
2978,249,67,NCA-ECC,4-1-3,MEETING_MINUTES,PLAN,Planning,التخطيط,2,7,Control Owner,False
2979,249,67,NCA-ECC,4-1-3,MEETING_MINUTES,COLLECT,Collection,الجمع,3,14,Evidence Collector,False
2980,249,67,NCA-ECC,4-1-3,MEETING_MINUTES,VALIDATE,Validation,التحقق,4,7,Quality Reviewer,False
2981,249,67,NCA-ECC,4-1-3,MEETING_MINUTES,APPROVE,Approval,الموافقة,5,5,Manager/CISO,False
2982,249,67,NCA-ECC,4-1-3,MEETING_MINUTES,STORE,Storage,التخزين,6,1,GRC Platform,True
2983,249,67,NCA-ECC,4-1-3,MEETING_MINUTES,USE,Active Use,الاستخدام النشط,7,365,Audit Function,True
2984,249,67,NCA-ECC,4-1-3,MEETING_MINUTES,REVIEW,Periodic Review,المراجعة الدورية,8,30,Internal Audit,False
2985,249,67,NCA-ECC,4-1-3,MEETING_MINUTES,REFRESH,Refresh,التحديث,9,14,Control Owner,False
2986,249,67,NCA-ECC,4-1-3,MEETING_MINUTES,RETAIN,Retention,الاحتفاظ,10,1800,Records Manager,True
2987,249,67,NCA-ECC,4-1-3,MEETING_MINUTES,ARCHIVE,Archive,الأرشفة,11,1,IT Operations,False
2988,249,67,NCA-ECC,4-1-3,MEETING_MINUTES,DISPOSE,Disposal,التخلص,12,1,Records Manager,False
2989,250,68,NCA-ECC,4-1-4,INCIDENT_REPORT,DEFINE,Definition,التعريف,1,7,Compliance Officer,False
2990,250,68,NCA-ECC,4-1-4,INCIDENT_REPORT,PLAN,Planning,التخطيط,2,7,Control Owner,False
2991,250,68,NCA-ECC,4-1-4,INCIDENT_REPORT,COLLECT,Collection,الجمع,3,14,Evidence Collector,False
2992,250,68,NCA-ECC,4-1-4,INCIDENT_REPORT,VALIDATE,Validation,التحقق,4,7,Quality Reviewer,False
2993,250,68,NCA-ECC,4-1-4,INCIDENT_REPORT,APPROVE,Approval,الموافقة,5,5,Manager/CISO,False
2994,250,68,NCA-ECC,4-1-4,INCIDENT_REPORT,STORE,Storage,التخزين,6,1,GRC Platform,True
2995,250,68,NCA-ECC,4-1-4,INCIDENT_REPORT,USE,Active Use,الاستخدام النشط,7,365,Audit Function,True
2996,250,68,NCA-ECC,4-1-4,INCIDENT_REPORT,REVIEW,Periodic Review,المراجعة الدورية,8,30,Internal Audit,False
2997,250,68,NCA-ECC,4-1-4,INCIDENT_REPORT,REFRESH,Refresh,التحديث,9,14,Control Owner,False
2998,250,68,NCA-ECC,4-1-4,INCIDENT_REPORT,RETAIN,Retention,الاحتفاظ,10,1800,Records Manager,True
2999,250,68,NCA-ECC,4-1-4,INCIDENT_REPORT,ARCHIVE,Archive,الأرشفة,11,1,IT Operations,False
3000,250,68,NCA-ECC,4-1-4,INCIDENT_REPORT,DISPOSE,Disposal,التخلص,12,1,Records Manager,False
3001,251,68,NCA-ECC,4-1-4,NCA_NOTIFICATION,DEFINE,Definition,التعريف,1,7,Compliance Officer,False
3002,251,68,NCA-ECC,4-1-4,NCA_NOTIFICATION,PLAN,Planning,التخطيط,2,7,Control Owner,False
3003,251,68,NCA-ECC,4-1-4,NCA_NOTIFICATION,COLLECT,Collection,الجمع,3,14,Evidence Collector,False
3004,251,68,NCA-ECC,4-1-4,NCA_NOTIFICATION,VALIDATE,Validation,التحقق,4,7,Quality Reviewer,False
3005,251,68,NCA-ECC,4-1-4,NCA_NOTIFICATION,APPROVE,Approval,الموافقة,5,5,Manager/CISO,False
3006,251,68,NCA-ECC,4-1-4,NCA_NOTIFICATION,STORE,Storage,التخزين,6,1,GRC Platform,True
3007,251,68,NCA-ECC,4-1-4,NCA_NOTIFICATION,USE,Active Use,الاستخدام النشط,7,365,Audit Function,True
3008,251,68,NCA-ECC,4-1-4,NCA_NOTIFICATION,REVIEW,Periodic Review,المراجعة الدورية,8,30,Internal Audit,False
3009,251,68,NCA-ECC,4-1-4,NCA_NOTIFICATION,REFRESH,Refresh,التحديث,9,14,Control Owner,False
3010,251,68,NCA-ECC,4-1-4,NCA_NOTIFICATION,RETAIN,Retention,الاحتفاظ,10,2520,Records Manager,True
3011,251,68,NCA-ECC,4-1-4,NCA_NOTIFICATION,ARCHIVE,Archive,الأرشفة,11,1,IT Operations,False
3012,251,68,NCA-ECC,4-1-4,NCA_NOTIFICATION,DISPOSE,Disposal,التخلص,12,1,Records Manager,False
3013,252,68,NCA-ECC,4-1-4,REMEDIATION_PLAN,DEFINE,Definition,التعريف,1,7,Compliance Officer,False
3014,252,68,NCA-ECC,4-1-4,REMEDIATION_PLAN,PLAN,Planning,التخطيط,2,7,Control Owner,False
3015,252,68,NCA-ECC,4-1-4,REMEDIATION_PLAN,COLLECT,Collection,الجمع,3,14,Evidence Collector,False
3016,252,68,NCA-ECC,4-1-4,REMEDIATION_PLAN,VALIDATE,Validation,التحقق,4,7,Quality Reviewer,False
3017,252,68,NCA-ECC,4-1-4,REMEDIATION_PLAN,APPROVE,Approval,الموافقة,5,5,Manager/CISO,False
3018,252,68,NCA-ECC,4-1-4,REMEDIATION_PLAN,STORE,Storage,التخزين,6,1,GRC Platform,True
3019,252,68,NCA-ECC,4-1-4,REMEDIATION_PLAN,USE,Active Use,الاستخدام النشط,7,365,Audit Function,True
3020,252,68,NCA-ECC,4-1-4,REMEDIATION_PLAN,REVIEW,Periodic Review,المراجعة الدورية,8,30,Internal Audit,False
3021,252,68,NCA-ECC,4-1-4,REMEDIATION_PLAN,REFRESH,Refresh,التحديث,9,14,Control Owner,False
3022,252,68,NCA-ECC,4-1-4,REMEDIATION_PLAN,RETAIN,Retention,الاحتفاظ,10,1080,Records Manager,True
3023,252,68,NCA-ECC,4-1-4,REMEDIATION_PLAN,ARCHIVE,Archive,الأرشفة,11,1,IT Operations,False
3024,252,68,NCA-ECC,4-1-4,REMEDIATION_PLAN,DISPOSE,Disposal,التخلص,12,1,Records Manager,False
3025,253,69,NCA-ECC,4-2-1,POLICY,DEFINE,Definition,التعريف,1,7,Compliance Officer,False
3026,253,69,NCA-ECC,4-2-1,POLICY,PLAN,Planning,التخطيط,2,7,Control Owner,False
3027,253,69,NCA-ECC,4-2-1,POLICY,COLLECT,Collection,الجمع,3,14,Evidence Collector,False
3028,253,69,NCA-ECC,4-2-1,POLICY,VALIDATE,Validation,التحقق,4,7,Quality Reviewer,False
3029,253,69,NCA-ECC,4-2-1,POLICY,APPROVE,Approval,الموافقة,5,5,Manager/CISO,False
3030,253,69,NCA-ECC,4-2-1,POLICY,STORE,Storage,التخزين,6,1,GRC Platform,True
3031,253,69,NCA-ECC,4-2-1,POLICY,USE,Active Use,الاستخدام النشط,7,365,Audit Function,True
3032,253,69,NCA-ECC,4-2-1,POLICY,REVIEW,Periodic Review,المراجعة الدورية,8,30,Internal Audit,False
3033,253,69,NCA-ECC,4-2-1,POLICY,REFRESH,Refresh,التحديث,9,14,Control Owner,False
3034,253,69,NCA-ECC,4-2-1,POLICY,RETAIN,Retention,الاحتفاظ,10,1080,Records Manager,True
3035,253,69,NCA-ECC,4-2-1,POLICY,ARCHIVE,Archive,الأرشفة,11,1,IT Operations,False
3036,253,69,NCA-ECC,4-2-1,POLICY,DISPOSE,Disposal,التخلص,12,1,Records Manager,False
3037,254,69,NCA-ECC,4-2-1,STANDARD,DEFINE,Definition,التعريف,1,7,Compliance Officer,False
3038,254,69,NCA-ECC,4-2-1,STANDARD,PLAN,Planning,التخطيط,2,7,Control Owner,False
3039,254,69,NCA-ECC,4-2-1,STANDARD,COLLECT,Collection,الجمع,3,14,Evidence Collector,False
3040,254,69,NCA-ECC,4-2-1,STANDARD,VALIDATE,Validation,التحقق,4,7,Quality Reviewer,False
3041,254,69,NCA-ECC,4-2-1,STANDARD,APPROVE,Approval,الموافقة,5,5,Manager/CISO,False
3042,254,69,NCA-ECC,4-2-1,STANDARD,STORE,Storage,التخزين,6,1,GRC Platform,True
3043,254,69,NCA-ECC,4-2-1,STANDARD,USE,Active Use,الاستخدام النشط,7,365,Audit Function,True
3044,254,69,NCA-ECC,4-2-1,STANDARD,REVIEW,Periodic Review,المراجعة الدورية,8,30,Internal Audit,False
3045,254,69,NCA-ECC,4-2-1,STANDARD,REFRESH,Refresh,التحديث,9,14,Control Owner,False
3046,254,69,NCA-ECC,4-2-1,STANDARD,RETAIN,Retention,الاحتفاظ,10,1080,Records Manager,True
3047,254,69,NCA-ECC,4-2-1,STANDARD,ARCHIVE,Archive,الأرشفة,11,1,IT Operations,False
3048,254,69,NCA-ECC,4-2-1,STANDARD,DISPOSE,Disposal,التخلص,12,1,Records Manager,False
3049,255,69,NCA-ECC,4-2-1,RISK_ASSESSMENT,DEFINE,Definition,التعريف,1,7,Compliance Officer,False
3050,255,69,NCA-ECC,4-2-1,RISK_ASSESSMENT,PLAN,Planning,التخطيط,2,7,Control Owner,False
3051,255,69,NCA-ECC,4-2-1,RISK_ASSESSMENT,COLLECT,Collection,الجمع,3,14,Evidence Collector,False
3052,255,69,NCA-ECC,4-2-1,RISK_ASSESSMENT,VALIDATE,Validation,التحقق,4,7,Quality Reviewer,False
3053,255,69,NCA-ECC,4-2-1,RISK_ASSESSMENT,APPROVE,Approval,الموافقة,5,5,Manager/CISO,False
3054,255,69,NCA-ECC,4-2-1,RISK_ASSESSMENT,STORE,Storage,التخزين,6,1,GRC Platform,True
3055,255,69,NCA-ECC,4-2-1,RISK_ASSESSMENT,USE,Active Use,الاستخدام النشط,7,365,Audit Function,True
3056,255,69,NCA-ECC,4-2-1,RISK_ASSESSMENT,REVIEW,Periodic Review,المراجعة الدورية,8,30,Internal Audit,False
3057,255,69,NCA-ECC,4-2-1,RISK_ASSESSMENT,REFRESH,Refresh,التحديث,9,14,Control Owner,False
3058,255,69,NCA-ECC,4-2-1,RISK_ASSESSMENT,RETAIN,Retention,الاحتفاظ,10,1080,Records Manager,True
3059,255,69,NCA-ECC,4-2-1,RISK_ASSESSMENT,ARCHIVE,Archive,الأرشفة,11,1,IT Operations,False
3060,255,69,NCA-ECC,4-2-1,RISK_ASSESSMENT,DISPOSE,Disposal,التخلص,12,1,Records Manager,False
3061,256,69,NCA-ECC,4-2-1,ARCHITECTURE_DIAGRAM,DEFINE,Definition,التعريف,1,7,Compliance Officer,False
3062,256,69,NCA-ECC,4-2-1,ARCHITECTURE_DIAGRAM,PLAN,Planning,التخطيط,2,7,Control Owner,False
3063,256,69,NCA-ECC,4-2-1,ARCHITECTURE_DIAGRAM,COLLECT,Collection,الجمع,3,14,Evidence Collector,False
3064,256,69,NCA-ECC,4-2-1,ARCHITECTURE_DIAGRAM,VALIDATE,Validation,التحقق,4,7,Quality Reviewer,False
3065,256,69,NCA-ECC,4-2-1,ARCHITECTURE_DIAGRAM,APPROVE,Approval,الموافقة,5,5,Manager/CISO,False
3066,256,69,NCA-ECC,4-2-1,ARCHITECTURE_DIAGRAM,STORE,Storage,التخزين,6,1,GRC Platform,True
3067,256,69,NCA-ECC,4-2-1,ARCHITECTURE_DIAGRAM,USE,Active Use,الاستخدام النشط,7,365,Audit Function,True
3068,256,69,NCA-ECC,4-2-1,ARCHITECTURE_DIAGRAM,REVIEW,Periodic Review,المراجعة الدورية,8,30,Internal Audit,False
3069,256,69,NCA-ECC,4-2-1,ARCHITECTURE_DIAGRAM,REFRESH,Refresh,التحديث,9,14,Control Owner,False
3070,256,69,NCA-ECC,4-2-1,ARCHITECTURE_DIAGRAM,RETAIN,Retention,الاحتفاظ,10,1080,Records Manager,True
3071,256,69,NCA-ECC,4-2-1,ARCHITECTURE_DIAGRAM,ARCHIVE,Archive,الأرشفة,11,1,IT Operations,False
3072,256,69,NCA-ECC,4-2-1,ARCHITECTURE_DIAGRAM,DISPOSE,Disposal,التخلص,12,1,Records Manager,False
3073,257,70,NCA-ECC,4-2-2,CLOUD_CONTRACT,DEFINE,Definition,التعريف,1,7,Compliance Officer,False
3074,257,70,NCA-ECC,4-2-2,CLOUD_CONTRACT,PLAN,Planning,التخطيط,2,7,Control Owner,False
3075,257,70,NCA-ECC,4-2-2,CLOUD_CONTRACT,COLLECT,Collection,الجمع,3,14,Evidence Collector,False
3076,257,70,NCA-ECC,4-2-2,CLOUD_CONTRACT,VALIDATE,Validation,التحقق,4,7,Quality Reviewer,False
3077,257,70,NCA-ECC,4-2-2,CLOUD_CONTRACT,APPROVE,Approval,الموافقة,5,5,Manager/CISO,False
3078,257,70,NCA-ECC,4-2-2,CLOUD_CONTRACT,STORE,Storage,التخزين,6,1,GRC Platform,True
3079,257,70,NCA-ECC,4-2-2,CLOUD_CONTRACT,USE,Active Use,الاستخدام النشط,7,365,Audit Function,True
3080,257,70,NCA-ECC,4-2-2,CLOUD_CONTRACT,REVIEW,Periodic Review,المراجعة الدورية,8,30,Internal Audit,False
3081,257,70,NCA-ECC,4-2-2,CLOUD_CONTRACT,REFRESH,Refresh,التحديث,9,14,Control Owner,False
3082,257,70,NCA-ECC,4-2-2,CLOUD_CONTRACT,RETAIN,Retention,الاحتفاظ,10,2520,Records Manager,True
3083,257,70,NCA-ECC,4-2-2,CLOUD_CONTRACT,ARCHIVE,Archive,الأرشفة,11,1,IT Operations,False
3084,257,70,NCA-ECC,4-2-2,CLOUD_CONTRACT,DISPOSE,Disposal,التخلص,12,1,Records Manager,False
3085,258,70,NCA-ECC,4-2-2,DATA_RESIDENCY_CERT,DEFINE,Definition,التعريف,1,7,Compliance Officer,False
3086,258,70,NCA-ECC,4-2-2,DATA_RESIDENCY_CERT,PLAN,Planning,التخطيط,2,7,Control Owner,False
3087,258,70,NCA-ECC,4-2-2,DATA_RESIDENCY_CERT,COLLECT,Collection,الجمع,3,14,Evidence Collector,False
3088,258,70,NCA-ECC,4-2-2,DATA_RESIDENCY_CERT,VALIDATE,Validation,التحقق,4,7,Quality Reviewer,False
3089,258,70,NCA-ECC,4-2-2,DATA_RESIDENCY_CERT,APPROVE,Approval,الموافقة,5,5,Manager/CISO,False
3090,258,70,NCA-ECC,4-2-2,DATA_RESIDENCY_CERT,STORE,Storage,التخزين,6,1,GRC Platform,True
3091,258,70,NCA-ECC,4-2-2,DATA_RESIDENCY_CERT,USE,Active Use,الاستخدام النشط,7,365,Audit Function,True
3092,258,70,NCA-ECC,4-2-2,DATA_RESIDENCY_CERT,REVIEW,Periodic Review,المراجعة الدورية,8,30,Internal Audit,False
3093,258,70,NCA-ECC,4-2-2,DATA_RESIDENCY_CERT,REFRESH,Refresh,التحديث,9,14,Control Owner,False
3094,258,70,NCA-ECC,4-2-2,DATA_RESIDENCY_CERT,RETAIN,Retention,الاحتفاظ,10,1080,Records Manager,True
3095,258,70,NCA-ECC,4-2-2,DATA_RESIDENCY_CERT,ARCHIVE,Archive,الأرشفة,11,1,IT Operations,False
3096,258,70,NCA-ECC,4-2-2,DATA_RESIDENCY_CERT,DISPOSE,Disposal,التخلص,12,1,Records Manager,False
3097,259,70,NCA-ECC,4-2-2,POLICY,DEFINE,Definition,التعريف,1,7,Compliance Officer,False
3098,259,70,NCA-ECC,4-2-2,POLICY,PLAN,Planning,التخطيط,2,7,Control Owner,False
3099,259,70,NCA-ECC,4-2-2,POLICY,COLLECT,Collection,الجمع,3,14,Evidence Collector,False
3100,259,70,NCA-ECC,4-2-2,POLICY,VALIDATE,Validation,التحقق,4,7,Quality Reviewer,False
3101,259,70,NCA-ECC,4-2-2,POLICY,APPROVE,Approval,الموافقة,5,5,Manager/CISO,False
3102,259,70,NCA-ECC,4-2-2,POLICY,STORE,Storage,التخزين,6,1,GRC Platform,True
3103,259,70,NCA-ECC,4-2-2,POLICY,USE,Active Use,الاستخدام النشط,7,365,Audit Function,True
3104,259,70,NCA-ECC,4-2-2,POLICY,REVIEW,Periodic Review,المراجعة الدورية,8,30,Internal Audit,False
3105,259,70,NCA-ECC,4-2-2,POLICY,REFRESH,Refresh,التحديث,9,14,Control Owner,False
3106,259,70,NCA-ECC,4-2-2,POLICY,RETAIN,Retention,الاحتفاظ,10,1080,Records Manager,True
3107,259,70,NCA-ECC,4-2-2,POLICY,ARCHIVE,Archive,الأرشفة,11,1,IT Operations,False
3108,259,70,NCA-ECC,4-2-2,POLICY,DISPOSE,Disposal,التخلص,12,1,Records Manager,False
3109,260,70,NCA-ECC,4-2-2,ATTESTATION,DEFINE,Definition,التعريف,1,7,Compliance Officer,False
3110,260,70,NCA-ECC,4-2-2,ATTESTATION,PLAN,Planning,التخطيط,2,7,Control Owner,False
3111,260,70,NCA-ECC,4-2-2,ATTESTATION,COLLECT,Collection,الجمع,3,14,Evidence Collector,False
3112,260,70,NCA-ECC,4-2-2,ATTESTATION,VALIDATE,Validation,التحقق,4,7,Quality Reviewer,False
3113,260,70,NCA-ECC,4-2-2,ATTESTATION,APPROVE,Approval,الموافقة,5,5,Manager/CISO,False
3114,260,70,NCA-ECC,4-2-2,ATTESTATION,STORE,Storage,التخزين,6,1,GRC Platform,True
3115,260,70,NCA-ECC,4-2-2,ATTESTATION,USE,Active Use,الاستخدام النشط,7,365,Audit Function,True
3116,260,70,NCA-ECC,4-2-2,ATTESTATION,REVIEW,Periodic Review,المراجعة الدورية,8,30,Internal Audit,False
3117,260,70,NCA-ECC,4-2-2,ATTESTATION,REFRESH,Refresh,التحديث,9,14,Control Owner,False
3118,260,70,NCA-ECC,4-2-2,ATTESTATION,RETAIN,Retention,الاحتفاظ,10,1080,Records Manager,True
3119,260,70,NCA-ECC,4-2-2,ATTESTATION,ARCHIVE,Archive,الأرشفة,11,1,IT Operations,False
3120,260,70,NCA-ECC,4-2-2,ATTESTATION,DISPOSE,Disposal,التخلص,12,1,Records Manager,False
3121,261,71,NCA-ECC,4-2-3,ASSESSMENT_REPORT,DEFINE,Definition,التعريف,1,7,Compliance Officer,False
3122,261,71,NCA-ECC,4-2-3,ASSESSMENT_REPORT,PLAN,Planning,التخطيط,2,7,Control Owner,False
3123,261,71,NCA-ECC,4-2-3,ASSESSMENT_REPORT,COLLECT,Collection,الجمع,3,14,Evidence Collector,False
3124,261,71,NCA-ECC,4-2-3,ASSESSMENT_REPORT,VALIDATE,Validation,التحقق,4,7,Quality Reviewer,False
3125,261,71,NCA-ECC,4-2-3,ASSESSMENT_REPORT,APPROVE,Approval,الموافقة,5,5,Manager/CISO,False
3126,261,71,NCA-ECC,4-2-3,ASSESSMENT_REPORT,STORE,Storage,التخزين,6,1,GRC Platform,True
3127,261,71,NCA-ECC,4-2-3,ASSESSMENT_REPORT,USE,Active Use,الاستخدام النشط,7,365,Audit Function,True
3128,261,71,NCA-ECC,4-2-3,ASSESSMENT_REPORT,REVIEW,Periodic Review,المراجعة الدورية,8,30,Internal Audit,False
3129,261,71,NCA-ECC,4-2-3,ASSESSMENT_REPORT,REFRESH,Refresh,التحديث,9,14,Control Owner,False
3130,261,71,NCA-ECC,4-2-3,ASSESSMENT_REPORT,RETAIN,Retention,الاحتفاظ,10,1080,Records Manager,True
3131,261,71,NCA-ECC,4-2-3,ASSESSMENT_REPORT,ARCHIVE,Archive,الأرشفة,11,1,IT Operations,False
3132,261,71,NCA-ECC,4-2-3,ASSESSMENT_REPORT,DISPOSE,Disposal,التخلص,12,1,Records Manager,False
3133,262,71,NCA-ECC,4-2-3,DUE_DILIGENCE,DEFINE,Definition,التعريف,1,7,Compliance Officer,False
3134,262,71,NCA-ECC,4-2-3,DUE_DILIGENCE,PLAN,Planning,التخطيط,2,7,Control Owner,False
3135,262,71,NCA-ECC,4-2-3,DUE_DILIGENCE,COLLECT,Collection,الجمع,3,14,Evidence Collector,False
3136,262,71,NCA-ECC,4-2-3,DUE_DILIGENCE,VALIDATE,Validation,التحقق,4,7,Quality Reviewer,False
3137,262,71,NCA-ECC,4-2-3,DUE_DILIGENCE,APPROVE,Approval,الموافقة,5,5,Manager/CISO,False
3138,262,71,NCA-ECC,4-2-3,DUE_DILIGENCE,STORE,Storage,التخزين,6,1,GRC Platform,True
3139,262,71,NCA-ECC,4-2-3,DUE_DILIGENCE,USE,Active Use,الاستخدام النشط,7,365,Audit Function,True
3140,262,71,NCA-ECC,4-2-3,DUE_DILIGENCE,REVIEW,Periodic Review,المراجعة الدورية,8,30,Internal Audit,False
3141,262,71,NCA-ECC,4-2-3,DUE_DILIGENCE,REFRESH,Refresh,التحديث,9,14,Control Owner,False
3142,262,71,NCA-ECC,4-2-3,DUE_DILIGENCE,RETAIN,Retention,الاحتفاظ,10,1800,Records Manager,True
3143,262,71,NCA-ECC,4-2-3,DUE_DILIGENCE,ARCHIVE,Archive,الأرشفة,11,1,IT Operations,False
3144,262,71,NCA-ECC,4-2-3,DUE_DILIGENCE,DISPOSE,Disposal,التخلص,12,1,Records Manager,False
3145,263,71,NCA-ECC,4-2-3,CERTIFICATE,DEFINE,Definition,التعريف,1,7,Compliance Officer,False
3146,263,71,NCA-ECC,4-2-3,CERTIFICATE,PLAN,Planning,التخطيط,2,7,Control Owner,False
3147,263,71,NCA-ECC,4-2-3,CERTIFICATE,COLLECT,Collection,الجمع,3,14,Evidence Collector,False
3148,263,71,NCA-ECC,4-2-3,CERTIFICATE,VALIDATE,Validation,التحقق,4,7,Quality Reviewer,False
3149,263,71,NCA-ECC,4-2-3,CERTIFICATE,APPROVE,Approval,الموافقة,5,5,Manager/CISO,False
3150,263,71,NCA-ECC,4-2-3,CERTIFICATE,STORE,Storage,التخزين,6,1,GRC Platform,True
3151,263,71,NCA-ECC,4-2-3,CERTIFICATE,USE,Active Use,الاستخدام النشط,7,365,Audit Function,True
3152,263,71,NCA-ECC,4-2-3,CERTIFICATE,REVIEW,Periodic Review,المراجعة الدورية,8,30,Internal Audit,False
3153,263,71,NCA-ECC,4-2-3,CERTIFICATE,REFRESH,Refresh,التحديث,9,14,Control Owner,False
3154,263,71,NCA-ECC,4-2-3,CERTIFICATE,RETAIN,Retention,الاحتفاظ,10,1080,Records Manager,True
3155,263,71,NCA-ECC,4-2-3,CERTIFICATE,ARCHIVE,Archive,الأرشفة,11,1,IT Operations,False
3156,263,71,NCA-ECC,4-2-3,CERTIFICATE,DISPOSE,Disposal,التخلص,12,1,Records Manager,False
3157,264,71,NCA-ECC,4-2-3,AUDIT_REPORT,DEFINE,Definition,التعريف,1,7,Compliance Officer,False
3158,264,71,NCA-ECC,4-2-3,AUDIT_REPORT,PLAN,Planning,التخطيط,2,7,Control Owner,False
3159,264,71,NCA-ECC,4-2-3,AUDIT_REPORT,COLLECT,Collection,الجمع,3,14,Evidence Collector,False
3160,264,71,NCA-ECC,4-2-3,AUDIT_REPORT,VALIDATE,Validation,التحقق,4,7,Quality Reviewer,False
3161,264,71,NCA-ECC,4-2-3,AUDIT_REPORT,APPROVE,Approval,الموافقة,5,5,Manager/CISO,False
3162,264,71,NCA-ECC,4-2-3,AUDIT_REPORT,STORE,Storage,التخزين,6,1,GRC Platform,True
3163,264,71,NCA-ECC,4-2-3,AUDIT_REPORT,USE,Active Use,الاستخدام النشط,7,365,Audit Function,True
3164,264,71,NCA-ECC,4-2-3,AUDIT_REPORT,REVIEW,Periodic Review,المراجعة الدورية,8,30,Internal Audit,False
3165,264,71,NCA-ECC,4-2-3,AUDIT_REPORT,REFRESH,Refresh,التحديث,9,14,Control Owner,False
3166,264,71,NCA-ECC,4-2-3,AUDIT_REPORT,RETAIN,Retention,الاحتفاظ,10,2520,Records Manager,True
3167,264,71,NCA-ECC,4-2-3,AUDIT_REPORT,ARCHIVE,Archive,الأرشفة,11,1,IT Operations,False
3168,264,71,NCA-ECC,4-2-3,AUDIT_REPORT,DISPOSE,Disposal,التخلص,12,1,Records Manager,False
3169,265,72,NCA-ECC,4-2-4,EXIT_PLAN,DEFINE,Definition,التعريف,1,7,Compliance Officer,False
3170,265,72,NCA-ECC,4-2-4,EXIT_PLAN,PLAN,Planning,التخطيط,2,7,Control Owner,False
3171,265,72,NCA-ECC,4-2-4,EXIT_PLAN,COLLECT,Collection,الجمع,3,14,Evidence Collector,False
3172,265,72,NCA-ECC,4-2-4,EXIT_PLAN,VALIDATE,Validation,التحقق,4,7,Quality Reviewer,False
3173,265,72,NCA-ECC,4-2-4,EXIT_PLAN,APPROVE,Approval,الموافقة,5,5,Manager/CISO,False
3174,265,72,NCA-ECC,4-2-4,EXIT_PLAN,STORE,Storage,التخزين,6,1,GRC Platform,True
3175,265,72,NCA-ECC,4-2-4,EXIT_PLAN,USE,Active Use,الاستخدام النشط,7,365,Audit Function,True
3176,265,72,NCA-ECC,4-2-4,EXIT_PLAN,REVIEW,Periodic Review,المراجعة الدورية,8,30,Internal Audit,False
3177,265,72,NCA-ECC,4-2-4,EXIT_PLAN,REFRESH,Refresh,التحديث,9,14,Control Owner,False
3178,265,72,NCA-ECC,4-2-4,EXIT_PLAN,RETAIN,Retention,الاحتفاظ,10,1800,Records Manager,True
3179,265,72,NCA-ECC,4-2-4,EXIT_PLAN,ARCHIVE,Archive,الأرشفة,11,1,IT Operations,False
3180,265,72,NCA-ECC,4-2-4,EXIT_PLAN,DISPOSE,Disposal,التخلص,12,1,Records Manager,False
3181,266,72,NCA-ECC,4-2-4,TEST_RESULT,DEFINE,Definition,التعريف,1,7,Compliance Officer,False
3182,266,72,NCA-ECC,4-2-4,TEST_RESULT,PLAN,Planning,التخطيط,2,7,Control Owner,False
3183,266,72,NCA-ECC,4-2-4,TEST_RESULT,COLLECT,Collection,الجمع,3,14,Evidence Collector,False
3184,266,72,NCA-ECC,4-2-4,TEST_RESULT,VALIDATE,Validation,التحقق,4,7,Quality Reviewer,False
3185,266,72,NCA-ECC,4-2-4,TEST_RESULT,APPROVE,Approval,الموافقة,5,5,Manager/CISO,False
3186,266,72,NCA-ECC,4-2-4,TEST_RESULT,STORE,Storage,التخزين,6,1,GRC Platform,True
3187,266,72,NCA-ECC,4-2-4,TEST_RESULT,USE,Active Use,الاستخدام النشط,7,365,Audit Function,True
3188,266,72,NCA-ECC,4-2-4,TEST_RESULT,REVIEW,Periodic Review,المراجعة الدورية,8,30,Internal Audit,False
3189,266,72,NCA-ECC,4-2-4,TEST_RESULT,REFRESH,Refresh,التحديث,9,14,Control Owner,False
3190,266,72,NCA-ECC,4-2-4,TEST_RESULT,RETAIN,Retention,الاحتفاظ,10,1080,Records Manager,True
3191,266,72,NCA-ECC,4-2-4,TEST_RESULT,ARCHIVE,Archive,الأرشفة,11,1,IT Operations,False
3192,266,72,NCA-ECC,4-2-4,TEST_RESULT,DISPOSE,Disposal,التخلص,12,1,Records Manager,False
3193,267,72,NCA-ECC,4-2-4,POLICY,DEFINE,Definition,التعريف,1,7,Compliance Officer,False
3194,267,72,NCA-ECC,4-2-4,POLICY,PLAN,Planning,التخطيط,2,7,Control Owner,False
3195,267,72,NCA-ECC,4-2-4,POLICY,COLLECT,Collection,الجمع,3,14,Evidence Collector,False
3196,267,72,NCA-ECC,4-2-4,POLICY,VALIDATE,Validation,التحقق,4,7,Quality Reviewer,False
3197,267,72,NCA-ECC,4-2-4,POLICY,APPROVE,Approval,الموافقة,5,5,Manager/CISO,False
3198,267,72,NCA-ECC,4-2-4,POLICY,STORE,Storage,التخزين,6,1,GRC Platform,True
3199,267,72,NCA-ECC,4-2-4,POLICY,USE,Active Use,الاستخدام النشط,7,365,Audit Function,True
3200,267,72,NCA-ECC,4-2-4,POLICY,REVIEW,Periodic Review,المراجعة الدورية,8,30,Internal Audit,False
3201,267,72,NCA-ECC,4-2-4,POLICY,REFRESH,Refresh,التحديث,9,14,Control Owner,False
3202,267,72,NCA-ECC,4-2-4,POLICY,RETAIN,Retention,الاحتفاظ,10,1080,Records Manager,True
3203,267,72,NCA-ECC,4-2-4,POLICY,ARCHIVE,Archive,الأرشفة,11,1,IT Operations,False
3204,267,72,NCA-ECC,4-2-4,POLICY,DISPOSE,Disposal,التخلص,12,1,Records Manager,False
3205,268,72,NCA-ECC,4-2-4,CONTRACT,DEFINE,Definition,التعريف,1,7,Compliance Officer,False
3206,268,72,NCA-ECC,4-2-4,CONTRACT,PLAN,Planning,التخطيط,2,7,Control Owner,False
3207,268,72,NCA-ECC,4-2-4,CONTRACT,COLLECT,Collection,الجمع,3,14,Evidence Collector,False
3208,268,72,NCA-ECC,4-2-4,CONTRACT,VALIDATE,Validation,التحقق,4,7,Quality Reviewer,False
3209,268,72,NCA-ECC,4-2-4,CONTRACT,APPROVE,Approval,الموافقة,5,5,Manager/CISO,False
3210,268,72,NCA-ECC,4-2-4,CONTRACT,STORE,Storage,التخزين,6,1,GRC Platform,True
3211,268,72,NCA-ECC,4-2-4,CONTRACT,USE,Active Use,الاستخدام النشط,7,365,Audit Function,True
3212,268,72,NCA-ECC,4-2-4,CONTRACT,REVIEW,Periodic Review,المراجعة الدورية,8,30,Internal Audit,False
3213,268,72,NCA-ECC,4-2-4,CONTRACT,REFRESH,Refresh,التحديث,9,14,Control Owner,False
3214,268,72,NCA-ECC,4-2-4,CONTRACT,RETAIN,Retention,الاحتفاظ,10,2520,Records Manager,True
3215,268,72,NCA-ECC,4-2-4,CONTRACT,ARCHIVE,Archive,الأرشفة,11,1,IT Operations,False
3216,268,72,NCA-ECC,4-2-4,CONTRACT,DISPOSE,Disposal,التخلص,12,1,Records Manager,False
