id,country_code,framework_code,version,control_number,domain,title_en,title_ar,requirement_en,requirement_ar,control_type,maturity_level,priority,is_mandatory,evidence_types,status
1,ARE,UAE-IAR,2.0,1.1,Strategy & Planning,Strategy & Planning - Control 1,Strategy & Planning - ضابط 1,The organization shall implement strategy & planning controls to ensure compliance with Information Assurance Regulation requirements.,يجب على المنظمة تطبيق ضوابط Strategy & Planning لضمان الامتثال لمتطلبات لائحة ضمان المعلومات,preventive,1,critical,True,POLICY|PROCEDURE|STANDARD|CONFIG|TRAINING_RECORD,active
2,ARE,UAE-IAR,2.0,2.1,Information Security Management,Information Security Management - Control 1,Information Security Management - ضابط 1,The organization shall implement information security management controls to ensure compliance with Information Assurance Regulation requirements.,يجب على المنظمة تطبيق ضوابط Information Security Management لضمان الامتثال لمتطلبات لائحة ضمان المعلومات,detective,2,high,True,LOG|REPORT|SCAN_REPORT|AUDIT_REPORT|ACCESS_REVIEW,active
3,ARE,UAE-IAR,2.0,3.1,Asset Management,Asset Management - Control 1,Asset Management - ضابط 1,The organization shall implement asset management controls to ensure compliance with Information Assurance Regulation requirements.,يجب على المنظمة تطبيق ضوابط Asset Management لضمان الامتثال لمتطلبات لائحة ضمان المعلومات,corrective,3,medium,True,INCIDENT_REPORT|MEETING_MINUTES|ATTESTATION|RISK_ASSESSMENT,active
4,ARE,UAE-IAR,2.0,4.1,Physical Security,Physical Security - Control 1,Physical Security - ضابط 1,The organization shall implement physical security controls to ensure compliance with Information Assurance Regulation requirements.,يجب على المنظمة تطبيق ضوابط Physical Security لضمان الامتثال لمتطلبات لائحة ضمان المعلومات,preventive,4,low,True,POLICY|PROCEDURE|STANDARD|CONFIG|TRAINING_RECORD,active
5,ARE,UAE-IAR,2.0,5.1,Operations Management,Operations Management - Control 1,Operations Management - ضابط 1,The organization shall implement operations management controls to ensure compliance with Information Assurance Regulation requirements.,يجب على المنظمة تطبيق ضوابط Operations Management لضمان الامتثال لمتطلبات لائحة ضمان المعلومات,detective,1,critical,True,LOG|REPORT|SCAN_REPORT|AUDIT_REPORT|ACCESS_REVIEW,active
6,ARE,UAE-IAR,2.0,6.1,Communications Security,Communications Security - Control 1,Communications Security - ضابط 1,The organization shall implement communications security controls to ensure compliance with Information Assurance Regulation requirements.,يجب على المنظمة تطبيق ضوابط Communications Security لضمان الامتثال لمتطلبات لائحة ضمان المعلومات,corrective,2,high,True,INCIDENT_REPORT|MEETING_MINUTES|ATTESTATION|RISK_ASSESSMENT,active
7,ARE,UAE-IAR,2.0,7.1,Access Control,Access Control - Control 1,Access Control - ضابط 1,The organization shall implement access control controls to ensure compliance with Information Assurance Regulation requirements.,يجب على المنظمة تطبيق ضوابط Access Control لضمان الامتثال لمتطلبات لائحة ضمان المعلومات,preventive,3,medium,True,POLICY|PROCEDURE|STANDARD|CONFIG|TRAINING_RECORD,active
8,ARE,UAE-IAR,2.0,8.1,Information Systems,Information Systems - Control 1,Information Systems - ضابط 1,The organization shall implement information systems controls to ensure compliance with Information Assurance Regulation requirements.,يجب على المنظمة تطبيق ضوابط Information Systems لضمان الامتثال لمتطلبات لائحة ضمان المعلومات,detective,4,low,True,LOG|REPORT|SCAN_REPORT|AUDIT_REPORT|ACCESS_REVIEW,active
9,ARE,UAE-IAR,2.0,9.1,Third Party,Third Party - Control 1,Third Party - ضابط 1,The organization shall implement third party controls to ensure compliance with Information Assurance Regulation requirements.,يجب على المنظمة تطبيق ضوابط Third Party لضمان الامتثال لمتطلبات لائحة ضمان المعلومات,corrective,1,critical,True,INCIDENT_REPORT|MEETING_MINUTES|ATTESTATION|RISK_ASSESSMENT,active
10,ARE,UAE-IAR,2.0,10.1,Information Security Incident Management,Information Security Incident Management - Control 1,Information Security Incident Management - ضابط 1,The organization shall implement information security incident management controls to ensure compliance with Information Assurance Regulation requirements.,يجب على المنظمة تطبيق ضوابط Information Security Incident Management لضمان الامتثال لمتطلبات لائحة ضمان المعلومات,preventive,2,high,True,POLICY|PROCEDURE|STANDARD|CONFIG|TRAINING_RECORD,active
11,ARE,UAE-IAR,2.0,11.1,Compliance,Compliance - Control 1,Compliance - ضابط 1,The organization shall implement compliance controls to ensure compliance with Information Assurance Regulation requirements.,يجب على المنظمة تطبيق ضوابط Compliance لضمان الامتثال لمتطلبات لائحة ضمان المعلومات,detective,3,medium,True,LOG|REPORT|SCAN_REPORT|AUDIT_REPORT|ACCESS_REVIEW,active
12,ARE,UAE-IAR,2.0,1.2,Strategy & Planning,Strategy & Planning - Control 2,Strategy & Planning - ضابط 2,The organization shall implement strategy & planning controls to ensure compliance with Information Assurance Regulation requirements.,يجب على المنظمة تطبيق ضوابط Strategy & Planning لضمان الامتثال لمتطلبات لائحة ضمان المعلومات,corrective,4,low,True,INCIDENT_REPORT|MEETING_MINUTES|ATTESTATION|RISK_ASSESSMENT,active
13,ARE,UAE-IAR,2.0,2.2,Information Security Management,Information Security Management - Control 2,Information Security Management - ضابط 2,The organization shall implement information security management controls to ensure compliance with Information Assurance Regulation requirements.,يجب على المنظمة تطبيق ضوابط Information Security Management لضمان الامتثال لمتطلبات لائحة ضمان المعلومات,preventive,1,critical,True,POLICY|PROCEDURE|STANDARD|CONFIG|TRAINING_RECORD,active
14,ARE,UAE-IAR,2.0,3.2,Asset Management,Asset Management - Control 2,Asset Management - ضابط 2,The organization shall implement asset management controls to ensure compliance with Information Assurance Regulation requirements.,يجب على المنظمة تطبيق ضوابط Asset Management لضمان الامتثال لمتطلبات لائحة ضمان المعلومات,detective,2,high,True,LOG|REPORT|SCAN_REPORT|AUDIT_REPORT|ACCESS_REVIEW,active
15,ARE,UAE-IAR,2.0,4.2,Physical Security,Physical Security - Control 2,Physical Security - ضابط 2,The organization shall implement physical security controls to ensure compliance with Information Assurance Regulation requirements.,يجب على المنظمة تطبيق ضوابط Physical Security لضمان الامتثال لمتطلبات لائحة ضمان المعلومات,corrective,3,medium,True,INCIDENT_REPORT|MEETING_MINUTES|ATTESTATION|RISK_ASSESSMENT,active
16,ARE,UAE-IAR,2.0,5.2,Operations Management,Operations Management - Control 2,Operations Management - ضابط 2,The organization shall implement operations management controls to ensure compliance with Information Assurance Regulation requirements.,يجب على المنظمة تطبيق ضوابط Operations Management لضمان الامتثال لمتطلبات لائحة ضمان المعلومات,preventive,4,low,True,POLICY|PROCEDURE|STANDARD|CONFIG|TRAINING_RECORD,active
17,ARE,UAE-IAR,2.0,6.2,Communications Security,Communications Security - Control 2,Communications Security - ضابط 2,The organization shall implement communications security controls to ensure compliance with Information Assurance Regulation requirements.,يجب على المنظمة تطبيق ضوابط Communications Security لضمان الامتثال لمتطلبات لائحة ضمان المعلومات,detective,1,critical,True,LOG|REPORT|SCAN_REPORT|AUDIT_REPORT|ACCESS_REVIEW,active
18,ARE,UAE-IAR,2.0,7.2,Access Control,Access Control - Control 2,Access Control - ضابط 2,The organization shall implement access control controls to ensure compliance with Information Assurance Regulation requirements.,يجب على المنظمة تطبيق ضوابط Access Control لضمان الامتثال لمتطلبات لائحة ضمان المعلومات,corrective,2,high,True,INCIDENT_REPORT|MEETING_MINUTES|ATTESTATION|RISK_ASSESSMENT,active
19,ARE,UAE-IAR,2.0,8.2,Information Systems,Information Systems - Control 2,Information Systems - ضابط 2,The organization shall implement information systems controls to ensure compliance with Information Assurance Regulation requirements.,يجب على المنظمة تطبيق ضوابط Information Systems لضمان الامتثال لمتطلبات لائحة ضمان المعلومات,preventive,3,medium,True,POLICY|PROCEDURE|STANDARD|CONFIG|TRAINING_RECORD,active
20,ARE,UAE-IAR,2.0,9.2,Third Party,Third Party - Control 2,Third Party - ضابط 2,The organization shall implement third party controls to ensure compliance with Information Assurance Regulation requirements.,يجب على المنظمة تطبيق ضوابط Third Party لضمان الامتثال لمتطلبات لائحة ضمان المعلومات,detective,4,low,True,LOG|REPORT|SCAN_REPORT|AUDIT_REPORT|ACCESS_REVIEW,active
21,ARE,UAE-IAR,2.0,10.2,Information Security Incident Management,Information Security Incident Management - Control 2,Information Security Incident Management - ضابط 2,The organization shall implement information security incident management controls to ensure compliance with Information Assurance Regulation requirements.,يجب على المنظمة تطبيق ضوابط Information Security Incident Management لضمان الامتثال لمتطلبات لائحة ضمان المعلومات,corrective,1,critical,True,INCIDENT_REPORT|MEETING_MINUTES|ATTESTATION|RISK_ASSESSMENT,active
22,ARE,UAE-IAR,2.0,11.2,Compliance,Compliance - Control 2,Compliance - ضابط 2,The organization shall implement compliance controls to ensure compliance with Information Assurance Regulation requirements.,يجب على المنظمة تطبيق ضوابط Compliance لضمان الامتثال لمتطلبات لائحة ضمان المعلومات,preventive,2,high,True,POLICY|PROCEDURE|STANDARD|CONFIG|TRAINING_RECORD,active
23,ARE,UAE-IAR,2.0,1.3,Strategy & Planning,Strategy & Planning - Control 3,Strategy & Planning - ضابط 3,The organization shall implement strategy & planning controls to ensure compliance with Information Assurance Regulation requirements.,يجب على المنظمة تطبيق ضوابط Strategy & Planning لضمان الامتثال لمتطلبات لائحة ضمان المعلومات,detective,3,medium,True,LOG|REPORT|SCAN_REPORT|AUDIT_REPORT|ACCESS_REVIEW,active
24,ARE,UAE-IAR,2.0,2.3,Information Security Management,Information Security Management - Control 3,Information Security Management - ضابط 3,The organization shall implement information security management controls to ensure compliance with Information Assurance Regulation requirements.,يجب على المنظمة تطبيق ضوابط Information Security Management لضمان الامتثال لمتطلبات لائحة ضمان المعلومات,corrective,4,low,True,INCIDENT_REPORT|MEETING_MINUTES|ATTESTATION|RISK_ASSESSMENT,active
25,ARE,UAE-IAR,2.0,3.3,Asset Management,Asset Management - Control 3,Asset Management - ضابط 3,The organization shall implement asset management controls to ensure compliance with Information Assurance Regulation requirements.,يجب على المنظمة تطبيق ضوابط Asset Management لضمان الامتثال لمتطلبات لائحة ضمان المعلومات,preventive,1,critical,True,POLICY|PROCEDURE|STANDARD|CONFIG|TRAINING_RECORD,active
26,ARE,UAE-IAR,2.0,4.3,Physical Security,Physical Security - Control 3,Physical Security - ضابط 3,The organization shall implement physical security controls to ensure compliance with Information Assurance Regulation requirements.,يجب على المنظمة تطبيق ضوابط Physical Security لضمان الامتثال لمتطلبات لائحة ضمان المعلومات,detective,2,high,True,LOG|REPORT|SCAN_REPORT|AUDIT_REPORT|ACCESS_REVIEW,active
27,ARE,UAE-IAR,2.0,5.3,Operations Management,Operations Management - Control 3,Operations Management - ضابط 3,The organization shall implement operations management controls to ensure compliance with Information Assurance Regulation requirements.,يجب على المنظمة تطبيق ضوابط Operations Management لضمان الامتثال لمتطلبات لائحة ضمان المعلومات,corrective,3,medium,True,INCIDENT_REPORT|MEETING_MINUTES|ATTESTATION|RISK_ASSESSMENT,active
28,ARE,UAE-IAR,2.0,6.3,Communications Security,Communications Security - Control 3,Communications Security - ضابط 3,The organization shall implement communications security controls to ensure compliance with Information Assurance Regulation requirements.,يجب على المنظمة تطبيق ضوابط Communications Security لضمان الامتثال لمتطلبات لائحة ضمان المعلومات,preventive,4,low,True,POLICY|PROCEDURE|STANDARD|CONFIG|TRAINING_RECORD,active
29,ARE,UAE-IAR,2.0,7.3,Access Control,Access Control - Control 3,Access Control - ضابط 3,The organization shall implement access control controls to ensure compliance with Information Assurance Regulation requirements.,يجب على المنظمة تطبيق ضوابط Access Control لضمان الامتثال لمتطلبات لائحة ضمان المعلومات,detective,1,critical,True,LOG|REPORT|SCAN_REPORT|AUDIT_REPORT|ACCESS_REVIEW,active
30,ARE,UAE-IAR,2.0,8.3,Information Systems,Information Systems - Control 3,Information Systems - ضابط 3,The organization shall implement information systems controls to ensure compliance with Information Assurance Regulation requirements.,يجب على المنظمة تطبيق ضوابط Information Systems لضمان الامتثال لمتطلبات لائحة ضمان المعلومات,corrective,2,high,True,INCIDENT_REPORT|MEETING_MINUTES|ATTESTATION|RISK_ASSESSMENT,active
31,ARE,UAE-IAR,2.0,9.3,Third Party,Third Party - Control 3,Third Party - ضابط 3,The organization shall implement third party controls to ensure compliance with Information Assurance Regulation requirements.,يجب على المنظمة تطبيق ضوابط Third Party لضمان الامتثال لمتطلبات لائحة ضمان المعلومات,preventive,3,medium,True,POLICY|PROCEDURE|STANDARD|CONFIG|TRAINING_RECORD,active
32,ARE,UAE-IAR,2.0,10.3,Information Security Incident Management,Information Security Incident Management - Control 3,Information Security Incident Management - ضابط 3,The organization shall implement information security incident management controls to ensure compliance with Information Assurance Regulation requirements.,يجب على المنظمة تطبيق ضوابط Information Security Incident Management لضمان الامتثال لمتطلبات لائحة ضمان المعلومات,detective,4,low,True,LOG|REPORT|SCAN_REPORT|AUDIT_REPORT|ACCESS_REVIEW,active
33,ARE,UAE-IAR,2.0,11.3,Compliance,Compliance - Control 3,Compliance - ضابط 3,The organization shall implement compliance controls to ensure compliance with Information Assurance Regulation requirements.,يجب على المنظمة تطبيق ضوابط Compliance لضمان الامتثال لمتطلبات لائحة ضمان المعلومات,corrective,1,critical,True,INCIDENT_REPORT|MEETING_MINUTES|ATTESTATION|RISK_ASSESSMENT,active
34,ARE,UAE-IAR,2.0,1.4,Strategy & Planning,Strategy & Planning - Control 4,Strategy & Planning - ضابط 4,The organization shall implement strategy & planning controls to ensure compliance with Information Assurance Regulation requirements.,يجب على المنظمة تطبيق ضوابط Strategy & Planning لضمان الامتثال لمتطلبات لائحة ضمان المعلومات,preventive,2,high,True,POLICY|PROCEDURE|STANDARD|CONFIG|TRAINING_RECORD,active
35,ARE,UAE-IAR,2.0,2.4,Information Security Management,Information Security Management - Control 4,Information Security Management - ضابط 4,The organization shall implement information security management controls to ensure compliance with Information Assurance Regulation requirements.,يجب على المنظمة تطبيق ضوابط Information Security Management لضمان الامتثال لمتطلبات لائحة ضمان المعلومات,detective,3,medium,True,LOG|REPORT|SCAN_REPORT|AUDIT_REPORT|ACCESS_REVIEW,active
36,ARE,UAE-IAR,2.0,3.4,Asset Management,Asset Management - Control 4,Asset Management - ضابط 4,The organization shall implement asset management controls to ensure compliance with Information Assurance Regulation requirements.,يجب على المنظمة تطبيق ضوابط Asset Management لضمان الامتثال لمتطلبات لائحة ضمان المعلومات,corrective,4,low,True,INCIDENT_REPORT|MEETING_MINUTES|ATTESTATION|RISK_ASSESSMENT,active
37,ARE,UAE-IAR,2.0,4.4,Physical Security,Physical Security - Control 4,Physical Security - ضابط 4,The organization shall implement physical security controls to ensure compliance with Information Assurance Regulation requirements.,يجب على المنظمة تطبيق ضوابط Physical Security لضمان الامتثال لمتطلبات لائحة ضمان المعلومات,preventive,1,critical,True,POLICY|PROCEDURE|STANDARD|CONFIG|TRAINING_RECORD,active
38,ARE,UAE-IAR,2.0,5.4,Operations Management,Operations Management - Control 4,Operations Management - ضابط 4,The organization shall implement operations management controls to ensure compliance with Information Assurance Regulation requirements.,يجب على المنظمة تطبيق ضوابط Operations Management لضمان الامتثال لمتطلبات لائحة ضمان المعلومات,detective,2,high,True,LOG|REPORT|SCAN_REPORT|AUDIT_REPORT|ACCESS_REVIEW,active
39,ARE,UAE-IAR,2.0,6.4,Communications Security,Communications Security - Control 4,Communications Security - ضابط 4,The organization shall implement communications security controls to ensure compliance with Information Assurance Regulation requirements.,يجب على المنظمة تطبيق ضوابط Communications Security لضمان الامتثال لمتطلبات لائحة ضمان المعلومات,corrective,3,medium,True,INCIDENT_REPORT|MEETING_MINUTES|ATTESTATION|RISK_ASSESSMENT,active
40,ARE,UAE-IAR,2.0,7.4,Access Control,Access Control - Control 4,Access Control - ضابط 4,The organization shall implement access control controls to ensure compliance with Information Assurance Regulation requirements.,يجب على المنظمة تطبيق ضوابط Access Control لضمان الامتثال لمتطلبات لائحة ضمان المعلومات,preventive,4,low,True,POLICY|PROCEDURE|STANDARD|CONFIG|TRAINING_RECORD,active
41,ARE,UAE-IAR,2.0,8.4,Information Systems,Information Systems - Control 4,Information Systems - ضابط 4,The organization shall implement information systems controls to ensure compliance with Information Assurance Regulation requirements.,يجب على المنظمة تطبيق ضوابط Information Systems لضمان الامتثال لمتطلبات لائحة ضمان المعلومات,detective,1,critical,True,LOG|REPORT|SCAN_REPORT|AUDIT_REPORT|ACCESS_REVIEW,active
42,ARE,UAE-IAR,2.0,9.4,Third Party,Third Party - Control 4,Third Party - ضابط 4,The organization shall implement third party controls to ensure compliance with Information Assurance Regulation requirements.,يجب على المنظمة تطبيق ضوابط Third Party لضمان الامتثال لمتطلبات لائحة ضمان المعلومات,corrective,2,high,True,INCIDENT_REPORT|MEETING_MINUTES|ATTESTATION|RISK_ASSESSMENT,active
43,ARE,UAE-IAR,2.0,10.4,Information Security Incident Management,Information Security Incident Management - Control 4,Information Security Incident Management - ضابط 4,The organization shall implement information security incident management controls to ensure compliance with Information Assurance Regulation requirements.,يجب على المنظمة تطبيق ضوابط Information Security Incident Management لضمان الامتثال لمتطلبات لائحة ضمان المعلومات,preventive,3,medium,True,POLICY|PROCEDURE|STANDARD|CONFIG|TRAINING_RECORD,active
44,ARE,UAE-IAR,2.0,11.4,Compliance,Compliance - Control 4,Compliance - ضابط 4,The organization shall implement compliance controls to ensure compliance with Information Assurance Regulation requirements.,يجب على المنظمة تطبيق ضوابط Compliance لضمان الامتثال لمتطلبات لائحة ضمان المعلومات,detective,4,low,True,LOG|REPORT|SCAN_REPORT|AUDIT_REPORT|ACCESS_REVIEW,active
45,ARE,UAE-IAR,2.0,1.5,Strategy & Planning,Strategy & Planning - Control 5,Strategy & Planning - ضابط 5,The organization shall implement strategy & planning controls to ensure compliance with Information Assurance Regulation requirements.,يجب على المنظمة تطبيق ضوابط Strategy & Planning لضمان الامتثال لمتطلبات لائحة ضمان المعلومات,corrective,1,critical,True,INCIDENT_REPORT|MEETING_MINUTES|ATTESTATION|RISK_ASSESSMENT,active
46,ARE,UAE-IAR,2.0,2.5,Information Security Management,Information Security Management - Control 5,Information Security Management - ضابط 5,The organization shall implement information security management controls to ensure compliance with Information Assurance Regulation requirements.,يجب على المنظمة تطبيق ضوابط Information Security Management لضمان الامتثال لمتطلبات لائحة ضمان المعلومات,preventive,2,high,True,POLICY|PROCEDURE|STANDARD|CONFIG|TRAINING_RECORD,active
47,ARE,UAE-IAR,2.0,3.5,Asset Management,Asset Management - Control 5,Asset Management - ضابط 5,The organization shall implement asset management controls to ensure compliance with Information Assurance Regulation requirements.,يجب على المنظمة تطبيق ضوابط Asset Management لضمان الامتثال لمتطلبات لائحة ضمان المعلومات,detective,3,medium,True,LOG|REPORT|SCAN_REPORT|AUDIT_REPORT|ACCESS_REVIEW,active
48,ARE,UAE-IAR,2.0,4.5,Physical Security,Physical Security - Control 5,Physical Security - ضابط 5,The organization shall implement physical security controls to ensure compliance with Information Assurance Regulation requirements.,يجب على المنظمة تطبيق ضوابط Physical Security لضمان الامتثال لمتطلبات لائحة ضمان المعلومات,corrective,4,low,True,INCIDENT_REPORT|MEETING_MINUTES|ATTESTATION|RISK_ASSESSMENT,active
49,ARE,UAE-IAR,2.0,5.5,Operations Management,Operations Management - Control 5,Operations Management - ضابط 5,The organization shall implement operations management controls to ensure compliance with Information Assurance Regulation requirements.,يجب على المنظمة تطبيق ضوابط Operations Management لضمان الامتثال لمتطلبات لائحة ضمان المعلومات,preventive,1,critical,True,POLICY|PROCEDURE|STANDARD|CONFIG|TRAINING_RECORD,active
50,ARE,UAE-IAR,2.0,6.5,Communications Security,Communications Security - Control 5,Communications Security - ضابط 5,The organization shall implement communications security controls to ensure compliance with Information Assurance Regulation requirements.,يجب على المنظمة تطبيق ضوابط Communications Security لضمان الامتثال لمتطلبات لائحة ضمان المعلومات,detective,2,high,True,LOG|REPORT|SCAN_REPORT|AUDIT_REPORT|ACCESS_REVIEW,active
51,ARE,UAE-IAR,2.0,7.5,Access Control,Access Control - Control 5,Access Control - ضابط 5,The organization shall implement access control controls to ensure compliance with Information Assurance Regulation requirements.,يجب على المنظمة تطبيق ضوابط Access Control لضمان الامتثال لمتطلبات لائحة ضمان المعلومات,corrective,3,medium,True,INCIDENT_REPORT|MEETING_MINUTES|ATTESTATION|RISK_ASSESSMENT,active
52,ARE,UAE-IAR,2.0,8.5,Information Systems,Information Systems - Control 5,Information Systems - ضابط 5,The organization shall implement information systems controls to ensure compliance with Information Assurance Regulation requirements.,يجب على المنظمة تطبيق ضوابط Information Systems لضمان الامتثال لمتطلبات لائحة ضمان المعلومات,preventive,4,low,True,POLICY|PROCEDURE|STANDARD|CONFIG|TRAINING_RECORD,active
53,ARE,UAE-IAR,2.0,9.5,Third Party,Third Party - Control 5,Third Party - ضابط 5,The organization shall implement third party controls to ensure compliance with Information Assurance Regulation requirements.,يجب على المنظمة تطبيق ضوابط Third Party لضمان الامتثال لمتطلبات لائحة ضمان المعلومات,detective,1,critical,True,LOG|REPORT|SCAN_REPORT|AUDIT_REPORT|ACCESS_REVIEW,active
54,ARE,UAE-IAR,2.0,10.5,Information Security Incident Management,Information Security Incident Management - Control 5,Information Security Incident Management - ضابط 5,The organization shall implement information security incident management controls to ensure compliance with Information Assurance Regulation requirements.,يجب على المنظمة تطبيق ضوابط Information Security Incident Management لضمان الامتثال لمتطلبات لائحة ضمان المعلومات,corrective,2,high,True,INCIDENT_REPORT|MEETING_MINUTES|ATTESTATION|RISK_ASSESSMENT,active
55,ARE,UAE-IAR,2.0,11.5,Compliance,Compliance - Control 5,Compliance - ضابط 5,The organization shall implement compliance controls to ensure compliance with Information Assurance Regulation requirements.,يجب على المنظمة تطبيق ضوابط Compliance لضمان الامتثال لمتطلبات لائحة ضمان المعلومات,preventive,3,medium,True,POLICY|PROCEDURE|STANDARD|CONFIG|TRAINING_RECORD,active
56,ARE,UAE-IAR,2.0,1.6,Strategy & Planning,Strategy & Planning - Control 6,Strategy & Planning - ضابط 6,The organization shall implement strategy & planning controls to ensure compliance with Information Assurance Regulation requirements.,يجب على المنظمة تطبيق ضوابط Strategy & Planning لضمان الامتثال لمتطلبات لائحة ضمان المعلومات,detective,4,low,True,LOG|REPORT|SCAN_REPORT|AUDIT_REPORT|ACCESS_REVIEW,active
57,ARE,UAE-IAR,2.0,2.6,Information Security Management,Information Security Management - Control 6,Information Security Management - ضابط 6,The organization shall implement information security management controls to ensure compliance with Information Assurance Regulation requirements.,يجب على المنظمة تطبيق ضوابط Information Security Management لضمان الامتثال لمتطلبات لائحة ضمان المعلومات,corrective,1,critical,True,INCIDENT_REPORT|MEETING_MINUTES|ATTESTATION|RISK_ASSESSMENT,active
58,ARE,UAE-IAR,2.0,3.6,Asset Management,Asset Management - Control 6,Asset Management - ضابط 6,The organization shall implement asset management controls to ensure compliance with Information Assurance Regulation requirements.,يجب على المنظمة تطبيق ضوابط Asset Management لضمان الامتثال لمتطلبات لائحة ضمان المعلومات,preventive,2,high,True,POLICY|PROCEDURE|STANDARD|CONFIG|TRAINING_RECORD,active
59,ARE,UAE-IAR,2.0,4.6,Physical Security,Physical Security - Control 6,Physical Security - ضابط 6,The organization shall implement physical security controls to ensure compliance with Information Assurance Regulation requirements.,يجب على المنظمة تطبيق ضوابط Physical Security لضمان الامتثال لمتطلبات لائحة ضمان المعلومات,detective,3,medium,True,LOG|REPORT|SCAN_REPORT|AUDIT_REPORT|ACCESS_REVIEW,active
60,ARE,UAE-IAR,2.0,5.6,Operations Management,Operations Management - Control 6,Operations Management - ضابط 6,The organization shall implement operations management controls to ensure compliance with Information Assurance Regulation requirements.,يجب على المنظمة تطبيق ضوابط Operations Management لضمان الامتثال لمتطلبات لائحة ضمان المعلومات,corrective,4,low,True,INCIDENT_REPORT|MEETING_MINUTES|ATTESTATION|RISK_ASSESSMENT,active
61,ARE,UAE-IAR,2.0,6.6,Communications Security,Communications Security - Control 6,Communications Security - ضابط 6,The organization shall implement communications security controls to ensure compliance with Information Assurance Regulation requirements.,يجب على المنظمة تطبيق ضوابط Communications Security لضمان الامتثال لمتطلبات لائحة ضمان المعلومات,preventive,1,critical,True,POLICY|PROCEDURE|STANDARD|CONFIG|TRAINING_RECORD,active
62,ARE,UAE-IAR,2.0,7.6,Access Control,Access Control - Control 6,Access Control - ضابط 6,The organization shall implement access control controls to ensure compliance with Information Assurance Regulation requirements.,يجب على المنظمة تطبيق ضوابط Access Control لضمان الامتثال لمتطلبات لائحة ضمان المعلومات,detective,2,high,True,LOG|REPORT|SCAN_REPORT|AUDIT_REPORT|ACCESS_REVIEW,active
63,ARE,UAE-IAR,2.0,8.6,Information Systems,Information Systems - Control 6,Information Systems - ضابط 6,The organization shall implement information systems controls to ensure compliance with Information Assurance Regulation requirements.,يجب على المنظمة تطبيق ضوابط Information Systems لضمان الامتثال لمتطلبات لائحة ضمان المعلومات,corrective,3,medium,True,INCIDENT_REPORT|MEETING_MINUTES|ATTESTATION|RISK_ASSESSMENT,active
64,ARE,UAE-IAR,2.0,9.6,Third Party,Third Party - Control 6,Third Party - ضابط 6,The organization shall implement third party controls to ensure compliance with Information Assurance Regulation requirements.,يجب على المنظمة تطبيق ضوابط Third Party لضمان الامتثال لمتطلبات لائحة ضمان المعلومات,preventive,4,low,True,POLICY|PROCEDURE|STANDARD|CONFIG|TRAINING_RECORD,active
65,ARE,UAE-IAR,2.0,10.6,Information Security Incident Management,Information Security Incident Management - Control 6,Information Security Incident Management - ضابط 6,The organization shall implement information security incident management controls to ensure compliance with Information Assurance Regulation requirements.,يجب على المنظمة تطبيق ضوابط Information Security Incident Management لضمان الامتثال لمتطلبات لائحة ضمان المعلومات,detective,1,critical,True,LOG|REPORT|SCAN_REPORT|AUDIT_REPORT|ACCESS_REVIEW,active
66,ARE,UAE-IAR,2.0,11.6,Compliance,Compliance - Control 6,Compliance - ضابط 6,The organization shall implement compliance controls to ensure compliance with Information Assurance Regulation requirements.,يجب على المنظمة تطبيق ضوابط Compliance لضمان الامتثال لمتطلبات لائحة ضمان المعلومات,corrective,2,high,True,INCIDENT_REPORT|MEETING_MINUTES|ATTESTATION|RISK_ASSESSMENT,active
67,ARE,UAE-IAR,2.0,1.7,Strategy & Planning,Strategy & Planning - Control 7,Strategy & Planning - ضابط 7,The organization shall implement strategy & planning controls to ensure compliance with Information Assurance Regulation requirements.,يجب على المنظمة تطبيق ضوابط Strategy & Planning لضمان الامتثال لمتطلبات لائحة ضمان المعلومات,preventive,3,medium,True,POLICY|PROCEDURE|STANDARD|CONFIG|TRAINING_RECORD,active
68,ARE,UAE-IAR,2.0,2.7,Information Security Management,Information Security Management - Control 7,Information Security Management - ضابط 7,The organization shall implement information security management controls to ensure compliance with Information Assurance Regulation requirements.,يجب على المنظمة تطبيق ضوابط Information Security Management لضمان الامتثال لمتطلبات لائحة ضمان المعلومات,detective,4,low,True,LOG|REPORT|SCAN_REPORT|AUDIT_REPORT|ACCESS_REVIEW,active
69,ARE,UAE-IAR,2.0,3.7,Asset Management,Asset Management - Control 7,Asset Management - ضابط 7,The organization shall implement asset management controls to ensure compliance with Information Assurance Regulation requirements.,يجب على المنظمة تطبيق ضوابط Asset Management لضمان الامتثال لمتطلبات لائحة ضمان المعلومات,corrective,1,critical,True,INCIDENT_REPORT|MEETING_MINUTES|ATTESTATION|RISK_ASSESSMENT,active
70,ARE,UAE-IAR,2.0,4.7,Physical Security,Physical Security - Control 7,Physical Security - ضابط 7,The organization shall implement physical security controls to ensure compliance with Information Assurance Regulation requirements.,يجب على المنظمة تطبيق ضوابط Physical Security لضمان الامتثال لمتطلبات لائحة ضمان المعلومات,preventive,2,high,True,POLICY|PROCEDURE|STANDARD|CONFIG|TRAINING_RECORD,active
71,ARE,UAE-IAR,2.0,5.7,Operations Management,Operations Management - Control 7,Operations Management - ضابط 7,The organization shall implement operations management controls to ensure compliance with Information Assurance Regulation requirements.,يجب على المنظمة تطبيق ضوابط Operations Management لضمان الامتثال لمتطلبات لائحة ضمان المعلومات,detective,3,medium,True,LOG|REPORT|SCAN_REPORT|AUDIT_REPORT|ACCESS_REVIEW,active
72,ARE,UAE-IAR,2.0,6.7,Communications Security,Communications Security - Control 7,Communications Security - ضابط 7,The organization shall implement communications security controls to ensure compliance with Information Assurance Regulation requirements.,يجب على المنظمة تطبيق ضوابط Communications Security لضمان الامتثال لمتطلبات لائحة ضمان المعلومات,corrective,4,low,True,INCIDENT_REPORT|MEETING_MINUTES|ATTESTATION|RISK_ASSESSMENT,active
73,ARE,UAE-IAR,2.0,7.7,Access Control,Access Control - Control 7,Access Control - ضابط 7,The organization shall implement access control controls to ensure compliance with Information Assurance Regulation requirements.,يجب على المنظمة تطبيق ضوابط Access Control لضمان الامتثال لمتطلبات لائحة ضمان المعلومات,preventive,1,critical,True,POLICY|PROCEDURE|STANDARD|CONFIG|TRAINING_RECORD,active
74,ARE,UAE-IAR,2.0,8.7,Information Systems,Information Systems - Control 7,Information Systems - ضابط 7,The organization shall implement information systems controls to ensure compliance with Information Assurance Regulation requirements.,يجب على المنظمة تطبيق ضوابط Information Systems لضمان الامتثال لمتطلبات لائحة ضمان المعلومات,detective,2,high,True,LOG|REPORT|SCAN_REPORT|AUDIT_REPORT|ACCESS_REVIEW,active
75,ARE,UAE-IAR,2.0,9.7,Third Party,Third Party - Control 7,Third Party - ضابط 7,The organization shall implement third party controls to ensure compliance with Information Assurance Regulation requirements.,يجب على المنظمة تطبيق ضوابط Third Party لضمان الامتثال لمتطلبات لائحة ضمان المعلومات,corrective,3,medium,True,INCIDENT_REPORT|MEETING_MINUTES|ATTESTATION|RISK_ASSESSMENT,active
76,ARE,UAE-IAR,2.0,10.7,Information Security Incident Management,Information Security Incident Management - Control 7,Information Security Incident Management - ضابط 7,The organization shall implement information security incident management controls to ensure compliance with Information Assurance Regulation requirements.,يجب على المنظمة تطبيق ضوابط Information Security Incident Management لضمان الامتثال لمتطلبات لائحة ضمان المعلومات,preventive,4,low,True,POLICY|PROCEDURE|STANDARD|CONFIG|TRAINING_RECORD,active
77,ARE,UAE-IAR,2.0,11.7,Compliance,Compliance - Control 7,Compliance - ضابط 7,The organization shall implement compliance controls to ensure compliance with Information Assurance Regulation requirements.,يجب على المنظمة تطبيق ضوابط Compliance لضمان الامتثال لمتطلبات لائحة ضمان المعلومات,detective,1,critical,True,LOG|REPORT|SCAN_REPORT|AUDIT_REPORT|ACCESS_REVIEW,active
78,ARE,UAE-IAR,2.0,1.8,Strategy & Planning,Strategy & Planning - Control 8,Strategy & Planning - ضابط 8,The organization shall implement strategy & planning controls to ensure compliance with Information Assurance Regulation requirements.,يجب على المنظمة تطبيق ضوابط Strategy & Planning لضمان الامتثال لمتطلبات لائحة ضمان المعلومات,corrective,2,high,True,INCIDENT_REPORT|MEETING_MINUTES|ATTESTATION|RISK_ASSESSMENT,active
79,ARE,UAE-IAR,2.0,2.8,Information Security Management,Information Security Management - Control 8,Information Security Management - ضابط 8,The organization shall implement information security management controls to ensure compliance with Information Assurance Regulation requirements.,يجب على المنظمة تطبيق ضوابط Information Security Management لضمان الامتثال لمتطلبات لائحة ضمان المعلومات,preventive,3,medium,True,POLICY|PROCEDURE|STANDARD|CONFIG|TRAINING_RECORD,active
80,ARE,UAE-IAR,2.0,3.8,Asset Management,Asset Management - Control 8,Asset Management - ضابط 8,The organization shall implement asset management controls to ensure compliance with Information Assurance Regulation requirements.,يجب على المنظمة تطبيق ضوابط Asset Management لضمان الامتثال لمتطلبات لائحة ضمان المعلومات,detective,4,low,True,LOG|REPORT|SCAN_REPORT|AUDIT_REPORT|ACCESS_REVIEW,active
81,ARE,UAE-IAR,2.0,4.8,Physical Security,Physical Security - Control 8,Physical Security - ضابط 8,The organization shall implement physical security controls to ensure compliance with Information Assurance Regulation requirements.,يجب على المنظمة تطبيق ضوابط Physical Security لضمان الامتثال لمتطلبات لائحة ضمان المعلومات,corrective,1,critical,True,INCIDENT_REPORT|MEETING_MINUTES|ATTESTATION|RISK_ASSESSMENT,active
82,ARE,UAE-IAR,2.0,5.8,Operations Management,Operations Management - Control 8,Operations Management - ضابط 8,The organization shall implement operations management controls to ensure compliance with Information Assurance Regulation requirements.,يجب على المنظمة تطبيق ضوابط Operations Management لضمان الامتثال لمتطلبات لائحة ضمان المعلومات,preventive,2,high,True,POLICY|PROCEDURE|STANDARD|CONFIG|TRAINING_RECORD,active
83,ARE,UAE-IAR,2.0,6.8,Communications Security,Communications Security - Control 8,Communications Security - ضابط 8,The organization shall implement communications security controls to ensure compliance with Information Assurance Regulation requirements.,يجب على المنظمة تطبيق ضوابط Communications Security لضمان الامتثال لمتطلبات لائحة ضمان المعلومات,detective,3,medium,True,LOG|REPORT|SCAN_REPORT|AUDIT_REPORT|ACCESS_REVIEW,active
84,ARE,UAE-IAR,2.0,7.8,Access Control,Access Control - Control 8,Access Control - ضابط 8,The organization shall implement access control controls to ensure compliance with Information Assurance Regulation requirements.,يجب على المنظمة تطبيق ضوابط Access Control لضمان الامتثال لمتطلبات لائحة ضمان المعلومات,corrective,4,low,True,INCIDENT_REPORT|MEETING_MINUTES|ATTESTATION|RISK_ASSESSMENT,active
85,ARE,UAE-IAR,2.0,8.8,Information Systems,Information Systems - Control 8,Information Systems - ضابط 8,The organization shall implement information systems controls to ensure compliance with Information Assurance Regulation requirements.,يجب على المنظمة تطبيق ضوابط Information Systems لضمان الامتثال لمتطلبات لائحة ضمان المعلومات,preventive,1,critical,True,POLICY|PROCEDURE|STANDARD|CONFIG|TRAINING_RECORD,active
86,ARE,UAE-IAR,2.0,9.8,Third Party,Third Party - Control 8,Third Party - ضابط 8,The organization shall implement third party controls to ensure compliance with Information Assurance Regulation requirements.,يجب على المنظمة تطبيق ضوابط Third Party لضمان الامتثال لمتطلبات لائحة ضمان المعلومات,detective,2,high,True,LOG|REPORT|SCAN_REPORT|AUDIT_REPORT|ACCESS_REVIEW,active
87,ARE,UAE-IAR,2.0,10.8,Information Security Incident Management,Information Security Incident Management - Control 8,Information Security Incident Management - ضابط 8,The organization shall implement information security incident management controls to ensure compliance with Information Assurance Regulation requirements.,يجب على المنظمة تطبيق ضوابط Information Security Incident Management لضمان الامتثال لمتطلبات لائحة ضمان المعلومات,corrective,3,medium,True,INCIDENT_REPORT|MEETING_MINUTES|ATTESTATION|RISK_ASSESSMENT,active
88,ARE,UAE-IAR,2.0,11.8,Compliance,Compliance - Control 8,Compliance - ضابط 8,The organization shall implement compliance controls to ensure compliance with Information Assurance Regulation requirements.,يجب على المنظمة تطبيق ضوابط Compliance لضمان الامتثال لمتطلبات لائحة ضمان المعلومات,preventive,4,low,True,POLICY|PROCEDURE|STANDARD|CONFIG|TRAINING_RECORD,active
89,ARE,UAE-IAR,2.0,1.9,Strategy & Planning,Strategy & Planning - Control 9,Strategy & Planning - ضابط 9,The organization shall implement strategy & planning controls to ensure compliance with Information Assurance Regulation requirements.,يجب على المنظمة تطبيق ضوابط Strategy & Planning لضمان الامتثال لمتطلبات لائحة ضمان المعلومات,detective,1,critical,True,LOG|REPORT|SCAN_REPORT|AUDIT_REPORT|ACCESS_REVIEW,active
90,ARE,UAE-IAR,2.0,2.9,Information Security Management,Information Security Management - Control 9,Information Security Management - ضابط 9,The organization shall implement information security management controls to ensure compliance with Information Assurance Regulation requirements.,يجب على المنظمة تطبيق ضوابط Information Security Management لضمان الامتثال لمتطلبات لائحة ضمان المعلومات,corrective,2,high,True,INCIDENT_REPORT|MEETING_MINUTES|ATTESTATION|RISK_ASSESSMENT,active
91,ARE,UAE-IAR,2.0,3.9,Asset Management,Asset Management - Control 9,Asset Management - ضابط 9,The organization shall implement asset management controls to ensure compliance with Information Assurance Regulation requirements.,يجب على المنظمة تطبيق ضوابط Asset Management لضمان الامتثال لمتطلبات لائحة ضمان المعلومات,preventive,3,medium,True,POLICY|PROCEDURE|STANDARD|CONFIG|TRAINING_RECORD,active
92,ARE,UAE-IAR,2.0,4.9,Physical Security,Physical Security - Control 9,Physical Security - ضابط 9,The organization shall implement physical security controls to ensure compliance with Information Assurance Regulation requirements.,يجب على المنظمة تطبيق ضوابط Physical Security لضمان الامتثال لمتطلبات لائحة ضمان المعلومات,detective,4,low,True,LOG|REPORT|SCAN_REPORT|AUDIT_REPORT|ACCESS_REVIEW,active
93,ARE,UAE-IAR,2.0,5.9,Operations Management,Operations Management - Control 9,Operations Management - ضابط 9,The organization shall implement operations management controls to ensure compliance with Information Assurance Regulation requirements.,يجب على المنظمة تطبيق ضوابط Operations Management لضمان الامتثال لمتطلبات لائحة ضمان المعلومات,corrective,1,critical,True,INCIDENT_REPORT|MEETING_MINUTES|ATTESTATION|RISK_ASSESSMENT,active
94,ARE,UAE-IAR,2.0,6.9,Communications Security,Communications Security - Control 9,Communications Security - ضابط 9,The organization shall implement communications security controls to ensure compliance with Information Assurance Regulation requirements.,يجب على المنظمة تطبيق ضوابط Communications Security لضمان الامتثال لمتطلبات لائحة ضمان المعلومات,preventive,2,high,True,POLICY|PROCEDURE|STANDARD|CONFIG|TRAINING_RECORD,active
95,ARE,UAE-IAR,2.0,7.9,Access Control,Access Control - Control 9,Access Control - ضابط 9,The organization shall implement access control controls to ensure compliance with Information Assurance Regulation requirements.,يجب على المنظمة تطبيق ضوابط Access Control لضمان الامتثال لمتطلبات لائحة ضمان المعلومات,detective,3,medium,True,LOG|REPORT|SCAN_REPORT|AUDIT_REPORT|ACCESS_REVIEW,active
96,ARE,UAE-IAR,2.0,8.9,Information Systems,Information Systems - Control 9,Information Systems - ضابط 9,The organization shall implement information systems controls to ensure compliance with Information Assurance Regulation requirements.,يجب على المنظمة تطبيق ضوابط Information Systems لضمان الامتثال لمتطلبات لائحة ضمان المعلومات,corrective,4,low,True,INCIDENT_REPORT|MEETING_MINUTES|ATTESTATION|RISK_ASSESSMENT,active
97,ARE,UAE-IAR,2.0,9.9,Third Party,Third Party - Control 9,Third Party - ضابط 9,The organization shall implement third party controls to ensure compliance with Information Assurance Regulation requirements.,يجب على المنظمة تطبيق ضوابط Third Party لضمان الامتثال لمتطلبات لائحة ضمان المعلومات,preventive,1,critical,True,POLICY|PROCEDURE|STANDARD|CONFIG|TRAINING_RECORD,active
98,ARE,UAE-IAR,2.0,10.9,Information Security Incident Management,Information Security Incident Management - Control 9,Information Security Incident Management - ضابط 9,The organization shall implement information security incident management controls to ensure compliance with Information Assurance Regulation requirements.,يجب على المنظمة تطبيق ضوابط Information Security Incident Management لضمان الامتثال لمتطلبات لائحة ضمان المعلومات,detective,2,high,True,LOG|REPORT|SCAN_REPORT|AUDIT_REPORT|ACCESS_REVIEW,active
99,ARE,UAE-IAR,2.0,11.9,Compliance,Compliance - Control 9,Compliance - ضابط 9,The organization shall implement compliance controls to ensure compliance with Information Assurance Regulation requirements.,يجب على المنظمة تطبيق ضوابط Compliance لضمان الامتثال لمتطلبات لائحة ضمان المعلومات,corrective,3,medium,True,INCIDENT_REPORT|MEETING_MINUTES|ATTESTATION|RISK_ASSESSMENT,active
100,ARE,UAE-IAR,2.0,1.10,Strategy & Planning,Strategy & Planning - Control 10,Strategy & Planning - ضابط 10,The organization shall implement strategy & planning controls to ensure compliance with Information Assurance Regulation requirements.,يجب على المنظمة تطبيق ضوابط Strategy & Planning لضمان الامتثال لمتطلبات لائحة ضمان المعلومات,preventive,4,low,True,POLICY|PROCEDURE|STANDARD|CONFIG|TRAINING_RECORD,active
101,ARE,UAE-IAR,2.0,2.10,Information Security Management,Information Security Management - Control 10,Information Security Management - ضابط 10,The organization shall implement information security management controls to ensure compliance with Information Assurance Regulation requirements.,يجب على المنظمة تطبيق ضوابط Information Security Management لضمان الامتثال لمتطلبات لائحة ضمان المعلومات,detective,1,critical,True,LOG|REPORT|SCAN_REPORT|AUDIT_REPORT|ACCESS_REVIEW,active
102,ARE,UAE-IAR,2.0,3.10,Asset Management,Asset Management - Control 10,Asset Management - ضابط 10,The organization shall implement asset management controls to ensure compliance with Information Assurance Regulation requirements.,يجب على المنظمة تطبيق ضوابط Asset Management لضمان الامتثال لمتطلبات لائحة ضمان المعلومات,corrective,2,high,True,INCIDENT_REPORT|MEETING_MINUTES|ATTESTATION|RISK_ASSESSMENT,active
103,ARE,UAE-IAR,2.0,4.10,Physical Security,Physical Security - Control 10,Physical Security - ضابط 10,The organization shall implement physical security controls to ensure compliance with Information Assurance Regulation requirements.,يجب على المنظمة تطبيق ضوابط Physical Security لضمان الامتثال لمتطلبات لائحة ضمان المعلومات,preventive,3,medium,True,POLICY|PROCEDURE|STANDARD|CONFIG|TRAINING_RECORD,active
104,ARE,UAE-IAR,2.0,5.10,Operations Management,Operations Management - Control 10,Operations Management - ضابط 10,The organization shall implement operations management controls to ensure compliance with Information Assurance Regulation requirements.,يجب على المنظمة تطبيق ضوابط Operations Management لضمان الامتثال لمتطلبات لائحة ضمان المعلومات,detective,4,low,True,LOG|REPORT|SCAN_REPORT|AUDIT_REPORT|ACCESS_REVIEW,active
105,ARE,UAE-IAR,2.0,6.10,Communications Security,Communications Security - Control 10,Communications Security - ضابط 10,The organization shall implement communications security controls to ensure compliance with Information Assurance Regulation requirements.,يجب على المنظمة تطبيق ضوابط Communications Security لضمان الامتثال لمتطلبات لائحة ضمان المعلومات,corrective,1,critical,True,INCIDENT_REPORT|MEETING_MINUTES|ATTESTATION|RISK_ASSESSMENT,active
106,ARE,UAE-IAR,2.0,7.10,Access Control,Access Control - Control 10,Access Control - ضابط 10,The organization shall implement access control controls to ensure compliance with Information Assurance Regulation requirements.,يجب على المنظمة تطبيق ضوابط Access Control لضمان الامتثال لمتطلبات لائحة ضمان المعلومات,preventive,2,high,True,POLICY|PROCEDURE|STANDARD|CONFIG|TRAINING_RECORD,active
107,ARE,UAE-IAR,2.0,8.10,Information Systems,Information Systems - Control 10,Information Systems - ضابط 10,The organization shall implement information systems controls to ensure compliance with Information Assurance Regulation requirements.,يجب على المنظمة تطبيق ضوابط Information Systems لضمان الامتثال لمتطلبات لائحة ضمان المعلومات,detective,3,medium,True,LOG|REPORT|SCAN_REPORT|AUDIT_REPORT|ACCESS_REVIEW,active
108,ARE,UAE-IAR,2.0,9.10,Third Party,Third Party - Control 10,Third Party - ضابط 10,The organization shall implement third party controls to ensure compliance with Information Assurance Regulation requirements.,يجب على المنظمة تطبيق ضوابط Third Party لضمان الامتثال لمتطلبات لائحة ضمان المعلومات,corrective,4,low,True,INCIDENT_REPORT|MEETING_MINUTES|ATTESTATION|RISK_ASSESSMENT,active
109,ARE,UAE-IAR,2.0,10.10,Information Security Incident Management,Information Security Incident Management - Control 10,Information Security Incident Management - ضابط 10,The organization shall implement information security incident management controls to ensure compliance with Information Assurance Regulation requirements.,يجب على المنظمة تطبيق ضوابط Information Security Incident Management لضمان الامتثال لمتطلبات لائحة ضمان المعلومات,preventive,1,critical,True,POLICY|PROCEDURE|STANDARD|CONFIG|TRAINING_RECORD,active
110,ARE,UAE-IAR,2.0,11.10,Compliance,Compliance - Control 10,Compliance - ضابط 10,The organization shall implement compliance controls to ensure compliance with Information Assurance Regulation requirements.,يجب على المنظمة تطبيق ضوابط Compliance لضمان الامتثال لمتطلبات لائحة ضمان المعلومات,detective,2,high,True,LOG|REPORT|SCAN_REPORT|AUDIT_REPORT|ACCESS_REVIEW,active
111,ARE,UAE-IAR,2.0,1.11,Strategy & Planning,Strategy & Planning - Control 11,Strategy & Planning - ضابط 11,The organization shall implement strategy & planning controls to ensure compliance with Information Assurance Regulation requirements.,يجب على المنظمة تطبيق ضوابط Strategy & Planning لضمان الامتثال لمتطلبات لائحة ضمان المعلومات,corrective,3,medium,True,INCIDENT_REPORT|MEETING_MINUTES|ATTESTATION|RISK_ASSESSMENT,active
112,ARE,UAE-IAR,2.0,2.11,Information Security Management,Information Security Management - Control 11,Information Security Management - ضابط 11,The organization shall implement information security management controls to ensure compliance with Information Assurance Regulation requirements.,يجب على المنظمة تطبيق ضوابط Information Security Management لضمان الامتثال لمتطلبات لائحة ضمان المعلومات,preventive,4,low,True,POLICY|PROCEDURE|STANDARD|CONFIG|TRAINING_RECORD,active
113,ARE,UAE-IAR,2.0,3.11,Asset Management,Asset Management - Control 11,Asset Management - ضابط 11,The organization shall implement asset management controls to ensure compliance with Information Assurance Regulation requirements.,يجب على المنظمة تطبيق ضوابط Asset Management لضمان الامتثال لمتطلبات لائحة ضمان المعلومات,detective,1,critical,True,LOG|REPORT|SCAN_REPORT|AUDIT_REPORT|ACCESS_REVIEW,active
114,ARE,UAE-IAR,2.0,4.11,Physical Security,Physical Security - Control 11,Physical Security - ضابط 11,The organization shall implement physical security controls to ensure compliance with Information Assurance Regulation requirements.,يجب على المنظمة تطبيق ضوابط Physical Security لضمان الامتثال لمتطلبات لائحة ضمان المعلومات,corrective,2,high,True,INCIDENT_REPORT|MEETING_MINUTES|ATTESTATION|RISK_ASSESSMENT,active
115,ARE,UAE-IAR,2.0,5.11,Operations Management,Operations Management - Control 11,Operations Management - ضابط 11,The organization shall implement operations management controls to ensure compliance with Information Assurance Regulation requirements.,يجب على المنظمة تطبيق ضوابط Operations Management لضمان الامتثال لمتطلبات لائحة ضمان المعلومات,preventive,3,medium,True,POLICY|PROCEDURE|STANDARD|CONFIG|TRAINING_RECORD,active
116,ARE,UAE-IAR,2.0,6.11,Communications Security,Communications Security - Control 11,Communications Security - ضابط 11,The organization shall implement communications security controls to ensure compliance with Information Assurance Regulation requirements.,يجب على المنظمة تطبيق ضوابط Communications Security لضمان الامتثال لمتطلبات لائحة ضمان المعلومات,detective,4,low,True,LOG|REPORT|SCAN_REPORT|AUDIT_REPORT|ACCESS_REVIEW,active
117,ARE,UAE-IAR,2.0,7.11,Access Control,Access Control - Control 11,Access Control - ضابط 11,The organization shall implement access control controls to ensure compliance with Information Assurance Regulation requirements.,يجب على المنظمة تطبيق ضوابط Access Control لضمان الامتثال لمتطلبات لائحة ضمان المعلومات,corrective,1,critical,True,INCIDENT_REPORT|MEETING_MINUTES|ATTESTATION|RISK_ASSESSMENT,active
118,ARE,UAE-IAR,2.0,8.11,Information Systems,Information Systems - Control 11,Information Systems - ضابط 11,The organization shall implement information systems controls to ensure compliance with Information Assurance Regulation requirements.,يجب على المنظمة تطبيق ضوابط Information Systems لضمان الامتثال لمتطلبات لائحة ضمان المعلومات,preventive,2,high,True,POLICY|PROCEDURE|STANDARD|CONFIG|TRAINING_RECORD,active
119,ARE,UAE-IAR,2.0,9.11,Third Party,Third Party - Control 11,Third Party - ضابط 11,The organization shall implement third party controls to ensure compliance with Information Assurance Regulation requirements.,يجب على المنظمة تطبيق ضوابط Third Party لضمان الامتثال لمتطلبات لائحة ضمان المعلومات,detective,3,medium,True,LOG|REPORT|SCAN_REPORT|AUDIT_REPORT|ACCESS_REVIEW,active
120,ARE,UAE-IAR,2.0,10.11,Information Security Incident Management,Information Security Incident Management - Control 11,Information Security Incident Management - ضابط 11,The organization shall implement information security incident management controls to ensure compliance with Information Assurance Regulation requirements.,يجب على المنظمة تطبيق ضوابط Information Security Incident Management لضمان الامتثال لمتطلبات لائحة ضمان المعلومات,corrective,4,low,True,INCIDENT_REPORT|MEETING_MINUTES|ATTESTATION|RISK_ASSESSMENT,active
121,ARE,UAE-IAR,2.0,11.11,Compliance,Compliance - Control 11,Compliance - ضابط 11,The organization shall implement compliance controls to ensure compliance with Information Assurance Regulation requirements.,يجب على المنظمة تطبيق ضوابط Compliance لضمان الامتثال لمتطلبات لائحة ضمان المعلومات,preventive,1,critical,True,POLICY|PROCEDURE|STANDARD|CONFIG|TRAINING_RECORD,active
122,ARE,UAE-IAR,2.0,1.12,Strategy & Planning,Strategy & Planning - Control 12,Strategy & Planning - ضابط 12,The organization shall implement strategy & planning controls to ensure compliance with Information Assurance Regulation requirements.,يجب على المنظمة تطبيق ضوابط Strategy & Planning لضمان الامتثال لمتطلبات لائحة ضمان المعلومات,detective,2,high,True,LOG|REPORT|SCAN_REPORT|AUDIT_REPORT|ACCESS_REVIEW,active
123,ARE,UAE-IAR,2.0,2.12,Information Security Management,Information Security Management - Control 12,Information Security Management - ضابط 12,The organization shall implement information security management controls to ensure compliance with Information Assurance Regulation requirements.,يجب على المنظمة تطبيق ضوابط Information Security Management لضمان الامتثال لمتطلبات لائحة ضمان المعلومات,corrective,3,medium,True,INCIDENT_REPORT|MEETING_MINUTES|ATTESTATION|RISK_ASSESSMENT,active
124,ARE,UAE-IAR,2.0,3.12,Asset Management,Asset Management - Control 12,Asset Management - ضابط 12,The organization shall implement asset management controls to ensure compliance with Information Assurance Regulation requirements.,يجب على المنظمة تطبيق ضوابط Asset Management لضمان الامتثال لمتطلبات لائحة ضمان المعلومات,preventive,4,low,True,POLICY|PROCEDURE|STANDARD|CONFIG|TRAINING_RECORD,active
125,ARE,UAE-IAR,2.0,4.12,Physical Security,Physical Security - Control 12,Physical Security - ضابط 12,The organization shall implement physical security controls to ensure compliance with Information Assurance Regulation requirements.,يجب على المنظمة تطبيق ضوابط Physical Security لضمان الامتثال لمتطلبات لائحة ضمان المعلومات,detective,1,critical,True,LOG|REPORT|SCAN_REPORT|AUDIT_REPORT|ACCESS_REVIEW,active
126,ARE,UAE-IAR,2.0,5.12,Operations Management,Operations Management - Control 12,Operations Management - ضابط 12,The organization shall implement operations management controls to ensure compliance with Information Assurance Regulation requirements.,يجب على المنظمة تطبيق ضوابط Operations Management لضمان الامتثال لمتطلبات لائحة ضمان المعلومات,corrective,2,high,True,INCIDENT_REPORT|MEETING_MINUTES|ATTESTATION|RISK_ASSESSMENT,active
127,ARE,UAE-IAR,2.0,6.12,Communications Security,Communications Security - Control 12,Communications Security - ضابط 12,The organization shall implement communications security controls to ensure compliance with Information Assurance Regulation requirements.,يجب على المنظمة تطبيق ضوابط Communications Security لضمان الامتثال لمتطلبات لائحة ضمان المعلومات,preventive,3,medium,True,POLICY|PROCEDURE|STANDARD|CONFIG|TRAINING_RECORD,active
128,ARE,UAE-IAR,2.0,7.12,Access Control,Access Control - Control 12,Access Control - ضابط 12,The organization shall implement access control controls to ensure compliance with Information Assurance Regulation requirements.,يجب على المنظمة تطبيق ضوابط Access Control لضمان الامتثال لمتطلبات لائحة ضمان المعلومات,detective,4,low,True,LOG|REPORT|SCAN_REPORT|AUDIT_REPORT|ACCESS_REVIEW,active
129,ARE,UAE-IAR,2.0,8.12,Information Systems,Information Systems - Control 12,Information Systems - ضابط 12,The organization shall implement information systems controls to ensure compliance with Information Assurance Regulation requirements.,يجب على المنظمة تطبيق ضوابط Information Systems لضمان الامتثال لمتطلبات لائحة ضمان المعلومات,corrective,1,critical,True,INCIDENT_REPORT|MEETING_MINUTES|ATTESTATION|RISK_ASSESSMENT,active
130,ARE,UAE-IAR,2.0,9.12,Third Party,Third Party - Control 12,Third Party - ضابط 12,The organization shall implement third party controls to ensure compliance with Information Assurance Regulation requirements.,يجب على المنظمة تطبيق ضوابط Third Party لضمان الامتثال لمتطلبات لائحة ضمان المعلومات,preventive,2,high,True,POLICY|PROCEDURE|STANDARD|CONFIG|TRAINING_RECORD,active
131,ARE,UAE-IAR,2.0,10.12,Information Security Incident Management,Information Security Incident Management - Control 12,Information Security Incident Management - ضابط 12,The organization shall implement information security incident management controls to ensure compliance with Information Assurance Regulation requirements.,يجب على المنظمة تطبيق ضوابط Information Security Incident Management لضمان الامتثال لمتطلبات لائحة ضمان المعلومات,detective,3,medium,True,LOG|REPORT|SCAN_REPORT|AUDIT_REPORT|ACCESS_REVIEW,active
132,ARE,UAE-IAR,2.0,11.12,Compliance,Compliance - Control 12,Compliance - ضابط 12,The organization shall implement compliance controls to ensure compliance with Information Assurance Regulation requirements.,يجب على المنظمة تطبيق ضوابط Compliance لضمان الامتثال لمتطلبات لائحة ضمان المعلومات,corrective,4,low,True,INCIDENT_REPORT|MEETING_MINUTES|ATTESTATION|RISK_ASSESSMENT,active
133,ARE,UAE-IAR,2.0,1.13,Strategy & Planning,Strategy & Planning - Control 13,Strategy & Planning - ضابط 13,The organization shall implement strategy & planning controls to ensure compliance with Information Assurance Regulation requirements.,يجب على المنظمة تطبيق ضوابط Strategy & Planning لضمان الامتثال لمتطلبات لائحة ضمان المعلومات,preventive,1,critical,True,POLICY|PROCEDURE|STANDARD|CONFIG|TRAINING_RECORD,active
134,ARE,UAE-IAR,2.0,2.13,Information Security Management,Information Security Management - Control 13,Information Security Management - ضابط 13,The organization shall implement information security management controls to ensure compliance with Information Assurance Regulation requirements.,يجب على المنظمة تطبيق ضوابط Information Security Management لضمان الامتثال لمتطلبات لائحة ضمان المعلومات,detective,2,high,True,LOG|REPORT|SCAN_REPORT|AUDIT_REPORT|ACCESS_REVIEW,active
135,ARE,UAE-IAR,2.0,3.13,Asset Management,Asset Management - Control 13,Asset Management - ضابط 13,The organization shall implement asset management controls to ensure compliance with Information Assurance Regulation requirements.,يجب على المنظمة تطبيق ضوابط Asset Management لضمان الامتثال لمتطلبات لائحة ضمان المعلومات,corrective,3,medium,True,INCIDENT_REPORT|MEETING_MINUTES|ATTESTATION|RISK_ASSESSMENT,active
136,ARE,UAE-IAR,2.0,4.13,Physical Security,Physical Security - Control 13,Physical Security - ضابط 13,The organization shall implement physical security controls to ensure compliance with Information Assurance Regulation requirements.,يجب على المنظمة تطبيق ضوابط Physical Security لضمان الامتثال لمتطلبات لائحة ضمان المعلومات,preventive,4,low,True,POLICY|PROCEDURE|STANDARD|CONFIG|TRAINING_RECORD,active
137,ARE,UAE-IAR,2.0,5.13,Operations Management,Operations Management - Control 13,Operations Management - ضابط 13,The organization shall implement operations management controls to ensure compliance with Information Assurance Regulation requirements.,يجب على المنظمة تطبيق ضوابط Operations Management لضمان الامتثال لمتطلبات لائحة ضمان المعلومات,detective,1,critical,True,LOG|REPORT|SCAN_REPORT|AUDIT_REPORT|ACCESS_REVIEW,active
138,ARE,UAE-IAR,2.0,6.13,Communications Security,Communications Security - Control 13,Communications Security - ضابط 13,The organization shall implement communications security controls to ensure compliance with Information Assurance Regulation requirements.,يجب على المنظمة تطبيق ضوابط Communications Security لضمان الامتثال لمتطلبات لائحة ضمان المعلومات,corrective,2,high,True,INCIDENT_REPORT|MEETING_MINUTES|ATTESTATION|RISK_ASSESSMENT,active
139,ARE,UAE-IAR,2.0,7.13,Access Control,Access Control - Control 13,Access Control - ضابط 13,The organization shall implement access control controls to ensure compliance with Information Assurance Regulation requirements.,يجب على المنظمة تطبيق ضوابط Access Control لضمان الامتثال لمتطلبات لائحة ضمان المعلومات,preventive,3,medium,True,POLICY|PROCEDURE|STANDARD|CONFIG|TRAINING_RECORD,active
140,ARE,UAE-IAR,2.0,8.13,Information Systems,Information Systems - Control 13,Information Systems - ضابط 13,The organization shall implement information systems controls to ensure compliance with Information Assurance Regulation requirements.,يجب على المنظمة تطبيق ضوابط Information Systems لضمان الامتثال لمتطلبات لائحة ضمان المعلومات,detective,4,low,True,LOG|REPORT|SCAN_REPORT|AUDIT_REPORT|ACCESS_REVIEW,active
141,ARE,UAE-IAR,2.0,9.13,Third Party,Third Party - Control 13,Third Party - ضابط 13,The organization shall implement third party controls to ensure compliance with Information Assurance Regulation requirements.,يجب على المنظمة تطبيق ضوابط Third Party لضمان الامتثال لمتطلبات لائحة ضمان المعلومات,corrective,1,critical,True,INCIDENT_REPORT|MEETING_MINUTES|ATTESTATION|RISK_ASSESSMENT,active
142,ARE,UAE-IAR,2.0,10.13,Information Security Incident Management,Information Security Incident Management - Control 13,Information Security Incident Management - ضابط 13,The organization shall implement information security incident management controls to ensure compliance with Information Assurance Regulation requirements.,يجب على المنظمة تطبيق ضوابط Information Security Incident Management لضمان الامتثال لمتطلبات لائحة ضمان المعلومات,preventive,2,high,True,POLICY|PROCEDURE|STANDARD|CONFIG|TRAINING_RECORD,active
143,ARE,UAE-IAR,2.0,11.13,Compliance,Compliance - Control 13,Compliance - ضابط 13,The organization shall implement compliance controls to ensure compliance with Information Assurance Regulation requirements.,يجب على المنظمة تطبيق ضوابط Compliance لضمان الامتثال لمتطلبات لائحة ضمان المعلومات,detective,3,medium,True,LOG|REPORT|SCAN_REPORT|AUDIT_REPORT|ACCESS_REVIEW,active
144,ARE,UAE-IAR,2.0,1.14,Strategy & Planning,Strategy & Planning - Control 14,Strategy & Planning - ضابط 14,The organization shall implement strategy & planning controls to ensure compliance with Information Assurance Regulation requirements.,يجب على المنظمة تطبيق ضوابط Strategy & Planning لضمان الامتثال لمتطلبات لائحة ضمان المعلومات,corrective,4,low,True,INCIDENT_REPORT|MEETING_MINUTES|ATTESTATION|RISK_ASSESSMENT,active
145,ARE,UAE-IAR,2.0,2.14,Information Security Management,Information Security Management - Control 14,Information Security Management - ضابط 14,The organization shall implement information security management controls to ensure compliance with Information Assurance Regulation requirements.,يجب على المنظمة تطبيق ضوابط Information Security Management لضمان الامتثال لمتطلبات لائحة ضمان المعلومات,preventive,1,critical,True,POLICY|PROCEDURE|STANDARD|CONFIG|TRAINING_RECORD,active
146,ARE,UAE-IAR,2.0,3.14,Asset Management,Asset Management - Control 14,Asset Management - ضابط 14,The organization shall implement asset management controls to ensure compliance with Information Assurance Regulation requirements.,يجب على المنظمة تطبيق ضوابط Asset Management لضمان الامتثال لمتطلبات لائحة ضمان المعلومات,detective,2,high,True,LOG|REPORT|SCAN_REPORT|AUDIT_REPORT|ACCESS_REVIEW,active
147,ARE,UAE-IAR,2.0,4.14,Physical Security,Physical Security - Control 14,Physical Security - ضابط 14,The organization shall implement physical security controls to ensure compliance with Information Assurance Regulation requirements.,يجب على المنظمة تطبيق ضوابط Physical Security لضمان الامتثال لمتطلبات لائحة ضمان المعلومات,corrective,3,medium,True,INCIDENT_REPORT|MEETING_MINUTES|ATTESTATION|RISK_ASSESSMENT,active
148,ARE,UAE-IAR,2.0,5.14,Operations Management,Operations Management - Control 14,Operations Management - ضابط 14,The organization shall implement operations management controls to ensure compliance with Information Assurance Regulation requirements.,يجب على المنظمة تطبيق ضوابط Operations Management لضمان الامتثال لمتطلبات لائحة ضمان المعلومات,preventive,4,low,True,POLICY|PROCEDURE|STANDARD|CONFIG|TRAINING_RECORD,active
149,ARE,UAE-IAR,2.0,6.14,Communications Security,Communications Security - Control 14,Communications Security - ضابط 14,The organization shall implement communications security controls to ensure compliance with Information Assurance Regulation requirements.,يجب على المنظمة تطبيق ضوابط Communications Security لضمان الامتثال لمتطلبات لائحة ضمان المعلومات,detective,1,critical,True,LOG|REPORT|SCAN_REPORT|AUDIT_REPORT|ACCESS_REVIEW,active
150,ARE,UAE-IAR,2.0,7.14,Access Control,Access Control - Control 14,Access Control - ضابط 14,The organization shall implement access control controls to ensure compliance with Information Assurance Regulation requirements.,يجب على المنظمة تطبيق ضوابط Access Control لضمان الامتثال لمتطلبات لائحة ضمان المعلومات,corrective,2,high,True,INCIDENT_REPORT|MEETING_MINUTES|ATTESTATION|RISK_ASSESSMENT,active
151,ARE,UAE-IAR,2.0,8.14,Information Systems,Information Systems - Control 14,Information Systems - ضابط 14,The organization shall implement information systems controls to ensure compliance with Information Assurance Regulation requirements.,يجب على المنظمة تطبيق ضوابط Information Systems لضمان الامتثال لمتطلبات لائحة ضمان المعلومات,preventive,3,medium,True,POLICY|PROCEDURE|STANDARD|CONFIG|TRAINING_RECORD,active
152,ARE,UAE-IAR,2.0,9.14,Third Party,Third Party - Control 14,Third Party - ضابط 14,The organization shall implement third party controls to ensure compliance with Information Assurance Regulation requirements.,يجب على المنظمة تطبيق ضوابط Third Party لضمان الامتثال لمتطلبات لائحة ضمان المعلومات,detective,4,low,True,LOG|REPORT|SCAN_REPORT|AUDIT_REPORT|ACCESS_REVIEW,active
153,ARE,UAE-IAR,2.0,10.14,Information Security Incident Management,Information Security Incident Management - Control 14,Information Security Incident Management - ضابط 14,The organization shall implement information security incident management controls to ensure compliance with Information Assurance Regulation requirements.,يجب على المنظمة تطبيق ضوابط Information Security Incident Management لضمان الامتثال لمتطلبات لائحة ضمان المعلومات,corrective,1,critical,True,INCIDENT_REPORT|MEETING_MINUTES|ATTESTATION|RISK_ASSESSMENT,active
154,ARE,UAE-IAR,2.0,11.14,Compliance,Compliance - Control 14,Compliance - ضابط 14,The organization shall implement compliance controls to ensure compliance with Information Assurance Regulation requirements.,يجب على المنظمة تطبيق ضوابط Compliance لضمان الامتثال لمتطلبات لائحة ضمان المعلومات,preventive,2,high,True,POLICY|PROCEDURE|STANDARD|CONFIG|TRAINING_RECORD,active
155,ARE,UAE-IAR,2.0,1.15,Strategy & Planning,Strategy & Planning - Control 15,Strategy & Planning - ضابط 15,The organization shall implement strategy & planning controls to ensure compliance with Information Assurance Regulation requirements.,يجب على المنظمة تطبيق ضوابط Strategy & Planning لضمان الامتثال لمتطلبات لائحة ضمان المعلومات,detective,3,medium,True,LOG|REPORT|SCAN_REPORT|AUDIT_REPORT|ACCESS_REVIEW,active
156,ARE,UAE-IAR,2.0,2.15,Information Security Management,Information Security Management - Control 15,Information Security Management - ضابط 15,The organization shall implement information security management controls to ensure compliance with Information Assurance Regulation requirements.,يجب على المنظمة تطبيق ضوابط Information Security Management لضمان الامتثال لمتطلبات لائحة ضمان المعلومات,corrective,4,low,True,INCIDENT_REPORT|MEETING_MINUTES|ATTESTATION|RISK_ASSESSMENT,active
157,ARE,UAE-IAR,2.0,3.15,Asset Management,Asset Management - Control 15,Asset Management - ضابط 15,The organization shall implement asset management controls to ensure compliance with Information Assurance Regulation requirements.,يجب على المنظمة تطبيق ضوابط Asset Management لضمان الامتثال لمتطلبات لائحة ضمان المعلومات,preventive,1,critical,True,POLICY|PROCEDURE|STANDARD|CONFIG|TRAINING_RECORD,active
158,ARE,UAE-IAR,2.0,4.15,Physical Security,Physical Security - Control 15,Physical Security - ضابط 15,The organization shall implement physical security controls to ensure compliance with Information Assurance Regulation requirements.,يجب على المنظمة تطبيق ضوابط Physical Security لضمان الامتثال لمتطلبات لائحة ضمان المعلومات,detective,2,high,True,LOG|REPORT|SCAN_REPORT|AUDIT_REPORT|ACCESS_REVIEW,active
159,ARE,UAE-IAR,2.0,5.15,Operations Management,Operations Management - Control 15,Operations Management - ضابط 15,The organization shall implement operations management controls to ensure compliance with Information Assurance Regulation requirements.,يجب على المنظمة تطبيق ضوابط Operations Management لضمان الامتثال لمتطلبات لائحة ضمان المعلومات,corrective,3,medium,True,INCIDENT_REPORT|MEETING_MINUTES|ATTESTATION|RISK_ASSESSMENT,active
160,ARE,UAE-IAR,2.0,6.15,Communications Security,Communications Security - Control 15,Communications Security - ضابط 15,The organization shall implement communications security controls to ensure compliance with Information Assurance Regulation requirements.,يجب على المنظمة تطبيق ضوابط Communications Security لضمان الامتثال لمتطلبات لائحة ضمان المعلومات,preventive,4,low,True,POLICY|PROCEDURE|STANDARD|CONFIG|TRAINING_RECORD,active
161,ARE,UAE-IAR,2.0,7.15,Access Control,Access Control - Control 15,Access Control - ضابط 15,The organization shall implement access control controls to ensure compliance with Information Assurance Regulation requirements.,يجب على المنظمة تطبيق ضوابط Access Control لضمان الامتثال لمتطلبات لائحة ضمان المعلومات,detective,1,critical,True,LOG|REPORT|SCAN_REPORT|AUDIT_REPORT|ACCESS_REVIEW,active
162,ARE,UAE-IAR,2.0,8.15,Information Systems,Information Systems - Control 15,Information Systems - ضابط 15,The organization shall implement information systems controls to ensure compliance with Information Assurance Regulation requirements.,يجب على المنظمة تطبيق ضوابط Information Systems لضمان الامتثال لمتطلبات لائحة ضمان المعلومات,corrective,2,high,True,INCIDENT_REPORT|MEETING_MINUTES|ATTESTATION|RISK_ASSESSMENT,active
163,ARE,UAE-IAR,2.0,9.15,Third Party,Third Party - Control 15,Third Party - ضابط 15,The organization shall implement third party controls to ensure compliance with Information Assurance Regulation requirements.,يجب على المنظمة تطبيق ضوابط Third Party لضمان الامتثال لمتطلبات لائحة ضمان المعلومات,preventive,3,medium,True,POLICY|PROCEDURE|STANDARD|CONFIG|TRAINING_RECORD,active
164,ARE,UAE-IAR,2.0,10.15,Information Security Incident Management,Information Security Incident Management - Control 15,Information Security Incident Management - ضابط 15,The organization shall implement information security incident management controls to ensure compliance with Information Assurance Regulation requirements.,يجب على المنظمة تطبيق ضوابط Information Security Incident Management لضمان الامتثال لمتطلبات لائحة ضمان المعلومات,detective,4,low,True,LOG|REPORT|SCAN_REPORT|AUDIT_REPORT|ACCESS_REVIEW,active
165,ARE,UAE-IAR,2.0,11.15,Compliance,Compliance - Control 15,Compliance - ضابط 15,The organization shall implement compliance controls to ensure compliance with Information Assurance Regulation requirements.,يجب على المنظمة تطبيق ضوابط Compliance لضمان الامتثال لمتطلبات لائحة ضمان المعلومات,corrective,1,critical,True,INCIDENT_REPORT|MEETING_MINUTES|ATTESTATION|RISK_ASSESSMENT,active
166,ARE,UAE-IAR,2.0,1.16,Strategy & Planning,Strategy & Planning - Control 16,Strategy & Planning - ضابط 16,The organization shall implement strategy & planning controls to ensure compliance with Information Assurance Regulation requirements.,يجب على المنظمة تطبيق ضوابط Strategy & Planning لضمان الامتثال لمتطلبات لائحة ضمان المعلومات,preventive,2,high,True,POLICY|PROCEDURE|STANDARD|CONFIG|TRAINING_RECORD,active
167,ARE,UAE-IAR,2.0,2.16,Information Security Management,Information Security Management - Control 16,Information Security Management - ضابط 16,The organization shall implement information security management controls to ensure compliance with Information Assurance Regulation requirements.,يجب على المنظمة تطبيق ضوابط Information Security Management لضمان الامتثال لمتطلبات لائحة ضمان المعلومات,detective,3,medium,True,LOG|REPORT|SCAN_REPORT|AUDIT_REPORT|ACCESS_REVIEW,active
168,ARE,UAE-IAR,2.0,3.16,Asset Management,Asset Management - Control 16,Asset Management - ضابط 16,The organization shall implement asset management controls to ensure compliance with Information Assurance Regulation requirements.,يجب على المنظمة تطبيق ضوابط Asset Management لضمان الامتثال لمتطلبات لائحة ضمان المعلومات,corrective,4,low,True,INCIDENT_REPORT|MEETING_MINUTES|ATTESTATION|RISK_ASSESSMENT,active
169,ARE,UAE-IAR,2.0,4.16,Physical Security,Physical Security - Control 16,Physical Security - ضابط 16,The organization shall implement physical security controls to ensure compliance with Information Assurance Regulation requirements.,يجب على المنظمة تطبيق ضوابط Physical Security لضمان الامتثال لمتطلبات لائحة ضمان المعلومات,preventive,1,critical,True,POLICY|PROCEDURE|STANDARD|CONFIG|TRAINING_RECORD,active
170,ARE,UAE-IAR,2.0,5.16,Operations Management,Operations Management - Control 16,Operations Management - ضابط 16,The organization shall implement operations management controls to ensure compliance with Information Assurance Regulation requirements.,يجب على المنظمة تطبيق ضوابط Operations Management لضمان الامتثال لمتطلبات لائحة ضمان المعلومات,detective,2,high,True,LOG|REPORT|SCAN_REPORT|AUDIT_REPORT|ACCESS_REVIEW,active
171,ARE,UAE-IAR,2.0,6.16,Communications Security,Communications Security - Control 16,Communications Security - ضابط 16,The organization shall implement communications security controls to ensure compliance with Information Assurance Regulation requirements.,يجب على المنظمة تطبيق ضوابط Communications Security لضمان الامتثال لمتطلبات لائحة ضمان المعلومات,corrective,3,medium,True,INCIDENT_REPORT|MEETING_MINUTES|ATTESTATION|RISK_ASSESSMENT,active
172,ARE,UAE-IAR,2.0,7.16,Access Control,Access Control - Control 16,Access Control - ضابط 16,The organization shall implement access control controls to ensure compliance with Information Assurance Regulation requirements.,يجب على المنظمة تطبيق ضوابط Access Control لضمان الامتثال لمتطلبات لائحة ضمان المعلومات,preventive,4,low,True,POLICY|PROCEDURE|STANDARD|CONFIG|TRAINING_RECORD,active
173,ARE,UAE-IAR,2.0,8.16,Information Systems,Information Systems - Control 16,Information Systems - ضابط 16,The organization shall implement information systems controls to ensure compliance with Information Assurance Regulation requirements.,يجب على المنظمة تطبيق ضوابط Information Systems لضمان الامتثال لمتطلبات لائحة ضمان المعلومات,detective,1,critical,True,LOG|REPORT|SCAN_REPORT|AUDIT_REPORT|ACCESS_REVIEW,active
174,ARE,UAE-IAR,2.0,9.16,Third Party,Third Party - Control 16,Third Party - ضابط 16,The organization shall implement third party controls to ensure compliance with Information Assurance Regulation requirements.,يجب على المنظمة تطبيق ضوابط Third Party لضمان الامتثال لمتطلبات لائحة ضمان المعلومات,corrective,2,high,True,INCIDENT_REPORT|MEETING_MINUTES|ATTESTATION|RISK_ASSESSMENT,active
175,ARE,UAE-IAR,2.0,10.16,Information Security Incident Management,Information Security Incident Management - Control 16,Information Security Incident Management - ضابط 16,The organization shall implement information security incident management controls to ensure compliance with Information Assurance Regulation requirements.,يجب على المنظمة تطبيق ضوابط Information Security Incident Management لضمان الامتثال لمتطلبات لائحة ضمان المعلومات,preventive,3,medium,True,POLICY|PROCEDURE|STANDARD|CONFIG|TRAINING_RECORD,active
176,ARE,UAE-IAR,2.0,11.16,Compliance,Compliance - Control 16,Compliance - ضابط 16,The organization shall implement compliance controls to ensure compliance with Information Assurance Regulation requirements.,يجب على المنظمة تطبيق ضوابط Compliance لضمان الامتثال لمتطلبات لائحة ضمان المعلومات,detective,4,low,True,LOG|REPORT|SCAN_REPORT|AUDIT_REPORT|ACCESS_REVIEW,active
177,ARE,UAE-IAR,2.0,1.17,Strategy & Planning,Strategy & Planning - Control 17,Strategy & Planning - ضابط 17,The organization shall implement strategy & planning controls to ensure compliance with Information Assurance Regulation requirements.,يجب على المنظمة تطبيق ضوابط Strategy & Planning لضمان الامتثال لمتطلبات لائحة ضمان المعلومات,corrective,1,critical,True,INCIDENT_REPORT|MEETING_MINUTES|ATTESTATION|RISK_ASSESSMENT,active
178,ARE,UAE-IAR,2.0,2.17,Information Security Management,Information Security Management - Control 17,Information Security Management - ضابط 17,The organization shall implement information security management controls to ensure compliance with Information Assurance Regulation requirements.,يجب على المنظمة تطبيق ضوابط Information Security Management لضمان الامتثال لمتطلبات لائحة ضمان المعلومات,preventive,2,high,True,POLICY|PROCEDURE|STANDARD|CONFIG|TRAINING_RECORD,active
179,ARE,UAE-IAR,2.0,3.17,Asset Management,Asset Management - Control 17,Asset Management - ضابط 17,The organization shall implement asset management controls to ensure compliance with Information Assurance Regulation requirements.,يجب على المنظمة تطبيق ضوابط Asset Management لضمان الامتثال لمتطلبات لائحة ضمان المعلومات,detective,3,medium,True,LOG|REPORT|SCAN_REPORT|AUDIT_REPORT|ACCESS_REVIEW,active
180,ARE,UAE-IAR,2.0,4.17,Physical Security,Physical Security - Control 17,Physical Security - ضابط 17,The organization shall implement physical security controls to ensure compliance with Information Assurance Regulation requirements.,يجب على المنظمة تطبيق ضوابط Physical Security لضمان الامتثال لمتطلبات لائحة ضمان المعلومات,corrective,4,low,True,INCIDENT_REPORT|MEETING_MINUTES|ATTESTATION|RISK_ASSESSMENT,active
181,ARE,UAE-IAR,2.0,5.17,Operations Management,Operations Management - Control 17,Operations Management - ضابط 17,The organization shall implement operations management controls to ensure compliance with Information Assurance Regulation requirements.,يجب على المنظمة تطبيق ضوابط Operations Management لضمان الامتثال لمتطلبات لائحة ضمان المعلومات,preventive,1,critical,True,POLICY|PROCEDURE|STANDARD|CONFIG|TRAINING_RECORD,active
182,ARE,UAE-IAR,2.0,6.17,Communications Security,Communications Security - Control 17,Communications Security - ضابط 17,The organization shall implement communications security controls to ensure compliance with Information Assurance Regulation requirements.,يجب على المنظمة تطبيق ضوابط Communications Security لضمان الامتثال لمتطلبات لائحة ضمان المعلومات,detective,2,high,True,LOG|REPORT|SCAN_REPORT|AUDIT_REPORT|ACCESS_REVIEW,active
183,ARE,UAE-IAR,2.0,7.17,Access Control,Access Control - Control 17,Access Control - ضابط 17,The organization shall implement access control controls to ensure compliance with Information Assurance Regulation requirements.,يجب على المنظمة تطبيق ضوابط Access Control لضمان الامتثال لمتطلبات لائحة ضمان المعلومات,corrective,3,medium,True,INCIDENT_REPORT|MEETING_MINUTES|ATTESTATION|RISK_ASSESSMENT,active
184,ARE,UAE-IAR,2.0,8.17,Information Systems,Information Systems - Control 17,Information Systems - ضابط 17,The organization shall implement information systems controls to ensure compliance with Information Assurance Regulation requirements.,يجب على المنظمة تطبيق ضوابط Information Systems لضمان الامتثال لمتطلبات لائحة ضمان المعلومات,preventive,4,low,True,POLICY|PROCEDURE|STANDARD|CONFIG|TRAINING_RECORD,active
185,ARE,UAE-IAR,2.0,9.17,Third Party,Third Party - Control 17,Third Party - ضابط 17,The organization shall implement third party controls to ensure compliance with Information Assurance Regulation requirements.,يجب على المنظمة تطبيق ضوابط Third Party لضمان الامتثال لمتطلبات لائحة ضمان المعلومات,detective,1,critical,True,LOG|REPORT|SCAN_REPORT|AUDIT_REPORT|ACCESS_REVIEW,active
186,ARE,UAE-IAR,2.0,10.17,Information Security Incident Management,Information Security Incident Management - Control 17,Information Security Incident Management - ضابط 17,The organization shall implement information security incident management controls to ensure compliance with Information Assurance Regulation requirements.,يجب على المنظمة تطبيق ضوابط Information Security Incident Management لضمان الامتثال لمتطلبات لائحة ضمان المعلومات,corrective,2,high,True,INCIDENT_REPORT|MEETING_MINUTES|ATTESTATION|RISK_ASSESSMENT,active
187,ARE,UAE-IAR,2.0,11.17,Compliance,Compliance - Control 17,Compliance - ضابط 17,The organization shall implement compliance controls to ensure compliance with Information Assurance Regulation requirements.,يجب على المنظمة تطبيق ضوابط Compliance لضمان الامتثال لمتطلبات لائحة ضمان المعلومات,preventive,3,medium,True,POLICY|PROCEDURE|STANDARD|CONFIG|TRAINING_RECORD,active
188,ARE,UAE-IAR,2.0,1.18,Strategy & Planning,Strategy & Planning - Control 18,Strategy & Planning - ضابط 18,The organization shall implement strategy & planning controls to ensure compliance with Information Assurance Regulation requirements.,يجب على المنظمة تطبيق ضوابط Strategy & Planning لضمان الامتثال لمتطلبات لائحة ضمان المعلومات,detective,4,low,True,LOG|REPORT|SCAN_REPORT|AUDIT_REPORT|ACCESS_REVIEW,active
189,ARE,UAE-NESA,1.0,1.1,Governance,Governance - Control 1,Governance - ضابط 1,The organization shall implement governance controls to ensure compliance with National Electronic Security Authority Standards requirements.,يجب على المنظمة تطبيق ضوابط Governance لضمان الامتثال لمتطلبات معايير الهيئة الوطنية للأمن الإلكتروني,preventive,1,critical,True,POLICY|PROCEDURE|STANDARD|CONFIG|TRAINING_RECORD,active
190,ARE,UAE-NESA,1.0,2.1,Asset Management,Asset Management - Control 1,Asset Management - ضابط 1,The organization shall implement asset management controls to ensure compliance with National Electronic Security Authority Standards requirements.,يجب على المنظمة تطبيق ضوابط Asset Management لضمان الامتثال لمتطلبات معايير الهيئة الوطنية للأمن الإلكتروني,detective,2,high,True,LOG|REPORT|SCAN_REPORT|AUDIT_REPORT|ACCESS_REVIEW,active
191,ARE,UAE-NESA,1.0,3.1,Physical Security,Physical Security - Control 1,Physical Security - ضابط 1,The organization shall implement physical security controls to ensure compliance with National Electronic Security Authority Standards requirements.,يجب على المنظمة تطبيق ضوابط Physical Security لضمان الامتثال لمتطلبات معايير الهيئة الوطنية للأمن الإلكتروني,corrective,3,medium,True,INCIDENT_REPORT|MEETING_MINUTES|ATTESTATION|RISK_ASSESSMENT,active
192,ARE,UAE-NESA,1.0,4.1,Operations Security,Operations Security - Control 1,Operations Security - ضابط 1,The organization shall implement operations security controls to ensure compliance with National Electronic Security Authority Standards requirements.,يجب على المنظمة تطبيق ضوابط Operations Security لضمان الامتثال لمتطلبات معايير الهيئة الوطنية للأمن الإلكتروني,preventive,4,low,True,POLICY|PROCEDURE|STANDARD|CONFIG|TRAINING_RECORD,active
193,ARE,UAE-NESA,1.0,5.1,Access Control,Access Control - Control 1,Access Control - ضابط 1,The organization shall implement access control controls to ensure compliance with National Electronic Security Authority Standards requirements.,يجب على المنظمة تطبيق ضوابط Access Control لضمان الامتثال لمتطلبات معايير الهيئة الوطنية للأمن الإلكتروني,detective,1,critical,True,LOG|REPORT|SCAN_REPORT|AUDIT_REPORT|ACCESS_REVIEW,active
194,ARE,UAE-NESA,1.0,6.1,Compliance,Compliance - Control 1,Compliance - ضابط 1,The organization shall implement compliance controls to ensure compliance with National Electronic Security Authority Standards requirements.,يجب على المنظمة تطبيق ضوابط Compliance لضمان الامتثال لمتطلبات معايير الهيئة الوطنية للأمن الإلكتروني,corrective,2,high,True,INCIDENT_REPORT|MEETING_MINUTES|ATTESTATION|RISK_ASSESSMENT,active
195,ARE,UAE-NESA,1.0,1.2,Governance,Governance - Control 2,Governance - ضابط 2,The organization shall implement governance controls to ensure compliance with National Electronic Security Authority Standards requirements.,يجب على المنظمة تطبيق ضوابط Governance لضمان الامتثال لمتطلبات معايير الهيئة الوطنية للأمن الإلكتروني,preventive,3,medium,True,POLICY|PROCEDURE|STANDARD|CONFIG|TRAINING_RECORD,active
196,ARE,UAE-NESA,1.0,2.2,Asset Management,Asset Management - Control 2,Asset Management - ضابط 2,The organization shall implement asset management controls to ensure compliance with National Electronic Security Authority Standards requirements.,يجب على المنظمة تطبيق ضوابط Asset Management لضمان الامتثال لمتطلبات معايير الهيئة الوطنية للأمن الإلكتروني,detective,4,low,True,LOG|REPORT|SCAN_REPORT|AUDIT_REPORT|ACCESS_REVIEW,active
197,ARE,UAE-NESA,1.0,3.2,Physical Security,Physical Security - Control 2,Physical Security - ضابط 2,The organization shall implement physical security controls to ensure compliance with National Electronic Security Authority Standards requirements.,يجب على المنظمة تطبيق ضوابط Physical Security لضمان الامتثال لمتطلبات معايير الهيئة الوطنية للأمن الإلكتروني,corrective,1,critical,True,INCIDENT_REPORT|MEETING_MINUTES|ATTESTATION|RISK_ASSESSMENT,active
198,ARE,UAE-NESA,1.0,4.2,Operations Security,Operations Security - Control 2,Operations Security - ضابط 2,The organization shall implement operations security controls to ensure compliance with National Electronic Security Authority Standards requirements.,يجب على المنظمة تطبيق ضوابط Operations Security لضمان الامتثال لمتطلبات معايير الهيئة الوطنية للأمن الإلكتروني,preventive,2,high,True,POLICY|PROCEDURE|STANDARD|CONFIG|TRAINING_RECORD,active
199,ARE,UAE-NESA,1.0,5.2,Access Control,Access Control - Control 2,Access Control - ضابط 2,The organization shall implement access control controls to ensure compliance with National Electronic Security Authority Standards requirements.,يجب على المنظمة تطبيق ضوابط Access Control لضمان الامتثال لمتطلبات معايير الهيئة الوطنية للأمن الإلكتروني,detective,3,medium,True,LOG|REPORT|SCAN_REPORT|AUDIT_REPORT|ACCESS_REVIEW,active
200,ARE,UAE-NESA,1.0,6.2,Compliance,Compliance - Control 2,Compliance - ضابط 2,The organization shall implement compliance controls to ensure compliance with National Electronic Security Authority Standards requirements.,يجب على المنظمة تطبيق ضوابط Compliance لضمان الامتثال لمتطلبات معايير الهيئة الوطنية للأمن الإلكتروني,corrective,4,low,True,INCIDENT_REPORT|MEETING_MINUTES|ATTESTATION|RISK_ASSESSMENT,active
201,ARE,UAE-NESA,1.0,1.3,Governance,Governance - Control 3,Governance - ضابط 3,The organization shall implement governance controls to ensure compliance with National Electronic Security Authority Standards requirements.,يجب على المنظمة تطبيق ضوابط Governance لضمان الامتثال لمتطلبات معايير الهيئة الوطنية للأمن الإلكتروني,preventive,1,critical,True,POLICY|PROCEDURE|STANDARD|CONFIG|TRAINING_RECORD,active
202,ARE,UAE-NESA,1.0,2.3,Asset Management,Asset Management - Control 3,Asset Management - ضابط 3,The organization shall implement asset management controls to ensure compliance with National Electronic Security Authority Standards requirements.,يجب على المنظمة تطبيق ضوابط Asset Management لضمان الامتثال لمتطلبات معايير الهيئة الوطنية للأمن الإلكتروني,detective,2,high,True,LOG|REPORT|SCAN_REPORT|AUDIT_REPORT|ACCESS_REVIEW,active
203,ARE,UAE-NESA,1.0,3.3,Physical Security,Physical Security - Control 3,Physical Security - ضابط 3,The organization shall implement physical security controls to ensure compliance with National Electronic Security Authority Standards requirements.,يجب على المنظمة تطبيق ضوابط Physical Security لضمان الامتثال لمتطلبات معايير الهيئة الوطنية للأمن الإلكتروني,corrective,3,medium,True,INCIDENT_REPORT|MEETING_MINUTES|ATTESTATION|RISK_ASSESSMENT,active
204,ARE,UAE-NESA,1.0,4.3,Operations Security,Operations Security - Control 3,Operations Security - ضابط 3,The organization shall implement operations security controls to ensure compliance with National Electronic Security Authority Standards requirements.,يجب على المنظمة تطبيق ضوابط Operations Security لضمان الامتثال لمتطلبات معايير الهيئة الوطنية للأمن الإلكتروني,preventive,4,low,True,POLICY|PROCEDURE|STANDARD|CONFIG|TRAINING_RECORD,active
205,ARE,UAE-NESA,1.0,5.3,Access Control,Access Control - Control 3,Access Control - ضابط 3,The organization shall implement access control controls to ensure compliance with National Electronic Security Authority Standards requirements.,يجب على المنظمة تطبيق ضوابط Access Control لضمان الامتثال لمتطلبات معايير الهيئة الوطنية للأمن الإلكتروني,detective,1,critical,True,LOG|REPORT|SCAN_REPORT|AUDIT_REPORT|ACCESS_REVIEW,active
206,ARE,UAE-NESA,1.0,6.3,Compliance,Compliance - Control 3,Compliance - ضابط 3,The organization shall implement compliance controls to ensure compliance with National Electronic Security Authority Standards requirements.,يجب على المنظمة تطبيق ضوابط Compliance لضمان الامتثال لمتطلبات معايير الهيئة الوطنية للأمن الإلكتروني,corrective,2,high,True,INCIDENT_REPORT|MEETING_MINUTES|ATTESTATION|RISK_ASSESSMENT,active
207,ARE,UAE-NESA,1.0,1.4,Governance,Governance - Control 4,Governance - ضابط 4,The organization shall implement governance controls to ensure compliance with National Electronic Security Authority Standards requirements.,يجب على المنظمة تطبيق ضوابط Governance لضمان الامتثال لمتطلبات معايير الهيئة الوطنية للأمن الإلكتروني,preventive,3,medium,True,POLICY|PROCEDURE|STANDARD|CONFIG|TRAINING_RECORD,active
208,ARE,UAE-NESA,1.0,2.4,Asset Management,Asset Management - Control 4,Asset Management - ضابط 4,The organization shall implement asset management controls to ensure compliance with National Electronic Security Authority Standards requirements.,يجب على المنظمة تطبيق ضوابط Asset Management لضمان الامتثال لمتطلبات معايير الهيئة الوطنية للأمن الإلكتروني,detective,4,low,True,LOG|REPORT|SCAN_REPORT|AUDIT_REPORT|ACCESS_REVIEW,active
209,ARE,UAE-NESA,1.0,3.4,Physical Security,Physical Security - Control 4,Physical Security - ضابط 4,The organization shall implement physical security controls to ensure compliance with National Electronic Security Authority Standards requirements.,يجب على المنظمة تطبيق ضوابط Physical Security لضمان الامتثال لمتطلبات معايير الهيئة الوطنية للأمن الإلكتروني,corrective,1,critical,True,INCIDENT_REPORT|MEETING_MINUTES|ATTESTATION|RISK_ASSESSMENT,active
210,ARE,UAE-NESA,1.0,4.4,Operations Security,Operations Security - Control 4,Operations Security - ضابط 4,The organization shall implement operations security controls to ensure compliance with National Electronic Security Authority Standards requirements.,يجب على المنظمة تطبيق ضوابط Operations Security لضمان الامتثال لمتطلبات معايير الهيئة الوطنية للأمن الإلكتروني,preventive,2,high,True,POLICY|PROCEDURE|STANDARD|CONFIG|TRAINING_RECORD,active
211,ARE,UAE-NESA,1.0,5.4,Access Control,Access Control - Control 4,Access Control - ضابط 4,The organization shall implement access control controls to ensure compliance with National Electronic Security Authority Standards requirements.,يجب على المنظمة تطبيق ضوابط Access Control لضمان الامتثال لمتطلبات معايير الهيئة الوطنية للأمن الإلكتروني,detective,3,medium,True,LOG|REPORT|SCAN_REPORT|AUDIT_REPORT|ACCESS_REVIEW,active
212,ARE,UAE-NESA,1.0,6.4,Compliance,Compliance - Control 4,Compliance - ضابط 4,The organization shall implement compliance controls to ensure compliance with National Electronic Security Authority Standards requirements.,يجب على المنظمة تطبيق ضوابط Compliance لضمان الامتثال لمتطلبات معايير الهيئة الوطنية للأمن الإلكتروني,corrective,4,low,True,INCIDENT_REPORT|MEETING_MINUTES|ATTESTATION|RISK_ASSESSMENT,active
213,ARE,UAE-NESA,1.0,1.5,Governance,Governance - Control 5,Governance - ضابط 5,The organization shall implement governance controls to ensure compliance with National Electronic Security Authority Standards requirements.,يجب على المنظمة تطبيق ضوابط Governance لضمان الامتثال لمتطلبات معايير الهيئة الوطنية للأمن الإلكتروني,preventive,1,critical,True,POLICY|PROCEDURE|STANDARD|CONFIG|TRAINING_RECORD,active
214,ARE,UAE-NESA,1.0,2.5,Asset Management,Asset Management - Control 5,Asset Management - ضابط 5,The organization shall implement asset management controls to ensure compliance with National Electronic Security Authority Standards requirements.,يجب على المنظمة تطبيق ضوابط Asset Management لضمان الامتثال لمتطلبات معايير الهيئة الوطنية للأمن الإلكتروني,detective,2,high,True,LOG|REPORT|SCAN_REPORT|AUDIT_REPORT|ACCESS_REVIEW,active
215,ARE,UAE-NESA,1.0,3.5,Physical Security,Physical Security - Control 5,Physical Security - ضابط 5,The organization shall implement physical security controls to ensure compliance with National Electronic Security Authority Standards requirements.,يجب على المنظمة تطبيق ضوابط Physical Security لضمان الامتثال لمتطلبات معايير الهيئة الوطنية للأمن الإلكتروني,corrective,3,medium,True,INCIDENT_REPORT|MEETING_MINUTES|ATTESTATION|RISK_ASSESSMENT,active
216,ARE,UAE-NESA,1.0,4.5,Operations Security,Operations Security - Control 5,Operations Security - ضابط 5,The organization shall implement operations security controls to ensure compliance with National Electronic Security Authority Standards requirements.,يجب على المنظمة تطبيق ضوابط Operations Security لضمان الامتثال لمتطلبات معايير الهيئة الوطنية للأمن الإلكتروني,preventive,4,low,True,POLICY|PROCEDURE|STANDARD|CONFIG|TRAINING_RECORD,active
217,ARE,UAE-NESA,1.0,5.5,Access Control,Access Control - Control 5,Access Control - ضابط 5,The organization shall implement access control controls to ensure compliance with National Electronic Security Authority Standards requirements.,يجب على المنظمة تطبيق ضوابط Access Control لضمان الامتثال لمتطلبات معايير الهيئة الوطنية للأمن الإلكتروني,detective,1,critical,True,LOG|REPORT|SCAN_REPORT|AUDIT_REPORT|ACCESS_REVIEW,active
218,ARE,UAE-NESA,1.0,6.5,Compliance,Compliance - Control 5,Compliance - ضابط 5,The organization shall implement compliance controls to ensure compliance with National Electronic Security Authority Standards requirements.,يجب على المنظمة تطبيق ضوابط Compliance لضمان الامتثال لمتطلبات معايير الهيئة الوطنية للأمن الإلكتروني,corrective,2,high,True,INCIDENT_REPORT|MEETING_MINUTES|ATTESTATION|RISK_ASSESSMENT,active
219,ARE,UAE-NESA,1.0,1.6,Governance,Governance - Control 6,Governance - ضابط 6,The organization shall implement governance controls to ensure compliance with National Electronic Security Authority Standards requirements.,يجب على المنظمة تطبيق ضوابط Governance لضمان الامتثال لمتطلبات معايير الهيئة الوطنية للأمن الإلكتروني,preventive,3,medium,True,POLICY|PROCEDURE|STANDARD|CONFIG|TRAINING_RECORD,active
220,ARE,UAE-NESA,1.0,2.6,Asset Management,Asset Management - Control 6,Asset Management - ضابط 6,The organization shall implement asset management controls to ensure compliance with National Electronic Security Authority Standards requirements.,يجب على المنظمة تطبيق ضوابط Asset Management لضمان الامتثال لمتطلبات معايير الهيئة الوطنية للأمن الإلكتروني,detective,4,low,True,LOG|REPORT|SCAN_REPORT|AUDIT_REPORT|ACCESS_REVIEW,active
221,ARE,UAE-NESA,1.0,3.6,Physical Security,Physical Security - Control 6,Physical Security - ضابط 6,The organization shall implement physical security controls to ensure compliance with National Electronic Security Authority Standards requirements.,يجب على المنظمة تطبيق ضوابط Physical Security لضمان الامتثال لمتطلبات معايير الهيئة الوطنية للأمن الإلكتروني,corrective,1,critical,True,INCIDENT_REPORT|MEETING_MINUTES|ATTESTATION|RISK_ASSESSMENT,active
222,ARE,UAE-NESA,1.0,4.6,Operations Security,Operations Security - Control 6,Operations Security - ضابط 6,The organization shall implement operations security controls to ensure compliance with National Electronic Security Authority Standards requirements.,يجب على المنظمة تطبيق ضوابط Operations Security لضمان الامتثال لمتطلبات معايير الهيئة الوطنية للأمن الإلكتروني,preventive,2,high,True,POLICY|PROCEDURE|STANDARD|CONFIG|TRAINING_RECORD,active
223,ARE,UAE-NESA,1.0,5.6,Access Control,Access Control - Control 6,Access Control - ضابط 6,The organization shall implement access control controls to ensure compliance with National Electronic Security Authority Standards requirements.,يجب على المنظمة تطبيق ضوابط Access Control لضمان الامتثال لمتطلبات معايير الهيئة الوطنية للأمن الإلكتروني,detective,3,medium,True,LOG|REPORT|SCAN_REPORT|AUDIT_REPORT|ACCESS_REVIEW,active
224,ARE,UAE-NESA,1.0,6.6,Compliance,Compliance - Control 6,Compliance - ضابط 6,The organization shall implement compliance controls to ensure compliance with National Electronic Security Authority Standards requirements.,يجب على المنظمة تطبيق ضوابط Compliance لضمان الامتثال لمتطلبات معايير الهيئة الوطنية للأمن الإلكتروني,corrective,4,low,True,INCIDENT_REPORT|MEETING_MINUTES|ATTESTATION|RISK_ASSESSMENT,active
225,ARE,UAE-NESA,1.0,1.7,Governance,Governance - Control 7,Governance - ضابط 7,The organization shall implement governance controls to ensure compliance with National Electronic Security Authority Standards requirements.,يجب على المنظمة تطبيق ضوابط Governance لضمان الامتثال لمتطلبات معايير الهيئة الوطنية للأمن الإلكتروني,preventive,1,critical,True,POLICY|PROCEDURE|STANDARD|CONFIG|TRAINING_RECORD,active
226,ARE,UAE-NESA,1.0,2.7,Asset Management,Asset Management - Control 7,Asset Management - ضابط 7,The organization shall implement asset management controls to ensure compliance with National Electronic Security Authority Standards requirements.,يجب على المنظمة تطبيق ضوابط Asset Management لضمان الامتثال لمتطلبات معايير الهيئة الوطنية للأمن الإلكتروني,detective,2,high,True,LOG|REPORT|SCAN_REPORT|AUDIT_REPORT|ACCESS_REVIEW,active
227,ARE,UAE-NESA,1.0,3.7,Physical Security,Physical Security - Control 7,Physical Security - ضابط 7,The organization shall implement physical security controls to ensure compliance with National Electronic Security Authority Standards requirements.,يجب على المنظمة تطبيق ضوابط Physical Security لضمان الامتثال لمتطلبات معايير الهيئة الوطنية للأمن الإلكتروني,corrective,3,medium,True,INCIDENT_REPORT|MEETING_MINUTES|ATTESTATION|RISK_ASSESSMENT,active
228,ARE,UAE-NESA,1.0,4.7,Operations Security,Operations Security - Control 7,Operations Security - ضابط 7,The organization shall implement operations security controls to ensure compliance with National Electronic Security Authority Standards requirements.,يجب على المنظمة تطبيق ضوابط Operations Security لضمان الامتثال لمتطلبات معايير الهيئة الوطنية للأمن الإلكتروني,preventive,4,low,True,POLICY|PROCEDURE|STANDARD|CONFIG|TRAINING_RECORD,active
229,ARE,UAE-NESA,1.0,5.7,Access Control,Access Control - Control 7,Access Control - ضابط 7,The organization shall implement access control controls to ensure compliance with National Electronic Security Authority Standards requirements.,يجب على المنظمة تطبيق ضوابط Access Control لضمان الامتثال لمتطلبات معايير الهيئة الوطنية للأمن الإلكتروني,detective,1,critical,True,LOG|REPORT|SCAN_REPORT|AUDIT_REPORT|ACCESS_REVIEW,active
230,ARE,UAE-NESA,1.0,6.7,Compliance,Compliance - Control 7,Compliance - ضابط 7,The organization shall implement compliance controls to ensure compliance with National Electronic Security Authority Standards requirements.,يجب على المنظمة تطبيق ضوابط Compliance لضمان الامتثال لمتطلبات معايير الهيئة الوطنية للأمن الإلكتروني,corrective,2,high,True,INCIDENT_REPORT|MEETING_MINUTES|ATTESTATION|RISK_ASSESSMENT,active
231,ARE,UAE-NESA,1.0,1.8,Governance,Governance - Control 8,Governance - ضابط 8,The organization shall implement governance controls to ensure compliance with National Electronic Security Authority Standards requirements.,يجب على المنظمة تطبيق ضوابط Governance لضمان الامتثال لمتطلبات معايير الهيئة الوطنية للأمن الإلكتروني,preventive,3,medium,True,POLICY|PROCEDURE|STANDARD|CONFIG|TRAINING_RECORD,active
232,ARE,UAE-NESA,1.0,2.8,Asset Management,Asset Management - Control 8,Asset Management - ضابط 8,The organization shall implement asset management controls to ensure compliance with National Electronic Security Authority Standards requirements.,يجب على المنظمة تطبيق ضوابط Asset Management لضمان الامتثال لمتطلبات معايير الهيئة الوطنية للأمن الإلكتروني,detective,4,low,True,LOG|REPORT|SCAN_REPORT|AUDIT_REPORT|ACCESS_REVIEW,active
233,ARE,UAE-NESA,1.0,3.8,Physical Security,Physical Security - Control 8,Physical Security - ضابط 8,The organization shall implement physical security controls to ensure compliance with National Electronic Security Authority Standards requirements.,يجب على المنظمة تطبيق ضوابط Physical Security لضمان الامتثال لمتطلبات معايير الهيئة الوطنية للأمن الإلكتروني,corrective,1,critical,True,INCIDENT_REPORT|MEETING_MINUTES|ATTESTATION|RISK_ASSESSMENT,active
234,ARE,UAE-NESA,1.0,4.8,Operations Security,Operations Security - Control 8,Operations Security - ضابط 8,The organization shall implement operations security controls to ensure compliance with National Electronic Security Authority Standards requirements.,يجب على المنظمة تطبيق ضوابط Operations Security لضمان الامتثال لمتطلبات معايير الهيئة الوطنية للأمن الإلكتروني,preventive,2,high,True,POLICY|PROCEDURE|STANDARD|CONFIG|TRAINING_RECORD,active
235,ARE,UAE-NESA,1.0,5.8,Access Control,Access Control - Control 8,Access Control - ضابط 8,The organization shall implement access control controls to ensure compliance with National Electronic Security Authority Standards requirements.,يجب على المنظمة تطبيق ضوابط Access Control لضمان الامتثال لمتطلبات معايير الهيئة الوطنية للأمن الإلكتروني,detective,3,medium,True,LOG|REPORT|SCAN_REPORT|AUDIT_REPORT|ACCESS_REVIEW,active
236,ARE,UAE-NESA,1.0,6.8,Compliance,Compliance - Control 8,Compliance - ضابط 8,The organization shall implement compliance controls to ensure compliance with National Electronic Security Authority Standards requirements.,يجب على المنظمة تطبيق ضوابط Compliance لضمان الامتثال لمتطلبات معايير الهيئة الوطنية للأمن الإلكتروني,corrective,4,low,True,INCIDENT_REPORT|MEETING_MINUTES|ATTESTATION|RISK_ASSESSMENT,active
237,ARE,UAE-NESA,1.0,1.9,Governance,Governance - Control 9,Governance - ضابط 9,The organization shall implement governance controls to ensure compliance with National Electronic Security Authority Standards requirements.,يجب على المنظمة تطبيق ضوابط Governance لضمان الامتثال لمتطلبات معايير الهيئة الوطنية للأمن الإلكتروني,preventive,1,critical,True,POLICY|PROCEDURE|STANDARD|CONFIG|TRAINING_RECORD,active
238,ARE,UAE-NESA,1.0,2.9,Asset Management,Asset Management - Control 9,Asset Management - ضابط 9,The organization shall implement asset management controls to ensure compliance with National Electronic Security Authority Standards requirements.,يجب على المنظمة تطبيق ضوابط Asset Management لضمان الامتثال لمتطلبات معايير الهيئة الوطنية للأمن الإلكتروني,detective,2,high,True,LOG|REPORT|SCAN_REPORT|AUDIT_REPORT|ACCESS_REVIEW,active
239,ARE,UAE-NESA,1.0,3.9,Physical Security,Physical Security - Control 9,Physical Security - ضابط 9,The organization shall implement physical security controls to ensure compliance with National Electronic Security Authority Standards requirements.,يجب على المنظمة تطبيق ضوابط Physical Security لضمان الامتثال لمتطلبات معايير الهيئة الوطنية للأمن الإلكتروني,corrective,3,medium,True,INCIDENT_REPORT|MEETING_MINUTES|ATTESTATION|RISK_ASSESSMENT,active
240,ARE,UAE-NESA,1.0,4.9,Operations Security,Operations Security - Control 9,Operations Security - ضابط 9,The organization shall implement operations security controls to ensure compliance with National Electronic Security Authority Standards requirements.,يجب على المنظمة تطبيق ضوابط Operations Security لضمان الامتثال لمتطلبات معايير الهيئة الوطنية للأمن الإلكتروني,preventive,4,low,True,POLICY|PROCEDURE|STANDARD|CONFIG|TRAINING_RECORD,active
241,ARE,UAE-NESA,1.0,5.9,Access Control,Access Control - Control 9,Access Control - ضابط 9,The organization shall implement access control controls to ensure compliance with National Electronic Security Authority Standards requirements.,يجب على المنظمة تطبيق ضوابط Access Control لضمان الامتثال لمتطلبات معايير الهيئة الوطنية للأمن الإلكتروني,detective,1,critical,True,LOG|REPORT|SCAN_REPORT|AUDIT_REPORT|ACCESS_REVIEW,active
242,ARE,UAE-NESA,1.0,6.9,Compliance,Compliance - Control 9,Compliance - ضابط 9,The organization shall implement compliance controls to ensure compliance with National Electronic Security Authority Standards requirements.,يجب على المنظمة تطبيق ضوابط Compliance لضمان الامتثال لمتطلبات معايير الهيئة الوطنية للأمن الإلكتروني,corrective,2,high,True,INCIDENT_REPORT|MEETING_MINUTES|ATTESTATION|RISK_ASSESSMENT,active
243,ARE,UAE-NESA,1.0,1.10,Governance,Governance - Control 10,Governance - ضابط 10,The organization shall implement governance controls to ensure compliance with National Electronic Security Authority Standards requirements.,يجب على المنظمة تطبيق ضوابط Governance لضمان الامتثال لمتطلبات معايير الهيئة الوطنية للأمن الإلكتروني,preventive,3,medium,True,POLICY|PROCEDURE|STANDARD|CONFIG|TRAINING_RECORD,active
244,ARE,UAE-NESA,1.0,2.10,Asset Management,Asset Management - Control 10,Asset Management - ضابط 10,The organization shall implement asset management controls to ensure compliance with National Electronic Security Authority Standards requirements.,يجب على المنظمة تطبيق ضوابط Asset Management لضمان الامتثال لمتطلبات معايير الهيئة الوطنية للأمن الإلكتروني,detective,4,low,True,LOG|REPORT|SCAN_REPORT|AUDIT_REPORT|ACCESS_REVIEW,active
245,ARE,UAE-NESA,1.0,3.10,Physical Security,Physical Security - Control 10,Physical Security - ضابط 10,The organization shall implement physical security controls to ensure compliance with National Electronic Security Authority Standards requirements.,يجب على المنظمة تطبيق ضوابط Physical Security لضمان الامتثال لمتطلبات معايير الهيئة الوطنية للأمن الإلكتروني,corrective,1,critical,True,INCIDENT_REPORT|MEETING_MINUTES|ATTESTATION|RISK_ASSESSMENT,active
246,ARE,UAE-NESA,1.0,4.10,Operations Security,Operations Security - Control 10,Operations Security - ضابط 10,The organization shall implement operations security controls to ensure compliance with National Electronic Security Authority Standards requirements.,يجب على المنظمة تطبيق ضوابط Operations Security لضمان الامتثال لمتطلبات معايير الهيئة الوطنية للأمن الإلكتروني,preventive,2,high,True,POLICY|PROCEDURE|STANDARD|CONFIG|TRAINING_RECORD,active
247,ARE,UAE-NESA,1.0,5.10,Access Control,Access Control - Control 10,Access Control - ضابط 10,The organization shall implement access control controls to ensure compliance with National Electronic Security Authority Standards requirements.,يجب على المنظمة تطبيق ضوابط Access Control لضمان الامتثال لمتطلبات معايير الهيئة الوطنية للأمن الإلكتروني,detective,3,medium,True,LOG|REPORT|SCAN_REPORT|AUDIT_REPORT|ACCESS_REVIEW,active
248,ARE,UAE-NESA,1.0,6.10,Compliance,Compliance - Control 10,Compliance - ضابط 10,The organization shall implement compliance controls to ensure compliance with National Electronic Security Authority Standards requirements.,يجب على المنظمة تطبيق ضوابط Compliance لضمان الامتثال لمتطلبات معايير الهيئة الوطنية للأمن الإلكتروني,corrective,4,low,True,INCIDENT_REPORT|MEETING_MINUTES|ATTESTATION|RISK_ASSESSMENT,active
249,ARE,UAE-PDPL,1.0,1.1,Lawful Processing,Lawful Processing - Control 1,Lawful Processing - ضابط 1,The organization shall implement lawful processing controls to ensure compliance with Personal Data Protection Law requirements.,يجب على المنظمة تطبيق ضوابط Lawful Processing لضمان الامتثال لمتطلبات قانون حماية البيانات الشخصية,preventive,1,critical,True,POLICY|PROCEDURE|STANDARD|CONFIG|TRAINING_RECORD,active
250,ARE,UAE-PDPL,1.0,2.1,Data Subject Rights,Data Subject Rights - Control 1,Data Subject Rights - ضابط 1,The organization shall implement data subject rights controls to ensure compliance with Personal Data Protection Law requirements.,يجب على المنظمة تطبيق ضوابط Data Subject Rights لضمان الامتثال لمتطلبات قانون حماية البيانات الشخصية,detective,2,high,True,LOG|REPORT|SCAN_REPORT|AUDIT_REPORT|ACCESS_REVIEW,active
251,ARE,UAE-PDPL,1.0,3.1,Cross-Border Transfer,Cross-Border Transfer - Control 1,Cross-Border Transfer - ضابط 1,The organization shall implement cross-border transfer controls to ensure compliance with Personal Data Protection Law requirements.,يجب على المنظمة تطبيق ضوابط Cross-Border Transfer لضمان الامتثال لمتطلبات قانون حماية البيانات الشخصية,corrective,3,medium,True,INCIDENT_REPORT|MEETING_MINUTES|ATTESTATION|RISK_ASSESSMENT,active
252,ARE,UAE-PDPL,1.0,4.1,Security,Security - Control 1,Security - ضابط 1,The organization shall implement security controls to ensure compliance with Personal Data Protection Law requirements.,يجب على المنظمة تطبيق ضوابط Security لضمان الامتثال لمتطلبات قانون حماية البيانات الشخصية,preventive,4,low,True,POLICY|PROCEDURE|STANDARD|CONFIG|TRAINING_RECORD,active
253,ARE,UAE-PDPL,1.0,5.1,Breach Notification,Breach Notification - Control 1,Breach Notification - ضابط 1,The organization shall implement breach notification controls to ensure compliance with Personal Data Protection Law requirements.,يجب على المنظمة تطبيق ضوابط Breach Notification لضمان الامتثال لمتطلبات قانون حماية البيانات الشخصية,detective,1,critical,True,LOG|REPORT|SCAN_REPORT|AUDIT_REPORT|ACCESS_REVIEW,active
254,ARE,UAE-PDPL,1.0,6.1,DPO,DPO - Control 1,DPO - ضابط 1,The organization shall implement dpo controls to ensure compliance with Personal Data Protection Law requirements.,يجب على المنظمة تطبيق ضوابط DPO لضمان الامتثال لمتطلبات قانون حماية البيانات الشخصية,corrective,2,high,True,INCIDENT_REPORT|MEETING_MINUTES|ATTESTATION|RISK_ASSESSMENT,active
255,ARE,UAE-PDPL,1.0,1.2,Lawful Processing,Lawful Processing - Control 2,Lawful Processing - ضابط 2,The organization shall implement lawful processing controls to ensure compliance with Personal Data Protection Law requirements.,يجب على المنظمة تطبيق ضوابط Lawful Processing لضمان الامتثال لمتطلبات قانون حماية البيانات الشخصية,preventive,3,medium,True,POLICY|PROCEDURE|STANDARD|CONFIG|TRAINING_RECORD,active
256,ARE,UAE-PDPL,1.0,2.2,Data Subject Rights,Data Subject Rights - Control 2,Data Subject Rights - ضابط 2,The organization shall implement data subject rights controls to ensure compliance with Personal Data Protection Law requirements.,يجب على المنظمة تطبيق ضوابط Data Subject Rights لضمان الامتثال لمتطلبات قانون حماية البيانات الشخصية,detective,4,low,True,LOG|REPORT|SCAN_REPORT|AUDIT_REPORT|ACCESS_REVIEW,active
257,ARE,UAE-PDPL,1.0,3.2,Cross-Border Transfer,Cross-Border Transfer - Control 2,Cross-Border Transfer - ضابط 2,The organization shall implement cross-border transfer controls to ensure compliance with Personal Data Protection Law requirements.,يجب على المنظمة تطبيق ضوابط Cross-Border Transfer لضمان الامتثال لمتطلبات قانون حماية البيانات الشخصية,corrective,1,critical,True,INCIDENT_REPORT|MEETING_MINUTES|ATTESTATION|RISK_ASSESSMENT,active
258,ARE,UAE-PDPL,1.0,4.2,Security,Security - Control 2,Security - ضابط 2,The organization shall implement security controls to ensure compliance with Personal Data Protection Law requirements.,يجب على المنظمة تطبيق ضوابط Security لضمان الامتثال لمتطلبات قانون حماية البيانات الشخصية,preventive,2,high,True,POLICY|PROCEDURE|STANDARD|CONFIG|TRAINING_RECORD,active
259,ARE,UAE-PDPL,1.0,5.2,Breach Notification,Breach Notification - Control 2,Breach Notification - ضابط 2,The organization shall implement breach notification controls to ensure compliance with Personal Data Protection Law requirements.,يجب على المنظمة تطبيق ضوابط Breach Notification لضمان الامتثال لمتطلبات قانون حماية البيانات الشخصية,detective,3,medium,True,LOG|REPORT|SCAN_REPORT|AUDIT_REPORT|ACCESS_REVIEW,active
260,ARE,UAE-PDPL,1.0,6.2,DPO,DPO - Control 2,DPO - ضابط 2,The organization shall implement dpo controls to ensure compliance with Personal Data Protection Law requirements.,يجب على المنظمة تطبيق ضوابط DPO لضمان الامتثال لمتطلبات قانون حماية البيانات الشخصية,corrective,4,low,True,INCIDENT_REPORT|MEETING_MINUTES|ATTESTATION|RISK_ASSESSMENT,active
261,ARE,UAE-PDPL,1.0,1.3,Lawful Processing,Lawful Processing - Control 3,Lawful Processing - ضابط 3,The organization shall implement lawful processing controls to ensure compliance with Personal Data Protection Law requirements.,يجب على المنظمة تطبيق ضوابط Lawful Processing لضمان الامتثال لمتطلبات قانون حماية البيانات الشخصية,preventive,1,critical,True,POLICY|PROCEDURE|STANDARD|CONFIG|TRAINING_RECORD,active
262,ARE,UAE-PDPL,1.0,2.3,Data Subject Rights,Data Subject Rights - Control 3,Data Subject Rights - ضابط 3,The organization shall implement data subject rights controls to ensure compliance with Personal Data Protection Law requirements.,يجب على المنظمة تطبيق ضوابط Data Subject Rights لضمان الامتثال لمتطلبات قانون حماية البيانات الشخصية,detective,2,high,True,LOG|REPORT|SCAN_REPORT|AUDIT_REPORT|ACCESS_REVIEW,active
263,ARE,UAE-PDPL,1.0,3.3,Cross-Border Transfer,Cross-Border Transfer - Control 3,Cross-Border Transfer - ضابط 3,The organization shall implement cross-border transfer controls to ensure compliance with Personal Data Protection Law requirements.,يجب على المنظمة تطبيق ضوابط Cross-Border Transfer لضمان الامتثال لمتطلبات قانون حماية البيانات الشخصية,corrective,3,medium,True,INCIDENT_REPORT|MEETING_MINUTES|ATTESTATION|RISK_ASSESSMENT,active
264,ARE,UAE-PDPL,1.0,4.3,Security,Security - Control 3,Security - ضابط 3,The organization shall implement security controls to ensure compliance with Personal Data Protection Law requirements.,يجب على المنظمة تطبيق ضوابط Security لضمان الامتثال لمتطلبات قانون حماية البيانات الشخصية,preventive,4,low,True,POLICY|PROCEDURE|STANDARD|CONFIG|TRAINING_RECORD,active
265,ARE,UAE-PDPL,1.0,5.3,Breach Notification,Breach Notification - Control 3,Breach Notification - ضابط 3,The organization shall implement breach notification controls to ensure compliance with Personal Data Protection Law requirements.,يجب على المنظمة تطبيق ضوابط Breach Notification لضمان الامتثال لمتطلبات قانون حماية البيانات الشخصية,detective,1,critical,True,LOG|REPORT|SCAN_REPORT|AUDIT_REPORT|ACCESS_REVIEW,active
266,ARE,UAE-PDPL,1.0,6.3,DPO,DPO - Control 3,DPO - ضابط 3,The organization shall implement dpo controls to ensure compliance with Personal Data Protection Law requirements.,يجب على المنظمة تطبيق ضوابط DPO لضمان الامتثال لمتطلبات قانون حماية البيانات الشخصية,corrective,2,high,True,INCIDENT_REPORT|MEETING_MINUTES|ATTESTATION|RISK_ASSESSMENT,active
267,ARE,UAE-PDPL,1.0,1.4,Lawful Processing,Lawful Processing - Control 4,Lawful Processing - ضابط 4,The organization shall implement lawful processing controls to ensure compliance with Personal Data Protection Law requirements.,يجب على المنظمة تطبيق ضوابط Lawful Processing لضمان الامتثال لمتطلبات قانون حماية البيانات الشخصية,preventive,3,medium,True,POLICY|PROCEDURE|STANDARD|CONFIG|TRAINING_RECORD,active
268,ARE,UAE-PDPL,1.0,2.4,Data Subject Rights,Data Subject Rights - Control 4,Data Subject Rights - ضابط 4,The organization shall implement data subject rights controls to ensure compliance with Personal Data Protection Law requirements.,يجب على المنظمة تطبيق ضوابط Data Subject Rights لضمان الامتثال لمتطلبات قانون حماية البيانات الشخصية,detective,4,low,True,LOG|REPORT|SCAN_REPORT|AUDIT_REPORT|ACCESS_REVIEW,active
269,ARE,UAE-PDPL,1.0,3.4,Cross-Border Transfer,Cross-Border Transfer - Control 4,Cross-Border Transfer - ضابط 4,The organization shall implement cross-border transfer controls to ensure compliance with Personal Data Protection Law requirements.,يجب على المنظمة تطبيق ضوابط Cross-Border Transfer لضمان الامتثال لمتطلبات قانون حماية البيانات الشخصية,corrective,1,critical,True,INCIDENT_REPORT|MEETING_MINUTES|ATTESTATION|RISK_ASSESSMENT,active
270,ARE,UAE-PDPL,1.0,4.4,Security,Security - Control 4,Security - ضابط 4,The organization shall implement security controls to ensure compliance with Personal Data Protection Law requirements.,يجب على المنظمة تطبيق ضوابط Security لضمان الامتثال لمتطلبات قانون حماية البيانات الشخصية,preventive,2,high,True,POLICY|PROCEDURE|STANDARD|CONFIG|TRAINING_RECORD,active
271,ARE,UAE-PDPL,1.0,5.4,Breach Notification,Breach Notification - Control 4,Breach Notification - ضابط 4,The organization shall implement breach notification controls to ensure compliance with Personal Data Protection Law requirements.,يجب على المنظمة تطبيق ضوابط Breach Notification لضمان الامتثال لمتطلبات قانون حماية البيانات الشخصية,detective,3,medium,True,LOG|REPORT|SCAN_REPORT|AUDIT_REPORT|ACCESS_REVIEW,active
272,ARE,UAE-PDPL,1.0,6.4,DPO,DPO - Control 4,DPO - ضابط 4,The organization shall implement dpo controls to ensure compliance with Personal Data Protection Law requirements.,يجب على المنظمة تطبيق ضوابط DPO لضمان الامتثال لمتطلبات قانون حماية البيانات الشخصية,corrective,4,low,True,INCIDENT_REPORT|MEETING_MINUTES|ATTESTATION|RISK_ASSESSMENT,active
273,ARE,UAE-PDPL,1.0,1.5,Lawful Processing,Lawful Processing - Control 5,Lawful Processing - ضابط 5,The organization shall implement lawful processing controls to ensure compliance with Personal Data Protection Law requirements.,يجب على المنظمة تطبيق ضوابط Lawful Processing لضمان الامتثال لمتطلبات قانون حماية البيانات الشخصية,preventive,1,critical,True,POLICY|PROCEDURE|STANDARD|CONFIG|TRAINING_RECORD,active
274,ARE,UAE-PDPL,1.0,2.5,Data Subject Rights,Data Subject Rights - Control 5,Data Subject Rights - ضابط 5,The organization shall implement data subject rights controls to ensure compliance with Personal Data Protection Law requirements.,يجب على المنظمة تطبيق ضوابط Data Subject Rights لضمان الامتثال لمتطلبات قانون حماية البيانات الشخصية,detective,2,high,True,LOG|REPORT|SCAN_REPORT|AUDIT_REPORT|ACCESS_REVIEW,active
275,ARE,UAE-PDPL,1.0,3.5,Cross-Border Transfer,Cross-Border Transfer - Control 5,Cross-Border Transfer - ضابط 5,The organization shall implement cross-border transfer controls to ensure compliance with Personal Data Protection Law requirements.,يجب على المنظمة تطبيق ضوابط Cross-Border Transfer لضمان الامتثال لمتطلبات قانون حماية البيانات الشخصية,corrective,3,medium,True,INCIDENT_REPORT|MEETING_MINUTES|ATTESTATION|RISK_ASSESSMENT,active
276,ARE,UAE-PDPL,1.0,4.5,Security,Security - Control 5,Security - ضابط 5,The organization shall implement security controls to ensure compliance with Personal Data Protection Law requirements.,يجب على المنظمة تطبيق ضوابط Security لضمان الامتثال لمتطلبات قانون حماية البيانات الشخصية,preventive,4,low,True,POLICY|PROCEDURE|STANDARD|CONFIG|TRAINING_RECORD,active
277,ARE,UAE-PDPL,1.0,5.5,Breach Notification,Breach Notification - Control 5,Breach Notification - ضابط 5,The organization shall implement breach notification controls to ensure compliance with Personal Data Protection Law requirements.,يجب على المنظمة تطبيق ضوابط Breach Notification لضمان الامتثال لمتطلبات قانون حماية البيانات الشخصية,detective,1,critical,True,LOG|REPORT|SCAN_REPORT|AUDIT_REPORT|ACCESS_REVIEW,active
278,ARE,UAE-PDPL,1.0,6.5,DPO,DPO - Control 5,DPO - ضابط 5,The organization shall implement dpo controls to ensure compliance with Personal Data Protection Law requirements.,يجب على المنظمة تطبيق ضوابط DPO لضمان الامتثال لمتطلبات قانون حماية البيانات الشخصية,corrective,2,high,True,INCIDENT_REPORT|MEETING_MINUTES|ATTESTATION|RISK_ASSESSMENT,active
279,ARE,UAE-PDPL,1.0,1.6,Lawful Processing,Lawful Processing - Control 6,Lawful Processing - ضابط 6,The organization shall implement lawful processing controls to ensure compliance with Personal Data Protection Law requirements.,يجب على المنظمة تطبيق ضوابط Lawful Processing لضمان الامتثال لمتطلبات قانون حماية البيانات الشخصية,preventive,3,medium,True,POLICY|PROCEDURE|STANDARD|CONFIG|TRAINING_RECORD,active
280,ARE,UAE-PDPL,1.0,2.6,Data Subject Rights,Data Subject Rights - Control 6,Data Subject Rights - ضابط 6,The organization shall implement data subject rights controls to ensure compliance with Personal Data Protection Law requirements.,يجب على المنظمة تطبيق ضوابط Data Subject Rights لضمان الامتثال لمتطلبات قانون حماية البيانات الشخصية,detective,4,low,True,LOG|REPORT|SCAN_REPORT|AUDIT_REPORT|ACCESS_REVIEW,active
281,ARE,UAE-PDPL,1.0,3.6,Cross-Border Transfer,Cross-Border Transfer - Control 6,Cross-Border Transfer - ضابط 6,The organization shall implement cross-border transfer controls to ensure compliance with Personal Data Protection Law requirements.,يجب على المنظمة تطبيق ضوابط Cross-Border Transfer لضمان الامتثال لمتطلبات قانون حماية البيانات الشخصية,corrective,1,critical,True,INCIDENT_REPORT|MEETING_MINUTES|ATTESTATION|RISK_ASSESSMENT,active
282,ARE,UAE-PDPL,1.0,4.6,Security,Security - Control 6,Security - ضابط 6,The organization shall implement security controls to ensure compliance with Personal Data Protection Law requirements.,يجب على المنظمة تطبيق ضوابط Security لضمان الامتثال لمتطلبات قانون حماية البيانات الشخصية,preventive,2,high,True,POLICY|PROCEDURE|STANDARD|CONFIG|TRAINING_RECORD,active
283,ARE,UAE-PDPL,1.0,5.6,Breach Notification,Breach Notification - Control 6,Breach Notification - ضابط 6,The organization shall implement breach notification controls to ensure compliance with Personal Data Protection Law requirements.,يجب على المنظمة تطبيق ضوابط Breach Notification لضمان الامتثال لمتطلبات قانون حماية البيانات الشخصية,detective,3,medium,True,LOG|REPORT|SCAN_REPORT|AUDIT_REPORT|ACCESS_REVIEW,active
284,ARE,UAE-PDPL,1.0,6.6,DPO,DPO - Control 6,DPO - ضابط 6,The organization shall implement dpo controls to ensure compliance with Personal Data Protection Law requirements.,يجب على المنظمة تطبيق ضوابط DPO لضمان الامتثال لمتطلبات قانون حماية البيانات الشخصية,corrective,4,low,True,INCIDENT_REPORT|MEETING_MINUTES|ATTESTATION|RISK_ASSESSMENT,active
285,ARE,UAE-PDPL,1.0,1.7,Lawful Processing,Lawful Processing - Control 7,Lawful Processing - ضابط 7,The organization shall implement lawful processing controls to ensure compliance with Personal Data Protection Law requirements.,يجب على المنظمة تطبيق ضوابط Lawful Processing لضمان الامتثال لمتطلبات قانون حماية البيانات الشخصية,preventive,1,critical,True,POLICY|PROCEDURE|STANDARD|CONFIG|TRAINING_RECORD,active
286,ARE,UAE-PDPL,1.0,2.7,Data Subject Rights,Data Subject Rights - Control 7,Data Subject Rights - ضابط 7,The organization shall implement data subject rights controls to ensure compliance with Personal Data Protection Law requirements.,يجب على المنظمة تطبيق ضوابط Data Subject Rights لضمان الامتثال لمتطلبات قانون حماية البيانات الشخصية,detective,2,high,True,LOG|REPORT|SCAN_REPORT|AUDIT_REPORT|ACCESS_REVIEW,active
287,ARE,UAE-PDPL,1.0,3.7,Cross-Border Transfer,Cross-Border Transfer - Control 7,Cross-Border Transfer - ضابط 7,The organization shall implement cross-border transfer controls to ensure compliance with Personal Data Protection Law requirements.,يجب على المنظمة تطبيق ضوابط Cross-Border Transfer لضمان الامتثال لمتطلبات قانون حماية البيانات الشخصية,corrective,3,medium,True,INCIDENT_REPORT|MEETING_MINUTES|ATTESTATION|RISK_ASSESSMENT,active
288,ARE,UAE-PDPL,1.0,4.7,Security,Security - Control 7,Security - ضابط 7,The organization shall implement security controls to ensure compliance with Personal Data Protection Law requirements.,يجب على المنظمة تطبيق ضوابط Security لضمان الامتثال لمتطلبات قانون حماية البيانات الشخصية,preventive,4,low,True,POLICY|PROCEDURE|STANDARD|CONFIG|TRAINING_RECORD,active
289,ARE,UAE-PDPL,1.0,5.7,Breach Notification,Breach Notification - Control 7,Breach Notification - ضابط 7,The organization shall implement breach notification controls to ensure compliance with Personal Data Protection Law requirements.,يجب على المنظمة تطبيق ضوابط Breach Notification لضمان الامتثال لمتطلبات قانون حماية البيانات الشخصية,detective,1,critical,True,LOG|REPORT|SCAN_REPORT|AUDIT_REPORT|ACCESS_REVIEW,active
290,ARE,UAE-PDPL,1.0,6.7,DPO,DPO - Control 7,DPO - ضابط 7,The organization shall implement dpo controls to ensure compliance with Personal Data Protection Law requirements.,يجب على المنظمة تطبيق ضوابط DPO لضمان الامتثال لمتطلبات قانون حماية البيانات الشخصية,corrective,2,high,True,INCIDENT_REPORT|MEETING_MINUTES|ATTESTATION|RISK_ASSESSMENT,active
291,ARE,UAE-PDPL,1.0,1.8,Lawful Processing,Lawful Processing - Control 8,Lawful Processing - ضابط 8,The organization shall implement lawful processing controls to ensure compliance with Personal Data Protection Law requirements.,يجب على المنظمة تطبيق ضوابط Lawful Processing لضمان الامتثال لمتطلبات قانون حماية البيانات الشخصية,preventive,3,medium,True,POLICY|PROCEDURE|STANDARD|CONFIG|TRAINING_RECORD,active
292,ARE,UAE-PDPL,1.0,2.8,Data Subject Rights,Data Subject Rights - Control 8,Data Subject Rights - ضابط 8,The organization shall implement data subject rights controls to ensure compliance with Personal Data Protection Law requirements.,يجب على المنظمة تطبيق ضوابط Data Subject Rights لضمان الامتثال لمتطلبات قانون حماية البيانات الشخصية,detective,4,low,True,LOG|REPORT|SCAN_REPORT|AUDIT_REPORT|ACCESS_REVIEW,active
293,ARE,UAE-PDPL,1.0,3.8,Cross-Border Transfer,Cross-Border Transfer - Control 8,Cross-Border Transfer - ضابط 8,The organization shall implement cross-border transfer controls to ensure compliance with Personal Data Protection Law requirements.,يجب على المنظمة تطبيق ضوابط Cross-Border Transfer لضمان الامتثال لمتطلبات قانون حماية البيانات الشخصية,corrective,1,critical,True,INCIDENT_REPORT|MEETING_MINUTES|ATTESTATION|RISK_ASSESSMENT,active
294,ARE,UAE-CBR-CYB,2.0,1.1,Governance,Governance - Control 1,Governance - ضابط 1,The organization shall implement governance controls to ensure compliance with Central Bank Cybersecurity Risk Standards requirements.,يجب على المنظمة تطبيق ضوابط Governance لضمان الامتثال لمتطلبات معايير مخاطر الأمن السيبراني للمصرف المركزي,preventive,1,critical,True,POLICY|PROCEDURE|STANDARD|CONFIG|TRAINING_RECORD,active
295,ARE,UAE-CBR-CYB,2.0,2.1,Risk Management,Risk Management - Control 1,Risk Management - ضابط 1,The organization shall implement risk management controls to ensure compliance with Central Bank Cybersecurity Risk Standards requirements.,يجب على المنظمة تطبيق ضوابط Risk Management لضمان الامتثال لمتطلبات معايير مخاطر الأمن السيبراني للمصرف المركزي,detective,2,high,True,LOG|REPORT|SCAN_REPORT|AUDIT_REPORT|ACCESS_REVIEW,active
296,ARE,UAE-CBR-CYB,2.0,3.1,Identity,Identity - Control 1,Identity - ضابط 1,The organization shall implement identity controls to ensure compliance with Central Bank Cybersecurity Risk Standards requirements.,يجب على المنظمة تطبيق ضوابط Identity لضمان الامتثال لمتطلبات معايير مخاطر الأمن السيبراني للمصرف المركزي,corrective,3,medium,True,INCIDENT_REPORT|MEETING_MINUTES|ATTESTATION|RISK_ASSESSMENT,active
297,ARE,UAE-CBR-CYB,2.0,4.1,Detection,Detection - Control 1,Detection - ضابط 1,The organization shall implement detection controls to ensure compliance with Central Bank Cybersecurity Risk Standards requirements.,يجب على المنظمة تطبيق ضوابط Detection لضمان الامتثال لمتطلبات معايير مخاطر الأمن السيبراني للمصرف المركزي,preventive,4,low,True,POLICY|PROCEDURE|STANDARD|CONFIG|TRAINING_RECORD,active
298,ARE,UAE-CBR-CYB,2.0,5.1,Response,Response - Control 1,Response - ضابط 1,The organization shall implement response controls to ensure compliance with Central Bank Cybersecurity Risk Standards requirements.,يجب على المنظمة تطبيق ضوابط Response لضمان الامتثال لمتطلبات معايير مخاطر الأمن السيبراني للمصرف المركزي,detective,1,critical,True,LOG|REPORT|SCAN_REPORT|AUDIT_REPORT|ACCESS_REVIEW,active
299,ARE,UAE-CBR-CYB,2.0,6.1,Recovery,Recovery - Control 1,Recovery - ضابط 1,The organization shall implement recovery controls to ensure compliance with Central Bank Cybersecurity Risk Standards requirements.,يجب على المنظمة تطبيق ضوابط Recovery لضمان الامتثال لمتطلبات معايير مخاطر الأمن السيبراني للمصرف المركزي,corrective,2,high,True,INCIDENT_REPORT|MEETING_MINUTES|ATTESTATION|RISK_ASSESSMENT,active
300,ARE,UAE-CBR-CYB,2.0,1.2,Governance,Governance - Control 2,Governance - ضابط 2,The organization shall implement governance controls to ensure compliance with Central Bank Cybersecurity Risk Standards requirements.,يجب على المنظمة تطبيق ضوابط Governance لضمان الامتثال لمتطلبات معايير مخاطر الأمن السيبراني للمصرف المركزي,preventive,3,medium,True,POLICY|PROCEDURE|STANDARD|CONFIG|TRAINING_RECORD,active
301,ARE,UAE-CBR-CYB,2.0,2.2,Risk Management,Risk Management - Control 2,Risk Management - ضابط 2,The organization shall implement risk management controls to ensure compliance with Central Bank Cybersecurity Risk Standards requirements.,يجب على المنظمة تطبيق ضوابط Risk Management لضمان الامتثال لمتطلبات معايير مخاطر الأمن السيبراني للمصرف المركزي,detective,4,low,True,LOG|REPORT|SCAN_REPORT|AUDIT_REPORT|ACCESS_REVIEW,active
302,ARE,UAE-CBR-CYB,2.0,3.2,Identity,Identity - Control 2,Identity - ضابط 2,The organization shall implement identity controls to ensure compliance with Central Bank Cybersecurity Risk Standards requirements.,يجب على المنظمة تطبيق ضوابط Identity لضمان الامتثال لمتطلبات معايير مخاطر الأمن السيبراني للمصرف المركزي,corrective,1,critical,True,INCIDENT_REPORT|MEETING_MINUTES|ATTESTATION|RISK_ASSESSMENT,active
303,ARE,UAE-CBR-CYB,2.0,4.2,Detection,Detection - Control 2,Detection - ضابط 2,The organization shall implement detection controls to ensure compliance with Central Bank Cybersecurity Risk Standards requirements.,يجب على المنظمة تطبيق ضوابط Detection لضمان الامتثال لمتطلبات معايير مخاطر الأمن السيبراني للمصرف المركزي,preventive,2,high,True,POLICY|PROCEDURE|STANDARD|CONFIG|TRAINING_RECORD,active
304,ARE,UAE-CBR-CYB,2.0,5.2,Response,Response - Control 2,Response - ضابط 2,The organization shall implement response controls to ensure compliance with Central Bank Cybersecurity Risk Standards requirements.,يجب على المنظمة تطبيق ضوابط Response لضمان الامتثال لمتطلبات معايير مخاطر الأمن السيبراني للمصرف المركزي,detective,3,medium,True,LOG|REPORT|SCAN_REPORT|AUDIT_REPORT|ACCESS_REVIEW,active
305,ARE,UAE-CBR-CYB,2.0,6.2,Recovery,Recovery - Control 2,Recovery - ضابط 2,The organization shall implement recovery controls to ensure compliance with Central Bank Cybersecurity Risk Standards requirements.,يجب على المنظمة تطبيق ضوابط Recovery لضمان الامتثال لمتطلبات معايير مخاطر الأمن السيبراني للمصرف المركزي,corrective,4,low,True,INCIDENT_REPORT|MEETING_MINUTES|ATTESTATION|RISK_ASSESSMENT,active
306,ARE,UAE-CBR-CYB,2.0,1.3,Governance,Governance - Control 3,Governance - ضابط 3,The organization shall implement governance controls to ensure compliance with Central Bank Cybersecurity Risk Standards requirements.,يجب على المنظمة تطبيق ضوابط Governance لضمان الامتثال لمتطلبات معايير مخاطر الأمن السيبراني للمصرف المركزي,preventive,1,critical,True,POLICY|PROCEDURE|STANDARD|CONFIG|TRAINING_RECORD,active
307,ARE,UAE-CBR-CYB,2.0,2.3,Risk Management,Risk Management - Control 3,Risk Management - ضابط 3,The organization shall implement risk management controls to ensure compliance with Central Bank Cybersecurity Risk Standards requirements.,يجب على المنظمة تطبيق ضوابط Risk Management لضمان الامتثال لمتطلبات معايير مخاطر الأمن السيبراني للمصرف المركزي,detective,2,high,True,LOG|REPORT|SCAN_REPORT|AUDIT_REPORT|ACCESS_REVIEW,active
308,ARE,UAE-CBR-CYB,2.0,3.3,Identity,Identity - Control 3,Identity - ضابط 3,The organization shall implement identity controls to ensure compliance with Central Bank Cybersecurity Risk Standards requirements.,يجب على المنظمة تطبيق ضوابط Identity لضمان الامتثال لمتطلبات معايير مخاطر الأمن السيبراني للمصرف المركزي,corrective,3,medium,True,INCIDENT_REPORT|MEETING_MINUTES|ATTESTATION|RISK_ASSESSMENT,active
309,ARE,UAE-CBR-CYB,2.0,4.3,Detection,Detection - Control 3,Detection - ضابط 3,The organization shall implement detection controls to ensure compliance with Central Bank Cybersecurity Risk Standards requirements.,يجب على المنظمة تطبيق ضوابط Detection لضمان الامتثال لمتطلبات معايير مخاطر الأمن السيبراني للمصرف المركزي,preventive,4,low,True,POLICY|PROCEDURE|STANDARD|CONFIG|TRAINING_RECORD,active
310,ARE,UAE-CBR-CYB,2.0,5.3,Response,Response - Control 3,Response - ضابط 3,The organization shall implement response controls to ensure compliance with Central Bank Cybersecurity Risk Standards requirements.,يجب على المنظمة تطبيق ضوابط Response لضمان الامتثال لمتطلبات معايير مخاطر الأمن السيبراني للمصرف المركزي,detective,1,critical,True,LOG|REPORT|SCAN_REPORT|AUDIT_REPORT|ACCESS_REVIEW,active
311,ARE,UAE-CBR-CYB,2.0,6.3,Recovery,Recovery - Control 3,Recovery - ضابط 3,The organization shall implement recovery controls to ensure compliance with Central Bank Cybersecurity Risk Standards requirements.,يجب على المنظمة تطبيق ضوابط Recovery لضمان الامتثال لمتطلبات معايير مخاطر الأمن السيبراني للمصرف المركزي,corrective,2,high,True,INCIDENT_REPORT|MEETING_MINUTES|ATTESTATION|RISK_ASSESSMENT,active
312,ARE,UAE-CBR-CYB,2.0,1.4,Governance,Governance - Control 4,Governance - ضابط 4,The organization shall implement governance controls to ensure compliance with Central Bank Cybersecurity Risk Standards requirements.,يجب على المنظمة تطبيق ضوابط Governance لضمان الامتثال لمتطلبات معايير مخاطر الأمن السيبراني للمصرف المركزي,preventive,3,medium,True,POLICY|PROCEDURE|STANDARD|CONFIG|TRAINING_RECORD,active
313,ARE,UAE-CBR-CYB,2.0,2.4,Risk Management,Risk Management - Control 4,Risk Management - ضابط 4,The organization shall implement risk management controls to ensure compliance with Central Bank Cybersecurity Risk Standards requirements.,يجب على المنظمة تطبيق ضوابط Risk Management لضمان الامتثال لمتطلبات معايير مخاطر الأمن السيبراني للمصرف المركزي,detective,4,low,True,LOG|REPORT|SCAN_REPORT|AUDIT_REPORT|ACCESS_REVIEW,active
314,ARE,UAE-CBR-CYB,2.0,3.4,Identity,Identity - Control 4,Identity - ضابط 4,The organization shall implement identity controls to ensure compliance with Central Bank Cybersecurity Risk Standards requirements.,يجب على المنظمة تطبيق ضوابط Identity لضمان الامتثال لمتطلبات معايير مخاطر الأمن السيبراني للمصرف المركزي,corrective,1,critical,True,INCIDENT_REPORT|MEETING_MINUTES|ATTESTATION|RISK_ASSESSMENT,active
315,ARE,UAE-CBR-CYB,2.0,4.4,Detection,Detection - Control 4,Detection - ضابط 4,The organization shall implement detection controls to ensure compliance with Central Bank Cybersecurity Risk Standards requirements.,يجب على المنظمة تطبيق ضوابط Detection لضمان الامتثال لمتطلبات معايير مخاطر الأمن السيبراني للمصرف المركزي,preventive,2,high,True,POLICY|PROCEDURE|STANDARD|CONFIG|TRAINING_RECORD,active
316,ARE,UAE-CBR-CYB,2.0,5.4,Response,Response - Control 4,Response - ضابط 4,The organization shall implement response controls to ensure compliance with Central Bank Cybersecurity Risk Standards requirements.,يجب على المنظمة تطبيق ضوابط Response لضمان الامتثال لمتطلبات معايير مخاطر الأمن السيبراني للمصرف المركزي,detective,3,medium,True,LOG|REPORT|SCAN_REPORT|AUDIT_REPORT|ACCESS_REVIEW,active
317,ARE,UAE-CBR-CYB,2.0,6.4,Recovery,Recovery - Control 4,Recovery - ضابط 4,The organization shall implement recovery controls to ensure compliance with Central Bank Cybersecurity Risk Standards requirements.,يجب على المنظمة تطبيق ضوابط Recovery لضمان الامتثال لمتطلبات معايير مخاطر الأمن السيبراني للمصرف المركزي,corrective,4,low,True,INCIDENT_REPORT|MEETING_MINUTES|ATTESTATION|RISK_ASSESSMENT,active
318,ARE,UAE-CBR-CYB,2.0,1.5,Governance,Governance - Control 5,Governance - ضابط 5,The organization shall implement governance controls to ensure compliance with Central Bank Cybersecurity Risk Standards requirements.,يجب على المنظمة تطبيق ضوابط Governance لضمان الامتثال لمتطلبات معايير مخاطر الأمن السيبراني للمصرف المركزي,preventive,1,critical,True,POLICY|PROCEDURE|STANDARD|CONFIG|TRAINING_RECORD,active
319,ARE,UAE-CBR-CYB,2.0,2.5,Risk Management,Risk Management - Control 5,Risk Management - ضابط 5,The organization shall implement risk management controls to ensure compliance with Central Bank Cybersecurity Risk Standards requirements.,يجب على المنظمة تطبيق ضوابط Risk Management لضمان الامتثال لمتطلبات معايير مخاطر الأمن السيبراني للمصرف المركزي,detective,2,high,True,LOG|REPORT|SCAN_REPORT|AUDIT_REPORT|ACCESS_REVIEW,active
320,ARE,UAE-CBR-CYB,2.0,3.5,Identity,Identity - Control 5,Identity - ضابط 5,The organization shall implement identity controls to ensure compliance with Central Bank Cybersecurity Risk Standards requirements.,يجب على المنظمة تطبيق ضوابط Identity لضمان الامتثال لمتطلبات معايير مخاطر الأمن السيبراني للمصرف المركزي,corrective,3,medium,True,INCIDENT_REPORT|MEETING_MINUTES|ATTESTATION|RISK_ASSESSMENT,active
321,ARE,UAE-CBR-CYB,2.0,4.5,Detection,Detection - Control 5,Detection - ضابط 5,The organization shall implement detection controls to ensure compliance with Central Bank Cybersecurity Risk Standards requirements.,يجب على المنظمة تطبيق ضوابط Detection لضمان الامتثال لمتطلبات معايير مخاطر الأمن السيبراني للمصرف المركزي,preventive,4,low,True,POLICY|PROCEDURE|STANDARD|CONFIG|TRAINING_RECORD,active
322,ARE,UAE-CBR-CYB,2.0,5.5,Response,Response - Control 5,Response - ضابط 5,The organization shall implement response controls to ensure compliance with Central Bank Cybersecurity Risk Standards requirements.,يجب على المنظمة تطبيق ضوابط Response لضمان الامتثال لمتطلبات معايير مخاطر الأمن السيبراني للمصرف المركزي,detective,1,critical,True,LOG|REPORT|SCAN_REPORT|AUDIT_REPORT|ACCESS_REVIEW,active
323,ARE,UAE-CBR-CYB,2.0,6.5,Recovery,Recovery - Control 5,Recovery - ضابط 5,The organization shall implement recovery controls to ensure compliance with Central Bank Cybersecurity Risk Standards requirements.,يجب على المنظمة تطبيق ضوابط Recovery لضمان الامتثال لمتطلبات معايير مخاطر الأمن السيبراني للمصرف المركزي,corrective,2,high,True,INCIDENT_REPORT|MEETING_MINUTES|ATTESTATION|RISK_ASSESSMENT,active
324,ARE,UAE-CBR-CYB,2.0,1.6,Governance,Governance - Control 6,Governance - ضابط 6,The organization shall implement governance controls to ensure compliance with Central Bank Cybersecurity Risk Standards requirements.,يجب على المنظمة تطبيق ضوابط Governance لضمان الامتثال لمتطلبات معايير مخاطر الأمن السيبراني للمصرف المركزي,preventive,3,medium,True,POLICY|PROCEDURE|STANDARD|CONFIG|TRAINING_RECORD,active
325,ARE,UAE-CBR-CYB,2.0,2.6,Risk Management,Risk Management - Control 6,Risk Management - ضابط 6,The organization shall implement risk management controls to ensure compliance with Central Bank Cybersecurity Risk Standards requirements.,يجب على المنظمة تطبيق ضوابط Risk Management لضمان الامتثال لمتطلبات معايير مخاطر الأمن السيبراني للمصرف المركزي,detective,4,low,True,LOG|REPORT|SCAN_REPORT|AUDIT_REPORT|ACCESS_REVIEW,active
326,ARE,UAE-CBR-CYB,2.0,3.6,Identity,Identity - Control 6,Identity - ضابط 6,The organization shall implement identity controls to ensure compliance with Central Bank Cybersecurity Risk Standards requirements.,يجب على المنظمة تطبيق ضوابط Identity لضمان الامتثال لمتطلبات معايير مخاطر الأمن السيبراني للمصرف المركزي,corrective,1,critical,True,INCIDENT_REPORT|MEETING_MINUTES|ATTESTATION|RISK_ASSESSMENT,active
327,ARE,UAE-CBR-CYB,2.0,4.6,Detection,Detection - Control 6,Detection - ضابط 6,The organization shall implement detection controls to ensure compliance with Central Bank Cybersecurity Risk Standards requirements.,يجب على المنظمة تطبيق ضوابط Detection لضمان الامتثال لمتطلبات معايير مخاطر الأمن السيبراني للمصرف المركزي,preventive,2,high,True,POLICY|PROCEDURE|STANDARD|CONFIG|TRAINING_RECORD,active
328,ARE,UAE-CBR-CYB,2.0,5.6,Response,Response - Control 6,Response - ضابط 6,The organization shall implement response controls to ensure compliance with Central Bank Cybersecurity Risk Standards requirements.,يجب على المنظمة تطبيق ضوابط Response لضمان الامتثال لمتطلبات معايير مخاطر الأمن السيبراني للمصرف المركزي,detective,3,medium,True,LOG|REPORT|SCAN_REPORT|AUDIT_REPORT|ACCESS_REVIEW,active
329,ARE,UAE-CBR-CYB,2.0,6.6,Recovery,Recovery - Control 6,Recovery - ضابط 6,The organization shall implement recovery controls to ensure compliance with Central Bank Cybersecurity Risk Standards requirements.,يجب على المنظمة تطبيق ضوابط Recovery لضمان الامتثال لمتطلبات معايير مخاطر الأمن السيبراني للمصرف المركزي,corrective,4,low,True,INCIDENT_REPORT|MEETING_MINUTES|ATTESTATION|RISK_ASSESSMENT,active
330,ARE,UAE-CBR-CYB,2.0,1.7,Governance,Governance - Control 7,Governance - ضابط 7,The organization shall implement governance controls to ensure compliance with Central Bank Cybersecurity Risk Standards requirements.,يجب على المنظمة تطبيق ضوابط Governance لضمان الامتثال لمتطلبات معايير مخاطر الأمن السيبراني للمصرف المركزي,preventive,1,critical,True,POLICY|PROCEDURE|STANDARD|CONFIG|TRAINING_RECORD,active
331,ARE,UAE-CBR-CYB,2.0,2.7,Risk Management,Risk Management - Control 7,Risk Management - ضابط 7,The organization shall implement risk management controls to ensure compliance with Central Bank Cybersecurity Risk Standards requirements.,يجب على المنظمة تطبيق ضوابط Risk Management لضمان الامتثال لمتطلبات معايير مخاطر الأمن السيبراني للمصرف المركزي,detective,2,high,True,LOG|REPORT|SCAN_REPORT|AUDIT_REPORT|ACCESS_REVIEW,active
332,ARE,UAE-CBR-CYB,2.0,3.7,Identity,Identity - Control 7,Identity - ضابط 7,The organization shall implement identity controls to ensure compliance with Central Bank Cybersecurity Risk Standards requirements.,يجب على المنظمة تطبيق ضوابط Identity لضمان الامتثال لمتطلبات معايير مخاطر الأمن السيبراني للمصرف المركزي,corrective,3,medium,True,INCIDENT_REPORT|MEETING_MINUTES|ATTESTATION|RISK_ASSESSMENT,active
333,ARE,UAE-CBR-CYB,2.0,4.7,Detection,Detection - Control 7,Detection - ضابط 7,The organization shall implement detection controls to ensure compliance with Central Bank Cybersecurity Risk Standards requirements.,يجب على المنظمة تطبيق ضوابط Detection لضمان الامتثال لمتطلبات معايير مخاطر الأمن السيبراني للمصرف المركزي,preventive,4,low,True,POLICY|PROCEDURE|STANDARD|CONFIG|TRAINING_RECORD,active
334,ARE,UAE-CBR-CYB,2.0,5.7,Response,Response - Control 7,Response - ضابط 7,The organization shall implement response controls to ensure compliance with Central Bank Cybersecurity Risk Standards requirements.,يجب على المنظمة تطبيق ضوابط Response لضمان الامتثال لمتطلبات معايير مخاطر الأمن السيبراني للمصرف المركزي,detective,1,critical,True,LOG|REPORT|SCAN_REPORT|AUDIT_REPORT|ACCESS_REVIEW,active
335,ARE,UAE-CBR-CYB,2.0,6.7,Recovery,Recovery - Control 7,Recovery - ضابط 7,The organization shall implement recovery controls to ensure compliance with Central Bank Cybersecurity Risk Standards requirements.,يجب على المنظمة تطبيق ضوابط Recovery لضمان الامتثال لمتطلبات معايير مخاطر الأمن السيبراني للمصرف المركزي,corrective,2,high,True,INCIDENT_REPORT|MEETING_MINUTES|ATTESTATION|RISK_ASSESSMENT,active
336,ARE,UAE-CBR-CYB,2.0,1.8,Governance,Governance - Control 8,Governance - ضابط 8,The organization shall implement governance controls to ensure compliance with Central Bank Cybersecurity Risk Standards requirements.,يجب على المنظمة تطبيق ضوابط Governance لضمان الامتثال لمتطلبات معايير مخاطر الأمن السيبراني للمصرف المركزي,preventive,3,medium,True,POLICY|PROCEDURE|STANDARD|CONFIG|TRAINING_RECORD,active
337,ARE,UAE-CBR-CYB,2.0,2.8,Risk Management,Risk Management - Control 8,Risk Management - ضابط 8,The organization shall implement risk management controls to ensure compliance with Central Bank Cybersecurity Risk Standards requirements.,يجب على المنظمة تطبيق ضوابط Risk Management لضمان الامتثال لمتطلبات معايير مخاطر الأمن السيبراني للمصرف المركزي,detective,4,low,True,LOG|REPORT|SCAN_REPORT|AUDIT_REPORT|ACCESS_REVIEW,active
338,ARE,UAE-CBR-CYB,2.0,3.8,Identity,Identity - Control 8,Identity - ضابط 8,The organization shall implement identity controls to ensure compliance with Central Bank Cybersecurity Risk Standards requirements.,يجب على المنظمة تطبيق ضوابط Identity لضمان الامتثال لمتطلبات معايير مخاطر الأمن السيبراني للمصرف المركزي,corrective,1,critical,True,INCIDENT_REPORT|MEETING_MINUTES|ATTESTATION|RISK_ASSESSMENT,active
339,ARE,UAE-CBR-CYB,2.0,4.8,Detection,Detection - Control 8,Detection - ضابط 8,The organization shall implement detection controls to ensure compliance with Central Bank Cybersecurity Risk Standards requirements.,يجب على المنظمة تطبيق ضوابط Detection لضمان الامتثال لمتطلبات معايير مخاطر الأمن السيبراني للمصرف المركزي,preventive,2,high,True,POLICY|PROCEDURE|STANDARD|CONFIG|TRAINING_RECORD,active
340,ARE,UAE-CBR-CYB,2.0,5.8,Response,Response - Control 8,Response - ضابط 8,The organization shall implement response controls to ensure compliance with Central Bank Cybersecurity Risk Standards requirements.,يجب على المنظمة تطبيق ضوابط Response لضمان الامتثال لمتطلبات معايير مخاطر الأمن السيبراني للمصرف المركزي,detective,3,medium,True,LOG|REPORT|SCAN_REPORT|AUDIT_REPORT|ACCESS_REVIEW,active
341,ARE,UAE-CBR-CYB,2.0,6.8,Recovery,Recovery - Control 8,Recovery - ضابط 8,The organization shall implement recovery controls to ensure compliance with Central Bank Cybersecurity Risk Standards requirements.,يجب على المنظمة تطبيق ضوابط Recovery لضمان الامتثال لمتطلبات معايير مخاطر الأمن السيبراني للمصرف المركزي,corrective,4,low,True,INCIDENT_REPORT|MEETING_MINUTES|ATTESTATION|RISK_ASSESSMENT,active
342,ARE,UAE-CBR-CYB,2.0,1.9,Governance,Governance - Control 9,Governance - ضابط 9,The organization shall implement governance controls to ensure compliance with Central Bank Cybersecurity Risk Standards requirements.,يجب على المنظمة تطبيق ضوابط Governance لضمان الامتثال لمتطلبات معايير مخاطر الأمن السيبراني للمصرف المركزي,preventive,1,critical,True,POLICY|PROCEDURE|STANDARD|CONFIG|TRAINING_RECORD,active
343,ARE,UAE-CBR-CYB,2.0,2.9,Risk Management,Risk Management - Control 9,Risk Management - ضابط 9,The organization shall implement risk management controls to ensure compliance with Central Bank Cybersecurity Risk Standards requirements.,يجب على المنظمة تطبيق ضوابط Risk Management لضمان الامتثال لمتطلبات معايير مخاطر الأمن السيبراني للمصرف المركزي,detective,2,high,True,LOG|REPORT|SCAN_REPORT|AUDIT_REPORT|ACCESS_REVIEW,active
344,ARE,UAE-CBR-CYB,2.0,3.9,Identity,Identity - Control 9,Identity - ضابط 9,The organization shall implement identity controls to ensure compliance with Central Bank Cybersecurity Risk Standards requirements.,يجب على المنظمة تطبيق ضوابط Identity لضمان الامتثال لمتطلبات معايير مخاطر الأمن السيبراني للمصرف المركزي,corrective,3,medium,True,INCIDENT_REPORT|MEETING_MINUTES|ATTESTATION|RISK_ASSESSMENT,active
345,ARE,UAE-CBR-CYB,2.0,4.9,Detection,Detection - Control 9,Detection - ضابط 9,The organization shall implement detection controls to ensure compliance with Central Bank Cybersecurity Risk Standards requirements.,يجب على المنظمة تطبيق ضوابط Detection لضمان الامتثال لمتطلبات معايير مخاطر الأمن السيبراني للمصرف المركزي,preventive,4,low,True,POLICY|PROCEDURE|STANDARD|CONFIG|TRAINING_RECORD,active
346,ARE,UAE-CBR-CYB,2.0,5.9,Response,Response - Control 9,Response - ضابط 9,The organization shall implement response controls to ensure compliance with Central Bank Cybersecurity Risk Standards requirements.,يجب على المنظمة تطبيق ضوابط Response لضمان الامتثال لمتطلبات معايير مخاطر الأمن السيبراني للمصرف المركزي,detective,1,critical,True,LOG|REPORT|SCAN_REPORT|AUDIT_REPORT|ACCESS_REVIEW,active
347,ARE,UAE-CBR-CYB,2.0,6.9,Recovery,Recovery - Control 9,Recovery - ضابط 9,The organization shall implement recovery controls to ensure compliance with Central Bank Cybersecurity Risk Standards requirements.,يجب على المنظمة تطبيق ضوابط Recovery لضمان الامتثال لمتطلبات معايير مخاطر الأمن السيبراني للمصرف المركزي,corrective,2,high,True,INCIDENT_REPORT|MEETING_MINUTES|ATTESTATION|RISK_ASSESSMENT,active
348,ARE,UAE-CBR-CYB,2.0,1.10,Governance,Governance - Control 10,Governance - ضابط 10,The organization shall implement governance controls to ensure compliance with Central Bank Cybersecurity Risk Standards requirements.,يجب على المنظمة تطبيق ضوابط Governance لضمان الامتثال لمتطلبات معايير مخاطر الأمن السيبراني للمصرف المركزي,preventive,3,medium,True,POLICY|PROCEDURE|STANDARD|CONFIG|TRAINING_RECORD,active
349,ARE,UAE-CBR-CYB,2.0,2.10,Risk Management,Risk Management - Control 10,Risk Management - ضابط 10,The organization shall implement risk management controls to ensure compliance with Central Bank Cybersecurity Risk Standards requirements.,يجب على المنظمة تطبيق ضوابط Risk Management لضمان الامتثال لمتطلبات معايير مخاطر الأمن السيبراني للمصرف المركزي,detective,4,low,True,LOG|REPORT|SCAN_REPORT|AUDIT_REPORT|ACCESS_REVIEW,active
350,ARE,UAE-CBR-CYB,2.0,3.10,Identity,Identity - Control 10,Identity - ضابط 10,The organization shall implement identity controls to ensure compliance with Central Bank Cybersecurity Risk Standards requirements.,يجب على المنظمة تطبيق ضوابط Identity لضمان الامتثال لمتطلبات معايير مخاطر الأمن السيبراني للمصرف المركزي,corrective,1,critical,True,INCIDENT_REPORT|MEETING_MINUTES|ATTESTATION|RISK_ASSESSMENT,active
351,ARE,UAE-CBR-CYB,2.0,4.10,Detection,Detection - Control 10,Detection - ضابط 10,The organization shall implement detection controls to ensure compliance with Central Bank Cybersecurity Risk Standards requirements.,يجب على المنظمة تطبيق ضوابط Detection لضمان الامتثال لمتطلبات معايير مخاطر الأمن السيبراني للمصرف المركزي,preventive,2,high,True,POLICY|PROCEDURE|STANDARD|CONFIG|TRAINING_RECORD,active
352,ARE,UAE-CBR-CYB,2.0,5.10,Response,Response - Control 10,Response - ضابط 10,The organization shall implement response controls to ensure compliance with Central Bank Cybersecurity Risk Standards requirements.,يجب على المنظمة تطبيق ضوابط Response لضمان الامتثال لمتطلبات معايير مخاطر الأمن السيبراني للمصرف المركزي,detective,3,medium,True,LOG|REPORT|SCAN_REPORT|AUDIT_REPORT|ACCESS_REVIEW,active
353,ARE,UAE-CBR-CYB,2.0,6.10,Recovery,Recovery - Control 10,Recovery - ضابط 10,The organization shall implement recovery controls to ensure compliance with Central Bank Cybersecurity Risk Standards requirements.,يجب على المنظمة تطبيق ضوابط Recovery لضمان الامتثال لمتطلبات معايير مخاطر الأمن السيبراني للمصرف المركزي,corrective,4,low,True,INCIDENT_REPORT|MEETING_MINUTES|ATTESTATION|RISK_ASSESSMENT,active
354,ARE,UAE-CBR-CYB,2.0,1.11,Governance,Governance - Control 11,Governance - ضابط 11,The organization shall implement governance controls to ensure compliance with Central Bank Cybersecurity Risk Standards requirements.,يجب على المنظمة تطبيق ضوابط Governance لضمان الامتثال لمتطلبات معايير مخاطر الأمن السيبراني للمصرف المركزي,preventive,1,critical,True,POLICY|PROCEDURE|STANDARD|CONFIG|TRAINING_RECORD,active
355,ARE,UAE-CBR-CYB,2.0,2.11,Risk Management,Risk Management - Control 11,Risk Management - ضابط 11,The organization shall implement risk management controls to ensure compliance with Central Bank Cybersecurity Risk Standards requirements.,يجب على المنظمة تطبيق ضوابط Risk Management لضمان الامتثال لمتطلبات معايير مخاطر الأمن السيبراني للمصرف المركزي,detective,2,high,True,LOG|REPORT|SCAN_REPORT|AUDIT_REPORT|ACCESS_REVIEW,active
356,ARE,UAE-CBR-CYB,2.0,3.11,Identity,Identity - Control 11,Identity - ضابط 11,The organization shall implement identity controls to ensure compliance with Central Bank Cybersecurity Risk Standards requirements.,يجب على المنظمة تطبيق ضوابط Identity لضمان الامتثال لمتطلبات معايير مخاطر الأمن السيبراني للمصرف المركزي,corrective,3,medium,True,INCIDENT_REPORT|MEETING_MINUTES|ATTESTATION|RISK_ASSESSMENT,active
357,ARE,UAE-CBR-CYB,2.0,4.11,Detection,Detection - Control 11,Detection - ضابط 11,The organization shall implement detection controls to ensure compliance with Central Bank Cybersecurity Risk Standards requirements.,يجب على المنظمة تطبيق ضوابط Detection لضمان الامتثال لمتطلبات معايير مخاطر الأمن السيبراني للمصرف المركزي,preventive,4,low,True,POLICY|PROCEDURE|STANDARD|CONFIG|TRAINING_RECORD,active
358,ARE,UAE-CBR-CYB,2.0,5.11,Response,Response - Control 11,Response - ضابط 11,The organization shall implement response controls to ensure compliance with Central Bank Cybersecurity Risk Standards requirements.,يجب على المنظمة تطبيق ضوابط Response لضمان الامتثال لمتطلبات معايير مخاطر الأمن السيبراني للمصرف المركزي,detective,1,critical,True,LOG|REPORT|SCAN_REPORT|AUDIT_REPORT|ACCESS_REVIEW,active
359,ARE,UAE-CBR-CYB,2.0,6.11,Recovery,Recovery - Control 11,Recovery - ضابط 11,The organization shall implement recovery controls to ensure compliance with Central Bank Cybersecurity Risk Standards requirements.,يجب على المنظمة تطبيق ضوابط Recovery لضمان الامتثال لمتطلبات معايير مخاطر الأمن السيبراني للمصرف المركزي,corrective,2,high,True,INCIDENT_REPORT|MEETING_MINUTES|ATTESTATION|RISK_ASSESSMENT,active
360,ARE,UAE-CBR-CYB,2.0,1.12,Governance,Governance - Control 12,Governance - ضابط 12,The organization shall implement governance controls to ensure compliance with Central Bank Cybersecurity Risk Standards requirements.,يجب على المنظمة تطبيق ضوابط Governance لضمان الامتثال لمتطلبات معايير مخاطر الأمن السيبراني للمصرف المركزي,preventive,3,medium,True,POLICY|PROCEDURE|STANDARD|CONFIG|TRAINING_RECORD,active
361,ARE,UAE-CBR-CYB,2.0,2.12,Risk Management,Risk Management - Control 12,Risk Management - ضابط 12,The organization shall implement risk management controls to ensure compliance with Central Bank Cybersecurity Risk Standards requirements.,يجب على المنظمة تطبيق ضوابط Risk Management لضمان الامتثال لمتطلبات معايير مخاطر الأمن السيبراني للمصرف المركزي,detective,4,low,True,LOG|REPORT|SCAN_REPORT|AUDIT_REPORT|ACCESS_REVIEW,active
362,ARE,UAE-CBR-CYB,2.0,3.12,Identity,Identity - Control 12,Identity - ضابط 12,The organization shall implement identity controls to ensure compliance with Central Bank Cybersecurity Risk Standards requirements.,يجب على المنظمة تطبيق ضوابط Identity لضمان الامتثال لمتطلبات معايير مخاطر الأمن السيبراني للمصرف المركزي,corrective,1,critical,True,INCIDENT_REPORT|MEETING_MINUTES|ATTESTATION|RISK_ASSESSMENT,active
363,ARE,UAE-CBR-CYB,2.0,4.12,Detection,Detection - Control 12,Detection - ضابط 12,The organization shall implement detection controls to ensure compliance with Central Bank Cybersecurity Risk Standards requirements.,يجب على المنظمة تطبيق ضوابط Detection لضمان الامتثال لمتطلبات معايير مخاطر الأمن السيبراني للمصرف المركزي,preventive,2,high,True,POLICY|PROCEDURE|STANDARD|CONFIG|TRAINING_RECORD,active
364,ARE,UAE-CBR-CYB,2.0,5.12,Response,Response - Control 12,Response - ضابط 12,The organization shall implement response controls to ensure compliance with Central Bank Cybersecurity Risk Standards requirements.,يجب على المنظمة تطبيق ضوابط Response لضمان الامتثال لمتطلبات معايير مخاطر الأمن السيبراني للمصرف المركزي,detective,3,medium,True,LOG|REPORT|SCAN_REPORT|AUDIT_REPORT|ACCESS_REVIEW,active
365,ARE,UAE-CBR-CYB,2.0,6.12,Recovery,Recovery - Control 12,Recovery - ضابط 12,The organization shall implement recovery controls to ensure compliance with Central Bank Cybersecurity Risk Standards requirements.,يجب على المنظمة تطبيق ضوابط Recovery لضمان الامتثال لمتطلبات معايير مخاطر الأمن السيبراني للمصرف المركزي,corrective,4,low,True,INCIDENT_REPORT|MEETING_MINUTES|ATTESTATION|RISK_ASSESSMENT,active
366,ARE,UAE-CBR-CYB,2.0,1.13,Governance,Governance - Control 13,Governance - ضابط 13,The organization shall implement governance controls to ensure compliance with Central Bank Cybersecurity Risk Standards requirements.,يجب على المنظمة تطبيق ضوابط Governance لضمان الامتثال لمتطلبات معايير مخاطر الأمن السيبراني للمصرف المركزي,preventive,1,critical,True,POLICY|PROCEDURE|STANDARD|CONFIG|TRAINING_RECORD,active
367,ARE,UAE-CBR-CYB,2.0,2.13,Risk Management,Risk Management - Control 13,Risk Management - ضابط 13,The organization shall implement risk management controls to ensure compliance with Central Bank Cybersecurity Risk Standards requirements.,يجب على المنظمة تطبيق ضوابط Risk Management لضمان الامتثال لمتطلبات معايير مخاطر الأمن السيبراني للمصرف المركزي,detective,2,high,True,LOG|REPORT|SCAN_REPORT|AUDIT_REPORT|ACCESS_REVIEW,active
368,ARE,UAE-CBR-CYB,2.0,3.13,Identity,Identity - Control 13,Identity - ضابط 13,The organization shall implement identity controls to ensure compliance with Central Bank Cybersecurity Risk Standards requirements.,يجب على المنظمة تطبيق ضوابط Identity لضمان الامتثال لمتطلبات معايير مخاطر الأمن السيبراني للمصرف المركزي,corrective,3,medium,True,INCIDENT_REPORT|MEETING_MINUTES|ATTESTATION|RISK_ASSESSMENT,active
369,ARE,UAE-CBR-CYB,2.0,4.13,Detection,Detection - Control 13,Detection - ضابط 13,The organization shall implement detection controls to ensure compliance with Central Bank Cybersecurity Risk Standards requirements.,يجب على المنظمة تطبيق ضوابط Detection لضمان الامتثال لمتطلبات معايير مخاطر الأمن السيبراني للمصرف المركزي,preventive,4,low,True,POLICY|PROCEDURE|STANDARD|CONFIG|TRAINING_RECORD,active
370,ARE,UAE-CBR-CYB,2.0,5.13,Response,Response - Control 13,Response - ضابط 13,The organization shall implement response controls to ensure compliance with Central Bank Cybersecurity Risk Standards requirements.,يجب على المنظمة تطبيق ضوابط Response لضمان الامتثال لمتطلبات معايير مخاطر الأمن السيبراني للمصرف المركزي,detective,1,critical,True,LOG|REPORT|SCAN_REPORT|AUDIT_REPORT|ACCESS_REVIEW,active
371,ARE,UAE-CBR-CYB,2.0,6.13,Recovery,Recovery - Control 13,Recovery - ضابط 13,The organization shall implement recovery controls to ensure compliance with Central Bank Cybersecurity Risk Standards requirements.,يجب على المنظمة تطبيق ضوابط Recovery لضمان الامتثال لمتطلبات معايير مخاطر الأمن السيبراني للمصرف المركزي,corrective,2,high,True,INCIDENT_REPORT|MEETING_MINUTES|ATTESTATION|RISK_ASSESSMENT,active
372,ARE,UAE-CBR-CYB,2.0,1.14,Governance,Governance - Control 14,Governance - ضابط 14,The organization shall implement governance controls to ensure compliance with Central Bank Cybersecurity Risk Standards requirements.,يجب على المنظمة تطبيق ضوابط Governance لضمان الامتثال لمتطلبات معايير مخاطر الأمن السيبراني للمصرف المركزي,preventive,3,medium,True,POLICY|PROCEDURE|STANDARD|CONFIG|TRAINING_RECORD,active
373,ARE,UAE-CBR-CYB,2.0,2.14,Risk Management,Risk Management - Control 14,Risk Management - ضابط 14,The organization shall implement risk management controls to ensure compliance with Central Bank Cybersecurity Risk Standards requirements.,يجب على المنظمة تطبيق ضوابط Risk Management لضمان الامتثال لمتطلبات معايير مخاطر الأمن السيبراني للمصرف المركزي,detective,4,low,True,LOG|REPORT|SCAN_REPORT|AUDIT_REPORT|ACCESS_REVIEW,active
374,ARE,UAE-CBR-CYB,2.0,3.14,Identity,Identity - Control 14,Identity - ضابط 14,The organization shall implement identity controls to ensure compliance with Central Bank Cybersecurity Risk Standards requirements.,يجب على المنظمة تطبيق ضوابط Identity لضمان الامتثال لمتطلبات معايير مخاطر الأمن السيبراني للمصرف المركزي,corrective,1,critical,True,INCIDENT_REPORT|MEETING_MINUTES|ATTESTATION|RISK_ASSESSMENT,active
375,ARE,UAE-CBR-CYB,2.0,4.14,Detection,Detection - Control 14,Detection - ضابط 14,The organization shall implement detection controls to ensure compliance with Central Bank Cybersecurity Risk Standards requirements.,يجب على المنظمة تطبيق ضوابط Detection لضمان الامتثال لمتطلبات معايير مخاطر الأمن السيبراني للمصرف المركزي,preventive,2,high,True,POLICY|PROCEDURE|STANDARD|CONFIG|TRAINING_RECORD,active
376,ARE,UAE-CBR-CYB,2.0,5.14,Response,Response - Control 14,Response - ضابط 14,The organization shall implement response controls to ensure compliance with Central Bank Cybersecurity Risk Standards requirements.,يجب على المنظمة تطبيق ضوابط Response لضمان الامتثال لمتطلبات معايير مخاطر الأمن السيبراني للمصرف المركزي,detective,3,medium,True,LOG|REPORT|SCAN_REPORT|AUDIT_REPORT|ACCESS_REVIEW,active
377,ARE,UAE-CBR-CYB,2.0,6.14,Recovery,Recovery - Control 14,Recovery - ضابط 14,The organization shall implement recovery controls to ensure compliance with Central Bank Cybersecurity Risk Standards requirements.,يجب على المنظمة تطبيق ضوابط Recovery لضمان الامتثال لمتطلبات معايير مخاطر الأمن السيبراني للمصرف المركزي,corrective,4,low,True,INCIDENT_REPORT|MEETING_MINUTES|ATTESTATION|RISK_ASSESSMENT,active
378,ARE,UAE-CBR-CYB,2.0,1.15,Governance,Governance - Control 15,Governance - ضابط 15,The organization shall implement governance controls to ensure compliance with Central Bank Cybersecurity Risk Standards requirements.,يجب على المنظمة تطبيق ضوابط Governance لضمان الامتثال لمتطلبات معايير مخاطر الأمن السيبراني للمصرف المركزي,preventive,1,critical,True,POLICY|PROCEDURE|STANDARD|CONFIG|TRAINING_RECORD,active
379,ARE,UAE-CBR-CYB,2.0,2.15,Risk Management,Risk Management - Control 15,Risk Management - ضابط 15,The organization shall implement risk management controls to ensure compliance with Central Bank Cybersecurity Risk Standards requirements.,يجب على المنظمة تطبيق ضوابط Risk Management لضمان الامتثال لمتطلبات معايير مخاطر الأمن السيبراني للمصرف المركزي,detective,2,high,True,LOG|REPORT|SCAN_REPORT|AUDIT_REPORT|ACCESS_REVIEW,active
380,ARE,UAE-CBR-CYB,2.0,3.15,Identity,Identity - Control 15,Identity - ضابط 15,The organization shall implement identity controls to ensure compliance with Central Bank Cybersecurity Risk Standards requirements.,يجب على المنظمة تطبيق ضوابط Identity لضمان الامتثال لمتطلبات معايير مخاطر الأمن السيبراني للمصرف المركزي,corrective,3,medium,True,INCIDENT_REPORT|MEETING_MINUTES|ATTESTATION|RISK_ASSESSMENT,active
381,ARE,UAE-CBR-CYB,2.0,4.15,Detection,Detection - Control 15,Detection - ضابط 15,The organization shall implement detection controls to ensure compliance with Central Bank Cybersecurity Risk Standards requirements.,يجب على المنظمة تطبيق ضوابط Detection لضمان الامتثال لمتطلبات معايير مخاطر الأمن السيبراني للمصرف المركزي,preventive,4,low,True,POLICY|PROCEDURE|STANDARD|CONFIG|TRAINING_RECORD,active
382,ARE,UAE-CBR-CYB,2.0,5.15,Response,Response - Control 15,Response - ضابط 15,The organization shall implement response controls to ensure compliance with Central Bank Cybersecurity Risk Standards requirements.,يجب على المنظمة تطبيق ضوابط Response لضمان الامتثال لمتطلبات معايير مخاطر الأمن السيبراني للمصرف المركزي,detective,1,critical,True,LOG|REPORT|SCAN_REPORT|AUDIT_REPORT|ACCESS_REVIEW,active
383,ARE,UAE-CBR-CYB,2.0,6.15,Recovery,Recovery - Control 15,Recovery - ضابط 15,The organization shall implement recovery controls to ensure compliance with Central Bank Cybersecurity Risk Standards requirements.,يجب على المنظمة تطبيق ضوابط Recovery لضمان الامتثال لمتطلبات معايير مخاطر الأمن السيبراني للمصرف المركزي,corrective,2,high,True,INCIDENT_REPORT|MEETING_MINUTES|ATTESTATION|RISK_ASSESSMENT,active
384,ARE,UAE-CBR-CYB,2.0,1.16,Governance,Governance - Control 16,Governance - ضابط 16,The organization shall implement governance controls to ensure compliance with Central Bank Cybersecurity Risk Standards requirements.,يجب على المنظمة تطبيق ضوابط Governance لضمان الامتثال لمتطلبات معايير مخاطر الأمن السيبراني للمصرف المركزي,preventive,3,medium,True,POLICY|PROCEDURE|STANDARD|CONFIG|TRAINING_RECORD,active
385,ARE,UAE-CBR-CYB,2.0,2.16,Risk Management,Risk Management - Control 16,Risk Management - ضابط 16,The organization shall implement risk management controls to ensure compliance with Central Bank Cybersecurity Risk Standards requirements.,يجب على المنظمة تطبيق ضوابط Risk Management لضمان الامتثال لمتطلبات معايير مخاطر الأمن السيبراني للمصرف المركزي,detective,4,low,True,LOG|REPORT|SCAN_REPORT|AUDIT_REPORT|ACCESS_REVIEW,active
386,ARE,UAE-CBR-CYB,2.0,3.16,Identity,Identity - Control 16,Identity - ضابط 16,The organization shall implement identity controls to ensure compliance with Central Bank Cybersecurity Risk Standards requirements.,يجب على المنظمة تطبيق ضوابط Identity لضمان الامتثال لمتطلبات معايير مخاطر الأمن السيبراني للمصرف المركزي,corrective,1,critical,True,INCIDENT_REPORT|MEETING_MINUTES|ATTESTATION|RISK_ASSESSMENT,active
387,ARE,UAE-CBR-CYB,2.0,4.16,Detection,Detection - Control 16,Detection - ضابط 16,The organization shall implement detection controls to ensure compliance with Central Bank Cybersecurity Risk Standards requirements.,يجب على المنظمة تطبيق ضوابط Detection لضمان الامتثال لمتطلبات معايير مخاطر الأمن السيبراني للمصرف المركزي,preventive,2,high,True,POLICY|PROCEDURE|STANDARD|CONFIG|TRAINING_RECORD,active
388,ARE,UAE-CBR-CYB,2.0,5.16,Response,Response - Control 16,Response - ضابط 16,The organization shall implement response controls to ensure compliance with Central Bank Cybersecurity Risk Standards requirements.,يجب على المنظمة تطبيق ضوابط Response لضمان الامتثال لمتطلبات معايير مخاطر الأمن السيبراني للمصرف المركزي,detective,3,medium,True,LOG|REPORT|SCAN_REPORT|AUDIT_REPORT|ACCESS_REVIEW,active
389,ARE,UAE-CBR-AML,3.0,1.1,CDD,CDD - Control 1,CDD - ضابط 1,The organization shall implement cdd controls to ensure compliance with AML/CFT Standards requirements.,يجب على المنظمة تطبيق ضوابط CDD لضمان الامتثال لمتطلبات معايير مكافحة غسل الأموال,preventive,1,critical,True,POLICY|PROCEDURE|STANDARD|CONFIG|TRAINING_RECORD,active
390,ARE,UAE-CBR-AML,3.0,2.1,Transaction Monitoring,Transaction Monitoring - Control 1,Transaction Monitoring - ضابط 1,The organization shall implement transaction monitoring controls to ensure compliance with AML/CFT Standards requirements.,يجب على المنظمة تطبيق ضوابط Transaction Monitoring لضمان الامتثال لمتطلبات معايير مكافحة غسل الأموال,detective,2,high,True,LOG|REPORT|SCAN_REPORT|AUDIT_REPORT|ACCESS_REVIEW,active
391,ARE,UAE-CBR-AML,3.0,3.1,Reporting,Reporting - Control 1,Reporting - ضابط 1,The organization shall implement reporting controls to ensure compliance with AML/CFT Standards requirements.,يجب على المنظمة تطبيق ضوابط Reporting لضمان الامتثال لمتطلبات معايير مكافحة غسل الأموال,corrective,3,medium,True,INCIDENT_REPORT|MEETING_MINUTES|ATTESTATION|RISK_ASSESSMENT,active
392,ARE,UAE-CBR-AML,3.0,4.1,Sanctions,Sanctions - Control 1,Sanctions - ضابط 1,The organization shall implement sanctions controls to ensure compliance with AML/CFT Standards requirements.,يجب على المنظمة تطبيق ضوابط Sanctions لضمان الامتثال لمتطلبات معايير مكافحة غسل الأموال,preventive,4,low,True,POLICY|PROCEDURE|STANDARD|CONFIG|TRAINING_RECORD,active
393,ARE,UAE-CBR-AML,3.0,5.1,Training,Training - Control 1,Training - ضابط 1,The organization shall implement training controls to ensure compliance with AML/CFT Standards requirements.,يجب على المنظمة تطبيق ضوابط Training لضمان الامتثال لمتطلبات معايير مكافحة غسل الأموال,detective,1,critical,True,LOG|REPORT|SCAN_REPORT|AUDIT_REPORT|ACCESS_REVIEW,active
394,ARE,UAE-CBR-AML,3.0,6.1,Governance,Governance - Control 1,Governance - ضابط 1,The organization shall implement governance controls to ensure compliance with AML/CFT Standards requirements.,يجب على المنظمة تطبيق ضوابط Governance لضمان الامتثال لمتطلبات معايير مكافحة غسل الأموال,corrective,2,high,True,INCIDENT_REPORT|MEETING_MINUTES|ATTESTATION|RISK_ASSESSMENT,active
395,ARE,UAE-CBR-AML,3.0,1.2,CDD,CDD - Control 2,CDD - ضابط 2,The organization shall implement cdd controls to ensure compliance with AML/CFT Standards requirements.,يجب على المنظمة تطبيق ضوابط CDD لضمان الامتثال لمتطلبات معايير مكافحة غسل الأموال,preventive,3,medium,True,POLICY|PROCEDURE|STANDARD|CONFIG|TRAINING_RECORD,active
396,ARE,UAE-CBR-AML,3.0,2.2,Transaction Monitoring,Transaction Monitoring - Control 2,Transaction Monitoring - ضابط 2,The organization shall implement transaction monitoring controls to ensure compliance with AML/CFT Standards requirements.,يجب على المنظمة تطبيق ضوابط Transaction Monitoring لضمان الامتثال لمتطلبات معايير مكافحة غسل الأموال,detective,4,low,True,LOG|REPORT|SCAN_REPORT|AUDIT_REPORT|ACCESS_REVIEW,active
397,ARE,UAE-CBR-AML,3.0,3.2,Reporting,Reporting - Control 2,Reporting - ضابط 2,The organization shall implement reporting controls to ensure compliance with AML/CFT Standards requirements.,يجب على المنظمة تطبيق ضوابط Reporting لضمان الامتثال لمتطلبات معايير مكافحة غسل الأموال,corrective,1,critical,True,INCIDENT_REPORT|MEETING_MINUTES|ATTESTATION|RISK_ASSESSMENT,active
398,ARE,UAE-CBR-AML,3.0,4.2,Sanctions,Sanctions - Control 2,Sanctions - ضابط 2,The organization shall implement sanctions controls to ensure compliance with AML/CFT Standards requirements.,يجب على المنظمة تطبيق ضوابط Sanctions لضمان الامتثال لمتطلبات معايير مكافحة غسل الأموال,preventive,2,high,True,POLICY|PROCEDURE|STANDARD|CONFIG|TRAINING_RECORD,active
399,ARE,UAE-CBR-AML,3.0,5.2,Training,Training - Control 2,Training - ضابط 2,The organization shall implement training controls to ensure compliance with AML/CFT Standards requirements.,يجب على المنظمة تطبيق ضوابط Training لضمان الامتثال لمتطلبات معايير مكافحة غسل الأموال,detective,3,medium,True,LOG|REPORT|SCAN_REPORT|AUDIT_REPORT|ACCESS_REVIEW,active
400,ARE,UAE-CBR-AML,3.0,6.2,Governance,Governance - Control 2,Governance - ضابط 2,The organization shall implement governance controls to ensure compliance with AML/CFT Standards requirements.,يجب على المنظمة تطبيق ضوابط Governance لضمان الامتثال لمتطلبات معايير مكافحة غسل الأموال,corrective,4,low,True,INCIDENT_REPORT|MEETING_MINUTES|ATTESTATION|RISK_ASSESSMENT,active
401,ARE,UAE-CBR-AML,3.0,1.3,CDD,CDD - Control 3,CDD - ضابط 3,The organization shall implement cdd controls to ensure compliance with AML/CFT Standards requirements.,يجب على المنظمة تطبيق ضوابط CDD لضمان الامتثال لمتطلبات معايير مكافحة غسل الأموال,preventive,1,critical,True,POLICY|PROCEDURE|STANDARD|CONFIG|TRAINING_RECORD,active
402,ARE,UAE-CBR-AML,3.0,2.3,Transaction Monitoring,Transaction Monitoring - Control 3,Transaction Monitoring - ضابط 3,The organization shall implement transaction monitoring controls to ensure compliance with AML/CFT Standards requirements.,يجب على المنظمة تطبيق ضوابط Transaction Monitoring لضمان الامتثال لمتطلبات معايير مكافحة غسل الأموال,detective,2,high,True,LOG|REPORT|SCAN_REPORT|AUDIT_REPORT|ACCESS_REVIEW,active
403,ARE,UAE-CBR-AML,3.0,3.3,Reporting,Reporting - Control 3,Reporting - ضابط 3,The organization shall implement reporting controls to ensure compliance with AML/CFT Standards requirements.,يجب على المنظمة تطبيق ضوابط Reporting لضمان الامتثال لمتطلبات معايير مكافحة غسل الأموال,corrective,3,medium,True,INCIDENT_REPORT|MEETING_MINUTES|ATTESTATION|RISK_ASSESSMENT,active
404,ARE,UAE-CBR-AML,3.0,4.3,Sanctions,Sanctions - Control 3,Sanctions - ضابط 3,The organization shall implement sanctions controls to ensure compliance with AML/CFT Standards requirements.,يجب على المنظمة تطبيق ضوابط Sanctions لضمان الامتثال لمتطلبات معايير مكافحة غسل الأموال,preventive,4,low,True,POLICY|PROCEDURE|STANDARD|CONFIG|TRAINING_RECORD,active
405,ARE,UAE-CBR-AML,3.0,5.3,Training,Training - Control 3,Training - ضابط 3,The organization shall implement training controls to ensure compliance with AML/CFT Standards requirements.,يجب على المنظمة تطبيق ضوابط Training لضمان الامتثال لمتطلبات معايير مكافحة غسل الأموال,detective,1,critical,True,LOG|REPORT|SCAN_REPORT|AUDIT_REPORT|ACCESS_REVIEW,active
406,ARE,UAE-CBR-AML,3.0,6.3,Governance,Governance - Control 3,Governance - ضابط 3,The organization shall implement governance controls to ensure compliance with AML/CFT Standards requirements.,يجب على المنظمة تطبيق ضوابط Governance لضمان الامتثال لمتطلبات معايير مكافحة غسل الأموال,corrective,2,high,True,INCIDENT_REPORT|MEETING_MINUTES|ATTESTATION|RISK_ASSESSMENT,active
407,ARE,UAE-CBR-AML,3.0,1.4,CDD,CDD - Control 4,CDD - ضابط 4,The organization shall implement cdd controls to ensure compliance with AML/CFT Standards requirements.,يجب على المنظمة تطبيق ضوابط CDD لضمان الامتثال لمتطلبات معايير مكافحة غسل الأموال,preventive,3,medium,True,POLICY|PROCEDURE|STANDARD|CONFIG|TRAINING_RECORD,active
408,ARE,UAE-CBR-AML,3.0,2.4,Transaction Monitoring,Transaction Monitoring - Control 4,Transaction Monitoring - ضابط 4,The organization shall implement transaction monitoring controls to ensure compliance with AML/CFT Standards requirements.,يجب على المنظمة تطبيق ضوابط Transaction Monitoring لضمان الامتثال لمتطلبات معايير مكافحة غسل الأموال,detective,4,low,True,LOG|REPORT|SCAN_REPORT|AUDIT_REPORT|ACCESS_REVIEW,active
409,ARE,UAE-CBR-AML,3.0,3.4,Reporting,Reporting - Control 4,Reporting - ضابط 4,The organization shall implement reporting controls to ensure compliance with AML/CFT Standards requirements.,يجب على المنظمة تطبيق ضوابط Reporting لضمان الامتثال لمتطلبات معايير مكافحة غسل الأموال,corrective,1,critical,True,INCIDENT_REPORT|MEETING_MINUTES|ATTESTATION|RISK_ASSESSMENT,active
410,ARE,UAE-CBR-AML,3.0,4.4,Sanctions,Sanctions - Control 4,Sanctions - ضابط 4,The organization shall implement sanctions controls to ensure compliance with AML/CFT Standards requirements.,يجب على المنظمة تطبيق ضوابط Sanctions لضمان الامتثال لمتطلبات معايير مكافحة غسل الأموال,preventive,2,high,True,POLICY|PROCEDURE|STANDARD|CONFIG|TRAINING_RECORD,active
411,ARE,UAE-CBR-AML,3.0,5.4,Training,Training - Control 4,Training - ضابط 4,The organization shall implement training controls to ensure compliance with AML/CFT Standards requirements.,يجب على المنظمة تطبيق ضوابط Training لضمان الامتثال لمتطلبات معايير مكافحة غسل الأموال,detective,3,medium,True,LOG|REPORT|SCAN_REPORT|AUDIT_REPORT|ACCESS_REVIEW,active
412,ARE,UAE-CBR-AML,3.0,6.4,Governance,Governance - Control 4,Governance - ضابط 4,The organization shall implement governance controls to ensure compliance with AML/CFT Standards requirements.,يجب على المنظمة تطبيق ضوابط Governance لضمان الامتثال لمتطلبات معايير مكافحة غسل الأموال,corrective,4,low,True,INCIDENT_REPORT|MEETING_MINUTES|ATTESTATION|RISK_ASSESSMENT,active
413,ARE,UAE-CBR-AML,3.0,1.5,CDD,CDD - Control 5,CDD - ضابط 5,The organization shall implement cdd controls to ensure compliance with AML/CFT Standards requirements.,يجب على المنظمة تطبيق ضوابط CDD لضمان الامتثال لمتطلبات معايير مكافحة غسل الأموال,preventive,1,critical,True,POLICY|PROCEDURE|STANDARD|CONFIG|TRAINING_RECORD,active
414,ARE,UAE-CBR-AML,3.0,2.5,Transaction Monitoring,Transaction Monitoring - Control 5,Transaction Monitoring - ضابط 5,The organization shall implement transaction monitoring controls to ensure compliance with AML/CFT Standards requirements.,يجب على المنظمة تطبيق ضوابط Transaction Monitoring لضمان الامتثال لمتطلبات معايير مكافحة غسل الأموال,detective,2,high,True,LOG|REPORT|SCAN_REPORT|AUDIT_REPORT|ACCESS_REVIEW,active
415,ARE,UAE-CBR-AML,3.0,3.5,Reporting,Reporting - Control 5,Reporting - ضابط 5,The organization shall implement reporting controls to ensure compliance with AML/CFT Standards requirements.,يجب على المنظمة تطبيق ضوابط Reporting لضمان الامتثال لمتطلبات معايير مكافحة غسل الأموال,corrective,3,medium,True,INCIDENT_REPORT|MEETING_MINUTES|ATTESTATION|RISK_ASSESSMENT,active
416,ARE,UAE-CBR-AML,3.0,4.5,Sanctions,Sanctions - Control 5,Sanctions - ضابط 5,The organization shall implement sanctions controls to ensure compliance with AML/CFT Standards requirements.,يجب على المنظمة تطبيق ضوابط Sanctions لضمان الامتثال لمتطلبات معايير مكافحة غسل الأموال,preventive,4,low,True,POLICY|PROCEDURE|STANDARD|CONFIG|TRAINING_RECORD,active
417,ARE,UAE-CBR-AML,3.0,5.5,Training,Training - Control 5,Training - ضابط 5,The organization shall implement training controls to ensure compliance with AML/CFT Standards requirements.,يجب على المنظمة تطبيق ضوابط Training لضمان الامتثال لمتطلبات معايير مكافحة غسل الأموال,detective,1,critical,True,LOG|REPORT|SCAN_REPORT|AUDIT_REPORT|ACCESS_REVIEW,active
418,ARE,UAE-CBR-AML,3.0,6.5,Governance,Governance - Control 5,Governance - ضابط 5,The organization shall implement governance controls to ensure compliance with AML/CFT Standards requirements.,يجب على المنظمة تطبيق ضوابط Governance لضمان الامتثال لمتطلبات معايير مكافحة غسل الأموال,corrective,2,high,True,INCIDENT_REPORT|MEETING_MINUTES|ATTESTATION|RISK_ASSESSMENT,active
419,ARE,UAE-CBR-AML,3.0,1.6,CDD,CDD - Control 6,CDD - ضابط 6,The organization shall implement cdd controls to ensure compliance with AML/CFT Standards requirements.,يجب على المنظمة تطبيق ضوابط CDD لضمان الامتثال لمتطلبات معايير مكافحة غسل الأموال,preventive,3,medium,True,POLICY|PROCEDURE|STANDARD|CONFIG|TRAINING_RECORD,active
420,ARE,UAE-CBR-AML,3.0,2.6,Transaction Monitoring,Transaction Monitoring - Control 6,Transaction Monitoring - ضابط 6,The organization shall implement transaction monitoring controls to ensure compliance with AML/CFT Standards requirements.,يجب على المنظمة تطبيق ضوابط Transaction Monitoring لضمان الامتثال لمتطلبات معايير مكافحة غسل الأموال,detective,4,low,True,LOG|REPORT|SCAN_REPORT|AUDIT_REPORT|ACCESS_REVIEW,active
421,ARE,UAE-CBR-AML,3.0,3.6,Reporting,Reporting - Control 6,Reporting - ضابط 6,The organization shall implement reporting controls to ensure compliance with AML/CFT Standards requirements.,يجب على المنظمة تطبيق ضوابط Reporting لضمان الامتثال لمتطلبات معايير مكافحة غسل الأموال,corrective,1,critical,True,INCIDENT_REPORT|MEETING_MINUTES|ATTESTATION|RISK_ASSESSMENT,active
422,ARE,UAE-CBR-AML,3.0,4.6,Sanctions,Sanctions - Control 6,Sanctions - ضابط 6,The organization shall implement sanctions controls to ensure compliance with AML/CFT Standards requirements.,يجب على المنظمة تطبيق ضوابط Sanctions لضمان الامتثال لمتطلبات معايير مكافحة غسل الأموال,preventive,2,high,True,POLICY|PROCEDURE|STANDARD|CONFIG|TRAINING_RECORD,active
423,ARE,UAE-CBR-AML,3.0,5.6,Training,Training - Control 6,Training - ضابط 6,The organization shall implement training controls to ensure compliance with AML/CFT Standards requirements.,يجب على المنظمة تطبيق ضوابط Training لضمان الامتثال لمتطلبات معايير مكافحة غسل الأموال,detective,3,medium,True,LOG|REPORT|SCAN_REPORT|AUDIT_REPORT|ACCESS_REVIEW,active
424,ARE,UAE-CBR-AML,3.0,6.6,Governance,Governance - Control 6,Governance - ضابط 6,The organization shall implement governance controls to ensure compliance with AML/CFT Standards requirements.,يجب على المنظمة تطبيق ضوابط Governance لضمان الامتثال لمتطلبات معايير مكافحة غسل الأموال,corrective,4,low,True,INCIDENT_REPORT|MEETING_MINUTES|ATTESTATION|RISK_ASSESSMENT,active
425,ARE,UAE-CBR-AML,3.0,1.7,CDD,CDD - Control 7,CDD - ضابط 7,The organization shall implement cdd controls to ensure compliance with AML/CFT Standards requirements.,يجب على المنظمة تطبيق ضوابط CDD لضمان الامتثال لمتطلبات معايير مكافحة غسل الأموال,preventive,1,critical,True,POLICY|PROCEDURE|STANDARD|CONFIG|TRAINING_RECORD,active
426,ARE,UAE-CBR-AML,3.0,2.7,Transaction Monitoring,Transaction Monitoring - Control 7,Transaction Monitoring - ضابط 7,The organization shall implement transaction monitoring controls to ensure compliance with AML/CFT Standards requirements.,يجب على المنظمة تطبيق ضوابط Transaction Monitoring لضمان الامتثال لمتطلبات معايير مكافحة غسل الأموال,detective,2,high,True,LOG|REPORT|SCAN_REPORT|AUDIT_REPORT|ACCESS_REVIEW,active
427,ARE,UAE-CBR-AML,3.0,3.7,Reporting,Reporting - Control 7,Reporting - ضابط 7,The organization shall implement reporting controls to ensure compliance with AML/CFT Standards requirements.,يجب على المنظمة تطبيق ضوابط Reporting لضمان الامتثال لمتطلبات معايير مكافحة غسل الأموال,corrective,3,medium,True,INCIDENT_REPORT|MEETING_MINUTES|ATTESTATION|RISK_ASSESSMENT,active
428,ARE,UAE-CBR-AML,3.0,4.7,Sanctions,Sanctions - Control 7,Sanctions - ضابط 7,The organization shall implement sanctions controls to ensure compliance with AML/CFT Standards requirements.,يجب على المنظمة تطبيق ضوابط Sanctions لضمان الامتثال لمتطلبات معايير مكافحة غسل الأموال,preventive,4,low,True,POLICY|PROCEDURE|STANDARD|CONFIG|TRAINING_RECORD,active
429,ARE,UAE-CBR-AML,3.0,5.7,Training,Training - Control 7,Training - ضابط 7,The organization shall implement training controls to ensure compliance with AML/CFT Standards requirements.,يجب على المنظمة تطبيق ضوابط Training لضمان الامتثال لمتطلبات معايير مكافحة غسل الأموال,detective,1,critical,True,LOG|REPORT|SCAN_REPORT|AUDIT_REPORT|ACCESS_REVIEW,active
430,ARE,UAE-CBR-AML,3.0,6.7,Governance,Governance - Control 7,Governance - ضابط 7,The organization shall implement governance controls to ensure compliance with AML/CFT Standards requirements.,يجب على المنظمة تطبيق ضوابط Governance لضمان الامتثال لمتطلبات معايير مكافحة غسل الأموال,corrective,2,high,True,INCIDENT_REPORT|MEETING_MINUTES|ATTESTATION|RISK_ASSESSMENT,active
431,ARE,UAE-CBR-AML,3.0,1.8,CDD,CDD - Control 8,CDD - ضابط 8,The organization shall implement cdd controls to ensure compliance with AML/CFT Standards requirements.,يجب على المنظمة تطبيق ضوابط CDD لضمان الامتثال لمتطلبات معايير مكافحة غسل الأموال,preventive,3,medium,True,POLICY|PROCEDURE|STANDARD|CONFIG|TRAINING_RECORD,active
432,ARE,UAE-CBR-AML,3.0,2.8,Transaction Monitoring,Transaction Monitoring - Control 8,Transaction Monitoring - ضابط 8,The organization shall implement transaction monitoring controls to ensure compliance with AML/CFT Standards requirements.,يجب على المنظمة تطبيق ضوابط Transaction Monitoring لضمان الامتثال لمتطلبات معايير مكافحة غسل الأموال,detective,4,low,True,LOG|REPORT|SCAN_REPORT|AUDIT_REPORT|ACCESS_REVIEW,active
433,ARE,UAE-CBR-AML,3.0,3.8,Reporting,Reporting - Control 8,Reporting - ضابط 8,The organization shall implement reporting controls to ensure compliance with AML/CFT Standards requirements.,يجب على المنظمة تطبيق ضوابط Reporting لضمان الامتثال لمتطلبات معايير مكافحة غسل الأموال,corrective,1,critical,True,INCIDENT_REPORT|MEETING_MINUTES|ATTESTATION|RISK_ASSESSMENT,active
434,ARE,UAE-CBR-AML,3.0,4.8,Sanctions,Sanctions - Control 8,Sanctions - ضابط 8,The organization shall implement sanctions controls to ensure compliance with AML/CFT Standards requirements.,يجب على المنظمة تطبيق ضوابط Sanctions لضمان الامتثال لمتطلبات معايير مكافحة غسل الأموال,preventive,2,high,True,POLICY|PROCEDURE|STANDARD|CONFIG|TRAINING_RECORD,active
435,ARE,UAE-CBR-AML,3.0,5.8,Training,Training - Control 8,Training - ضابط 8,The organization shall implement training controls to ensure compliance with AML/CFT Standards requirements.,يجب على المنظمة تطبيق ضوابط Training لضمان الامتثال لمتطلبات معايير مكافحة غسل الأموال,detective,3,medium,True,LOG|REPORT|SCAN_REPORT|AUDIT_REPORT|ACCESS_REVIEW,active
436,ARE,UAE-CBR-AML,3.0,6.8,Governance,Governance - Control 8,Governance - ضابط 8,The organization shall implement governance controls to ensure compliance with AML/CFT Standards requirements.,يجب على المنظمة تطبيق ضوابط Governance لضمان الامتثال لمتطلبات معايير مكافحة غسل الأموال,corrective,4,low,True,INCIDENT_REPORT|MEETING_MINUTES|ATTESTATION|RISK_ASSESSMENT,active
437,ARE,UAE-CBR-AML,3.0,1.9,CDD,CDD - Control 9,CDD - ضابط 9,The organization shall implement cdd controls to ensure compliance with AML/CFT Standards requirements.,يجب على المنظمة تطبيق ضوابط CDD لضمان الامتثال لمتطلبات معايير مكافحة غسل الأموال,preventive,1,critical,True,POLICY|PROCEDURE|STANDARD|CONFIG|TRAINING_RECORD,active
438,ARE,UAE-CBR-AML,3.0,2.9,Transaction Monitoring,Transaction Monitoring - Control 9,Transaction Monitoring - ضابط 9,The organization shall implement transaction monitoring controls to ensure compliance with AML/CFT Standards requirements.,يجب على المنظمة تطبيق ضوابط Transaction Monitoring لضمان الامتثال لمتطلبات معايير مكافحة غسل الأموال,detective,2,high,True,LOG|REPORT|SCAN_REPORT|AUDIT_REPORT|ACCESS_REVIEW,active
439,ARE,UAE-CBR-AML,3.0,3.9,Reporting,Reporting - Control 9,Reporting - ضابط 9,The organization shall implement reporting controls to ensure compliance with AML/CFT Standards requirements.,يجب على المنظمة تطبيق ضوابط Reporting لضمان الامتثال لمتطلبات معايير مكافحة غسل الأموال,corrective,3,medium,True,INCIDENT_REPORT|MEETING_MINUTES|ATTESTATION|RISK_ASSESSMENT,active
440,ARE,UAE-CBR-AML,3.0,4.9,Sanctions,Sanctions - Control 9,Sanctions - ضابط 9,The organization shall implement sanctions controls to ensure compliance with AML/CFT Standards requirements.,يجب على المنظمة تطبيق ضوابط Sanctions لضمان الامتثال لمتطلبات معايير مكافحة غسل الأموال,preventive,4,low,True,POLICY|PROCEDURE|STANDARD|CONFIG|TRAINING_RECORD,active
441,ARE,UAE-CBR-AML,3.0,5.9,Training,Training - Control 9,Training - ضابط 9,The organization shall implement training controls to ensure compliance with AML/CFT Standards requirements.,يجب على المنظمة تطبيق ضوابط Training لضمان الامتثال لمتطلبات معايير مكافحة غسل الأموال,detective,1,critical,True,LOG|REPORT|SCAN_REPORT|AUDIT_REPORT|ACCESS_REVIEW,active
442,ARE,UAE-CBR-AML,3.0,6.9,Governance,Governance - Control 9,Governance - ضابط 9,The organization shall implement governance controls to ensure compliance with AML/CFT Standards requirements.,يجب على المنظمة تطبيق ضوابط Governance لضمان الامتثال لمتطلبات معايير مكافحة غسل الأموال,corrective,2,high,True,INCIDENT_REPORT|MEETING_MINUTES|ATTESTATION|RISK_ASSESSMENT,active
443,ARE,UAE-CBR-AML,3.0,1.10,CDD,CDD - Control 10,CDD - ضابط 10,The organization shall implement cdd controls to ensure compliance with AML/CFT Standards requirements.,يجب على المنظمة تطبيق ضوابط CDD لضمان الامتثال لمتطلبات معايير مكافحة غسل الأموال,preventive,3,medium,True,POLICY|PROCEDURE|STANDARD|CONFIG|TRAINING_RECORD,active
444,ARE,UAE-CBR-AML,3.0,2.10,Transaction Monitoring,Transaction Monitoring - Control 10,Transaction Monitoring - ضابط 10,The organization shall implement transaction monitoring controls to ensure compliance with AML/CFT Standards requirements.,يجب على المنظمة تطبيق ضوابط Transaction Monitoring لضمان الامتثال لمتطلبات معايير مكافحة غسل الأموال,detective,4,low,True,LOG|REPORT|SCAN_REPORT|AUDIT_REPORT|ACCESS_REVIEW,active
445,ARE,UAE-CBR-AML,3.0,3.10,Reporting,Reporting - Control 10,Reporting - ضابط 10,The organization shall implement reporting controls to ensure compliance with AML/CFT Standards requirements.,يجب على المنظمة تطبيق ضوابط Reporting لضمان الامتثال لمتطلبات معايير مكافحة غسل الأموال,corrective,1,critical,True,INCIDENT_REPORT|MEETING_MINUTES|ATTESTATION|RISK_ASSESSMENT,active
446,ARE,UAE-CBR-AML,3.0,4.10,Sanctions,Sanctions - Control 10,Sanctions - ضابط 10,The organization shall implement sanctions controls to ensure compliance with AML/CFT Standards requirements.,يجب على المنظمة تطبيق ضوابط Sanctions لضمان الامتثال لمتطلبات معايير مكافحة غسل الأموال,preventive,2,high,True,POLICY|PROCEDURE|STANDARD|CONFIG|TRAINING_RECORD,active
447,ARE,UAE-CBR-AML,3.0,5.10,Training,Training - Control 10,Training - ضابط 10,The organization shall implement training controls to ensure compliance with AML/CFT Standards requirements.,يجب على المنظمة تطبيق ضوابط Training لضمان الامتثال لمتطلبات معايير مكافحة غسل الأموال,detective,3,medium,True,LOG|REPORT|SCAN_REPORT|AUDIT_REPORT|ACCESS_REVIEW,active
448,ARE,UAE-CBR-AML,3.0,6.10,Governance,Governance - Control 10,Governance - ضابط 10,The organization shall implement governance controls to ensure compliance with AML/CFT Standards requirements.,يجب على المنظمة تطبيق ضوابط Governance لضمان الامتثال لمتطلبات معايير مكافحة غسل الأموال,corrective,4,low,True,INCIDENT_REPORT|MEETING_MINUTES|ATTESTATION|RISK_ASSESSMENT,active
449,ARE,UAE-CBR-AML,3.0,1.11,CDD,CDD - Control 11,CDD - ضابط 11,The organization shall implement cdd controls to ensure compliance with AML/CFT Standards requirements.,يجب على المنظمة تطبيق ضوابط CDD لضمان الامتثال لمتطلبات معايير مكافحة غسل الأموال,preventive,1,critical,True,POLICY|PROCEDURE|STANDARD|CONFIG|TRAINING_RECORD,active
450,ARE,UAE-CBR-AML,3.0,2.11,Transaction Monitoring,Transaction Monitoring - Control 11,Transaction Monitoring - ضابط 11,The organization shall implement transaction monitoring controls to ensure compliance with AML/CFT Standards requirements.,يجب على المنظمة تطبيق ضوابط Transaction Monitoring لضمان الامتثال لمتطلبات معايير مكافحة غسل الأموال,detective,2,high,True,LOG|REPORT|SCAN_REPORT|AUDIT_REPORT|ACCESS_REVIEW,active
451,ARE,UAE-CBR-AML,3.0,3.11,Reporting,Reporting - Control 11,Reporting - ضابط 11,The organization shall implement reporting controls to ensure compliance with AML/CFT Standards requirements.,يجب على المنظمة تطبيق ضوابط Reporting لضمان الامتثال لمتطلبات معايير مكافحة غسل الأموال,corrective,3,medium,True,INCIDENT_REPORT|MEETING_MINUTES|ATTESTATION|RISK_ASSESSMENT,active
452,ARE,UAE-CBR-AML,3.0,4.11,Sanctions,Sanctions - Control 11,Sanctions - ضابط 11,The organization shall implement sanctions controls to ensure compliance with AML/CFT Standards requirements.,يجب على المنظمة تطبيق ضوابط Sanctions لضمان الامتثال لمتطلبات معايير مكافحة غسل الأموال,preventive,4,low,True,POLICY|PROCEDURE|STANDARD|CONFIG|TRAINING_RECORD,active
453,ARE,UAE-CBR-AML,3.0,5.11,Training,Training - Control 11,Training - ضابط 11,The organization shall implement training controls to ensure compliance with AML/CFT Standards requirements.,يجب على المنظمة تطبيق ضوابط Training لضمان الامتثال لمتطلبات معايير مكافحة غسل الأموال,detective,1,critical,True,LOG|REPORT|SCAN_REPORT|AUDIT_REPORT|ACCESS_REVIEW,active
454,ARE,UAE-CBR-AML,3.0,6.11,Governance,Governance - Control 11,Governance - ضابط 11,The organization shall implement governance controls to ensure compliance with AML/CFT Standards requirements.,يجب على المنظمة تطبيق ضوابط Governance لضمان الامتثال لمتطلبات معايير مكافحة غسل الأموال,corrective,2,high,True,INCIDENT_REPORT|MEETING_MINUTES|ATTESTATION|RISK_ASSESSMENT,active
455,ARE,UAE-CBR-AML,3.0,1.12,CDD,CDD - Control 12,CDD - ضابط 12,The organization shall implement cdd controls to ensure compliance with AML/CFT Standards requirements.,يجب على المنظمة تطبيق ضوابط CDD لضمان الامتثال لمتطلبات معايير مكافحة غسل الأموال,preventive,3,medium,True,POLICY|PROCEDURE|STANDARD|CONFIG|TRAINING_RECORD,active
456,ARE,UAE-CBR-AML,3.0,2.12,Transaction Monitoring,Transaction Monitoring - Control 12,Transaction Monitoring - ضابط 12,The organization shall implement transaction monitoring controls to ensure compliance with AML/CFT Standards requirements.,يجب على المنظمة تطبيق ضوابط Transaction Monitoring لضمان الامتثال لمتطلبات معايير مكافحة غسل الأموال,detective,4,low,True,LOG|REPORT|SCAN_REPORT|AUDIT_REPORT|ACCESS_REVIEW,active
457,ARE,UAE-CBR-AML,3.0,3.12,Reporting,Reporting - Control 12,Reporting - ضابط 12,The organization shall implement reporting controls to ensure compliance with AML/CFT Standards requirements.,يجب على المنظمة تطبيق ضوابط Reporting لضمان الامتثال لمتطلبات معايير مكافحة غسل الأموال,corrective,1,critical,True,INCIDENT_REPORT|MEETING_MINUTES|ATTESTATION|RISK_ASSESSMENT,active
458,ARE,UAE-CBR-AML,3.0,4.12,Sanctions,Sanctions - Control 12,Sanctions - ضابط 12,The organization shall implement sanctions controls to ensure compliance with AML/CFT Standards requirements.,يجب على المنظمة تطبيق ضوابط Sanctions لضمان الامتثال لمتطلبات معايير مكافحة غسل الأموال,preventive,2,high,True,POLICY|PROCEDURE|STANDARD|CONFIG|TRAINING_RECORD,active
459,ARE,UAE-CBR-AML,3.0,5.12,Training,Training - Control 12,Training - ضابط 12,The organization shall implement training controls to ensure compliance with AML/CFT Standards requirements.,يجب على المنظمة تطبيق ضوابط Training لضمان الامتثال لمتطلبات معايير مكافحة غسل الأموال,detective,3,medium,True,LOG|REPORT|SCAN_REPORT|AUDIT_REPORT|ACCESS_REVIEW,active
460,ARE,UAE-CBR-AML,3.0,6.12,Governance,Governance - Control 12,Governance - ضابط 12,The organization shall implement governance controls to ensure compliance with AML/CFT Standards requirements.,يجب على المنظمة تطبيق ضوابط Governance لضمان الامتثال لمتطلبات معايير مكافحة غسل الأموال,corrective,4,low,True,INCIDENT_REPORT|MEETING_MINUTES|ATTESTATION|RISK_ASSESSMENT,active
461,ARE,UAE-CBR-AML,3.0,1.13,CDD,CDD - Control 13,CDD - ضابط 13,The organization shall implement cdd controls to ensure compliance with AML/CFT Standards requirements.,يجب على المنظمة تطبيق ضوابط CDD لضمان الامتثال لمتطلبات معايير مكافحة غسل الأموال,preventive,1,critical,True,POLICY|PROCEDURE|STANDARD|CONFIG|TRAINING_RECORD,active
462,ARE,UAE-CBR-AML,3.0,2.13,Transaction Monitoring,Transaction Monitoring - Control 13,Transaction Monitoring - ضابط 13,The organization shall implement transaction monitoring controls to ensure compliance with AML/CFT Standards requirements.,يجب على المنظمة تطبيق ضوابط Transaction Monitoring لضمان الامتثال لمتطلبات معايير مكافحة غسل الأموال,detective,2,high,True,LOG|REPORT|SCAN_REPORT|AUDIT_REPORT|ACCESS_REVIEW,active
463,ARE,UAE-CBR-AML,3.0,3.13,Reporting,Reporting - Control 13,Reporting - ضابط 13,The organization shall implement reporting controls to ensure compliance with AML/CFT Standards requirements.,يجب على المنظمة تطبيق ضوابط Reporting لضمان الامتثال لمتطلبات معايير مكافحة غسل الأموال,corrective,3,medium,True,INCIDENT_REPORT|MEETING_MINUTES|ATTESTATION|RISK_ASSESSMENT,active
464,ARE,UAE-CBR-AML,3.0,4.13,Sanctions,Sanctions - Control 13,Sanctions - ضابط 13,The organization shall implement sanctions controls to ensure compliance with AML/CFT Standards requirements.,يجب على المنظمة تطبيق ضوابط Sanctions لضمان الامتثال لمتطلبات معايير مكافحة غسل الأموال,preventive,4,low,True,POLICY|PROCEDURE|STANDARD|CONFIG|TRAINING_RECORD,active
465,ARE,UAE-CBR-AML,3.0,5.13,Training,Training - Control 13,Training - ضابط 13,The organization shall implement training controls to ensure compliance with AML/CFT Standards requirements.,يجب على المنظمة تطبيق ضوابط Training لضمان الامتثال لمتطلبات معايير مكافحة غسل الأموال,detective,1,critical,True,LOG|REPORT|SCAN_REPORT|AUDIT_REPORT|ACCESS_REVIEW,active
466,ARE,UAE-CBR-AML,3.0,6.13,Governance,Governance - Control 13,Governance - ضابط 13,The organization shall implement governance controls to ensure compliance with AML/CFT Standards requirements.,يجب على المنظمة تطبيق ضوابط Governance لضمان الامتثال لمتطلبات معايير مكافحة غسل الأموال,corrective,2,high,True,INCIDENT_REPORT|MEETING_MINUTES|ATTESTATION|RISK_ASSESSMENT,active
467,ARE,UAE-VAT,2018,1.1,Registration,Registration - Control 1,Registration - ضابط 1,The organization shall implement registration controls to ensure compliance with VAT Regulations requirements.,يجب على المنظمة تطبيق ضوابط Registration لضمان الامتثال لمتطلبات لوائح ضريبة القيمة المضافة,preventive,1,critical,True,POLICY|PROCEDURE|STANDARD|CONFIG|TRAINING_RECORD,active
468,ARE,UAE-VAT,2018,2.1,Filing,Filing - Control 1,Filing - ضابط 1,The organization shall implement filing controls to ensure compliance with VAT Regulations requirements.,يجب على المنظمة تطبيق ضوابط Filing لضمان الامتثال لمتطلبات لوائح ضريبة القيمة المضافة,detective,2,high,True,LOG|REPORT|SCAN_REPORT|AUDIT_REPORT|ACCESS_REVIEW,active
469,ARE,UAE-VAT,2018,3.1,Invoicing,Invoicing - Control 1,Invoicing - ضابط 1,The organization shall implement invoicing controls to ensure compliance with VAT Regulations requirements.,يجب على المنظمة تطبيق ضوابط Invoicing لضمان الامتثال لمتطلبات لوائح ضريبة القيمة المضافة,corrective,3,medium,True,INCIDENT_REPORT|MEETING_MINUTES|ATTESTATION|RISK_ASSESSMENT,active
470,ARE,UAE-VAT,2018,4.1,Records,Records - Control 1,Records - ضابط 1,The organization shall implement records controls to ensure compliance with VAT Regulations requirements.,يجب على المنظمة تطبيق ضوابط Records لضمان الامتثال لمتطلبات لوائح ضريبة القيمة المضافة,preventive,4,low,True,POLICY|PROCEDURE|STANDARD|CONFIG|TRAINING_RECORD,active
471,ARE,UAE-VAT,2018,5.1,Audit,Audit - Control 1,Audit - ضابط 1,The organization shall implement audit controls to ensure compliance with VAT Regulations requirements.,يجب على المنظمة تطبيق ضوابط Audit لضمان الامتثال لمتطلبات لوائح ضريبة القيمة المضافة,detective,1,critical,True,LOG|REPORT|SCAN_REPORT|AUDIT_REPORT|ACCESS_REVIEW,active
472,ARE,UAE-VAT,2018,6.1,Penalties,Penalties - Control 1,Penalties - ضابط 1,The organization shall implement penalties controls to ensure compliance with VAT Regulations requirements.,يجب على المنظمة تطبيق ضوابط Penalties لضمان الامتثال لمتطلبات لوائح ضريبة القيمة المضافة,corrective,2,high,True,INCIDENT_REPORT|MEETING_MINUTES|ATTESTATION|RISK_ASSESSMENT,active
473,ARE,UAE-VAT,2018,1.2,Registration,Registration - Control 2,Registration - ضابط 2,The organization shall implement registration controls to ensure compliance with VAT Regulations requirements.,يجب على المنظمة تطبيق ضوابط Registration لضمان الامتثال لمتطلبات لوائح ضريبة القيمة المضافة,preventive,3,medium,True,POLICY|PROCEDURE|STANDARD|CONFIG|TRAINING_RECORD,active
474,ARE,UAE-VAT,2018,2.2,Filing,Filing - Control 2,Filing - ضابط 2,The organization shall implement filing controls to ensure compliance with VAT Regulations requirements.,يجب على المنظمة تطبيق ضوابط Filing لضمان الامتثال لمتطلبات لوائح ضريبة القيمة المضافة,detective,4,low,True,LOG|REPORT|SCAN_REPORT|AUDIT_REPORT|ACCESS_REVIEW,active
475,ARE,UAE-VAT,2018,3.2,Invoicing,Invoicing - Control 2,Invoicing - ضابط 2,The organization shall implement invoicing controls to ensure compliance with VAT Regulations requirements.,يجب على المنظمة تطبيق ضوابط Invoicing لضمان الامتثال لمتطلبات لوائح ضريبة القيمة المضافة,corrective,1,critical,True,INCIDENT_REPORT|MEETING_MINUTES|ATTESTATION|RISK_ASSESSMENT,active
476,ARE,UAE-VAT,2018,4.2,Records,Records - Control 2,Records - ضابط 2,The organization shall implement records controls to ensure compliance with VAT Regulations requirements.,يجب على المنظمة تطبيق ضوابط Records لضمان الامتثال لمتطلبات لوائح ضريبة القيمة المضافة,preventive,2,high,True,POLICY|PROCEDURE|STANDARD|CONFIG|TRAINING_RECORD,active
477,ARE,UAE-VAT,2018,5.2,Audit,Audit - Control 2,Audit - ضابط 2,The organization shall implement audit controls to ensure compliance with VAT Regulations requirements.,يجب على المنظمة تطبيق ضوابط Audit لضمان الامتثال لمتطلبات لوائح ضريبة القيمة المضافة,detective,3,medium,True,LOG|REPORT|SCAN_REPORT|AUDIT_REPORT|ACCESS_REVIEW,active
478,ARE,UAE-VAT,2018,6.2,Penalties,Penalties - Control 2,Penalties - ضابط 2,The organization shall implement penalties controls to ensure compliance with VAT Regulations requirements.,يجب على المنظمة تطبيق ضوابط Penalties لضمان الامتثال لمتطلبات لوائح ضريبة القيمة المضافة,corrective,4,low,True,INCIDENT_REPORT|MEETING_MINUTES|ATTESTATION|RISK_ASSESSMENT,active
479,ARE,UAE-VAT,2018,1.3,Registration,Registration - Control 3,Registration - ضابط 3,The organization shall implement registration controls to ensure compliance with VAT Regulations requirements.,يجب على المنظمة تطبيق ضوابط Registration لضمان الامتثال لمتطلبات لوائح ضريبة القيمة المضافة,preventive,1,critical,True,POLICY|PROCEDURE|STANDARD|CONFIG|TRAINING_RECORD,active
480,ARE,UAE-VAT,2018,2.3,Filing,Filing - Control 3,Filing - ضابط 3,The organization shall implement filing controls to ensure compliance with VAT Regulations requirements.,يجب على المنظمة تطبيق ضوابط Filing لضمان الامتثال لمتطلبات لوائح ضريبة القيمة المضافة,detective,2,high,True,LOG|REPORT|SCAN_REPORT|AUDIT_REPORT|ACCESS_REVIEW,active
481,ARE,UAE-VAT,2018,3.3,Invoicing,Invoicing - Control 3,Invoicing - ضابط 3,The organization shall implement invoicing controls to ensure compliance with VAT Regulations requirements.,يجب على المنظمة تطبيق ضوابط Invoicing لضمان الامتثال لمتطلبات لوائح ضريبة القيمة المضافة,corrective,3,medium,True,INCIDENT_REPORT|MEETING_MINUTES|ATTESTATION|RISK_ASSESSMENT,active
482,ARE,UAE-VAT,2018,4.3,Records,Records - Control 3,Records - ضابط 3,The organization shall implement records controls to ensure compliance with VAT Regulations requirements.,يجب على المنظمة تطبيق ضوابط Records لضمان الامتثال لمتطلبات لوائح ضريبة القيمة المضافة,preventive,4,low,True,POLICY|PROCEDURE|STANDARD|CONFIG|TRAINING_RECORD,active
483,ARE,UAE-VAT,2018,5.3,Audit,Audit - Control 3,Audit - ضابط 3,The organization shall implement audit controls to ensure compliance with VAT Regulations requirements.,يجب على المنظمة تطبيق ضوابط Audit لضمان الامتثال لمتطلبات لوائح ضريبة القيمة المضافة,detective,1,critical,True,LOG|REPORT|SCAN_REPORT|AUDIT_REPORT|ACCESS_REVIEW,active
484,ARE,UAE-VAT,2018,6.3,Penalties,Penalties - Control 3,Penalties - ضابط 3,The organization shall implement penalties controls to ensure compliance with VAT Regulations requirements.,يجب على المنظمة تطبيق ضوابط Penalties لضمان الامتثال لمتطلبات لوائح ضريبة القيمة المضافة,corrective,2,high,True,INCIDENT_REPORT|MEETING_MINUTES|ATTESTATION|RISK_ASSESSMENT,active
485,ARE,UAE-VAT,2018,1.4,Registration,Registration - Control 4,Registration - ضابط 4,The organization shall implement registration controls to ensure compliance with VAT Regulations requirements.,يجب على المنظمة تطبيق ضوابط Registration لضمان الامتثال لمتطلبات لوائح ضريبة القيمة المضافة,preventive,3,medium,True,POLICY|PROCEDURE|STANDARD|CONFIG|TRAINING_RECORD,active
486,ARE,UAE-VAT,2018,2.4,Filing,Filing - Control 4,Filing - ضابط 4,The organization shall implement filing controls to ensure compliance with VAT Regulations requirements.,يجب على المنظمة تطبيق ضوابط Filing لضمان الامتثال لمتطلبات لوائح ضريبة القيمة المضافة,detective,4,low,True,LOG|REPORT|SCAN_REPORT|AUDIT_REPORT|ACCESS_REVIEW,active
487,ARE,UAE-VAT,2018,3.4,Invoicing,Invoicing - Control 4,Invoicing - ضابط 4,The organization shall implement invoicing controls to ensure compliance with VAT Regulations requirements.,يجب على المنظمة تطبيق ضوابط Invoicing لضمان الامتثال لمتطلبات لوائح ضريبة القيمة المضافة,corrective,1,critical,True,INCIDENT_REPORT|MEETING_MINUTES|ATTESTATION|RISK_ASSESSMENT,active
488,ARE,UAE-VAT,2018,4.4,Records,Records - Control 4,Records - ضابط 4,The organization shall implement records controls to ensure compliance with VAT Regulations requirements.,يجب على المنظمة تطبيق ضوابط Records لضمان الامتثال لمتطلبات لوائح ضريبة القيمة المضافة,preventive,2,high,True,POLICY|PROCEDURE|STANDARD|CONFIG|TRAINING_RECORD,active
489,ARE,UAE-VAT,2018,5.4,Audit,Audit - Control 4,Audit - ضابط 4,The organization shall implement audit controls to ensure compliance with VAT Regulations requirements.,يجب على المنظمة تطبيق ضوابط Audit لضمان الامتثال لمتطلبات لوائح ضريبة القيمة المضافة,detective,3,medium,True,LOG|REPORT|SCAN_REPORT|AUDIT_REPORT|ACCESS_REVIEW,active
490,ARE,UAE-VAT,2018,6.4,Penalties,Penalties - Control 4,Penalties - ضابط 4,The organization shall implement penalties controls to ensure compliance with VAT Regulations requirements.,يجب على المنظمة تطبيق ضوابط Penalties لضمان الامتثال لمتطلبات لوائح ضريبة القيمة المضافة,corrective,4,low,True,INCIDENT_REPORT|MEETING_MINUTES|ATTESTATION|RISK_ASSESSMENT,active
491,ARE,UAE-VAT,2018,1.5,Registration,Registration - Control 5,Registration - ضابط 5,The organization shall implement registration controls to ensure compliance with VAT Regulations requirements.,يجب على المنظمة تطبيق ضوابط Registration لضمان الامتثال لمتطلبات لوائح ضريبة القيمة المضافة,preventive,1,critical,True,POLICY|PROCEDURE|STANDARD|CONFIG|TRAINING_RECORD,active
492,ARE,UAE-VAT,2018,2.5,Filing,Filing - Control 5,Filing - ضابط 5,The organization shall implement filing controls to ensure compliance with VAT Regulations requirements.,يجب على المنظمة تطبيق ضوابط Filing لضمان الامتثال لمتطلبات لوائح ضريبة القيمة المضافة,detective,2,high,True,LOG|REPORT|SCAN_REPORT|AUDIT_REPORT|ACCESS_REVIEW,active
493,ARE,UAE-VAT,2018,3.5,Invoicing,Invoicing - Control 5,Invoicing - ضابط 5,The organization shall implement invoicing controls to ensure compliance with VAT Regulations requirements.,يجب على المنظمة تطبيق ضوابط Invoicing لضمان الامتثال لمتطلبات لوائح ضريبة القيمة المضافة,corrective,3,medium,True,INCIDENT_REPORT|MEETING_MINUTES|ATTESTATION|RISK_ASSESSMENT,active
494,ARE,UAE-VAT,2018,4.5,Records,Records - Control 5,Records - ضابط 5,The organization shall implement records controls to ensure compliance with VAT Regulations requirements.,يجب على المنظمة تطبيق ضوابط Records لضمان الامتثال لمتطلبات لوائح ضريبة القيمة المضافة,preventive,4,low,True,POLICY|PROCEDURE|STANDARD|CONFIG|TRAINING_RECORD,active
495,ARE,UAE-VAT,2018,5.5,Audit,Audit - Control 5,Audit - ضابط 5,The organization shall implement audit controls to ensure compliance with VAT Regulations requirements.,يجب على المنظمة تطبيق ضوابط Audit لضمان الامتثال لمتطلبات لوائح ضريبة القيمة المضافة,detective,1,critical,True,LOG|REPORT|SCAN_REPORT|AUDIT_REPORT|ACCESS_REVIEW,active
496,ARE,UAE-VAT,2018,6.5,Penalties,Penalties - Control 5,Penalties - ضابط 5,The organization shall implement penalties controls to ensure compliance with VAT Regulations requirements.,يجب على المنظمة تطبيق ضوابط Penalties لضمان الامتثال لمتطلبات لوائح ضريبة القيمة المضافة,corrective,2,high,True,INCIDENT_REPORT|MEETING_MINUTES|ATTESTATION|RISK_ASSESSMENT,active
497,ARE,UAE-VAT,2018,1.6,Registration,Registration - Control 6,Registration - ضابط 6,The organization shall implement registration controls to ensure compliance with VAT Regulations requirements.,يجب على المنظمة تطبيق ضوابط Registration لضمان الامتثال لمتطلبات لوائح ضريبة القيمة المضافة,preventive,3,medium,True,POLICY|PROCEDURE|STANDARD|CONFIG|TRAINING_RECORD,active
498,ARE,UAE-VAT,2018,2.6,Filing,Filing - Control 6,Filing - ضابط 6,The organization shall implement filing controls to ensure compliance with VAT Regulations requirements.,يجب على المنظمة تطبيق ضوابط Filing لضمان الامتثال لمتطلبات لوائح ضريبة القيمة المضافة,detective,4,low,True,LOG|REPORT|SCAN_REPORT|AUDIT_REPORT|ACCESS_REVIEW,active
499,ARE,UAE-VAT,2018,3.6,Invoicing,Invoicing - Control 6,Invoicing - ضابط 6,The organization shall implement invoicing controls to ensure compliance with VAT Regulations requirements.,يجب على المنظمة تطبيق ضوابط Invoicing لضمان الامتثال لمتطلبات لوائح ضريبة القيمة المضافة,corrective,1,critical,True,INCIDENT_REPORT|MEETING_MINUTES|ATTESTATION|RISK_ASSESSMENT,active
500,ARE,UAE-VAT,2018,4.6,Records,Records - Control 6,Records - ضابط 6,The organization shall implement records controls to ensure compliance with VAT Regulations requirements.,يجب على المنظمة تطبيق ضوابط Records لضمان الامتثال لمتطلبات لوائح ضريبة القيمة المضافة,preventive,2,high,True,POLICY|PROCEDURE|STANDARD|CONFIG|TRAINING_RECORD,active
501,ARE,UAE-VAT,2018,5.6,Audit,Audit - Control 6,Audit - ضابط 6,The organization shall implement audit controls to ensure compliance with VAT Regulations requirements.,يجب على المنظمة تطبيق ضوابط Audit لضمان الامتثال لمتطلبات لوائح ضريبة القيمة المضافة,detective,3,medium,True,LOG|REPORT|SCAN_REPORT|AUDIT_REPORT|ACCESS_REVIEW,active
502,ARE,UAE-VAT,2018,6.6,Penalties,Penalties - Control 6,Penalties - ضابط 6,The organization shall implement penalties controls to ensure compliance with VAT Regulations requirements.,يجب على المنظمة تطبيق ضوابط Penalties لضمان الامتثال لمتطلبات لوائح ضريبة القيمة المضافة,corrective,4,low,True,INCIDENT_REPORT|MEETING_MINUTES|ATTESTATION|RISK_ASSESSMENT,active
503,ARE,UAE-VAT,2018,1.7,Registration,Registration - Control 7,Registration - ضابط 7,The organization shall implement registration controls to ensure compliance with VAT Regulations requirements.,يجب على المنظمة تطبيق ضوابط Registration لضمان الامتثال لمتطلبات لوائح ضريبة القيمة المضافة,preventive,1,critical,True,POLICY|PROCEDURE|STANDARD|CONFIG|TRAINING_RECORD,active
504,ARE,UAE-VAT,2018,2.7,Filing,Filing - Control 7,Filing - ضابط 7,The organization shall implement filing controls to ensure compliance with VAT Regulations requirements.,يجب على المنظمة تطبيق ضوابط Filing لضمان الامتثال لمتطلبات لوائح ضريبة القيمة المضافة,detective,2,high,True,LOG|REPORT|SCAN_REPORT|AUDIT_REPORT|ACCESS_REVIEW,active
505,ARE,UAE-VAT,2018,3.7,Invoicing,Invoicing - Control 7,Invoicing - ضابط 7,The organization shall implement invoicing controls to ensure compliance with VAT Regulations requirements.,يجب على المنظمة تطبيق ضوابط Invoicing لضمان الامتثال لمتطلبات لوائح ضريبة القيمة المضافة,corrective,3,medium,True,INCIDENT_REPORT|MEETING_MINUTES|ATTESTATION|RISK_ASSESSMENT,active
506,ARE,UAE-VAT,2018,4.7,Records,Records - Control 7,Records - ضابط 7,The organization shall implement records controls to ensure compliance with VAT Regulations requirements.,يجب على المنظمة تطبيق ضوابط Records لضمان الامتثال لمتطلبات لوائح ضريبة القيمة المضافة,preventive,4,low,True,POLICY|PROCEDURE|STANDARD|CONFIG|TRAINING_RECORD,active
507,ARE,UAE-VAT,2018,5.7,Audit,Audit - Control 7,Audit - ضابط 7,The organization shall implement audit controls to ensure compliance with VAT Regulations requirements.,يجب على المنظمة تطبيق ضوابط Audit لضمان الامتثال لمتطلبات لوائح ضريبة القيمة المضافة,detective,1,critical,True,LOG|REPORT|SCAN_REPORT|AUDIT_REPORT|ACCESS_REVIEW,active
508,ARE,UAE-VAT,2018,6.7,Penalties,Penalties - Control 7,Penalties - ضابط 7,The organization shall implement penalties controls to ensure compliance with VAT Regulations requirements.,يجب على المنظمة تطبيق ضوابط Penalties لضمان الامتثال لمتطلبات لوائح ضريبة القيمة المضافة,corrective,2,high,True,INCIDENT_REPORT|MEETING_MINUTES|ATTESTATION|RISK_ASSESSMENT,active
509,ARE,UAE-CT,2023,1.1,Registration,Registration - Control 1,Registration - ضابط 1,The organization shall implement registration controls to ensure compliance with Corporate Tax Regulations requirements.,يجب على المنظمة تطبيق ضوابط Registration لضمان الامتثال لمتطلبات لوائح ضريبة الشركات,preventive,1,critical,True,POLICY|PROCEDURE|STANDARD|CONFIG|TRAINING_RECORD,active
510,ARE,UAE-CT,2023,2.1,Filing,Filing - Control 1,Filing - ضابط 1,The organization shall implement filing controls to ensure compliance with Corporate Tax Regulations requirements.,يجب على المنظمة تطبيق ضوابط Filing لضمان الامتثال لمتطلبات لوائح ضريبة الشركات,detective,2,high,True,LOG|REPORT|SCAN_REPORT|AUDIT_REPORT|ACCESS_REVIEW,active
511,ARE,UAE-CT,2023,3.1,Records,Records - Control 1,Records - ضابط 1,The organization shall implement records controls to ensure compliance with Corporate Tax Regulations requirements.,يجب على المنظمة تطبيق ضوابط Records لضمان الامتثال لمتطلبات لوائح ضريبة الشركات,corrective,3,medium,True,INCIDENT_REPORT|MEETING_MINUTES|ATTESTATION|RISK_ASSESSMENT,active
512,ARE,UAE-CT,2023,4.1,Transfer Pricing,Transfer Pricing - Control 1,Transfer Pricing - ضابط 1,The organization shall implement transfer pricing controls to ensure compliance with Corporate Tax Regulations requirements.,يجب على المنظمة تطبيق ضوابط Transfer Pricing لضمان الامتثال لمتطلبات لوائح ضريبة الشركات,preventive,4,low,True,POLICY|PROCEDURE|STANDARD|CONFIG|TRAINING_RECORD,active
513,ARE,UAE-CT,2023,5.1,Compliance,Compliance - Control 1,Compliance - ضابط 1,The organization shall implement compliance controls to ensure compliance with Corporate Tax Regulations requirements.,يجب على المنظمة تطبيق ضوابط Compliance لضمان الامتثال لمتطلبات لوائح ضريبة الشركات,detective,1,critical,True,LOG|REPORT|SCAN_REPORT|AUDIT_REPORT|ACCESS_REVIEW,active
514,ARE,UAE-CT,2023,1.2,Registration,Registration - Control 2,Registration - ضابط 2,The organization shall implement registration controls to ensure compliance with Corporate Tax Regulations requirements.,يجب على المنظمة تطبيق ضوابط Registration لضمان الامتثال لمتطلبات لوائح ضريبة الشركات,corrective,2,high,True,INCIDENT_REPORT|MEETING_MINUTES|ATTESTATION|RISK_ASSESSMENT,active
515,ARE,UAE-CT,2023,2.2,Filing,Filing - Control 2,Filing - ضابط 2,The organization shall implement filing controls to ensure compliance with Corporate Tax Regulations requirements.,يجب على المنظمة تطبيق ضوابط Filing لضمان الامتثال لمتطلبات لوائح ضريبة الشركات,preventive,3,medium,True,POLICY|PROCEDURE|STANDARD|CONFIG|TRAINING_RECORD,active
516,ARE,UAE-CT,2023,3.2,Records,Records - Control 2,Records - ضابط 2,The organization shall implement records controls to ensure compliance with Corporate Tax Regulations requirements.,يجب على المنظمة تطبيق ضوابط Records لضمان الامتثال لمتطلبات لوائح ضريبة الشركات,detective,4,low,True,LOG|REPORT|SCAN_REPORT|AUDIT_REPORT|ACCESS_REVIEW,active
517,ARE,UAE-CT,2023,4.2,Transfer Pricing,Transfer Pricing - Control 2,Transfer Pricing - ضابط 2,The organization shall implement transfer pricing controls to ensure compliance with Corporate Tax Regulations requirements.,يجب على المنظمة تطبيق ضوابط Transfer Pricing لضمان الامتثال لمتطلبات لوائح ضريبة الشركات,corrective,1,critical,True,INCIDENT_REPORT|MEETING_MINUTES|ATTESTATION|RISK_ASSESSMENT,active
518,ARE,UAE-CT,2023,5.2,Compliance,Compliance - Control 2,Compliance - ضابط 2,The organization shall implement compliance controls to ensure compliance with Corporate Tax Regulations requirements.,يجب على المنظمة تطبيق ضوابط Compliance لضمان الامتثال لمتطلبات لوائح ضريبة الشركات,preventive,2,high,True,POLICY|PROCEDURE|STANDARD|CONFIG|TRAINING_RECORD,active
519,ARE,UAE-CT,2023,1.3,Registration,Registration - Control 3,Registration - ضابط 3,The organization shall implement registration controls to ensure compliance with Corporate Tax Regulations requirements.,يجب على المنظمة تطبيق ضوابط Registration لضمان الامتثال لمتطلبات لوائح ضريبة الشركات,detective,3,medium,True,LOG|REPORT|SCAN_REPORT|AUDIT_REPORT|ACCESS_REVIEW,active
520,ARE,UAE-CT,2023,2.3,Filing,Filing - Control 3,Filing - ضابط 3,The organization shall implement filing controls to ensure compliance with Corporate Tax Regulations requirements.,يجب على المنظمة تطبيق ضوابط Filing لضمان الامتثال لمتطلبات لوائح ضريبة الشركات,corrective,4,low,True,INCIDENT_REPORT|MEETING_MINUTES|ATTESTATION|RISK_ASSESSMENT,active
521,ARE,UAE-CT,2023,3.3,Records,Records - Control 3,Records - ضابط 3,The organization shall implement records controls to ensure compliance with Corporate Tax Regulations requirements.,يجب على المنظمة تطبيق ضوابط Records لضمان الامتثال لمتطلبات لوائح ضريبة الشركات,preventive,1,critical,True,POLICY|PROCEDURE|STANDARD|CONFIG|TRAINING_RECORD,active
522,ARE,UAE-CT,2023,4.3,Transfer Pricing,Transfer Pricing - Control 3,Transfer Pricing - ضابط 3,The organization shall implement transfer pricing controls to ensure compliance with Corporate Tax Regulations requirements.,يجب على المنظمة تطبيق ضوابط Transfer Pricing لضمان الامتثال لمتطلبات لوائح ضريبة الشركات,detective,2,high,True,LOG|REPORT|SCAN_REPORT|AUDIT_REPORT|ACCESS_REVIEW,active
523,ARE,UAE-CT,2023,5.3,Compliance,Compliance - Control 3,Compliance - ضابط 3,The organization shall implement compliance controls to ensure compliance with Corporate Tax Regulations requirements.,يجب على المنظمة تطبيق ضوابط Compliance لضمان الامتثال لمتطلبات لوائح ضريبة الشركات,corrective,3,medium,True,INCIDENT_REPORT|MEETING_MINUTES|ATTESTATION|RISK_ASSESSMENT,active
524,ARE,UAE-CT,2023,1.4,Registration,Registration - Control 4,Registration - ضابط 4,The organization shall implement registration controls to ensure compliance with Corporate Tax Regulations requirements.,يجب على المنظمة تطبيق ضوابط Registration لضمان الامتثال لمتطلبات لوائح ضريبة الشركات,preventive,4,low,True,POLICY|PROCEDURE|STANDARD|CONFIG|TRAINING_RECORD,active
525,ARE,UAE-CT,2023,2.4,Filing,Filing - Control 4,Filing - ضابط 4,The organization shall implement filing controls to ensure compliance with Corporate Tax Regulations requirements.,يجب على المنظمة تطبيق ضوابط Filing لضمان الامتثال لمتطلبات لوائح ضريبة الشركات,detective,1,critical,True,LOG|REPORT|SCAN_REPORT|AUDIT_REPORT|ACCESS_REVIEW,active
526,ARE,UAE-CT,2023,3.4,Records,Records - Control 4,Records - ضابط 4,The organization shall implement records controls to ensure compliance with Corporate Tax Regulations requirements.,يجب على المنظمة تطبيق ضوابط Records لضمان الامتثال لمتطلبات لوائح ضريبة الشركات,corrective,2,high,True,INCIDENT_REPORT|MEETING_MINUTES|ATTESTATION|RISK_ASSESSMENT,active
527,ARE,UAE-CT,2023,4.4,Transfer Pricing,Transfer Pricing - Control 4,Transfer Pricing - ضابط 4,The organization shall implement transfer pricing controls to ensure compliance with Corporate Tax Regulations requirements.,يجب على المنظمة تطبيق ضوابط Transfer Pricing لضمان الامتثال لمتطلبات لوائح ضريبة الشركات,preventive,3,medium,True,POLICY|PROCEDURE|STANDARD|CONFIG|TRAINING_RECORD,active
528,ARE,UAE-CT,2023,5.4,Compliance,Compliance - Control 4,Compliance - ضابط 4,The organization shall implement compliance controls to ensure compliance with Corporate Tax Regulations requirements.,يجب على المنظمة تطبيق ضوابط Compliance لضمان الامتثال لمتطلبات لوائح ضريبة الشركات,detective,4,low,True,LOG|REPORT|SCAN_REPORT|AUDIT_REPORT|ACCESS_REVIEW,active
529,ARE,UAE-CT,2023,1.5,Registration,Registration - Control 5,Registration - ضابط 5,The organization shall implement registration controls to ensure compliance with Corporate Tax Regulations requirements.,يجب على المنظمة تطبيق ضوابط Registration لضمان الامتثال لمتطلبات لوائح ضريبة الشركات,corrective,1,critical,True,INCIDENT_REPORT|MEETING_MINUTES|ATTESTATION|RISK_ASSESSMENT,active
530,ARE,UAE-CT,2023,2.5,Filing,Filing - Control 5,Filing - ضابط 5,The organization shall implement filing controls to ensure compliance with Corporate Tax Regulations requirements.,يجب على المنظمة تطبيق ضوابط Filing لضمان الامتثال لمتطلبات لوائح ضريبة الشركات,preventive,2,high,True,POLICY|PROCEDURE|STANDARD|CONFIG|TRAINING_RECORD,active
531,ARE,UAE-CT,2023,3.5,Records,Records - Control 5,Records - ضابط 5,The organization shall implement records controls to ensure compliance with Corporate Tax Regulations requirements.,يجب على المنظمة تطبيق ضوابط Records لضمان الامتثال لمتطلبات لوائح ضريبة الشركات,detective,3,medium,True,LOG|REPORT|SCAN_REPORT|AUDIT_REPORT|ACCESS_REVIEW,active
532,ARE,UAE-CT,2023,4.5,Transfer Pricing,Transfer Pricing - Control 5,Transfer Pricing - ضابط 5,The organization shall implement transfer pricing controls to ensure compliance with Corporate Tax Regulations requirements.,يجب على المنظمة تطبيق ضوابط Transfer Pricing لضمان الامتثال لمتطلبات لوائح ضريبة الشركات,corrective,4,low,True,INCIDENT_REPORT|MEETING_MINUTES|ATTESTATION|RISK_ASSESSMENT,active
533,ARE,UAE-CT,2023,5.5,Compliance,Compliance - Control 5,Compliance - ضابط 5,The organization shall implement compliance controls to ensure compliance with Corporate Tax Regulations requirements.,يجب على المنظمة تطبيق ضوابط Compliance لضمان الامتثال لمتطلبات لوائح ضريبة الشركات,preventive,1,critical,True,POLICY|PROCEDURE|STANDARD|CONFIG|TRAINING_RECORD,active
534,ARE,UAE-CT,2023,1.6,Registration,Registration - Control 6,Registration - ضابط 6,The organization shall implement registration controls to ensure compliance with Corporate Tax Regulations requirements.,يجب على المنظمة تطبيق ضوابط Registration لضمان الامتثال لمتطلبات لوائح ضريبة الشركات,detective,2,high,True,LOG|REPORT|SCAN_REPORT|AUDIT_REPORT|ACCESS_REVIEW,active
535,ARE,UAE-CT,2023,2.6,Filing,Filing - Control 6,Filing - ضابط 6,The organization shall implement filing controls to ensure compliance with Corporate Tax Regulations requirements.,يجب على المنظمة تطبيق ضوابط Filing لضمان الامتثال لمتطلبات لوائح ضريبة الشركات,corrective,3,medium,True,INCIDENT_REPORT|MEETING_MINUTES|ATTESTATION|RISK_ASSESSMENT,active
536,ARE,UAE-CT,2023,3.6,Records,Records - Control 6,Records - ضابط 6,The organization shall implement records controls to ensure compliance with Corporate Tax Regulations requirements.,يجب على المنظمة تطبيق ضوابط Records لضمان الامتثال لمتطلبات لوائح ضريبة الشركات,preventive,4,low,True,POLICY|PROCEDURE|STANDARD|CONFIG|TRAINING_RECORD,active
537,ARE,UAE-CT,2023,4.6,Transfer Pricing,Transfer Pricing - Control 6,Transfer Pricing - ضابط 6,The organization shall implement transfer pricing controls to ensure compliance with Corporate Tax Regulations requirements.,يجب على المنظمة تطبيق ضوابط Transfer Pricing لضمان الامتثال لمتطلبات لوائح ضريبة الشركات,detective,1,critical,True,LOG|REPORT|SCAN_REPORT|AUDIT_REPORT|ACCESS_REVIEW,active
538,ARE,UAE-CT,2023,5.6,Compliance,Compliance - Control 6,Compliance - ضابط 6,The organization shall implement compliance controls to ensure compliance with Corporate Tax Regulations requirements.,يجب على المنظمة تطبيق ضوابط Compliance لضمان الامتثال لمتطلبات لوائح ضريبة الشركات,corrective,2,high,True,INCIDENT_REPORT|MEETING_MINUTES|ATTESTATION|RISK_ASSESSMENT,active
539,ARE,UAE-CT,2023,1.7,Registration,Registration - Control 7,Registration - ضابط 7,The organization shall implement registration controls to ensure compliance with Corporate Tax Regulations requirements.,يجب على المنظمة تطبيق ضوابط Registration لضمان الامتثال لمتطلبات لوائح ضريبة الشركات,preventive,3,medium,True,POLICY|PROCEDURE|STANDARD|CONFIG|TRAINING_RECORD,active
540,ARE,UAE-CT,2023,2.7,Filing,Filing - Control 7,Filing - ضابط 7,The organization shall implement filing controls to ensure compliance with Corporate Tax Regulations requirements.,يجب على المنظمة تطبيق ضوابط Filing لضمان الامتثال لمتطلبات لوائح ضريبة الشركات,detective,4,low,True,LOG|REPORT|SCAN_REPORT|AUDIT_REPORT|ACCESS_REVIEW,active
541,ARE,UAE-CT,2023,3.7,Records,Records - Control 7,Records - ضابط 7,The organization shall implement records controls to ensure compliance with Corporate Tax Regulations requirements.,يجب على المنظمة تطبيق ضوابط Records لضمان الامتثال لمتطلبات لوائح ضريبة الشركات,corrective,1,critical,True,INCIDENT_REPORT|MEETING_MINUTES|ATTESTATION|RISK_ASSESSMENT,active
542,ARE,UAE-CT,2023,4.7,Transfer Pricing,Transfer Pricing - Control 7,Transfer Pricing - ضابط 7,The organization shall implement transfer pricing controls to ensure compliance with Corporate Tax Regulations requirements.,يجب على المنظمة تطبيق ضوابط Transfer Pricing لضمان الامتثال لمتطلبات لوائح ضريبة الشركات,preventive,2,high,True,POLICY|PROCEDURE|STANDARD|CONFIG|TRAINING_RECORD,active
543,ARE,UAE-CT,2023,5.7,Compliance,Compliance - Control 7,Compliance - ضابط 7,The organization shall implement compliance controls to ensure compliance with Corporate Tax Regulations requirements.,يجب على المنظمة تطبيق ضوابط Compliance لضمان الامتثال لمتطلبات لوائح ضريبة الشركات,detective,3,medium,True,LOG|REPORT|SCAN_REPORT|AUDIT_REPORT|ACCESS_REVIEW,active
544,ARE,UAE-CT,2023,1.8,Registration,Registration - Control 8,Registration - ضابط 8,The organization shall implement registration controls to ensure compliance with Corporate Tax Regulations requirements.,يجب على المنظمة تطبيق ضوابط Registration لضمان الامتثال لمتطلبات لوائح ضريبة الشركات,corrective,4,low,True,INCIDENT_REPORT|MEETING_MINUTES|ATTESTATION|RISK_ASSESSMENT,active
545,ARE,UAE-CT,2023,2.8,Filing,Filing - Control 8,Filing - ضابط 8,The organization shall implement filing controls to ensure compliance with Corporate Tax Regulations requirements.,يجب على المنظمة تطبيق ضوابط Filing لضمان الامتثال لمتطلبات لوائح ضريبة الشركات,preventive,1,critical,True,POLICY|PROCEDURE|STANDARD|CONFIG|TRAINING_RECORD,active
546,ARE,UAE-CT,2023,3.8,Records,Records - Control 8,Records - ضابط 8,The organization shall implement records controls to ensure compliance with Corporate Tax Regulations requirements.,يجب على المنظمة تطبيق ضوابط Records لضمان الامتثال لمتطلبات لوائح ضريبة الشركات,detective,2,high,True,LOG|REPORT|SCAN_REPORT|AUDIT_REPORT|ACCESS_REVIEW,active
547,ARE,UAE-DHA-STD,5.0,1.1,Patient Safety,Patient Safety - Control 1,Patient Safety - ضابط 1,The organization shall implement patient safety controls to ensure compliance with DHA Healthcare Standards requirements.,يجب على المنظمة تطبيق ضوابط Patient Safety لضمان الامتثال لمتطلبات معايير الرعاية الصحية,preventive,1,critical,True,POLICY|PROCEDURE|STANDARD|CONFIG|TRAINING_RECORD,active
548,ARE,UAE-DHA-STD,5.0,2.1,Clinical Quality,Clinical Quality - Control 1,Clinical Quality - ضابط 1,The organization shall implement clinical quality controls to ensure compliance with DHA Healthcare Standards requirements.,يجب على المنظمة تطبيق ضوابط Clinical Quality لضمان الامتثال لمتطلبات معايير الرعاية الصحية,detective,2,high,True,LOG|REPORT|SCAN_REPORT|AUDIT_REPORT|ACCESS_REVIEW,active
549,ARE,UAE-DHA-STD,5.0,3.1,Information Management,Information Management - Control 1,Information Management - ضابط 1,The organization shall implement information management controls to ensure compliance with DHA Healthcare Standards requirements.,يجب على المنظمة تطبيق ضوابط Information Management لضمان الامتثال لمتطلبات معايير الرعاية الصحية,corrective,3,medium,True,INCIDENT_REPORT|MEETING_MINUTES|ATTESTATION|RISK_ASSESSMENT,active
550,ARE,UAE-DHA-STD,5.0,4.1,Infrastructure,Infrastructure - Control 1,Infrastructure - ضابط 1,The organization shall implement infrastructure controls to ensure compliance with DHA Healthcare Standards requirements.,يجب على المنظمة تطبيق ضوابط Infrastructure لضمان الامتثال لمتطلبات معايير الرعاية الصحية,preventive,4,low,True,POLICY|PROCEDURE|STANDARD|CONFIG|TRAINING_RECORD,active
551,ARE,UAE-DHA-STD,5.0,5.1,HR,HR - Control 1,HR - ضابط 1,The organization shall implement hr controls to ensure compliance with DHA Healthcare Standards requirements.,يجب على المنظمة تطبيق ضوابط HR لضمان الامتثال لمتطلبات معايير الرعاية الصحية,detective,1,critical,True,LOG|REPORT|SCAN_REPORT|AUDIT_REPORT|ACCESS_REVIEW,active
552,ARE,UAE-DHA-STD,5.0,1.2,Patient Safety,Patient Safety - Control 2,Patient Safety - ضابط 2,The organization shall implement patient safety controls to ensure compliance with DHA Healthcare Standards requirements.,يجب على المنظمة تطبيق ضوابط Patient Safety لضمان الامتثال لمتطلبات معايير الرعاية الصحية,corrective,2,high,True,INCIDENT_REPORT|MEETING_MINUTES|ATTESTATION|RISK_ASSESSMENT,active
553,ARE,UAE-DHA-STD,5.0,2.2,Clinical Quality,Clinical Quality - Control 2,Clinical Quality - ضابط 2,The organization shall implement clinical quality controls to ensure compliance with DHA Healthcare Standards requirements.,يجب على المنظمة تطبيق ضوابط Clinical Quality لضمان الامتثال لمتطلبات معايير الرعاية الصحية,preventive,3,medium,True,POLICY|PROCEDURE|STANDARD|CONFIG|TRAINING_RECORD,active
554,ARE,UAE-DHA-STD,5.0,3.2,Information Management,Information Management - Control 2,Information Management - ضابط 2,The organization shall implement information management controls to ensure compliance with DHA Healthcare Standards requirements.,يجب على المنظمة تطبيق ضوابط Information Management لضمان الامتثال لمتطلبات معايير الرعاية الصحية,detective,4,low,True,LOG|REPORT|SCAN_REPORT|AUDIT_REPORT|ACCESS_REVIEW,active
555,ARE,UAE-DHA-STD,5.0,4.2,Infrastructure,Infrastructure - Control 2,Infrastructure - ضابط 2,The organization shall implement infrastructure controls to ensure compliance with DHA Healthcare Standards requirements.,يجب على المنظمة تطبيق ضوابط Infrastructure لضمان الامتثال لمتطلبات معايير الرعاية الصحية,corrective,1,critical,True,INCIDENT_REPORT|MEETING_MINUTES|ATTESTATION|RISK_ASSESSMENT,active
556,ARE,UAE-DHA-STD,5.0,5.2,HR,HR - Control 2,HR - ضابط 2,The organization shall implement hr controls to ensure compliance with DHA Healthcare Standards requirements.,يجب على المنظمة تطبيق ضوابط HR لضمان الامتثال لمتطلبات معايير الرعاية الصحية,preventive,2,high,True,POLICY|PROCEDURE|STANDARD|CONFIG|TRAINING_RECORD,active
557,ARE,UAE-DHA-STD,5.0,1.3,Patient Safety,Patient Safety - Control 3,Patient Safety - ضابط 3,The organization shall implement patient safety controls to ensure compliance with DHA Healthcare Standards requirements.,يجب على المنظمة تطبيق ضوابط Patient Safety لضمان الامتثال لمتطلبات معايير الرعاية الصحية,detective,3,medium,True,LOG|REPORT|SCAN_REPORT|AUDIT_REPORT|ACCESS_REVIEW,active
558,ARE,UAE-DHA-STD,5.0,2.3,Clinical Quality,Clinical Quality - Control 3,Clinical Quality - ضابط 3,The organization shall implement clinical quality controls to ensure compliance with DHA Healthcare Standards requirements.,يجب على المنظمة تطبيق ضوابط Clinical Quality لضمان الامتثال لمتطلبات معايير الرعاية الصحية,corrective,4,low,True,INCIDENT_REPORT|MEETING_MINUTES|ATTESTATION|RISK_ASSESSMENT,active
559,ARE,UAE-DHA-STD,5.0,3.3,Information Management,Information Management - Control 3,Information Management - ضابط 3,The organization shall implement information management controls to ensure compliance with DHA Healthcare Standards requirements.,يجب على المنظمة تطبيق ضوابط Information Management لضمان الامتثال لمتطلبات معايير الرعاية الصحية,preventive,1,critical,True,POLICY|PROCEDURE|STANDARD|CONFIG|TRAINING_RECORD,active
560,ARE,UAE-DHA-STD,5.0,4.3,Infrastructure,Infrastructure - Control 3,Infrastructure - ضابط 3,The organization shall implement infrastructure controls to ensure compliance with DHA Healthcare Standards requirements.,يجب على المنظمة تطبيق ضوابط Infrastructure لضمان الامتثال لمتطلبات معايير الرعاية الصحية,detective,2,high,True,LOG|REPORT|SCAN_REPORT|AUDIT_REPORT|ACCESS_REVIEW,active
561,ARE,UAE-DHA-STD,5.0,5.3,HR,HR - Control 3,HR - ضابط 3,The organization shall implement hr controls to ensure compliance with DHA Healthcare Standards requirements.,يجب على المنظمة تطبيق ضوابط HR لضمان الامتثال لمتطلبات معايير الرعاية الصحية,corrective,3,medium,True,INCIDENT_REPORT|MEETING_MINUTES|ATTESTATION|RISK_ASSESSMENT,active
562,ARE,UAE-DHA-STD,5.0,1.4,Patient Safety,Patient Safety - Control 4,Patient Safety - ضابط 4,The organization shall implement patient safety controls to ensure compliance with DHA Healthcare Standards requirements.,يجب على المنظمة تطبيق ضوابط Patient Safety لضمان الامتثال لمتطلبات معايير الرعاية الصحية,preventive,4,low,True,POLICY|PROCEDURE|STANDARD|CONFIG|TRAINING_RECORD,active
563,ARE,UAE-DHA-STD,5.0,2.4,Clinical Quality,Clinical Quality - Control 4,Clinical Quality - ضابط 4,The organization shall implement clinical quality controls to ensure compliance with DHA Healthcare Standards requirements.,يجب على المنظمة تطبيق ضوابط Clinical Quality لضمان الامتثال لمتطلبات معايير الرعاية الصحية,detective,1,critical,True,LOG|REPORT|SCAN_REPORT|AUDIT_REPORT|ACCESS_REVIEW,active
564,ARE,UAE-DHA-STD,5.0,3.4,Information Management,Information Management - Control 4,Information Management - ضابط 4,The organization shall implement information management controls to ensure compliance with DHA Healthcare Standards requirements.,يجب على المنظمة تطبيق ضوابط Information Management لضمان الامتثال لمتطلبات معايير الرعاية الصحية,corrective,2,high,True,INCIDENT_REPORT|MEETING_MINUTES|ATTESTATION|RISK_ASSESSMENT,active
565,ARE,UAE-DHA-STD,5.0,4.4,Infrastructure,Infrastructure - Control 4,Infrastructure - ضابط 4,The organization shall implement infrastructure controls to ensure compliance with DHA Healthcare Standards requirements.,يجب على المنظمة تطبيق ضوابط Infrastructure لضمان الامتثال لمتطلبات معايير الرعاية الصحية,preventive,3,medium,True,POLICY|PROCEDURE|STANDARD|CONFIG|TRAINING_RECORD,active
566,ARE,UAE-DHA-STD,5.0,5.4,HR,HR - Control 4,HR - ضابط 4,The organization shall implement hr controls to ensure compliance with DHA Healthcare Standards requirements.,يجب على المنظمة تطبيق ضوابط HR لضمان الامتثال لمتطلبات معايير الرعاية الصحية,detective,4,low,True,LOG|REPORT|SCAN_REPORT|AUDIT_REPORT|ACCESS_REVIEW,active
567,ARE,UAE-DHA-STD,5.0,1.5,Patient Safety,Patient Safety - Control 5,Patient Safety - ضابط 5,The organization shall implement patient safety controls to ensure compliance with DHA Healthcare Standards requirements.,يجب على المنظمة تطبيق ضوابط Patient Safety لضمان الامتثال لمتطلبات معايير الرعاية الصحية,corrective,1,critical,True,INCIDENT_REPORT|MEETING_MINUTES|ATTESTATION|RISK_ASSESSMENT,active
568,ARE,UAE-DHA-STD,5.0,2.5,Clinical Quality,Clinical Quality - Control 5,Clinical Quality - ضابط 5,The organization shall implement clinical quality controls to ensure compliance with DHA Healthcare Standards requirements.,يجب على المنظمة تطبيق ضوابط Clinical Quality لضمان الامتثال لمتطلبات معايير الرعاية الصحية,preventive,2,high,True,POLICY|PROCEDURE|STANDARD|CONFIG|TRAINING_RECORD,active
569,ARE,UAE-DHA-STD,5.0,3.5,Information Management,Information Management - Control 5,Information Management - ضابط 5,The organization shall implement information management controls to ensure compliance with DHA Healthcare Standards requirements.,يجب على المنظمة تطبيق ضوابط Information Management لضمان الامتثال لمتطلبات معايير الرعاية الصحية,detective,3,medium,True,LOG|REPORT|SCAN_REPORT|AUDIT_REPORT|ACCESS_REVIEW,active
570,ARE,UAE-DHA-STD,5.0,4.5,Infrastructure,Infrastructure - Control 5,Infrastructure - ضابط 5,The organization shall implement infrastructure controls to ensure compliance with DHA Healthcare Standards requirements.,يجب على المنظمة تطبيق ضوابط Infrastructure لضمان الامتثال لمتطلبات معايير الرعاية الصحية,corrective,4,low,True,INCIDENT_REPORT|MEETING_MINUTES|ATTESTATION|RISK_ASSESSMENT,active
571,ARE,UAE-DHA-STD,5.0,5.5,HR,HR - Control 5,HR - ضابط 5,The organization shall implement hr controls to ensure compliance with DHA Healthcare Standards requirements.,يجب على المنظمة تطبيق ضوابط HR لضمان الامتثال لمتطلبات معايير الرعاية الصحية,preventive,1,critical,True,POLICY|PROCEDURE|STANDARD|CONFIG|TRAINING_RECORD,active
572,ARE,UAE-DHA-STD,5.0,1.6,Patient Safety,Patient Safety - Control 6,Patient Safety - ضابط 6,The organization shall implement patient safety controls to ensure compliance with DHA Healthcare Standards requirements.,يجب على المنظمة تطبيق ضوابط Patient Safety لضمان الامتثال لمتطلبات معايير الرعاية الصحية,detective,2,high,True,LOG|REPORT|SCAN_REPORT|AUDIT_REPORT|ACCESS_REVIEW,active
573,ARE,UAE-DHA-STD,5.0,2.6,Clinical Quality,Clinical Quality - Control 6,Clinical Quality - ضابط 6,The organization shall implement clinical quality controls to ensure compliance with DHA Healthcare Standards requirements.,يجب على المنظمة تطبيق ضوابط Clinical Quality لضمان الامتثال لمتطلبات معايير الرعاية الصحية,corrective,3,medium,True,INCIDENT_REPORT|MEETING_MINUTES|ATTESTATION|RISK_ASSESSMENT,active
574,ARE,UAE-DHA-STD,5.0,3.6,Information Management,Information Management - Control 6,Information Management - ضابط 6,The organization shall implement information management controls to ensure compliance with DHA Healthcare Standards requirements.,يجب على المنظمة تطبيق ضوابط Information Management لضمان الامتثال لمتطلبات معايير الرعاية الصحية,preventive,4,low,True,POLICY|PROCEDURE|STANDARD|CONFIG|TRAINING_RECORD,active
575,ARE,UAE-DHA-STD,5.0,4.6,Infrastructure,Infrastructure - Control 6,Infrastructure - ضابط 6,The organization shall implement infrastructure controls to ensure compliance with DHA Healthcare Standards requirements.,يجب على المنظمة تطبيق ضوابط Infrastructure لضمان الامتثال لمتطلبات معايير الرعاية الصحية,detective,1,critical,True,LOG|REPORT|SCAN_REPORT|AUDIT_REPORT|ACCESS_REVIEW,active
576,ARE,UAE-DHA-STD,5.0,5.6,HR,HR - Control 6,HR - ضابط 6,The organization shall implement hr controls to ensure compliance with DHA Healthcare Standards requirements.,يجب على المنظمة تطبيق ضوابط HR لضمان الامتثال لمتطلبات معايير الرعاية الصحية,corrective,2,high,True,INCIDENT_REPORT|MEETING_MINUTES|ATTESTATION|RISK_ASSESSMENT,active
577,ARE,UAE-DHA-STD,5.0,1.7,Patient Safety,Patient Safety - Control 7,Patient Safety - ضابط 7,The organization shall implement patient safety controls to ensure compliance with DHA Healthcare Standards requirements.,يجب على المنظمة تطبيق ضوابط Patient Safety لضمان الامتثال لمتطلبات معايير الرعاية الصحية,preventive,3,medium,True,POLICY|PROCEDURE|STANDARD|CONFIG|TRAINING_RECORD,active
578,ARE,UAE-DHA-STD,5.0,2.7,Clinical Quality,Clinical Quality - Control 7,Clinical Quality - ضابط 7,The organization shall implement clinical quality controls to ensure compliance with DHA Healthcare Standards requirements.,يجب على المنظمة تطبيق ضوابط Clinical Quality لضمان الامتثال لمتطلبات معايير الرعاية الصحية,detective,4,low,True,LOG|REPORT|SCAN_REPORT|AUDIT_REPORT|ACCESS_REVIEW,active
579,ARE,UAE-DHA-STD,5.0,3.7,Information Management,Information Management - Control 7,Information Management - ضابط 7,The organization shall implement information management controls to ensure compliance with DHA Healthcare Standards requirements.,يجب على المنظمة تطبيق ضوابط Information Management لضمان الامتثال لمتطلبات معايير الرعاية الصحية,corrective,1,critical,True,INCIDENT_REPORT|MEETING_MINUTES|ATTESTATION|RISK_ASSESSMENT,active
580,ARE,UAE-DHA-STD,5.0,4.7,Infrastructure,Infrastructure - Control 7,Infrastructure - ضابط 7,The organization shall implement infrastructure controls to ensure compliance with DHA Healthcare Standards requirements.,يجب على المنظمة تطبيق ضوابط Infrastructure لضمان الامتثال لمتطلبات معايير الرعاية الصحية,preventive,2,high,True,POLICY|PROCEDURE|STANDARD|CONFIG|TRAINING_RECORD,active
581,ARE,UAE-DHA-STD,5.0,5.7,HR,HR - Control 7,HR - ضابط 7,The organization shall implement hr controls to ensure compliance with DHA Healthcare Standards requirements.,يجب على المنظمة تطبيق ضوابط HR لضمان الامتثال لمتطلبات معايير الرعاية الصحية,detective,3,medium,True,LOG|REPORT|SCAN_REPORT|AUDIT_REPORT|ACCESS_REVIEW,active
582,ARE,UAE-DHA-STD,5.0,1.8,Patient Safety,Patient Safety - Control 8,Patient Safety - ضابط 8,The organization shall implement patient safety controls to ensure compliance with DHA Healthcare Standards requirements.,يجب على المنظمة تطبيق ضوابط Patient Safety لضمان الامتثال لمتطلبات معايير الرعاية الصحية,corrective,4,low,True,INCIDENT_REPORT|MEETING_MINUTES|ATTESTATION|RISK_ASSESSMENT,active
583,ARE,UAE-DHA-STD,5.0,2.8,Clinical Quality,Clinical Quality - Control 8,Clinical Quality - ضابط 8,The organization shall implement clinical quality controls to ensure compliance with DHA Healthcare Standards requirements.,يجب على المنظمة تطبيق ضوابط Clinical Quality لضمان الامتثال لمتطلبات معايير الرعاية الصحية,preventive,1,critical,True,POLICY|PROCEDURE|STANDARD|CONFIG|TRAINING_RECORD,active
584,ARE,UAE-DHA-STD,5.0,3.8,Information Management,Information Management - Control 8,Information Management - ضابط 8,The organization shall implement information management controls to ensure compliance with DHA Healthcare Standards requirements.,يجب على المنظمة تطبيق ضوابط Information Management لضمان الامتثال لمتطلبات معايير الرعاية الصحية,detective,2,high,True,LOG|REPORT|SCAN_REPORT|AUDIT_REPORT|ACCESS_REVIEW,active
585,ARE,UAE-DHA-STD,5.0,4.8,Infrastructure,Infrastructure - Control 8,Infrastructure - ضابط 8,The organization shall implement infrastructure controls to ensure compliance with DHA Healthcare Standards requirements.,يجب على المنظمة تطبيق ضوابط Infrastructure لضمان الامتثال لمتطلبات معايير الرعاية الصحية,corrective,3,medium,True,INCIDENT_REPORT|MEETING_MINUTES|ATTESTATION|RISK_ASSESSMENT,active
586,ARE,UAE-DHA-STD,5.0,5.8,HR,HR - Control 8,HR - ضابط 8,The organization shall implement hr controls to ensure compliance with DHA Healthcare Standards requirements.,يجب على المنظمة تطبيق ضوابط HR لضمان الامتثال لمتطلبات معايير الرعاية الصحية,preventive,4,low,True,POLICY|PROCEDURE|STANDARD|CONFIG|TRAINING_RECORD,active
587,ARE,UAE-DHA-STD,5.0,1.9,Patient Safety,Patient Safety - Control 9,Patient Safety - ضابط 9,The organization shall implement patient safety controls to ensure compliance with DHA Healthcare Standards requirements.,يجب على المنظمة تطبيق ضوابط Patient Safety لضمان الامتثال لمتطلبات معايير الرعاية الصحية,detective,1,critical,True,LOG|REPORT|SCAN_REPORT|AUDIT_REPORT|ACCESS_REVIEW,active
588,ARE,UAE-DHA-STD,5.0,2.9,Clinical Quality,Clinical Quality - Control 9,Clinical Quality - ضابط 9,The organization shall implement clinical quality controls to ensure compliance with DHA Healthcare Standards requirements.,يجب على المنظمة تطبيق ضوابط Clinical Quality لضمان الامتثال لمتطلبات معايير الرعاية الصحية,corrective,2,high,True,INCIDENT_REPORT|MEETING_MINUTES|ATTESTATION|RISK_ASSESSMENT,active
589,ARE,UAE-DHA-STD,5.0,3.9,Information Management,Information Management - Control 9,Information Management - ضابط 9,The organization shall implement information management controls to ensure compliance with DHA Healthcare Standards requirements.,يجب على المنظمة تطبيق ضوابط Information Management لضمان الامتثال لمتطلبات معايير الرعاية الصحية,preventive,3,medium,True,POLICY|PROCEDURE|STANDARD|CONFIG|TRAINING_RECORD,active
590,ARE,UAE-DHA-STD,5.0,4.9,Infrastructure,Infrastructure - Control 9,Infrastructure - ضابط 9,The organization shall implement infrastructure controls to ensure compliance with DHA Healthcare Standards requirements.,يجب على المنظمة تطبيق ضوابط Infrastructure لضمان الامتثال لمتطلبات معايير الرعاية الصحية,detective,4,low,True,LOG|REPORT|SCAN_REPORT|AUDIT_REPORT|ACCESS_REVIEW,active
591,ARE,UAE-DHA-STD,5.0,5.9,HR,HR - Control 9,HR - ضابط 9,The organization shall implement hr controls to ensure compliance with DHA Healthcare Standards requirements.,يجب على المنظمة تطبيق ضوابط HR لضمان الامتثال لمتطلبات معايير الرعاية الصحية,corrective,1,critical,True,INCIDENT_REPORT|MEETING_MINUTES|ATTESTATION|RISK_ASSESSMENT,active
592,ARE,UAE-DHA-STD,5.0,1.10,Patient Safety,Patient Safety - Control 10,Patient Safety - ضابط 10,The organization shall implement patient safety controls to ensure compliance with DHA Healthcare Standards requirements.,يجب على المنظمة تطبيق ضوابط Patient Safety لضمان الامتثال لمتطلبات معايير الرعاية الصحية,preventive,2,high,True,POLICY|PROCEDURE|STANDARD|CONFIG|TRAINING_RECORD,active
593,ARE,UAE-DHA-STD,5.0,2.10,Clinical Quality,Clinical Quality - Control 10,Clinical Quality - ضابط 10,The organization shall implement clinical quality controls to ensure compliance with DHA Healthcare Standards requirements.,يجب على المنظمة تطبيق ضوابط Clinical Quality لضمان الامتثال لمتطلبات معايير الرعاية الصحية,detective,3,medium,True,LOG|REPORT|SCAN_REPORT|AUDIT_REPORT|ACCESS_REVIEW,active
594,ARE,UAE-DHA-STD,5.0,3.10,Information Management,Information Management - Control 10,Information Management - ضابط 10,The organization shall implement information management controls to ensure compliance with DHA Healthcare Standards requirements.,يجب على المنظمة تطبيق ضوابط Information Management لضمان الامتثال لمتطلبات معايير الرعاية الصحية,corrective,4,low,True,INCIDENT_REPORT|MEETING_MINUTES|ATTESTATION|RISK_ASSESSMENT,active
595,ARE,UAE-DHA-STD,5.0,4.10,Infrastructure,Infrastructure - Control 10,Infrastructure - ضابط 10,The organization shall implement infrastructure controls to ensure compliance with DHA Healthcare Standards requirements.,يجب على المنظمة تطبيق ضوابط Infrastructure لضمان الامتثال لمتطلبات معايير الرعاية الصحية,preventive,1,critical,True,POLICY|PROCEDURE|STANDARD|CONFIG|TRAINING_RECORD,active
596,ARE,UAE-DHA-STD,5.0,5.10,HR,HR - Control 10,HR - ضابط 10,The organization shall implement hr controls to ensure compliance with DHA Healthcare Standards requirements.,يجب على المنظمة تطبيق ضوابط HR لضمان الامتثال لمتطلبات معايير الرعاية الصحية,detective,2,high,True,LOG|REPORT|SCAN_REPORT|AUDIT_REPORT|ACCESS_REVIEW,active
597,ARE,UAE-DHA-STD,5.0,1.11,Patient Safety,Patient Safety - Control 11,Patient Safety - ضابط 11,The organization shall implement patient safety controls to ensure compliance with DHA Healthcare Standards requirements.,يجب على المنظمة تطبيق ضوابط Patient Safety لضمان الامتثال لمتطلبات معايير الرعاية الصحية,corrective,3,medium,True,INCIDENT_REPORT|MEETING_MINUTES|ATTESTATION|RISK_ASSESSMENT,active
598,ARE,UAE-DHA-STD,5.0,2.11,Clinical Quality,Clinical Quality - Control 11,Clinical Quality - ضابط 11,The organization shall implement clinical quality controls to ensure compliance with DHA Healthcare Standards requirements.,يجب على المنظمة تطبيق ضوابط Clinical Quality لضمان الامتثال لمتطلبات معايير الرعاية الصحية,preventive,4,low,True,POLICY|PROCEDURE|STANDARD|CONFIG|TRAINING_RECORD,active
599,ARE,UAE-DHA-STD,5.0,3.11,Information Management,Information Management - Control 11,Information Management - ضابط 11,The organization shall implement information management controls to ensure compliance with DHA Healthcare Standards requirements.,يجب على المنظمة تطبيق ضوابط Information Management لضمان الامتثال لمتطلبات معايير الرعاية الصحية,detective,1,critical,True,LOG|REPORT|SCAN_REPORT|AUDIT_REPORT|ACCESS_REVIEW,active
600,ARE,UAE-DHA-STD,5.0,4.11,Infrastructure,Infrastructure - Control 11,Infrastructure - ضابط 11,The organization shall implement infrastructure controls to ensure compliance with DHA Healthcare Standards requirements.,يجب على المنظمة تطبيق ضوابط Infrastructure لضمان الامتثال لمتطلبات معايير الرعاية الصحية,corrective,2,high,True,INCIDENT_REPORT|MEETING_MINUTES|ATTESTATION|RISK_ASSESSMENT,active
601,ARE,UAE-DHA-STD,5.0,5.11,HR,HR - Control 11,HR - ضابط 11,The organization shall implement hr controls to ensure compliance with DHA Healthcare Standards requirements.,يجب على المنظمة تطبيق ضوابط HR لضمان الامتثال لمتطلبات معايير الرعاية الصحية,preventive,3,medium,True,POLICY|PROCEDURE|STANDARD|CONFIG|TRAINING_RECORD,active
602,ARE,UAE-DHA-STD,5.0,1.12,Patient Safety,Patient Safety - Control 12,Patient Safety - ضابط 12,The organization shall implement patient safety controls to ensure compliance with DHA Healthcare Standards requirements.,يجب على المنظمة تطبيق ضوابط Patient Safety لضمان الامتثال لمتطلبات معايير الرعاية الصحية,detective,4,low,True,LOG|REPORT|SCAN_REPORT|AUDIT_REPORT|ACCESS_REVIEW,active
603,ARE,UAE-DHA-STD,5.0,2.12,Clinical Quality,Clinical Quality - Control 12,Clinical Quality - ضابط 12,The organization shall implement clinical quality controls to ensure compliance with DHA Healthcare Standards requirements.,يجب على المنظمة تطبيق ضوابط Clinical Quality لضمان الامتثال لمتطلبات معايير الرعاية الصحية,corrective,1,critical,True,INCIDENT_REPORT|MEETING_MINUTES|ATTESTATION|RISK_ASSESSMENT,active
604,ARE,UAE-DHA-STD,5.0,3.12,Information Management,Information Management - Control 12,Information Management - ضابط 12,The organization shall implement information management controls to ensure compliance with DHA Healthcare Standards requirements.,يجب على المنظمة تطبيق ضوابط Information Management لضمان الامتثال لمتطلبات معايير الرعاية الصحية,preventive,2,high,True,POLICY|PROCEDURE|STANDARD|CONFIG|TRAINING_RECORD,active
605,ARE,UAE-DHA-STD,5.0,4.12,Infrastructure,Infrastructure - Control 12,Infrastructure - ضابط 12,The organization shall implement infrastructure controls to ensure compliance with DHA Healthcare Standards requirements.,يجب على المنظمة تطبيق ضوابط Infrastructure لضمان الامتثال لمتطلبات معايير الرعاية الصحية,detective,3,medium,True,LOG|REPORT|SCAN_REPORT|AUDIT_REPORT|ACCESS_REVIEW,active
606,ARE,UAE-DHA-STD,5.0,5.12,HR,HR - Control 12,HR - ضابط 12,The organization shall implement hr controls to ensure compliance with DHA Healthcare Standards requirements.,يجب على المنظمة تطبيق ضوابط HR لضمان الامتثال لمتطلبات معايير الرعاية الصحية,corrective,4,low,True,INCIDENT_REPORT|MEETING_MINUTES|ATTESTATION|RISK_ASSESSMENT,active
607,ARE,UAE-DHA-STD,5.0,1.13,Patient Safety,Patient Safety - Control 13,Patient Safety - ضابط 13,The organization shall implement patient safety controls to ensure compliance with DHA Healthcare Standards requirements.,يجب على المنظمة تطبيق ضوابط Patient Safety لضمان الامتثال لمتطلبات معايير الرعاية الصحية,preventive,1,critical,True,POLICY|PROCEDURE|STANDARD|CONFIG|TRAINING_RECORD,active
608,ARE,UAE-DHA-STD,5.0,2.13,Clinical Quality,Clinical Quality - Control 13,Clinical Quality - ضابط 13,The organization shall implement clinical quality controls to ensure compliance with DHA Healthcare Standards requirements.,يجب على المنظمة تطبيق ضوابط Clinical Quality لضمان الامتثال لمتطلبات معايير الرعاية الصحية,detective,2,high,True,LOG|REPORT|SCAN_REPORT|AUDIT_REPORT|ACCESS_REVIEW,active
609,ARE,UAE-DHA-STD,5.0,3.13,Information Management,Information Management - Control 13,Information Management - ضابط 13,The organization shall implement information management controls to ensure compliance with DHA Healthcare Standards requirements.,يجب على المنظمة تطبيق ضوابط Information Management لضمان الامتثال لمتطلبات معايير الرعاية الصحية,corrective,3,medium,True,INCIDENT_REPORT|MEETING_MINUTES|ATTESTATION|RISK_ASSESSMENT,active
610,ARE,UAE-DHA-STD,5.0,4.13,Infrastructure,Infrastructure - Control 13,Infrastructure - ضابط 13,The organization shall implement infrastructure controls to ensure compliance with DHA Healthcare Standards requirements.,يجب على المنظمة تطبيق ضوابط Infrastructure لضمان الامتثال لمتطلبات معايير الرعاية الصحية,preventive,4,low,True,POLICY|PROCEDURE|STANDARD|CONFIG|TRAINING_RECORD,active
611,ARE,UAE-DHA-STD,5.0,5.13,HR,HR - Control 13,HR - ضابط 13,The organization shall implement hr controls to ensure compliance with DHA Healthcare Standards requirements.,يجب على المنظمة تطبيق ضوابط HR لضمان الامتثال لمتطلبات معايير الرعاية الصحية,detective,1,critical,True,LOG|REPORT|SCAN_REPORT|AUDIT_REPORT|ACCESS_REVIEW,active
612,ARE,UAE-DHA-STD,5.0,1.14,Patient Safety,Patient Safety - Control 14,Patient Safety - ضابط 14,The organization shall implement patient safety controls to ensure compliance with DHA Healthcare Standards requirements.,يجب على المنظمة تطبيق ضوابط Patient Safety لضمان الامتثال لمتطلبات معايير الرعاية الصحية,corrective,2,high,True,INCIDENT_REPORT|MEETING_MINUTES|ATTESTATION|RISK_ASSESSMENT,active
613,ARE,UAE-DHA-STD,5.0,2.14,Clinical Quality,Clinical Quality - Control 14,Clinical Quality - ضابط 14,The organization shall implement clinical quality controls to ensure compliance with DHA Healthcare Standards requirements.,يجب على المنظمة تطبيق ضوابط Clinical Quality لضمان الامتثال لمتطلبات معايير الرعاية الصحية,preventive,3,medium,True,POLICY|PROCEDURE|STANDARD|CONFIG|TRAINING_RECORD,active
614,ARE,UAE-DHA-STD,5.0,3.14,Information Management,Information Management - Control 14,Information Management - ضابط 14,The organization shall implement information management controls to ensure compliance with DHA Healthcare Standards requirements.,يجب على المنظمة تطبيق ضوابط Information Management لضمان الامتثال لمتطلبات معايير الرعاية الصحية,detective,4,low,True,LOG|REPORT|SCAN_REPORT|AUDIT_REPORT|ACCESS_REVIEW,active
615,ARE,UAE-DHA-STD,5.0,4.14,Infrastructure,Infrastructure - Control 14,Infrastructure - ضابط 14,The organization shall implement infrastructure controls to ensure compliance with DHA Healthcare Standards requirements.,يجب على المنظمة تطبيق ضوابط Infrastructure لضمان الامتثال لمتطلبات معايير الرعاية الصحية,corrective,1,critical,True,INCIDENT_REPORT|MEETING_MINUTES|ATTESTATION|RISK_ASSESSMENT,active
616,ARE,UAE-DHA-STD,5.0,5.14,HR,HR - Control 14,HR - ضابط 14,The organization shall implement hr controls to ensure compliance with DHA Healthcare Standards requirements.,يجب على المنظمة تطبيق ضوابط HR لضمان الامتثال لمتطلبات معايير الرعاية الصحية,preventive,2,high,True,POLICY|PROCEDURE|STANDARD|CONFIG|TRAINING_RECORD,active
617,ARE,UAE-DHA-STD,5.0,1.15,Patient Safety,Patient Safety - Control 15,Patient Safety - ضابط 15,The organization shall implement patient safety controls to ensure compliance with DHA Healthcare Standards requirements.,يجب على المنظمة تطبيق ضوابط Patient Safety لضمان الامتثال لمتطلبات معايير الرعاية الصحية,detective,3,medium,True,LOG|REPORT|SCAN_REPORT|AUDIT_REPORT|ACCESS_REVIEW,active
618,ARE,UAE-DHA-STD,5.0,2.15,Clinical Quality,Clinical Quality - Control 15,Clinical Quality - ضابط 15,The organization shall implement clinical quality controls to ensure compliance with DHA Healthcare Standards requirements.,يجب على المنظمة تطبيق ضوابط Clinical Quality لضمان الامتثال لمتطلبات معايير الرعاية الصحية,corrective,4,low,True,INCIDENT_REPORT|MEETING_MINUTES|ATTESTATION|RISK_ASSESSMENT,active
619,ARE,UAE-DHA-STD,5.0,3.15,Information Management,Information Management - Control 15,Information Management - ضابط 15,The organization shall implement information management controls to ensure compliance with DHA Healthcare Standards requirements.,يجب على المنظمة تطبيق ضوابط Information Management لضمان الامتثال لمتطلبات معايير الرعاية الصحية,preventive,1,critical,True,POLICY|PROCEDURE|STANDARD|CONFIG|TRAINING_RECORD,active
620,ARE,UAE-DHA-STD,5.0,4.15,Infrastructure,Infrastructure - Control 15,Infrastructure - ضابط 15,The organization shall implement infrastructure controls to ensure compliance with DHA Healthcare Standards requirements.,يجب على المنظمة تطبيق ضوابط Infrastructure لضمان الامتثال لمتطلبات معايير الرعاية الصحية,detective,2,high,True,LOG|REPORT|SCAN_REPORT|AUDIT_REPORT|ACCESS_REVIEW,active
621,ARE,UAE-DHA-STD,5.0,5.15,HR,HR - Control 15,HR - ضابط 15,The organization shall implement hr controls to ensure compliance with DHA Healthcare Standards requirements.,يجب على المنظمة تطبيق ضوابط HR لضمان الامتثال لمتطلبات معايير الرعاية الصحية,corrective,3,medium,True,INCIDENT_REPORT|MEETING_MINUTES|ATTESTATION|RISK_ASSESSMENT,active
622,ARE,UAE-DHA-STD,5.0,1.16,Patient Safety,Patient Safety - Control 16,Patient Safety - ضابط 16,The organization shall implement patient safety controls to ensure compliance with DHA Healthcare Standards requirements.,يجب على المنظمة تطبيق ضوابط Patient Safety لضمان الامتثال لمتطلبات معايير الرعاية الصحية,preventive,4,low,True,POLICY|PROCEDURE|STANDARD|CONFIG|TRAINING_RECORD,active
623,ARE,UAE-DHA-STD,5.0,2.16,Clinical Quality,Clinical Quality - Control 16,Clinical Quality - ضابط 16,The organization shall implement clinical quality controls to ensure compliance with DHA Healthcare Standards requirements.,يجب على المنظمة تطبيق ضوابط Clinical Quality لضمان الامتثال لمتطلبات معايير الرعاية الصحية,detective,1,critical,True,LOG|REPORT|SCAN_REPORT|AUDIT_REPORT|ACCESS_REVIEW,active
624,ARE,UAE-DHA-STD,5.0,3.16,Information Management,Information Management - Control 16,Information Management - ضابط 16,The organization shall implement information management controls to ensure compliance with DHA Healthcare Standards requirements.,يجب على المنظمة تطبيق ضوابط Information Management لضمان الامتثال لمتطلبات معايير الرعاية الصحية,corrective,2,high,True,INCIDENT_REPORT|MEETING_MINUTES|ATTESTATION|RISK_ASSESSMENT,active
625,ARE,UAE-DHA-STD,5.0,4.16,Infrastructure,Infrastructure - Control 16,Infrastructure - ضابط 16,The organization shall implement infrastructure controls to ensure compliance with DHA Healthcare Standards requirements.,يجب على المنظمة تطبيق ضوابط Infrastructure لضمان الامتثال لمتطلبات معايير الرعاية الصحية,preventive,3,medium,True,POLICY|PROCEDURE|STANDARD|CONFIG|TRAINING_RECORD,active
626,ARE,UAE-DHA-STD,5.0,5.16,HR,HR - Control 16,HR - ضابط 16,The organization shall implement hr controls to ensure compliance with DHA Healthcare Standards requirements.,يجب على المنظمة تطبيق ضوابط HR لضمان الامتثال لمتطلبات معايير الرعاية الصحية,detective,4,low,True,LOG|REPORT|SCAN_REPORT|AUDIT_REPORT|ACCESS_REVIEW,active
627,ARE,UAE-DHA-STD,5.0,1.17,Patient Safety,Patient Safety - Control 17,Patient Safety - ضابط 17,The organization shall implement patient safety controls to ensure compliance with DHA Healthcare Standards requirements.,يجب على المنظمة تطبيق ضوابط Patient Safety لضمان الامتثال لمتطلبات معايير الرعاية الصحية,corrective,1,critical,True,INCIDENT_REPORT|MEETING_MINUTES|ATTESTATION|RISK_ASSESSMENT,active
628,ARE,UAE-DHA-STD,5.0,2.17,Clinical Quality,Clinical Quality - Control 17,Clinical Quality - ضابط 17,The organization shall implement clinical quality controls to ensure compliance with DHA Healthcare Standards requirements.,يجب على المنظمة تطبيق ضوابط Clinical Quality لضمان الامتثال لمتطلبات معايير الرعاية الصحية,preventive,2,high,True,POLICY|PROCEDURE|STANDARD|CONFIG|TRAINING_RECORD,active
629,ARE,UAE-DHA-STD,5.0,3.17,Information Management,Information Management - Control 17,Information Management - ضابط 17,The organization shall implement information management controls to ensure compliance with DHA Healthcare Standards requirements.,يجب على المنظمة تطبيق ضوابط Information Management لضمان الامتثال لمتطلبات معايير الرعاية الصحية,detective,3,medium,True,LOG|REPORT|SCAN_REPORT|AUDIT_REPORT|ACCESS_REVIEW,active
630,ARE,UAE-DHA-STD,5.0,4.17,Infrastructure,Infrastructure - Control 17,Infrastructure - ضابط 17,The organization shall implement infrastructure controls to ensure compliance with DHA Healthcare Standards requirements.,يجب على المنظمة تطبيق ضوابط Infrastructure لضمان الامتثال لمتطلبات معايير الرعاية الصحية,corrective,4,low,True,INCIDENT_REPORT|MEETING_MINUTES|ATTESTATION|RISK_ASSESSMENT,active
631,ARE,UAE-DHA-STD,5.0,5.17,HR,HR - Control 17,HR - ضابط 17,The organization shall implement hr controls to ensure compliance with DHA Healthcare Standards requirements.,يجب على المنظمة تطبيق ضوابط HR لضمان الامتثال لمتطلبات معايير الرعاية الصحية,preventive,1,critical,True,POLICY|PROCEDURE|STANDARD|CONFIG|TRAINING_RECORD,active
632,ARE,UAE-DHA-STD,5.0,1.18,Patient Safety,Patient Safety - Control 18,Patient Safety - ضابط 18,The organization shall implement patient safety controls to ensure compliance with DHA Healthcare Standards requirements.,يجب على المنظمة تطبيق ضوابط Patient Safety لضمان الامتثال لمتطلبات معايير الرعاية الصحية,detective,2,high,True,LOG|REPORT|SCAN_REPORT|AUDIT_REPORT|ACCESS_REVIEW,active
633,ARE,UAE-DHA-STD,5.0,2.18,Clinical Quality,Clinical Quality - Control 18,Clinical Quality - ضابط 18,The organization shall implement clinical quality controls to ensure compliance with DHA Healthcare Standards requirements.,يجب على المنظمة تطبيق ضوابط Clinical Quality لضمان الامتثال لمتطلبات معايير الرعاية الصحية,corrective,3,medium,True,INCIDENT_REPORT|MEETING_MINUTES|ATTESTATION|RISK_ASSESSMENT,active
634,ARE,UAE-DHA-STD,5.0,3.18,Information Management,Information Management - Control 18,Information Management - ضابط 18,The organization shall implement information management controls to ensure compliance with DHA Healthcare Standards requirements.,يجب على المنظمة تطبيق ضوابط Information Management لضمان الامتثال لمتطلبات معايير الرعاية الصحية,preventive,4,low,True,POLICY|PROCEDURE|STANDARD|CONFIG|TRAINING_RECORD,active
635,ARE,UAE-DHA-STD,5.0,4.18,Infrastructure,Infrastructure - Control 18,Infrastructure - ضابط 18,The organization shall implement infrastructure controls to ensure compliance with DHA Healthcare Standards requirements.,يجب على المنظمة تطبيق ضوابط Infrastructure لضمان الامتثال لمتطلبات معايير الرعاية الصحية,detective,1,critical,True,LOG|REPORT|SCAN_REPORT|AUDIT_REPORT|ACCESS_REVIEW,active
636,ARE,UAE-DFSA-CYB,1.0,1.1,Governance,Governance - Control 1,Governance - ضابط 1,The organization shall implement governance controls to ensure compliance with DFSA Cyber Risk Module requirements.,يجب على المنظمة تطبيق ضوابط Governance لضمان الامتثال لمتطلبات وحدة المخاطر السيبرانية,preventive,1,critical,True,POLICY|PROCEDURE|STANDARD|CONFIG|TRAINING_RECORD,active
637,ARE,UAE-DFSA-CYB,1.0,2.1,Risk Assessment,Risk Assessment - Control 1,Risk Assessment - ضابط 1,The organization shall implement risk assessment controls to ensure compliance with DFSA Cyber Risk Module requirements.,يجب على المنظمة تطبيق ضوابط Risk Assessment لضمان الامتثال لمتطلبات وحدة المخاطر السيبرانية,detective,2,high,True,LOG|REPORT|SCAN_REPORT|AUDIT_REPORT|ACCESS_REVIEW,active
638,ARE,UAE-DFSA-CYB,1.0,3.1,Security Operations,Security Operations - Control 1,Security Operations - ضابط 1,The organization shall implement security operations controls to ensure compliance with DFSA Cyber Risk Module requirements.,يجب على المنظمة تطبيق ضوابط Security Operations لضمان الامتثال لمتطلبات وحدة المخاطر السيبرانية,corrective,3,medium,True,INCIDENT_REPORT|MEETING_MINUTES|ATTESTATION|RISK_ASSESSMENT,active
639,ARE,UAE-DFSA-CYB,1.0,4.1,Incident Response,Incident Response - Control 1,Incident Response - ضابط 1,The organization shall implement incident response controls to ensure compliance with DFSA Cyber Risk Module requirements.,يجب على المنظمة تطبيق ضوابط Incident Response لضمان الامتثال لمتطلبات وحدة المخاطر السيبرانية,preventive,4,low,True,POLICY|PROCEDURE|STANDARD|CONFIG|TRAINING_RECORD,active
640,ARE,UAE-DFSA-CYB,1.0,5.1,Third Party,Third Party - Control 1,Third Party - ضابط 1,The organization shall implement third party controls to ensure compliance with DFSA Cyber Risk Module requirements.,يجب على المنظمة تطبيق ضوابط Third Party لضمان الامتثال لمتطلبات وحدة المخاطر السيبرانية,detective,1,critical,True,LOG|REPORT|SCAN_REPORT|AUDIT_REPORT|ACCESS_REVIEW,active
641,ARE,UAE-DFSA-CYB,1.0,1.2,Governance,Governance - Control 2,Governance - ضابط 2,The organization shall implement governance controls to ensure compliance with DFSA Cyber Risk Module requirements.,يجب على المنظمة تطبيق ضوابط Governance لضمان الامتثال لمتطلبات وحدة المخاطر السيبرانية,corrective,2,high,True,INCIDENT_REPORT|MEETING_MINUTES|ATTESTATION|RISK_ASSESSMENT,active
642,ARE,UAE-DFSA-CYB,1.0,2.2,Risk Assessment,Risk Assessment - Control 2,Risk Assessment - ضابط 2,The organization shall implement risk assessment controls to ensure compliance with DFSA Cyber Risk Module requirements.,يجب على المنظمة تطبيق ضوابط Risk Assessment لضمان الامتثال لمتطلبات وحدة المخاطر السيبرانية,preventive,3,medium,True,POLICY|PROCEDURE|STANDARD|CONFIG|TRAINING_RECORD,active
643,ARE,UAE-DFSA-CYB,1.0,3.2,Security Operations,Security Operations - Control 2,Security Operations - ضابط 2,The organization shall implement security operations controls to ensure compliance with DFSA Cyber Risk Module requirements.,يجب على المنظمة تطبيق ضوابط Security Operations لضمان الامتثال لمتطلبات وحدة المخاطر السيبرانية,detective,4,low,True,LOG|REPORT|SCAN_REPORT|AUDIT_REPORT|ACCESS_REVIEW,active
644,ARE,UAE-DFSA-CYB,1.0,4.2,Incident Response,Incident Response - Control 2,Incident Response - ضابط 2,The organization shall implement incident response controls to ensure compliance with DFSA Cyber Risk Module requirements.,يجب على المنظمة تطبيق ضوابط Incident Response لضمان الامتثال لمتطلبات وحدة المخاطر السيبرانية,corrective,1,critical,True,INCIDENT_REPORT|MEETING_MINUTES|ATTESTATION|RISK_ASSESSMENT,active
645,ARE,UAE-DFSA-CYB,1.0,5.2,Third Party,Third Party - Control 2,Third Party - ضابط 2,The organization shall implement third party controls to ensure compliance with DFSA Cyber Risk Module requirements.,يجب على المنظمة تطبيق ضوابط Third Party لضمان الامتثال لمتطلبات وحدة المخاطر السيبرانية,preventive,2,high,True,POLICY|PROCEDURE|STANDARD|CONFIG|TRAINING_RECORD,active
646,ARE,UAE-DFSA-CYB,1.0,1.3,Governance,Governance - Control 3,Governance - ضابط 3,The organization shall implement governance controls to ensure compliance with DFSA Cyber Risk Module requirements.,يجب على المنظمة تطبيق ضوابط Governance لضمان الامتثال لمتطلبات وحدة المخاطر السيبرانية,detective,3,medium,True,LOG|REPORT|SCAN_REPORT|AUDIT_REPORT|ACCESS_REVIEW,active
647,ARE,UAE-DFSA-CYB,1.0,2.3,Risk Assessment,Risk Assessment - Control 3,Risk Assessment - ضابط 3,The organization shall implement risk assessment controls to ensure compliance with DFSA Cyber Risk Module requirements.,يجب على المنظمة تطبيق ضوابط Risk Assessment لضمان الامتثال لمتطلبات وحدة المخاطر السيبرانية,corrective,4,low,True,INCIDENT_REPORT|MEETING_MINUTES|ATTESTATION|RISK_ASSESSMENT,active
648,ARE,UAE-DFSA-CYB,1.0,3.3,Security Operations,Security Operations - Control 3,Security Operations - ضابط 3,The organization shall implement security operations controls to ensure compliance with DFSA Cyber Risk Module requirements.,يجب على المنظمة تطبيق ضوابط Security Operations لضمان الامتثال لمتطلبات وحدة المخاطر السيبرانية,preventive,1,critical,True,POLICY|PROCEDURE|STANDARD|CONFIG|TRAINING_RECORD,active
649,ARE,UAE-DFSA-CYB,1.0,4.3,Incident Response,Incident Response - Control 3,Incident Response - ضابط 3,The organization shall implement incident response controls to ensure compliance with DFSA Cyber Risk Module requirements.,يجب على المنظمة تطبيق ضوابط Incident Response لضمان الامتثال لمتطلبات وحدة المخاطر السيبرانية,detective,2,high,True,LOG|REPORT|SCAN_REPORT|AUDIT_REPORT|ACCESS_REVIEW,active
650,ARE,UAE-DFSA-CYB,1.0,5.3,Third Party,Third Party - Control 3,Third Party - ضابط 3,The organization shall implement third party controls to ensure compliance with DFSA Cyber Risk Module requirements.,يجب على المنظمة تطبيق ضوابط Third Party لضمان الامتثال لمتطلبات وحدة المخاطر السيبرانية,corrective,3,medium,True,INCIDENT_REPORT|MEETING_MINUTES|ATTESTATION|RISK_ASSESSMENT,active
651,ARE,UAE-DFSA-CYB,1.0,1.4,Governance,Governance - Control 4,Governance - ضابط 4,The organization shall implement governance controls to ensure compliance with DFSA Cyber Risk Module requirements.,يجب على المنظمة تطبيق ضوابط Governance لضمان الامتثال لمتطلبات وحدة المخاطر السيبرانية,preventive,4,low,True,POLICY|PROCEDURE|STANDARD|CONFIG|TRAINING_RECORD,active
652,ARE,UAE-DFSA-CYB,1.0,2.4,Risk Assessment,Risk Assessment - Control 4,Risk Assessment - ضابط 4,The organization shall implement risk assessment controls to ensure compliance with DFSA Cyber Risk Module requirements.,يجب على المنظمة تطبيق ضوابط Risk Assessment لضمان الامتثال لمتطلبات وحدة المخاطر السيبرانية,detective,1,critical,True,LOG|REPORT|SCAN_REPORT|AUDIT_REPORT|ACCESS_REVIEW,active
653,ARE,UAE-DFSA-CYB,1.0,3.4,Security Operations,Security Operations - Control 4,Security Operations - ضابط 4,The organization shall implement security operations controls to ensure compliance with DFSA Cyber Risk Module requirements.,يجب على المنظمة تطبيق ضوابط Security Operations لضمان الامتثال لمتطلبات وحدة المخاطر السيبرانية,corrective,2,high,True,INCIDENT_REPORT|MEETING_MINUTES|ATTESTATION|RISK_ASSESSMENT,active
654,ARE,UAE-DFSA-CYB,1.0,4.4,Incident Response,Incident Response - Control 4,Incident Response - ضابط 4,The organization shall implement incident response controls to ensure compliance with DFSA Cyber Risk Module requirements.,يجب على المنظمة تطبيق ضوابط Incident Response لضمان الامتثال لمتطلبات وحدة المخاطر السيبرانية,preventive,3,medium,True,POLICY|PROCEDURE|STANDARD|CONFIG|TRAINING_RECORD,active
655,ARE,UAE-DFSA-CYB,1.0,5.4,Third Party,Third Party - Control 4,Third Party - ضابط 4,The organization shall implement third party controls to ensure compliance with DFSA Cyber Risk Module requirements.,يجب على المنظمة تطبيق ضوابط Third Party لضمان الامتثال لمتطلبات وحدة المخاطر السيبرانية,detective,4,low,True,LOG|REPORT|SCAN_REPORT|AUDIT_REPORT|ACCESS_REVIEW,active
656,ARE,UAE-DFSA-CYB,1.0,1.5,Governance,Governance - Control 5,Governance - ضابط 5,The organization shall implement governance controls to ensure compliance with DFSA Cyber Risk Module requirements.,يجب على المنظمة تطبيق ضوابط Governance لضمان الامتثال لمتطلبات وحدة المخاطر السيبرانية,corrective,1,critical,True,INCIDENT_REPORT|MEETING_MINUTES|ATTESTATION|RISK_ASSESSMENT,active
657,ARE,UAE-DFSA-CYB,1.0,2.5,Risk Assessment,Risk Assessment - Control 5,Risk Assessment - ضابط 5,The organization shall implement risk assessment controls to ensure compliance with DFSA Cyber Risk Module requirements.,يجب على المنظمة تطبيق ضوابط Risk Assessment لضمان الامتثال لمتطلبات وحدة المخاطر السيبرانية,preventive,2,high,True,POLICY|PROCEDURE|STANDARD|CONFIG|TRAINING_RECORD,active
658,ARE,UAE-DFSA-CYB,1.0,3.5,Security Operations,Security Operations - Control 5,Security Operations - ضابط 5,The organization shall implement security operations controls to ensure compliance with DFSA Cyber Risk Module requirements.,يجب على المنظمة تطبيق ضوابط Security Operations لضمان الامتثال لمتطلبات وحدة المخاطر السيبرانية,detective,3,medium,True,LOG|REPORT|SCAN_REPORT|AUDIT_REPORT|ACCESS_REVIEW,active
659,ARE,UAE-DFSA-CYB,1.0,4.5,Incident Response,Incident Response - Control 5,Incident Response - ضابط 5,The organization shall implement incident response controls to ensure compliance with DFSA Cyber Risk Module requirements.,يجب على المنظمة تطبيق ضوابط Incident Response لضمان الامتثال لمتطلبات وحدة المخاطر السيبرانية,corrective,4,low,True,INCIDENT_REPORT|MEETING_MINUTES|ATTESTATION|RISK_ASSESSMENT,active
660,ARE,UAE-DFSA-CYB,1.0,5.5,Third Party,Third Party - Control 5,Third Party - ضابط 5,The organization shall implement third party controls to ensure compliance with DFSA Cyber Risk Module requirements.,يجب على المنظمة تطبيق ضوابط Third Party لضمان الامتثال لمتطلبات وحدة المخاطر السيبرانية,preventive,1,critical,True,POLICY|PROCEDURE|STANDARD|CONFIG|TRAINING_RECORD,active
661,ARE,UAE-DFSA-CYB,1.0,1.6,Governance,Governance - Control 6,Governance - ضابط 6,The organization shall implement governance controls to ensure compliance with DFSA Cyber Risk Module requirements.,يجب على المنظمة تطبيق ضوابط Governance لضمان الامتثال لمتطلبات وحدة المخاطر السيبرانية,detective,2,high,True,LOG|REPORT|SCAN_REPORT|AUDIT_REPORT|ACCESS_REVIEW,active
662,ARE,UAE-DFSA-CYB,1.0,2.6,Risk Assessment,Risk Assessment - Control 6,Risk Assessment - ضابط 6,The organization shall implement risk assessment controls to ensure compliance with DFSA Cyber Risk Module requirements.,يجب على المنظمة تطبيق ضوابط Risk Assessment لضمان الامتثال لمتطلبات وحدة المخاطر السيبرانية,corrective,3,medium,True,INCIDENT_REPORT|MEETING_MINUTES|ATTESTATION|RISK_ASSESSMENT,active
663,ARE,UAE-DFSA-CYB,1.0,3.6,Security Operations,Security Operations - Control 6,Security Operations - ضابط 6,The organization shall implement security operations controls to ensure compliance with DFSA Cyber Risk Module requirements.,يجب على المنظمة تطبيق ضوابط Security Operations لضمان الامتثال لمتطلبات وحدة المخاطر السيبرانية,preventive,4,low,True,POLICY|PROCEDURE|STANDARD|CONFIG|TRAINING_RECORD,active
664,ARE,UAE-DFSA-CYB,1.0,4.6,Incident Response,Incident Response - Control 6,Incident Response - ضابط 6,The organization shall implement incident response controls to ensure compliance with DFSA Cyber Risk Module requirements.,يجب على المنظمة تطبيق ضوابط Incident Response لضمان الامتثال لمتطلبات وحدة المخاطر السيبرانية,detective,1,critical,True,LOG|REPORT|SCAN_REPORT|AUDIT_REPORT|ACCESS_REVIEW,active
665,ARE,UAE-DFSA-CYB,1.0,5.6,Third Party,Third Party - Control 6,Third Party - ضابط 6,The organization shall implement third party controls to ensure compliance with DFSA Cyber Risk Module requirements.,يجب على المنظمة تطبيق ضوابط Third Party لضمان الامتثال لمتطلبات وحدة المخاطر السيبرانية,corrective,2,high,True,INCIDENT_REPORT|MEETING_MINUTES|ATTESTATION|RISK_ASSESSMENT,active
666,ARE,UAE-DFSA-CYB,1.0,1.7,Governance,Governance - Control 7,Governance - ضابط 7,The organization shall implement governance controls to ensure compliance with DFSA Cyber Risk Module requirements.,يجب على المنظمة تطبيق ضوابط Governance لضمان الامتثال لمتطلبات وحدة المخاطر السيبرانية,preventive,3,medium,True,POLICY|PROCEDURE|STANDARD|CONFIG|TRAINING_RECORD,active
667,ARE,UAE-DFSA-CYB,1.0,2.7,Risk Assessment,Risk Assessment - Control 7,Risk Assessment - ضابط 7,The organization shall implement risk assessment controls to ensure compliance with DFSA Cyber Risk Module requirements.,يجب على المنظمة تطبيق ضوابط Risk Assessment لضمان الامتثال لمتطلبات وحدة المخاطر السيبرانية,detective,4,low,True,LOG|REPORT|SCAN_REPORT|AUDIT_REPORT|ACCESS_REVIEW,active
668,ARE,UAE-DFSA-CYB,1.0,3.7,Security Operations,Security Operations - Control 7,Security Operations - ضابط 7,The organization shall implement security operations controls to ensure compliance with DFSA Cyber Risk Module requirements.,يجب على المنظمة تطبيق ضوابط Security Operations لضمان الامتثال لمتطلبات وحدة المخاطر السيبرانية,corrective,1,critical,True,INCIDENT_REPORT|MEETING_MINUTES|ATTESTATION|RISK_ASSESSMENT,active
669,ARE,UAE-DFSA-CYB,1.0,4.7,Incident Response,Incident Response - Control 7,Incident Response - ضابط 7,The organization shall implement incident response controls to ensure compliance with DFSA Cyber Risk Module requirements.,يجب على المنظمة تطبيق ضوابط Incident Response لضمان الامتثال لمتطلبات وحدة المخاطر السيبرانية,preventive,2,high,True,POLICY|PROCEDURE|STANDARD|CONFIG|TRAINING_RECORD,active
670,ARE,UAE-DFSA-CYB,1.0,5.7,Third Party,Third Party - Control 7,Third Party - ضابط 7,The organization shall implement third party controls to ensure compliance with DFSA Cyber Risk Module requirements.,يجب على المنظمة تطبيق ضوابط Third Party لضمان الامتثال لمتطلبات وحدة المخاطر السيبرانية,detective,3,medium,True,LOG|REPORT|SCAN_REPORT|AUDIT_REPORT|ACCESS_REVIEW,active
671,ARE,UAE-DFSA-CYB,1.0,1.8,Governance,Governance - Control 8,Governance - ضابط 8,The organization shall implement governance controls to ensure compliance with DFSA Cyber Risk Module requirements.,يجب على المنظمة تطبيق ضوابط Governance لضمان الامتثال لمتطلبات وحدة المخاطر السيبرانية,corrective,4,low,True,INCIDENT_REPORT|MEETING_MINUTES|ATTESTATION|RISK_ASSESSMENT,active
672,ARE,UAE-DFSA-CYB,1.0,2.8,Risk Assessment,Risk Assessment - Control 8,Risk Assessment - ضابط 8,The organization shall implement risk assessment controls to ensure compliance with DFSA Cyber Risk Module requirements.,يجب على المنظمة تطبيق ضوابط Risk Assessment لضمان الامتثال لمتطلبات وحدة المخاطر السيبرانية,preventive,1,critical,True,POLICY|PROCEDURE|STANDARD|CONFIG|TRAINING_RECORD,active
673,ARE,UAE-DFSA-CYB,1.0,3.8,Security Operations,Security Operations - Control 8,Security Operations - ضابط 8,The organization shall implement security operations controls to ensure compliance with DFSA Cyber Risk Module requirements.,يجب على المنظمة تطبيق ضوابط Security Operations لضمان الامتثال لمتطلبات وحدة المخاطر السيبرانية,detective,2,high,True,LOG|REPORT|SCAN_REPORT|AUDIT_REPORT|ACCESS_REVIEW,active
674,ARE,UAE-DFSA-CYB,1.0,4.8,Incident Response,Incident Response - Control 8,Incident Response - ضابط 8,The organization shall implement incident response controls to ensure compliance with DFSA Cyber Risk Module requirements.,يجب على المنظمة تطبيق ضوابط Incident Response لضمان الامتثال لمتطلبات وحدة المخاطر السيبرانية,corrective,3,medium,True,INCIDENT_REPORT|MEETING_MINUTES|ATTESTATION|RISK_ASSESSMENT,active
675,ARE,UAE-DFSA-CYB,1.0,5.8,Third Party,Third Party - Control 8,Third Party - ضابط 8,The organization shall implement third party controls to ensure compliance with DFSA Cyber Risk Module requirements.,يجب على المنظمة تطبيق ضوابط Third Party لضمان الامتثال لمتطلبات وحدة المخاطر السيبرانية,preventive,4,low,True,POLICY|PROCEDURE|STANDARD|CONFIG|TRAINING_RECORD,active
676,ARE,UAE-DFSA-CYB,1.0,1.9,Governance,Governance - Control 9,Governance - ضابط 9,The organization shall implement governance controls to ensure compliance with DFSA Cyber Risk Module requirements.,يجب على المنظمة تطبيق ضوابط Governance لضمان الامتثال لمتطلبات وحدة المخاطر السيبرانية,detective,1,critical,True,LOG|REPORT|SCAN_REPORT|AUDIT_REPORT|ACCESS_REVIEW,active
677,ARE,UAE-DFSA-CYB,1.0,2.9,Risk Assessment,Risk Assessment - Control 9,Risk Assessment - ضابط 9,The organization shall implement risk assessment controls to ensure compliance with DFSA Cyber Risk Module requirements.,يجب على المنظمة تطبيق ضوابط Risk Assessment لضمان الامتثال لمتطلبات وحدة المخاطر السيبرانية,corrective,2,high,True,INCIDENT_REPORT|MEETING_MINUTES|ATTESTATION|RISK_ASSESSMENT,active
678,ARE,UAE-DFSA-CYB,1.0,3.9,Security Operations,Security Operations - Control 9,Security Operations - ضابط 9,The organization shall implement security operations controls to ensure compliance with DFSA Cyber Risk Module requirements.,يجب على المنظمة تطبيق ضوابط Security Operations لضمان الامتثال لمتطلبات وحدة المخاطر السيبرانية,preventive,3,medium,True,POLICY|PROCEDURE|STANDARD|CONFIG|TRAINING_RECORD,active
679,ARE,UAE-DFSA-CYB,1.0,4.9,Incident Response,Incident Response - Control 9,Incident Response - ضابط 9,The organization shall implement incident response controls to ensure compliance with DFSA Cyber Risk Module requirements.,يجب على المنظمة تطبيق ضوابط Incident Response لضمان الامتثال لمتطلبات وحدة المخاطر السيبرانية,detective,4,low,True,LOG|REPORT|SCAN_REPORT|AUDIT_REPORT|ACCESS_REVIEW,active
680,ARE,UAE-DFSA-CYB,1.0,5.9,Third Party,Third Party - Control 9,Third Party - ضابط 9,The organization shall implement third party controls to ensure compliance with DFSA Cyber Risk Module requirements.,يجب على المنظمة تطبيق ضوابط Third Party لضمان الامتثال لمتطلبات وحدة المخاطر السيبرانية,corrective,1,critical,True,INCIDENT_REPORT|MEETING_MINUTES|ATTESTATION|RISK_ASSESSMENT,active
681,ARE,UAE-DFSA-CYB,1.0,1.10,Governance,Governance - Control 10,Governance - ضابط 10,The organization shall implement governance controls to ensure compliance with DFSA Cyber Risk Module requirements.,يجب على المنظمة تطبيق ضوابط Governance لضمان الامتثال لمتطلبات وحدة المخاطر السيبرانية,preventive,2,high,True,POLICY|PROCEDURE|STANDARD|CONFIG|TRAINING_RECORD,active
682,ARE,UAE-DFSA-CYB,1.0,2.10,Risk Assessment,Risk Assessment - Control 10,Risk Assessment - ضابط 10,The organization shall implement risk assessment controls to ensure compliance with DFSA Cyber Risk Module requirements.,يجب على المنظمة تطبيق ضوابط Risk Assessment لضمان الامتثال لمتطلبات وحدة المخاطر السيبرانية,detective,3,medium,True,LOG|REPORT|SCAN_REPORT|AUDIT_REPORT|ACCESS_REVIEW,active
683,ARE,UAE-DFSA-CYB,1.0,3.10,Security Operations,Security Operations - Control 10,Security Operations - ضابط 10,The organization shall implement security operations controls to ensure compliance with DFSA Cyber Risk Module requirements.,يجب على المنظمة تطبيق ضوابط Security Operations لضمان الامتثال لمتطلبات وحدة المخاطر السيبرانية,corrective,4,low,True,INCIDENT_REPORT|MEETING_MINUTES|ATTESTATION|RISK_ASSESSMENT,active
684,ARE,UAE-DFSA-CYB,1.0,4.10,Incident Response,Incident Response - Control 10,Incident Response - ضابط 10,The organization shall implement incident response controls to ensure compliance with DFSA Cyber Risk Module requirements.,يجب على المنظمة تطبيق ضوابط Incident Response لضمان الامتثال لمتطلبات وحدة المخاطر السيبرانية,preventive,1,critical,True,POLICY|PROCEDURE|STANDARD|CONFIG|TRAINING_RECORD,active
685,ARE,UAE-DFSA-CYB,1.0,5.10,Third Party,Third Party - Control 10,Third Party - ضابط 10,The organization shall implement third party controls to ensure compliance with DFSA Cyber Risk Module requirements.,يجب على المنظمة تطبيق ضوابط Third Party لضمان الامتثال لمتطلبات وحدة المخاطر السيبرانية,detective,2,high,True,LOG|REPORT|SCAN_REPORT|AUDIT_REPORT|ACCESS_REVIEW,active
686,ARE,UAE-DFSA-CYB,1.0,1.11,Governance,Governance - Control 11,Governance - ضابط 11,The organization shall implement governance controls to ensure compliance with DFSA Cyber Risk Module requirements.,يجب على المنظمة تطبيق ضوابط Governance لضمان الامتثال لمتطلبات وحدة المخاطر السيبرانية,corrective,3,medium,True,INCIDENT_REPORT|MEETING_MINUTES|ATTESTATION|RISK_ASSESSMENT,active
687,ARE,UAE-DFSA-CYB,1.0,2.11,Risk Assessment,Risk Assessment - Control 11,Risk Assessment - ضابط 11,The organization shall implement risk assessment controls to ensure compliance with DFSA Cyber Risk Module requirements.,يجب على المنظمة تطبيق ضوابط Risk Assessment لضمان الامتثال لمتطلبات وحدة المخاطر السيبرانية,preventive,4,low,True,POLICY|PROCEDURE|STANDARD|CONFIG|TRAINING_RECORD,active
688,ARE,UAE-DFSA-CYB,1.0,3.11,Security Operations,Security Operations - Control 11,Security Operations - ضابط 11,The organization shall implement security operations controls to ensure compliance with DFSA Cyber Risk Module requirements.,يجب على المنظمة تطبيق ضوابط Security Operations لضمان الامتثال لمتطلبات وحدة المخاطر السيبرانية,detective,1,critical,True,LOG|REPORT|SCAN_REPORT|AUDIT_REPORT|ACCESS_REVIEW,active
689,ARE,UAE-DFSA-CYB,1.0,4.11,Incident Response,Incident Response - Control 11,Incident Response - ضابط 11,The organization shall implement incident response controls to ensure compliance with DFSA Cyber Risk Module requirements.,يجب على المنظمة تطبيق ضوابط Incident Response لضمان الامتثال لمتطلبات وحدة المخاطر السيبرانية,corrective,2,high,True,INCIDENT_REPORT|MEETING_MINUTES|ATTESTATION|RISK_ASSESSMENT,active
690,ARE,UAE-DFSA-CYB,1.0,5.11,Third Party,Third Party - Control 11,Third Party - ضابط 11,The organization shall implement third party controls to ensure compliance with DFSA Cyber Risk Module requirements.,يجب على المنظمة تطبيق ضوابط Third Party لضمان الامتثال لمتطلبات وحدة المخاطر السيبرانية,preventive,3,medium,True,POLICY|PROCEDURE|STANDARD|CONFIG|TRAINING_RECORD,active
691,ARE,UAE-DFSA-CYB,1.0,1.12,Governance,Governance - Control 12,Governance - ضابط 12,The organization shall implement governance controls to ensure compliance with DFSA Cyber Risk Module requirements.,يجب على المنظمة تطبيق ضوابط Governance لضمان الامتثال لمتطلبات وحدة المخاطر السيبرانية,detective,4,low,True,LOG|REPORT|SCAN_REPORT|AUDIT_REPORT|ACCESS_REVIEW,active
692,ARE,UAE-LAB,33-2021,1.1,Employment,Employment - Control 1,Employment - ضابط 1,The organization shall implement employment controls to ensure compliance with Labour Law Compliance requirements.,يجب على المنظمة تطبيق ضوابط Employment لضمان الامتثال لمتطلبات الامتثال لقانون العمل,preventive,1,critical,True,POLICY|PROCEDURE|STANDARD|CONFIG|TRAINING_RECORD,active
693,ARE,UAE-LAB,33-2021,2.1,Wages,Wages - Control 1,Wages - ضابط 1,The organization shall implement wages controls to ensure compliance with Labour Law Compliance requirements.,يجب على المنظمة تطبيق ضوابط Wages لضمان الامتثال لمتطلبات الامتثال لقانون العمل,detective,2,high,True,LOG|REPORT|SCAN_REPORT|AUDIT_REPORT|ACCESS_REVIEW,active
694,ARE,UAE-LAB,33-2021,3.1,Working Hours,Working Hours - Control 1,Working Hours - ضابط 1,The organization shall implement working hours controls to ensure compliance with Labour Law Compliance requirements.,يجب على المنظمة تطبيق ضوابط Working Hours لضمان الامتثال لمتطلبات الامتثال لقانون العمل,corrective,3,medium,True,INCIDENT_REPORT|MEETING_MINUTES|ATTESTATION|RISK_ASSESSMENT,active
695,ARE,UAE-LAB,33-2021,4.1,Leave,Leave - Control 1,Leave - ضابط 1,The organization shall implement leave controls to ensure compliance with Labour Law Compliance requirements.,يجب على المنظمة تطبيق ضوابط Leave لضمان الامتثال لمتطلبات الامتثال لقانون العمل,preventive,4,low,True,POLICY|PROCEDURE|STANDARD|CONFIG|TRAINING_RECORD,active
696,ARE,UAE-LAB,33-2021,5.1,Termination,Termination - Control 1,Termination - ضابط 1,The organization shall implement termination controls to ensure compliance with Labour Law Compliance requirements.,يجب على المنظمة تطبيق ضوابط Termination لضمان الامتثال لمتطلبات الامتثال لقانون العمل,detective,1,critical,True,LOG|REPORT|SCAN_REPORT|AUDIT_REPORT|ACCESS_REVIEW,active
697,ARE,UAE-LAB,33-2021,6.1,Occupational Safety,Occupational Safety - Control 1,Occupational Safety - ضابط 1,The organization shall implement occupational safety controls to ensure compliance with Labour Law Compliance requirements.,يجب على المنظمة تطبيق ضوابط Occupational Safety لضمان الامتثال لمتطلبات الامتثال لقانون العمل,corrective,2,high,True,INCIDENT_REPORT|MEETING_MINUTES|ATTESTATION|RISK_ASSESSMENT,active
698,ARE,UAE-LAB,33-2021,1.2,Employment,Employment - Control 2,Employment - ضابط 2,The organization shall implement employment controls to ensure compliance with Labour Law Compliance requirements.,يجب على المنظمة تطبيق ضوابط Employment لضمان الامتثال لمتطلبات الامتثال لقانون العمل,preventive,3,medium,True,POLICY|PROCEDURE|STANDARD|CONFIG|TRAINING_RECORD,active
699,ARE,UAE-LAB,33-2021,2.2,Wages,Wages - Control 2,Wages - ضابط 2,The organization shall implement wages controls to ensure compliance with Labour Law Compliance requirements.,يجب على المنظمة تطبيق ضوابط Wages لضمان الامتثال لمتطلبات الامتثال لقانون العمل,detective,4,low,True,LOG|REPORT|SCAN_REPORT|AUDIT_REPORT|ACCESS_REVIEW,active
700,ARE,UAE-LAB,33-2021,3.2,Working Hours,Working Hours - Control 2,Working Hours - ضابط 2,The organization shall implement working hours controls to ensure compliance with Labour Law Compliance requirements.,يجب على المنظمة تطبيق ضوابط Working Hours لضمان الامتثال لمتطلبات الامتثال لقانون العمل,corrective,1,critical,True,INCIDENT_REPORT|MEETING_MINUTES|ATTESTATION|RISK_ASSESSMENT,active
701,ARE,UAE-LAB,33-2021,4.2,Leave,Leave - Control 2,Leave - ضابط 2,The organization shall implement leave controls to ensure compliance with Labour Law Compliance requirements.,يجب على المنظمة تطبيق ضوابط Leave لضمان الامتثال لمتطلبات الامتثال لقانون العمل,preventive,2,high,True,POLICY|PROCEDURE|STANDARD|CONFIG|TRAINING_RECORD,active
702,ARE,UAE-LAB,33-2021,5.2,Termination,Termination - Control 2,Termination - ضابط 2,The organization shall implement termination controls to ensure compliance with Labour Law Compliance requirements.,يجب على المنظمة تطبيق ضوابط Termination لضمان الامتثال لمتطلبات الامتثال لقانون العمل,detective,3,medium,True,LOG|REPORT|SCAN_REPORT|AUDIT_REPORT|ACCESS_REVIEW,active
703,ARE,UAE-LAB,33-2021,6.2,Occupational Safety,Occupational Safety - Control 2,Occupational Safety - ضابط 2,The organization shall implement occupational safety controls to ensure compliance with Labour Law Compliance requirements.,يجب على المنظمة تطبيق ضوابط Occupational Safety لضمان الامتثال لمتطلبات الامتثال لقانون العمل,corrective,4,low,True,INCIDENT_REPORT|MEETING_MINUTES|ATTESTATION|RISK_ASSESSMENT,active
704,ARE,UAE-LAB,33-2021,1.3,Employment,Employment - Control 3,Employment - ضابط 3,The organization shall implement employment controls to ensure compliance with Labour Law Compliance requirements.,يجب على المنظمة تطبيق ضوابط Employment لضمان الامتثال لمتطلبات الامتثال لقانون العمل,preventive,1,critical,True,POLICY|PROCEDURE|STANDARD|CONFIG|TRAINING_RECORD,active
705,ARE,UAE-LAB,33-2021,2.3,Wages,Wages - Control 3,Wages - ضابط 3,The organization shall implement wages controls to ensure compliance with Labour Law Compliance requirements.,يجب على المنظمة تطبيق ضوابط Wages لضمان الامتثال لمتطلبات الامتثال لقانون العمل,detective,2,high,True,LOG|REPORT|SCAN_REPORT|AUDIT_REPORT|ACCESS_REVIEW,active
706,ARE,UAE-LAB,33-2021,3.3,Working Hours,Working Hours - Control 3,Working Hours - ضابط 3,The organization shall implement working hours controls to ensure compliance with Labour Law Compliance requirements.,يجب على المنظمة تطبيق ضوابط Working Hours لضمان الامتثال لمتطلبات الامتثال لقانون العمل,corrective,3,medium,True,INCIDENT_REPORT|MEETING_MINUTES|ATTESTATION|RISK_ASSESSMENT,active
707,ARE,UAE-LAB,33-2021,4.3,Leave,Leave - Control 3,Leave - ضابط 3,The organization shall implement leave controls to ensure compliance with Labour Law Compliance requirements.,يجب على المنظمة تطبيق ضوابط Leave لضمان الامتثال لمتطلبات الامتثال لقانون العمل,preventive,4,low,True,POLICY|PROCEDURE|STANDARD|CONFIG|TRAINING_RECORD,active
708,ARE,UAE-LAB,33-2021,5.3,Termination,Termination - Control 3,Termination - ضابط 3,The organization shall implement termination controls to ensure compliance with Labour Law Compliance requirements.,يجب على المنظمة تطبيق ضوابط Termination لضمان الامتثال لمتطلبات الامتثال لقانون العمل,detective,1,critical,True,LOG|REPORT|SCAN_REPORT|AUDIT_REPORT|ACCESS_REVIEW,active
709,ARE,UAE-LAB,33-2021,6.3,Occupational Safety,Occupational Safety - Control 3,Occupational Safety - ضابط 3,The organization shall implement occupational safety controls to ensure compliance with Labour Law Compliance requirements.,يجب على المنظمة تطبيق ضوابط Occupational Safety لضمان الامتثال لمتطلبات الامتثال لقانون العمل,corrective,2,high,True,INCIDENT_REPORT|MEETING_MINUTES|ATTESTATION|RISK_ASSESSMENT,active
710,ARE,UAE-LAB,33-2021,1.4,Employment,Employment - Control 4,Employment - ضابط 4,The organization shall implement employment controls to ensure compliance with Labour Law Compliance requirements.,يجب على المنظمة تطبيق ضوابط Employment لضمان الامتثال لمتطلبات الامتثال لقانون العمل,preventive,3,medium,True,POLICY|PROCEDURE|STANDARD|CONFIG|TRAINING_RECORD,active
711,ARE,UAE-LAB,33-2021,2.4,Wages,Wages - Control 4,Wages - ضابط 4,The organization shall implement wages controls to ensure compliance with Labour Law Compliance requirements.,يجب على المنظمة تطبيق ضوابط Wages لضمان الامتثال لمتطلبات الامتثال لقانون العمل,detective,4,low,True,LOG|REPORT|SCAN_REPORT|AUDIT_REPORT|ACCESS_REVIEW,active
712,ARE,UAE-LAB,33-2021,3.4,Working Hours,Working Hours - Control 4,Working Hours - ضابط 4,The organization shall implement working hours controls to ensure compliance with Labour Law Compliance requirements.,يجب على المنظمة تطبيق ضوابط Working Hours لضمان الامتثال لمتطلبات الامتثال لقانون العمل,corrective,1,critical,True,INCIDENT_REPORT|MEETING_MINUTES|ATTESTATION|RISK_ASSESSMENT,active
713,ARE,UAE-LAB,33-2021,4.4,Leave,Leave - Control 4,Leave - ضابط 4,The organization shall implement leave controls to ensure compliance with Labour Law Compliance requirements.,يجب على المنظمة تطبيق ضوابط Leave لضمان الامتثال لمتطلبات الامتثال لقانون العمل,preventive,2,high,True,POLICY|PROCEDURE|STANDARD|CONFIG|TRAINING_RECORD,active
714,ARE,UAE-LAB,33-2021,5.4,Termination,Termination - Control 4,Termination - ضابط 4,The organization shall implement termination controls to ensure compliance with Labour Law Compliance requirements.,يجب على المنظمة تطبيق ضوابط Termination لضمان الامتثال لمتطلبات الامتثال لقانون العمل,detective,3,medium,True,LOG|REPORT|SCAN_REPORT|AUDIT_REPORT|ACCESS_REVIEW,active
715,ARE,UAE-LAB,33-2021,6.4,Occupational Safety,Occupational Safety - Control 4,Occupational Safety - ضابط 4,The organization shall implement occupational safety controls to ensure compliance with Labour Law Compliance requirements.,يجب على المنظمة تطبيق ضوابط Occupational Safety لضمان الامتثال لمتطلبات الامتثال لقانون العمل,corrective,4,low,True,INCIDENT_REPORT|MEETING_MINUTES|ATTESTATION|RISK_ASSESSMENT,active
716,ARE,UAE-LAB,33-2021,1.5,Employment,Employment - Control 5,Employment - ضابط 5,The organization shall implement employment controls to ensure compliance with Labour Law Compliance requirements.,يجب على المنظمة تطبيق ضوابط Employment لضمان الامتثال لمتطلبات الامتثال لقانون العمل,preventive,1,critical,True,POLICY|PROCEDURE|STANDARD|CONFIG|TRAINING_RECORD,active
717,ARE,UAE-LAB,33-2021,2.5,Wages,Wages - Control 5,Wages - ضابط 5,The organization shall implement wages controls to ensure compliance with Labour Law Compliance requirements.,يجب على المنظمة تطبيق ضوابط Wages لضمان الامتثال لمتطلبات الامتثال لقانون العمل,detective,2,high,True,LOG|REPORT|SCAN_REPORT|AUDIT_REPORT|ACCESS_REVIEW,active
718,ARE,UAE-LAB,33-2021,3.5,Working Hours,Working Hours - Control 5,Working Hours - ضابط 5,The organization shall implement working hours controls to ensure compliance with Labour Law Compliance requirements.,يجب على المنظمة تطبيق ضوابط Working Hours لضمان الامتثال لمتطلبات الامتثال لقانون العمل,corrective,3,medium,True,INCIDENT_REPORT|MEETING_MINUTES|ATTESTATION|RISK_ASSESSMENT,active
719,ARE,UAE-LAB,33-2021,4.5,Leave,Leave - Control 5,Leave - ضابط 5,The organization shall implement leave controls to ensure compliance with Labour Law Compliance requirements.,يجب على المنظمة تطبيق ضوابط Leave لضمان الامتثال لمتطلبات الامتثال لقانون العمل,preventive,4,low,True,POLICY|PROCEDURE|STANDARD|CONFIG|TRAINING_RECORD,active
720,ARE,UAE-LAB,33-2021,5.5,Termination,Termination - Control 5,Termination - ضابط 5,The organization shall implement termination controls to ensure compliance with Labour Law Compliance requirements.,يجب على المنظمة تطبيق ضوابط Termination لضمان الامتثال لمتطلبات الامتثال لقانون العمل,detective,1,critical,True,LOG|REPORT|SCAN_REPORT|AUDIT_REPORT|ACCESS_REVIEW,active
721,ARE,UAE-LAB,33-2021,6.5,Occupational Safety,Occupational Safety - Control 5,Occupational Safety - ضابط 5,The organization shall implement occupational safety controls to ensure compliance with Labour Law Compliance requirements.,يجب على المنظمة تطبيق ضوابط Occupational Safety لضمان الامتثال لمتطلبات الامتثال لقانون العمل,corrective,2,high,True,INCIDENT_REPORT|MEETING_MINUTES|ATTESTATION|RISK_ASSESSMENT,active
722,ARE,UAE-LAB,33-2021,1.6,Employment,Employment - Control 6,Employment - ضابط 6,The organization shall implement employment controls to ensure compliance with Labour Law Compliance requirements.,يجب على المنظمة تطبيق ضوابط Employment لضمان الامتثال لمتطلبات الامتثال لقانون العمل,preventive,3,medium,True,POLICY|PROCEDURE|STANDARD|CONFIG|TRAINING_RECORD,active
723,ARE,UAE-LAB,33-2021,2.6,Wages,Wages - Control 6,Wages - ضابط 6,The organization shall implement wages controls to ensure compliance with Labour Law Compliance requirements.,يجب على المنظمة تطبيق ضوابط Wages لضمان الامتثال لمتطلبات الامتثال لقانون العمل,detective,4,low,True,LOG|REPORT|SCAN_REPORT|AUDIT_REPORT|ACCESS_REVIEW,active
724,ARE,UAE-LAB,33-2021,3.6,Working Hours,Working Hours - Control 6,Working Hours - ضابط 6,The organization shall implement working hours controls to ensure compliance with Labour Law Compliance requirements.,يجب على المنظمة تطبيق ضوابط Working Hours لضمان الامتثال لمتطلبات الامتثال لقانون العمل,corrective,1,critical,True,INCIDENT_REPORT|MEETING_MINUTES|ATTESTATION|RISK_ASSESSMENT,active
725,ARE,UAE-LAB,33-2021,4.6,Leave,Leave - Control 6,Leave - ضابط 6,The organization shall implement leave controls to ensure compliance with Labour Law Compliance requirements.,يجب على المنظمة تطبيق ضوابط Leave لضمان الامتثال لمتطلبات الامتثال لقانون العمل,preventive,2,high,True,POLICY|PROCEDURE|STANDARD|CONFIG|TRAINING_RECORD,active
726,ARE,UAE-LAB,33-2021,5.6,Termination,Termination - Control 6,Termination - ضابط 6,The organization shall implement termination controls to ensure compliance with Labour Law Compliance requirements.,يجب على المنظمة تطبيق ضوابط Termination لضمان الامتثال لمتطلبات الامتثال لقانون العمل,detective,3,medium,True,LOG|REPORT|SCAN_REPORT|AUDIT_REPORT|ACCESS_REVIEW,active
727,ARE,UAE-LAB,33-2021,6.6,Occupational Safety,Occupational Safety - Control 6,Occupational Safety - ضابط 6,The organization shall implement occupational safety controls to ensure compliance with Labour Law Compliance requirements.,يجب على المنظمة تطبيق ضوابط Occupational Safety لضمان الامتثال لمتطلبات الامتثال لقانون العمل,corrective,4,low,True,INCIDENT_REPORT|MEETING_MINUTES|ATTESTATION|RISK_ASSESSMENT,active
728,ARE,UAE-LAB,33-2021,1.7,Employment,Employment - Control 7,Employment - ضابط 7,The organization shall implement employment controls to ensure compliance with Labour Law Compliance requirements.,يجب على المنظمة تطبيق ضوابط Employment لضمان الامتثال لمتطلبات الامتثال لقانون العمل,preventive,1,critical,True,POLICY|PROCEDURE|STANDARD|CONFIG|TRAINING_RECORD,active
729,ARE,UAE-LAB,33-2021,2.7,Wages,Wages - Control 7,Wages - ضابط 7,The organization shall implement wages controls to ensure compliance with Labour Law Compliance requirements.,يجب على المنظمة تطبيق ضوابط Wages لضمان الامتثال لمتطلبات الامتثال لقانون العمل,detective,2,high,True,LOG|REPORT|SCAN_REPORT|AUDIT_REPORT|ACCESS_REVIEW,active
730,ARE,UAE-LAB,33-2021,3.7,Working Hours,Working Hours - Control 7,Working Hours - ضابط 7,The organization shall implement working hours controls to ensure compliance with Labour Law Compliance requirements.,يجب على المنظمة تطبيق ضوابط Working Hours لضمان الامتثال لمتطلبات الامتثال لقانون العمل,corrective,3,medium,True,INCIDENT_REPORT|MEETING_MINUTES|ATTESTATION|RISK_ASSESSMENT,active
731,ARE,UAE-LAB,33-2021,4.7,Leave,Leave - Control 7,Leave - ضابط 7,The organization shall implement leave controls to ensure compliance with Labour Law Compliance requirements.,يجب على المنظمة تطبيق ضوابط Leave لضمان الامتثال لمتطلبات الامتثال لقانون العمل,preventive,4,low,True,POLICY|PROCEDURE|STANDARD|CONFIG|TRAINING_RECORD,active
732,ARE,UAE-LAB,33-2021,5.7,Termination,Termination - Control 7,Termination - ضابط 7,The organization shall implement termination controls to ensure compliance with Labour Law Compliance requirements.,يجب على المنظمة تطبيق ضوابط Termination لضمان الامتثال لمتطلبات الامتثال لقانون العمل,detective,1,critical,True,LOG|REPORT|SCAN_REPORT|AUDIT_REPORT|ACCESS_REVIEW,active
733,ARE,UAE-LAB,33-2021,6.7,Occupational Safety,Occupational Safety - Control 7,Occupational Safety - ضابط 7,The organization shall implement occupational safety controls to ensure compliance with Labour Law Compliance requirements.,يجب على المنظمة تطبيق ضوابط Occupational Safety لضمان الامتثال لمتطلبات الامتثال لقانون العمل,corrective,2,high,True,INCIDENT_REPORT|MEETING_MINUTES|ATTESTATION|RISK_ASSESSMENT,active
734,ARE,UAE-LAB,33-2021,1.8,Employment,Employment - Control 8,Employment - ضابط 8,The organization shall implement employment controls to ensure compliance with Labour Law Compliance requirements.,يجب على المنظمة تطبيق ضوابط Employment لضمان الامتثال لمتطلبات الامتثال لقانون العمل,preventive,3,medium,True,POLICY|PROCEDURE|STANDARD|CONFIG|TRAINING_RECORD,active
735,ARE,UAE-LAB,33-2021,2.8,Wages,Wages - Control 8,Wages - ضابط 8,The organization shall implement wages controls to ensure compliance with Labour Law Compliance requirements.,يجب على المنظمة تطبيق ضوابط Wages لضمان الامتثال لمتطلبات الامتثال لقانون العمل,detective,4,low,True,LOG|REPORT|SCAN_REPORT|AUDIT_REPORT|ACCESS_REVIEW,active
736,ARE,UAE-LAB,33-2021,3.8,Working Hours,Working Hours - Control 8,Working Hours - ضابط 8,The organization shall implement working hours controls to ensure compliance with Labour Law Compliance requirements.,يجب على المنظمة تطبيق ضوابط Working Hours لضمان الامتثال لمتطلبات الامتثال لقانون العمل,corrective,1,critical,True,INCIDENT_REPORT|MEETING_MINUTES|ATTESTATION|RISK_ASSESSMENT,active
737,ARE,UAE-LAB,33-2021,4.8,Leave,Leave - Control 8,Leave - ضابط 8,The organization shall implement leave controls to ensure compliance with Labour Law Compliance requirements.,يجب على المنظمة تطبيق ضوابط Leave لضمان الامتثال لمتطلبات الامتثال لقانون العمل,preventive,2,high,True,POLICY|PROCEDURE|STANDARD|CONFIG|TRAINING_RECORD,active
738,ARE,UAE-LAB,33-2021,5.8,Termination,Termination - Control 8,Termination - ضابط 8,The organization shall implement termination controls to ensure compliance with Labour Law Compliance requirements.,يجب على المنظمة تطبيق ضوابط Termination لضمان الامتثال لمتطلبات الامتثال لقانون العمل,detective,3,medium,True,LOG|REPORT|SCAN_REPORT|AUDIT_REPORT|ACCESS_REVIEW,active
739,ARE,UAE-LAB,33-2021,6.8,Occupational Safety,Occupational Safety - Control 8,Occupational Safety - ضابط 8,The organization shall implement occupational safety controls to ensure compliance with Labour Law Compliance requirements.,يجب على المنظمة تطبيق ضوابط Occupational Safety لضمان الامتثال لمتطلبات الامتثال لقانون العمل,corrective,4,low,True,INCIDENT_REPORT|MEETING_MINUTES|ATTESTATION|RISK_ASSESSMENT,active
740,ARE,UAE-LAB,33-2021,1.9,Employment,Employment - Control 9,Employment - ضابط 9,The organization shall implement employment controls to ensure compliance with Labour Law Compliance requirements.,يجب على المنظمة تطبيق ضوابط Employment لضمان الامتثال لمتطلبات الامتثال لقانون العمل,preventive,1,critical,True,POLICY|PROCEDURE|STANDARD|CONFIG|TRAINING_RECORD,active
741,ARE,UAE-LAB,33-2021,2.9,Wages,Wages - Control 9,Wages - ضابط 9,The organization shall implement wages controls to ensure compliance with Labour Law Compliance requirements.,يجب على المنظمة تطبيق ضوابط Wages لضمان الامتثال لمتطلبات الامتثال لقانون العمل,detective,2,high,True,LOG|REPORT|SCAN_REPORT|AUDIT_REPORT|ACCESS_REVIEW,active
742,ARE,UAE-LAB,33-2021,3.9,Working Hours,Working Hours - Control 9,Working Hours - ضابط 9,The organization shall implement working hours controls to ensure compliance with Labour Law Compliance requirements.,يجب على المنظمة تطبيق ضوابط Working Hours لضمان الامتثال لمتطلبات الامتثال لقانون العمل,corrective,3,medium,True,INCIDENT_REPORT|MEETING_MINUTES|ATTESTATION|RISK_ASSESSMENT,active
743,ARE,UAE-LAB,33-2021,4.9,Leave,Leave - Control 9,Leave - ضابط 9,The organization shall implement leave controls to ensure compliance with Labour Law Compliance requirements.,يجب على المنظمة تطبيق ضوابط Leave لضمان الامتثال لمتطلبات الامتثال لقانون العمل,preventive,4,low,True,POLICY|PROCEDURE|STANDARD|CONFIG|TRAINING_RECORD,active
