
> dogan-ai-os-platform-target@1.0.0 verify:imports /root/DOS-AIO
> pnpm run verify:imports:packages && pnpm run verify:imports:services && pnpm run verify:imports:modules && pnpm run verify:imports:frontend


> dogan-ai-os-platform-target@1.0.0 verify:imports:packages /root/DOS-AIO
> NODE_OPTIONS=--max-old-space-size=6144 node ops/scripts/verify-imports-chunk.mjs packages

[verify:imports:packages] cruising 521 .ts files across packages/*/src
npm warn Unknown env config "verify-deps-before-run". This will stop working in the next major version of npm. See `npm help npmrc` for supported config options.
npm warn Unknown env config "npm-globalconfig". This will stop working in the next major version of npm. See `npm help npmrc` for supported config options.
npm warn Unknown env config "_jsr-registry". This will stop working in the next major version of npm. See `npm help npmrc` for supported config options.
npm warn Unknown env config "shamefully-hoist". This will stop working in the next major version of npm. See `npm help npmrc` for supported config options.
npm warn Unknown project config "shamefully-hoist". This will stop working in the next major version of npm. See `npm help npmrc` for supported config options.

  error no-unresolvable: packages/shahin-product/src/route-catalogs/register-product-routes.ts → ./vendor-routes.catalog
  error no-unresolvable: packages/shahin-product/src/route-catalogs/register-product-routes.ts → ./risk-routes.catalog
  error no-unresolvable: packages/shahin-product/src/route-catalogs/register-product-routes.ts → ./policy-routes.catalog
  error no-unresolvable: packages/shahin-product/src/route-catalogs/register-product-routes.ts → ./governance-routes.catalog
  error no-unresolvable: packages/shahin-product/src/route-catalogs/register-product-routes.ts → ./evidence-routes.catalog
  error no-unresolvable: packages/shahin-product/src/route-catalogs/register-product-routes.ts → ./domain-routes.catalog
  error no-unresolvable: packages/shahin-product/src/route-catalogs/register-product-routes.ts → ./compliance-routes.catalog
  error no-unresolvable: packages/shahin-product/src/route-catalogs/register-product-routes.ts → ./audit-routes.catalog
  error no-unresolvable: packages/shahin-product/src/route-catalogs/register-product-routes.ts → ./ai-routes.catalog
  error no-unresolvable: packages/shahin-product/src/provisioning/shahin-bootstrap-hook.ts → @dos/platform-core/provisioning/product-bootstrap-hook
  error no-unresolvable: packages/shahin-product/src/provisioning/shahin-bootstrap-hook.ts → @dos/platform-core/http/guards/module-guard
  error no-unresolvable: packages/shahin-product/src/provisioning/shahin-bootstrap-hook.ts → @dos/platform-core/config/platform-identity
  error no-unresolvable: packages/shahin-product/src/provisioning/shahin-bootstrap-hook.ts → @dos/platform-core/branding
  error no-unresolvable: packages/shahin-product/src/provisioning/shahin-bootstrap-hook.ts → @dos/module-sdk/governance-os/platform/services/misc/logger.service
  error no-unresolvable: packages/shahin-product/src/provisioning/product-seeds.ts → ../agrc-seeds
  error no-unresolvable: packages/shahin-product/src/product-config/agrc-seeds.ts → ../agrc-product.definition
  error no-unresolvable: packages/shahin-product/src/product-config/agrc-routes.ts → ../agrc-routes
  error no-unresolvable: packages/shahin-product/src/product-config/agrc-product.manifest.ts → ./agrc-product.definition
  error no-unresolvable: packages/shahin-product/src/product-config/agrc-product.definition.ts → ../agrc-product.definition
  error no-unresolvable: packages/shahin-product/src/policies/rules-engine-bridge.ts → ../agrc-rules-engine-bridge
  error no-unresolvable: packages/shahin-product/src/policies/compliance-rules.ts → ../agrc-compliance-rules
  error no-unresolvable: packages/shahin-product/src/navigation/product-nav.ts → ../agrc-nav
  error no-unresolvable: packages/shahin-product/src/manifest/product.manifest.ts → ../agrc-product.manifest
  error no-unresolvable: packages/shahin-product/src/manifest/product.definition.ts → ../agrc-product.definition
  error no-unresolvable: packages/shahin-product/src/jobs/product-jobs.ts → ../agrc-jobs
  error no-unresolvable: packages/shahin-product/src/jobs/index.ts → @dos/module-sdk/platform/jobs/misc/job-types
  error no-unresolvable: packages/shahin-product/src/jobs/index.ts → ../../../services/ai-engine-service/src/runtime/ai/jobs/ai-monitor.job.js
  error no-unresolvable: packages/shahin-product/src/jobs/index.ts → ../../../services/ai-engine-service/src/domain/mcp/jobs/mcp-monitor.job.js
  error no-unresolvable: packages/shahin-product/src/jobs/index.ts → ../../../services/ai-engine-service/src/domain/ai-governance/jobs/ai-governance-monitor.job.js
  error no-unresolvable: packages/shahin-product/src/jobs/index.ts → ../../../platform/dos/jobs/dos-platform.jobs.js
  error no-unresolvable: packages/shahin-product/src/jobs/index.ts → ../../../platform/dauth/jobs/dauth-monitor.job.js
  error no-unresolvable: packages/shahin-product/src/jobs/index.ts → ../../../modules/widgets/jobs/widget-monitor.job.js
  error no-unresolvable: packages/shahin-product/src/jobs/index.ts → ../../../modules/team/jobs/team-monitor.job.js
  error no-unresolvable: packages/shahin-product/src/jobs/index.ts → ../../../modules/risk/jobs/risk-monitor.job.js
  error no-unresolvable: packages/shahin-product/src/jobs/index.ts → ../../../modules/platform/jobs/misc/vendor-bcp-jobs.js
  error no-unresolvable: packages/shahin-product/src/jobs/index.ts → ../../../modules/platform/jobs/misc/grc-engine-jobs.js
  error no-unresolvable: packages/shahin-product/src/jobs/index.ts → ../../../modules/platform/jobs/misc/governance-jobs.js
  error no-unresolvable: packages/shahin-product/src/jobs/index.ts → ../../../modules/platform/jobs/misc/audit-jobs.js
  error no-unresolvable: packages/shahin-product/src/jobs/index.ts → ../../../modules/platform/jobs/misc/agent-jobs.js
  error no-unresolvable: packages/shahin-product/src/jobs/index.ts → ../../../modules/local-knowledge/jobs/local-knowledge-monitor.job.js
  error no-unresolvable: packages/shahin-product/src/jobs/index.ts → ../../../modules/journey/jobs/journey-monitor.job.js
  error no-unresolvable: packages/shahin-product/src/jobs/index.ts → ../../../modules/inbox/jobs/inbox-monitor.job.js
  error no-unresolvable: packages/shahin-product/src/jobs/index.ts → ../../../modules/governance-ai/jobs/governance_ai-monitor.job.js
  error no-unresolvable: packages/shahin-product/src/jobs/index.ts → ../../../modules/fitch/services/fitch-ingestion.job.js
  error no-unresolvable: packages/shahin-product/src/jobs/index.ts → ../../../modules/evidence/jobs/evidence-monitor.job.js
  error no-unresolvable: packages/shahin-product/src/jobs/index.ts → ../../../modules/compliance/jobs/compliance-monitor.job.js
  error no-unresolvable: packages/shahin-product/src/index.ts → ./agrc-agents
  error no-unresolvable: packages/shahin-product/src/index.ts → ./agrc-agent-tools
  error no-unresolvable: packages/shahin-product/src/events/product-events.ts → ../agrc-events
  error no-unresolvable: packages/shahin-product/src/events/product-event-subscribers.ts → ../agrc-event-subscribers
  error no-unresolvable: packages/shahin-product/src/defaults/role-catalog.ts → ../agrc-role-catalog
  error no-unresolvable: packages/shahin-product/src/defaults/product-kpis.ts → ../agrc-kpis
  error no-unresolvable: packages/shahin-product/src/defaults/product-constants.ts → ../agrc-constants
  error no-unresolvable: packages/shahin-product/src/cross-hub/workflow-ops-hub.ts → ./operational/workflow-ops-hub
  error no-unresolvable: packages/shahin-product/src/cross-hub/workers/action-sla.worker.ts → bullmq
  error no-unresolvable: packages/shahin-product/src/cross-hub/workers/action-sla.worker.ts → @dos/platform-core/observability
  error no-unresolvable: packages/shahin-product/src/cross-hub/workers/action-sla.worker.ts → @dos/platform-core/events
  error no-unresolvable: packages/shahin-product/src/cross-hub/workers/action-sla.worker.ts → ../action-hub
  error no-unresolvable: packages/shahin-product/src/cross-hub/vendor-hub.ts → ./extended-modules/vendor-hub
  error no-unresolvable: packages/shahin-product/src/cross-hub/training-gate.ts → ./operational/training-gate
  error no-unresolvable: packages/shahin-product/src/cross-hub/training-certification-hub.ts → ./operational/training-certification-hub
  error no-unresolvable: packages/shahin-product/src/cross-hub/team-stakeholder-hub.ts → ./operational/team-stakeholder-hub
  error no-unresolvable: packages/shahin-product/src/cross-hub/risk-hub.ts → ./core-modules/risk-hub
  error no-unresolvable: packages/shahin-product/src/cross-hub/raci-hub.ts → ./operational/raci-hub
  error no-unresolvable: packages/shahin-product/src/cross-hub/qiyas-maturity-hub.ts → ./operational/qiyas-maturity-hub
  error no-unresolvable: packages/shahin-product/src/cross-hub/privacy-hub.ts → ./operational/privacy-hub
  error no-unresolvable: packages/shahin-product/src/cross-hub/privacy-gate.ts → ./operational/privacy-gate
  error no-unresolvable: packages/shahin-product/src/cross-hub/policy-hub.ts → ./core-modules/policy-hub
  error no-unresolvable: packages/shahin-product/src/cross-hub/operational/workflow-ops-hub.ts → ./helpers
  error no-unresolvable: packages/shahin-product/src/cross-hub/operational/workflow-ops-hub.ts → ../../../modules/risk/services/core/risk.service
  error no-unresolvable: packages/shahin-product/src/cross-hub/operational/training-gate.ts → @dos/platform-core/observability
  error no-unresolvable: packages/shahin-product/src/cross-hub/operational/training-gate.ts → @dos/platform-core/events
  error no-unresolvable: packages/shahin-product/src/cross-hub/operational/training-gate.ts → ./fga-client
  error no-unresolvable: packages/shahin-product/src/cross-hub/operational/training-certification-hub.ts → ./helpers
  error no-unresolvable: packages/shahin-product/src/cross-hub/operational/training-certification-hub.ts → ../../../modules/bcp/services/bcm-advanced.service
  error no-unresolvable: packages/shahin-product/src/cross-hub/operational/team-stakeholder-hub.ts → @dos/platform-core/resilience
  error no-unresolvable: packages/shahin-product/src/cross-hub/operational/team-stakeholder-hub.ts → @dos/platform-core/constants
  error no-unresolvable: packages/shahin-product/src/cross-hub/operational/team-stakeholder-hub.ts → ./helpers
  error no-unresolvable: packages/shahin-product/src/cross-hub/operational/team-stakeholder-hub.ts → ../../../modules/workflow/services/templates/workflow-templates.service
  error no-unresolvable: packages/shahin-product/src/cross-hub/operational/team-stakeholder-hub.ts → ../../../modules/workflow/services/core/workflow.service
  error no-unresolvable: packages/shahin-product/src/cross-hub/operational/team-stakeholder-hub.ts → ../../../modules/risk/services/core/risk.service
  error no-unresolvable: packages/shahin-product/src/cross-hub/operational/raci-hub.ts → @dos/platform-core/resilience
  error no-unresolvable: packages/shahin-product/src/cross-hub/operational/raci-hub.ts → ./helpers
  error no-unresolvable: packages/shahin-product/src/cross-hub/operational/raci-hub.ts → ../../../modules/platform/services/workspace/workspace-seed.service
  error no-unresolvable: packages/shahin-product/src/cross-hub/operational/qiyas-maturity-hub.ts → ./helpers
  error no-unresolvable: packages/shahin-product/src/cross-hub/operational/privacy-hub.ts → @dos/platform-core/resilience
  error no-unresolvable: packages/shahin-product/src/cross-hub/operational/privacy-hub.ts → ../helpers
  error no-unresolvable: packages/shahin-product/src/cross-hub/operational/privacy-gate.ts → @dos/platform-core/observability
  error no-unresolvable: packages/shahin-product/src/cross-hub/operational/privacy-gate.ts → @dos/platform-core/events
  error no-unresolvable: packages/shahin-product/src/cross-hub/operational/privacy-gate.ts → ./fga-client
  error no-unresolvable: packages/shahin-product/src/cross-hub/operational/operational-hubs.ts → ./workflow-ops-hub
  error no-unresolvable: packages/shahin-product/src/cross-hub/operational/operational-hubs.ts → ./training-certification-hub
  error no-unresolvable: packages/shahin-product/src/cross-hub/operational/operational-hubs.ts → ./team-stakeholder-hub
  error no-unresolvable: packages/shahin-product/src/cross-hub/operational/operational-hubs.ts → ./raci-hub
  error no-unresolvable: packages/shahin-product/src/cross-hub/operational/operational-hubs.ts → ./qiyas-maturity-hub
  error no-unresolvable: packages/shahin-product/src/cross-hub/operational/operational-hubs.ts → ./lifecycle-status-hub
  error no-unresolvable: packages/shahin-product/src/cross-hub/operational/operational-hubs.ts → ./knowledge-hub
  error no-unresolvable: packages/shahin-product/src/cross-hub/operational/operational-hubs.ts → ./helpers
  error no-unresolvable: packages/shahin-product/src/cross-hub/operational/operational-hubs.ts → ./ccm-connector-hub
  error no-unresolvable: packages/shahin-product/src/cross-hub/operational/operational-hubs.ts → ./bcp-proactive-hub
  error no-unresolvable: packages/shahin-product/src/cross-hub/operational/link-integrity-hub.ts → @dos/platform-core/observability
  error no-unresolvable: packages/shahin-product/src/cross-hub/operational/link-integrity-hub.ts → @dos/platform-core/events
  error no-unresolvable: packages/shahin-product/src/cross-hub/operational/link-integrity-hub.ts → ../../../modules/platform/services/entity/entity-link-integrity.service
  error no-unresolvable: packages/shahin-product/src/cross-hub/operational/lifecycle-status-hub.ts → @dos/platform-core/constants
  error no-unresolvable: packages/shahin-product/src/cross-hub/operational/lifecycle-status-hub.ts → ./helpers
  error no-unresolvable: packages/shahin-product/src/cross-hub/operational/knowledge-hub.ts → @dos/platform-core/resilience
  error no-unresolvable: packages/shahin-product/src/cross-hub/operational/knowledge-hub.ts → ./helpers
  error no-unresolvable: packages/shahin-product/src/cross-hub/operational/knowledge-hub.ts → ../../../modules/risk/services/core/risk.service
  error no-unresolvable: packages/shahin-product/src/cross-hub/operational/helpers.ts → @dos/platform-core/workflows
  error no-unresolvable: packages/shahin-product/src/cross-hub/operational/helpers.ts → @dos/platform-core/resilience
  error no-unresolvable: packages/shahin-product/src/cross-hub/operational/helpers.ts → @dos/platform-core/observability
  error no-unresolvable: packages/shahin-product/src/cross-hub/operational/helpers.ts → @dos/platform-core/events
  error no-unresolvable: packages/shahin-product/src/cross-hub/operational/fga-client.ts → @openfga/sdk
  error no-unresolvable: packages/shahin-product/src/cross-hub/operational/ccm-connector-hub.ts → @dos/platform-core/resilience
  error no-unresolvable: packages/shahin-product/src/cross-hub/operational/ccm-connector-hub.ts → ../helpers
  error no-unresolvable: packages/shahin-product/src/cross-hub/operational/ccm-connector-hub.ts → ../../../../modules/risk/services/core/risk.service.js
  error no-unresolvable: packages/shahin-product/src/cross-hub/operational/bcp-proactive-hub.ts → @dos/types/db
  error no-unresolvable: packages/shahin-product/src/cross-hub/operational/bcp-proactive-hub.ts → @dos/platform-core/resilience
  error no-unresolvable: packages/shahin-product/src/cross-hub/operational/bcp-proactive-hub.ts → ./helpers
  error no-unresolvable: packages/shahin-product/src/cross-hub/operational/bcp-proactive-hub.ts → ../../../modules/bcp/services/bcm-advanced.service
  error no-unresolvable: packages/shahin-product/src/cross-hub/operational/advanced-hub.ts → ./helpers
  error no-unresolvable: packages/shahin-product/src/cross-hub/operational/advanced-hub.ts → ../../../modules/risk/services/core/risk.service
  error no-unresolvable: packages/shahin-product/src/cross-hub/operational-hubs.ts → ./operational/operational-hubs
  error no-unresolvable: packages/shahin-product/src/cross-hub/link-integrity-hub.ts → ./operational/link-integrity-hub
  error no-unresolvable: packages/shahin-product/src/cross-hub/lifecycle-status-hub.ts → @dos/platform-core/constants
  error no-unresolvable: packages/shahin-product/src/cross-hub/lifecycle-status-hub.ts → ./helpers
  error no-unresolvable: packages/shahin-product/src/cross-hub/knowledge-hub.ts → ./extended-modules/knowledge-hub
  error no-unresolvable: packages/shahin-product/src/cross-hub/index.ts → @dos/platform-core/observability
  error no-unresolvable: packages/shahin-product/src/cross-hub/index.ts → @dos/platform-core/events
  error no-unresolvable: packages/shahin-product/src/cross-hub/index.ts → ./vendor-hub
  error no-unresolvable: packages/shahin-product/src/cross-hub/index.ts → ./risk-hub
  error no-unresolvable: packages/shahin-product/src/cross-hub/index.ts → ./privacy-hub
  error no-unresolvable: packages/shahin-product/src/cross-hub/index.ts → ./policy-hub
  error no-unresolvable: packages/shahin-product/src/cross-hub/index.ts → ./operational-hubs
  error no-unresolvable: packages/shahin-product/src/cross-hub/index.ts → ./link-integrity-hub
  error no-unresolvable: packages/shahin-product/src/cross-hub/index.ts → ./incident-hub
  error no-unresolvable: packages/shahin-product/src/cross-hub/index.ts → ./governance-hub
  error no-unresolvable: packages/shahin-product/src/cross-hub/index.ts → ./framework-hub
  error no-unresolvable: packages/shahin-product/src/cross-hub/index.ts → ./evidence-hub
  error no-unresolvable: packages/shahin-product/src/cross-hub/index.ts → ./control-hub
  error no-unresolvable: packages/shahin-product/src/cross-hub/index.ts → ./compliance-posture-hub
  error no-unresolvable: packages/shahin-product/src/cross-hub/index.ts → ./compliance-hub
  error no-unresolvable: packages/shahin-product/src/cross-hub/index.ts → ./audit-hub
  error no-unresolvable: packages/shahin-product/src/cross-hub/index.ts → ./advanced-hub
  error no-unresolvable: packages/shahin-product/src/cross-hub/index.ts → ./admin-hub
  error no-unresolvable: packages/shahin-product/src/cross-hub/incident-hub.ts → ./extended-modules/incident-hub
  error no-unresolvable: packages/shahin-product/src/cross-hub/helpers.ts → @dos/platform-core/workflows
  error no-unresolvable: packages/shahin-product/src/cross-hub/helpers.ts → @dos/platform-core/resilience
  error no-unresolvable: packages/shahin-product/src/cross-hub/helpers.ts → @dos/platform-core/observability
  error no-unresolvable: packages/shahin-product/src/cross-hub/helpers.ts → @dos/platform-core/events
  error no-unresolvable: packages/shahin-product/src/cross-hub/governance-hub.ts → ./core-modules/governance-hub
  error no-unresolvable: packages/shahin-product/src/cross-hub/framework-hub.ts → ./extended-modules/framework-hub
  error no-unresolvable: packages/shahin-product/src/cross-hub/fga-client.ts → @openfga/sdk
  error no-unresolvable: packages/shahin-product/src/cross-hub/extended-modules/vendor-hub.ts → ./helpers
  error no-unresolvable: packages/shahin-product/src/cross-hub/extended-modules/vendor-hub.ts → ../../../modules/risk/services/core/risk.service
  error no-unresolvable: packages/shahin-product/src/cross-hub/extended-modules/vendor-hub.ts → ../../../modules/governance/services/misc/enforcement-gate.service
  error no-unresolvable: packages/shahin-product/src/cross-hub/extended-modules/knowledge-hub.ts → @dos/platform-core/resilience
  error no-unresolvable: packages/shahin-product/src/cross-hub/extended-modules/knowledge-hub.ts → ./helpers
  error no-unresolvable: packages/shahin-product/src/cross-hub/extended-modules/knowledge-hub.ts → ../../../modules/risk/services/core/risk.service
  error no-unresolvable: packages/shahin-product/src/cross-hub/extended-modules/incident-hub.ts → @dos/types/db
  error no-unresolvable: packages/shahin-product/src/cross-hub/extended-modules/incident-hub.ts → @dos/platform-core/workflows
  error no-unresolvable: packages/shahin-product/src/cross-hub/extended-modules/incident-hub.ts → @dos/platform-core/resilience
  error no-unresolvable: packages/shahin-product/src/cross-hub/extended-modules/incident-hub.ts → ../helpers
  error no-unresolvable: packages/shahin-product/src/cross-hub/extended-modules/incident-hub.ts → ../../../../modules/risk/services/core/risk.service.js
  error no-unresolvable: packages/shahin-product/src/cross-hub/extended-modules/incident-hub.ts → ../../../../modules/risk/services/auto-risk-scoring.service.js
  error no-unresolvable: packages/shahin-product/src/cross-hub/extended-modules/incident-hub.ts → ../../../../modules/remediation/services/remediation.service.js
  error no-unresolvable: packages/shahin-product/src/cross-hub/extended-modules/helpers.ts → @dos/platform-core/workflows
  error no-unresolvable: packages/shahin-product/src/cross-hub/extended-modules/helpers.ts → @dos/platform-core/resilience
  error no-unresolvable: packages/shahin-product/src/cross-hub/extended-modules/helpers.ts → @dos/platform-core/observability
  error no-unresolvable: packages/shahin-product/src/cross-hub/extended-modules/helpers.ts → @dos/platform-core/events
  error no-unresolvable: packages/shahin-product/src/cross-hub/extended-modules/framework-hub.ts → ../helpers
  error no-unresolvable: packages/shahin-product/src/cross-hub/extended-modules/exception-hub.ts → @dos/platform-core/observability
  error no-unresolvable: packages/shahin-product/src/cross-hub/extended-modules/exception-hub.ts → @dos/platform-core/events
  error no-unresolvable: packages/shahin-product/src/cross-hub/extended-modules/exception-hub.ts → @dos/platform-core/constants
  error no-unresolvable: packages/shahin-product/src/cross-hub/extended-modules/admin-hub.ts → @dos/platform-core/resilience
  error no-unresolvable: packages/shahin-product/src/cross-hub/extended-modules/admin-hub.ts → ./helpers
  error no-unresolvable: packages/shahin-product/src/cross-hub/extended-modules/admin-hub.ts → ../../../modules/risk/services/core/risk.service
  error no-unresolvable: packages/shahin-product/src/cross-hub/extended-modules/action-hub.ts → bullmq
  error no-unresolvable: packages/shahin-product/src/cross-hub/extended-modules/action-hub.ts → @dos/platform-core/observability
  error no-unresolvable: packages/shahin-product/src/cross-hub/extended-modules/action-hub.ts → @dos/platform-core/events
  error no-unresolvable: packages/shahin-product/src/cross-hub/extended-modules/action-hub.ts → @dos/platform-core/constants
  error no-unresolvable: packages/shahin-product/src/cross-hub/exception-hub.ts → ./extended-modules/exception-hub
  error no-unresolvable: packages/shahin-product/src/cross-hub/evidence-hub.ts → ./core-modules/evidence-hub
  error no-unresolvable: packages/shahin-product/src/cross-hub/core-modules/risk-hub.ts → @dos/platform-core/resilience
  error no-unresolvable: packages/shahin-product/src/cross-hub/core-modules/risk-hub.ts → ../helpers
  error no-unresolvable: packages/shahin-product/src/cross-hub/core-modules/policy-hub.ts → ./helpers
  error no-unresolvable: packages/shahin-product/src/cross-hub/core-modules/helpers.ts → @dos/platform-core/workflows
  error no-unresolvable: packages/shahin-product/src/cross-hub/core-modules/helpers.ts → @dos/platform-core/resilience
  error no-unresolvable: packages/shahin-product/src/cross-hub/core-modules/helpers.ts → @dos/platform-core/observability
  error no-unresolvable: packages/shahin-product/src/cross-hub/core-modules/helpers.ts → @dos/platform-core/events
  error no-unresolvable: packages/shahin-product/src/cross-hub/core-modules/governance-hub.ts → @dos/platform-core/observability
  error no-unresolvable: packages/shahin-product/src/cross-hub/core-modules/governance-hub.ts → ./helpers
  error no-unresolvable: packages/shahin-product/src/cross-hub/core-modules/evidence-hub.ts → @dos/platform-core/observability
  error no-unresolvable: packages/shahin-product/src/cross-hub/core-modules/evidence-hub.ts → ./helpers
  error no-unresolvable: packages/shahin-product/src/cross-hub/core-modules/evidence-hub.ts → ../../../modules/evidence/services/analysis/evidence-quality-scoring.service
  error no-unresolvable: packages/shahin-product/src/cross-hub/core-modules/control-hub.ts → @dos/platform-core/observability
  error no-unresolvable: packages/shahin-product/src/cross-hub/core-modules/control-hub.ts → ./helpers
  error no-unresolvable: packages/shahin-product/src/cross-hub/core-modules/control-hub.ts → ../../../modules/risk/services/core/risk.service
  error no-unresolvable: packages/shahin-product/src/cross-hub/core-modules/control-hub.ts → ../../../modules/compliance/services/misc/control-dependency-graph.service
  error no-unresolvable: packages/shahin-product/src/cross-hub/core-modules/compliance-posture-hub.ts → @dos/types/db
  error no-unresolvable: packages/shahin-product/src/cross-hub/core-modules/compliance-posture-hub.ts → @dos/platform-core/observability
  error no-unresolvable: packages/shahin-product/src/cross-hub/core-modules/compliance-posture-hub.ts → ./helpers
  error no-unresolvable: packages/shahin-product/src/cross-hub/core-modules/compliance-posture-hub.ts → ../../../modules/evidence/services/analysis/evidence-quality-scoring.service
  error no-unresolvable: packages/shahin-product/src/cross-hub/core-modules/compliance-posture-hub.ts → ../../../modules/analytics/services/analytics/analytics.service
  error no-unresolvable: packages/shahin-product/src/cross-hub/core-modules/compliance-hub.ts → @dos/platform-core/resilience
  error no-unresolvable: packages/shahin-product/src/cross-hub/core-modules/compliance-hub.ts → ./helpers
  error no-unresolvable: packages/shahin-product/src/cross-hub/core-modules/compliance-hub.ts → ../../../modules/risk/services/core/risk.service
  error no-unresolvable: packages/shahin-product/src/cross-hub/core-modules/compliance-hub.ts → ../../../modules/remediation/services/remediation.service
  error no-unresolvable: packages/shahin-product/src/cross-hub/core-modules/audit-hub.ts → ./helpers
  error no-unresolvable: packages/shahin-product/src/cross-hub/core-modules/audit-hub.ts → ../../../modules/risk/services/core/risk.service
  error no-unresolvable: packages/shahin-product/src/cross-hub/core-modules/audit-hub.ts → ../../../modules/remediation/services/remediation.service
  error no-unresolvable: packages/shahin-product/src/cross-hub/control-hub.ts → ./core-modules/control-hub
  error no-unresolvable: packages/shahin-product/src/cross-hub/compliance-posture-hub.ts → ./core-modules/compliance-posture-hub
  error no-unresolvable: packages/shahin-product/src/cross-hub/compliance-hub.ts → ./core-modules/compliance-hub
  error no-unresolvable: packages/shahin-product/src/cross-hub/ccm-connector-hub.ts → ./operational/ccm-connector-hub
  error no-unresolvable: packages/shahin-product/src/cross-hub/bcp-proactive-hub.ts → ./operational/bcp-proactive-hub
  error no-unresolvable: packages/shahin-product/src/cross-hub/audit-hub.ts → ./core-modules/audit-hub
  error no-unresolvable: packages/shahin-product/src/cross-hub/advanced-hub.ts → ./operational/advanced-hub
  error no-unresolvable: packages/shahin-product/src/cross-hub/admin-hub.ts → ./extended-modules/admin-hub
  error no-unresolvable: packages/shahin-product/src/cross-hub/action-hub.ts → ./extended-modules/action-hub
  error no-unresolvable: packages/shahin-product/src/contracts/module-crud-catalog.ts → ../shahin-module-crud-catalog
  error no-unresolvable: packages/shahin-product/src/contracts/entity-links.ts → ../agrc-entity-links
  error no-unresolvable: packages/shahin-product/src/contracts/asset-catalog.ts → ../shahin-ai-asset-catalog
  error no-unresolvable: packages/shahin-product/src/composition/service-manifest.ts → ../agrc-service-manifest
  error no-unresolvable: packages/shahin-product/src/composition/route-ownership.ts → ../agrc-route-ownership
  error no-unresolvable: packages/shahin-product/src/composition/route-manifest.ts → ../agrc-route-manifest
  error no-unresolvable: packages/shahin-product/src/automation/register-grc-workers.ts → @dos/platform-core/automation/tenant-automation-engine.service
  error no-unresolvable: packages/shahin-product/src/automation/register-grc-workers.ts → @dos/module-sdk/agrc-engine/workers/remediation-overdue.worker
  error no-unresolvable: packages/shahin-product/src/automation/register-grc-workers.ts → @dos/module-sdk/agrc-engine/workers/policy-review.worker
  error no-unresolvable: packages/shahin-product/src/automation/register-grc-workers.ts → @dos/module-sdk/agrc-engine/workers/kri-breach.worker
  error no-unresolvable: packages/shahin-product/src/automation/register-grc-workers.ts → @dos/module-sdk/agrc-engine/workers/control-monitor.worker
  error no-unresolvable: packages/shahin-product/src/automation/continuous-compliance-orchestrator.service.ts → cron-parser
  error no-unresolvable: packages/shahin-product/src/automation/continuous-compliance-orchestrator.service.ts → @dos/platform-core/workflows
  error no-unresolvable: packages/shahin-product/src/automation/continuous-compliance-orchestrator.service.ts → @dos/platform-core/resilience/resilient-catch
  error no-unresolvable: packages/shahin-product/src/automation/continuous-compliance-orchestrator.service.ts → @dos/platform-core/observability
  error no-unresolvable: packages/shahin-product/src/automation/continuous-compliance-orchestrator.service.ts → @dos/platform-core/events
  error no-unresolvable: packages/shahin-product/src/automation/continuous-compliance-orchestrator.service.ts → @dos/module-sdk/audit/services/audit/core/audit-trail.service
  error no-unresolvable: packages/shahin-product/src/ai/tools/a12-training-tools.ts → @dos/types/db
  error no-unresolvable: packages/shahin-product/src/ai/tools/a12-training-tools.ts → @dos/platform-core/observability
  error no-unresolvable: packages/shahin-product/src/ai/tools/a11-bcp-tools.ts → @dos/platform-core/observability
  error no-unresolvable: packages/shahin-product/src/ai/tools/a10-audit-tools.ts → @dos/platform-core/observability
  error no-unresolvable: packages/shahin-product/src/ai/tools/a09-vendor-tools.ts → @dos/platform-core/observability
  error no-unresolvable: packages/shahin-product/src/ai/tools/a09-vendor-tools.ts → @dos/platform-core/events
  error no-unresolvable: packages/shahin-product/src/ai/tools/a08-policy-tools.ts → @dos/types/db
  error no-unresolvable: packages/shahin-product/src/ai/tools/a08-policy-tools.ts → @dos/platform-core/workflows
  error no-unresolvable: packages/shahin-product/src/ai/tools/a07-risk-tools.ts → @dos/types/db
  error no-unresolvable: packages/shahin-product/src/ai/tools/a07-risk-tools.ts → @dos/platform-core/workflows
  error no-unresolvable: packages/shahin-product/src/ai/tools/a07-risk-tools.ts → @dos/platform-core/observability
  error no-unresolvable: packages/shahin-product/src/ai/tools/a07-risk-tools.ts → @dos/platform-core/events
  error no-unresolvable: packages/shahin-product/src/ai/tools/a06-gap-remediation-tools.ts → @dos/platform-core/workflows
  error no-unresolvable: packages/shahin-product/src/ai/tools/a05-evidence-tools.ts → @dos/platform-core/workflows
  error no-unresolvable: packages/shahin-product/src/ai/tools/a04-control-tools.ts → @dos/platform-core/observability
  error no-unresolvable: packages/shahin-product/src/ai/tools/a03-framework-tools.ts → @dos/platform-core/workflows
  error no-unresolvable: packages/shahin-product/src/ai/tools/a02-identity-access-tools.ts → @dos/types/db
  error no-unresolvable: packages/shahin-product/src/ai/tools/a02-identity-access-tools.ts → @dos/platform-core/workflows
  error no-unresolvable: packages/shahin-product/src/ai/tools/a02-identity-access-tools.ts → @dos/platform-core/resilience
  error no-unresolvable: packages/shahin-product/src/ai/tools/a02-identity-access-tools.ts → @dos/platform-core/events
  error no-unresolvable: packages/shahin-product/src/ai/tools/a02-identity-access-tools.ts → ../../../../platform/dauth/delegation/delegation.service
  error no-unresolvable: packages/shahin-product/src/ai/tools/a01-onboarding-tools.ts → @dos/platform-core/workflows
  error no-unresolvable: packages/shahin-product/src/ai/product-agents.ts → ../agrc-agents
  error no-unresolvable: packages/shahin-product/src/ai/agent-bootstrap.ts → @dos/platform-core/agents/tools/tool-sync-adapter.service
  error no-unresolvable: packages/shahin-product/src/ai/agent-bootstrap.ts → @dos/platform-core/agents/registry/agent-registry.service
  error no-unresolvable: packages/shahin-product/src/ai/agent-bootstrap.ts → @dos/platform-core/agents/contracts/agent.types
  error no-unresolvable: packages/shahin-product/src/ai/agent-bootstrap.ts → ../agrc-agents
  error no-unresolvable: packages/shahin-product/src/ai/agent-bootstrap.ts → ../../../ai/tools/tool-registry
  error no-unresolvable: packages/shahin-product/src/agrc-rules-engine-bridge.ts → @dos/platform-core/workflows
  error no-unresolvable: packages/shahin-product/src/agrc-rules-engine-bridge.ts → @dos/platform-core/resilience
  error no-unresolvable: packages/shahin-product/src/agrc-rules-engine-bridge.ts → @dos/platform-core/events
  error no-unresolvable: packages/shahin-product/src/agrc-rules-engine-bridge.ts → ./agrc-compliance-rules
  error no-unresolvable: packages/shahin-product/src/agrc-product.manifest.ts → ./agrc-product.definition
  error no-unresolvable: packages/shahin-product/src/agrc-product.definition.ts → ./defaults/registration-defaults
  error no-unresolvable: packages/shahin-product/src/agrc-product.definition.ts → ./agrc-seeds
  error no-unresolvable: packages/shahin-product/src/agrc-product.definition.ts → ./agrc-routes
  error no-unresolvable: packages/shahin-product/src/agrc-product.definition.ts → ./agrc-nav
  error no-unresolvable: packages/shahin-product/src/agrc-product.definition.ts → ./agrc-kpis
  error no-unresolvable: packages/shahin-product/src/agrc-product.definition.ts → ./agrc-jobs
  error no-unresolvable: packages/shahin-product/src/agrc-product.definition.ts → ./agrc-events
  error no-unresolvable: packages/shahin-product/src/agrc-product.definition.ts → ./agrc-agents
  error no-unresolvable: packages/shahin-product/src/agrc-event-subscribers.ts → @dos/platform-core/observability
  error no-unresolvable: packages/shahin-product/src/agrc-event-subscribers.ts → @dos/platform-core/events
  error no-unresolvable: packages/shahin-product/src/agrc-event-subscribers.ts → ./cross-hub/index
  error no-unresolvable: packages/shahin-product/src/agrc-event-subscribers.ts → ./agrc-events
  error no-unresolvable: packages/shahin-product/src/agrc-event-subscribers.ts → ../../modules/workflow/source/backend/workflow/events/bus/workflow.consumer
  error no-unresolvable: packages/shahin-product/src/agrc-event-subscribers.ts → ../../modules/workflow/services/tasks/task-board.service
  error no-unresolvable: packages/shahin-product/src/agrc-event-subscribers.ts → ../../modules/workflow/services/tasks/task-auto-resolution.service
  error no-unresolvable: packages/shahin-product/src/agrc-event-subscribers.ts → ../../modules/workflow/events/workflow.subscribers
  error no-unresolvable: packages/shahin-product/src/agrc-event-subscribers.ts → ../../modules/widgets/source/backend/widgets/events/bus/widgets.consumer
  error no-unresolvable: packages/shahin-product/src/agrc-event-subscribers.ts → ../../modules/widgets/events/widgets.subscribers
  error no-unresolvable: packages/shahin-product/src/agrc-event-subscribers.ts → ../../modules/vendor/source/backend/vendor/events/bus/vendor.consumer
  error no-unresolvable: packages/shahin-product/src/agrc-event-subscribers.ts → ../../modules/vendor/services/vendor/vendor-enhancements.service
  error no-unresolvable: packages/shahin-product/src/agrc-event-subscribers.ts → ../../modules/vendor/services/vendor/vendor-cross-agent.service
  error no-unresolvable: packages/shahin-product/src/agrc-event-subscribers.ts → ../../modules/vendor/events/vendor.subscribers
  error no-unresolvable: packages/shahin-product/src/agrc-event-subscribers.ts → ../../modules/training/source/backend/training/events/bus/training.consumer
  error no-unresolvable: packages/shahin-product/src/agrc-event-subscribers.ts → ../../modules/training/events/training.subscribers
  error no-unresolvable: packages/shahin-product/src/agrc-event-subscribers.ts → ../../modules/team/source/backend/team/events/bus/team.consumer
  error no-unresolvable: packages/shahin-product/src/agrc-event-subscribers.ts → ../../modules/team/events/team.subscribers
  error no-unresolvable: packages/shahin-product/src/agrc-event-subscribers.ts → ../../modules/risk/source/backend/risk/events/bus/risk.consumer
  error no-unresolvable: packages/shahin-product/src/agrc-event-subscribers.ts → ../../modules/risk/events/risk.subscribers
  error no-unresolvable: packages/shahin-product/src/agrc-event-subscribers.ts → ../../modules/reporting/source/backend/reporting/events/bus/reporting.consumer
  error no-unresolvable: packages/shahin-product/src/agrc-event-subscribers.ts → ../../modules/reporting/events/reporting.subscribers
  error no-unresolvable: packages/shahin-product/src/agrc-event-subscribers.ts → ../../modules/remediation/source/backend/remediation/events/bus/remediation.consumer
  error no-unresolvable: packages/shahin-product/src/agrc-event-subscribers.ts → ../../modules/remediation/events/remediation.subscribers
  error no-unresolvable: packages/shahin-product/src/agrc-event-subscribers.ts → ../../modules/records/source/backend/records/events/bus/records.consumer
  error no-unresolvable: packages/shahin-product/src/agrc-event-subscribers.ts → ../../modules/records/events/records.subscribers
  error no-unresolvable: packages/shahin-product/src/agrc-event-subscribers.ts → ../../modules/qiyas/source/backend/qiyas/events/bus/qiyas.consumer
  error no-unresolvable: packages/shahin-product/src/agrc-event-subscribers.ts → ../../modules/qiyas/events/qiyas.subscribers
  error no-unresolvable: packages/shahin-product/src/agrc-event-subscribers.ts → ../../modules/proactive-leadership/source/backend/proactive-leadership/events/bus/proactive-leadership.consumer
  error no-unresolvable: packages/shahin-product/src/agrc-event-subscribers.ts → ../../modules/proactive-leadership/events/proactive-leadership.subscribers
  error no-unresolvable: packages/shahin-product/src/agrc-event-subscribers.ts → ../../modules/privacy/source/backend/privacy/events/bus/privacy.consumer
  error no-unresolvable: packages/shahin-product/src/agrc-event-subscribers.ts → ../../modules/privacy/events/privacy.subscribers
  error no-unresolvable: packages/shahin-product/src/agrc-event-subscribers.ts → ../../modules/portals/source/backend/portals/events/bus/portals.consumer
  error no-unresolvable: packages/shahin-product/src/agrc-event-subscribers.ts → ../../modules/portals/events/portals.subscribers
  error no-unresolvable: packages/shahin-product/src/agrc-event-subscribers.ts → ../../modules/policy/source/backend/policy/events/bus/policy.consumer
  error no-unresolvable: packages/shahin-product/src/agrc-event-subscribers.ts → ../../modules/policy/events/policy.subscribers
  error no-unresolvable: packages/shahin-product/src/agrc-event-subscribers.ts → ../../modules/playbooks/source/backend/playbooks/events/bus/playbooks.consumer
  error no-unresolvable: packages/shahin-product/src/agrc-event-subscribers.ts → ../../modules/platform/services/event/event-bus.service
  error no-unresolvable: packages/shahin-product/src/agrc-event-subscribers.ts → ../../modules/platform/services/cross/cross-module-chain-handler.service
  error no-unresolvable: packages/shahin-product/src/agrc-event-subscribers.ts → ../../modules/platform/services/agrc/agrc-runbook.service
  error no-unresolvable: packages/shahin-product/src/agrc-event-subscribers.ts → ../../modules/platform/services/agrc/agrc-notification-bridge.service
  error no-unresolvable: packages/shahin-product/src/agrc-event-subscribers.ts → ../../modules/packs/source/backend/packs/events/bus/packs.consumer
  error no-unresolvable: packages/shahin-product/src/agrc-event-subscribers.ts → ../../modules/operating-cockpit/source/backend/operating-cockpit/events/bus/operating-cockpit.consumer
  error no-unresolvable: packages/shahin-product/src/agrc-event-subscribers.ts → ../../modules/onboarding/source/backend/onboarding/events/bus/onboarding.consumer
  error no-unresolvable: packages/shahin-product/src/agrc-event-subscribers.ts → ../../modules/onboarding/events/onboarding.subscribers
  error no-unresolvable: packages/shahin-product/src/agrc-event-subscribers.ts → ../../modules/notification/source/backend/notification/events/bus/notification.consumer
  error no-unresolvable: packages/shahin-product/src/agrc-event-subscribers.ts → ../../modules/notification/services/notification.service
  error no-unresolvable: packages/shahin-product/src/agrc-event-subscribers.ts → ../../modules/notification/events/notification.subscribers
  error no-unresolvable: packages/shahin-product/src/agrc-event-subscribers.ts → ../../modules/navigation/services/navigation-health.service
  error no-unresolvable: packages/shahin-product/src/agrc-event-subscribers.ts → ../../modules/navigation/events/navigation.events
  error no-unresolvable: packages/shahin-product/src/agrc-event-subscribers.ts → ../../modules/mobile/source/backend/mobile/events/bus/mobile.consumer
  error no-unresolvable: packages/shahin-product/src/agrc-event-subscribers.ts → ../../modules/mcp/source/backend/mcp/events/bus/mcp.consumer
  error no-unresolvable: packages/shahin-product/src/agrc-event-subscribers.ts → ../../modules/local-knowledge/source/backend/local-knowledge/events/bus/local-knowledge.consumer
  error no-unresolvable: packages/shahin-product/src/agrc-event-subscribers.ts → ../../modules/ksa-regulatory/source/backend/ksa-regulatory/events/bus/ksa-regulatory.consumer
  error no-unresolvable: packages/shahin-product/src/agrc-event-subscribers.ts → ../../modules/knowledge/source/backend/knowledge/events/bus/knowledge.consumer
  error no-unresolvable: packages/shahin-product/src/agrc-event-subscribers.ts → ../../modules/journey/source/backend/journey/events/bus/journey.consumer
  error no-unresolvable: packages/shahin-product/src/agrc-event-subscribers.ts → ../../modules/journey/events/journey.subscribers
  error no-unresolvable: packages/shahin-product/src/agrc-event-subscribers.ts → ../../modules/issues/source/backend/issues/events/bus/issues.consumer
  error no-unresolvable: packages/shahin-product/src/agrc-event-subscribers.ts → ../../modules/issues/events/issues.subscribers
  error no-unresolvable: packages/shahin-product/src/agrc-event-subscribers.ts → ../../modules/integrations/source/backend/integrations/events/bus/integrations.consumer
  error no-unresolvable: packages/shahin-product/src/agrc-event-subscribers.ts → ../../modules/integrations/events/integrations.subscribers
  error no-unresolvable: packages/shahin-product/src/agrc-event-subscribers.ts → ../../modules/incident/source/backend/incident/events/bus/incident.consumer
  error no-unresolvable: packages/shahin-product/src/agrc-event-subscribers.ts → ../../modules/incident/events/incident.subscribers
  error no-unresolvable: packages/shahin-product/src/agrc-event-subscribers.ts → ../../modules/inbox/source/backend/inbox/events/bus/inbox.consumer
  error no-unresolvable: packages/shahin-product/src/agrc-event-subscribers.ts → ../../modules/inbox/events/inbox.subscribers
  error no-unresolvable: packages/shahin-product/src/agrc-event-subscribers.ts → ../../modules/grc-query/source/backend/grc-query/events/bus/grc-query.consumer
  error no-unresolvable: packages/shahin-product/src/agrc-event-subscribers.ts → ../../modules/governance/source/backend/governance/events/bus/governance.consumer
  error no-unresolvable: packages/shahin-product/src/agrc-event-subscribers.ts → ../../modules/governance/services/misc/enforcement-gate.service
  error no-unresolvable: packages/shahin-product/src/agrc-event-subscribers.ts → ../../modules/governance/events/governance.subscribers
  error no-unresolvable: packages/shahin-product/src/agrc-event-subscribers.ts → ../../modules/governance-os/source/backend/governance-os/events/bus/governance-os.consumer
  error no-unresolvable: packages/shahin-product/src/agrc-event-subscribers.ts → ../../modules/governance-ai/source/backend/governance-ai/events/bus/governance-ai.consumer
  error no-unresolvable: packages/shahin-product/src/agrc-event-subscribers.ts → ../../modules/fitch/source/backend/fitch/events/bus/fitch.consumer
  error no-unresolvable: packages/shahin-product/src/agrc-event-subscribers.ts → ../../modules/executive/source/backend/executive/events/bus/executive.consumer
  error no-unresolvable: packages/shahin-product/src/agrc-event-subscribers.ts → ../../modules/exception/source/backend/exception/events/bus/exception.consumer
  error no-unresolvable: packages/shahin-product/src/agrc-event-subscribers.ts → ../../modules/exception/events/exception.subscribers
  error no-unresolvable: packages/shahin-product/src/agrc-event-subscribers.ts → ../../modules/evidence/source/backend/evidence/events/bus/evidence.consumer
  error no-unresolvable: packages/shahin-product/src/agrc-event-subscribers.ts → ../../modules/evidence/events/evidence.subscribers
  error no-unresolvable: packages/shahin-product/src/agrc-event-subscribers.ts → ../../modules/dora/source/backend/dora/events/bus/dora.consumer
  error no-unresolvable: packages/shahin-product/src/agrc-event-subscribers.ts → ../../modules/dora/events/dora.subscribers
  error no-unresolvable: packages/shahin-product/src/agrc-event-subscribers.ts → ../../modules/dashboard/source/backend/dashboard/events/bus/dashboard.consumer
  error no-unresolvable: packages/shahin-product/src/agrc-event-subscribers.ts → ../../modules/dashboard-editor/source/backend/dashboard-editor/events/bus/dashboard-editor.consumer
  error no-unresolvable: packages/shahin-product/src/agrc-event-subscribers.ts → ../../modules/controls/source/backend/controls/events/bus/controls.consumer
  error no-unresolvable: packages/shahin-product/src/agrc-event-subscribers.ts → ../../modules/compliance/source/backend/compliance/events/bus/compliance.consumer
  error no-unresolvable: packages/shahin-product/src/agrc-event-subscribers.ts → ../../modules/compliance/services/misc/control-process-cycle.service
  error no-unresolvable: packages/shahin-product/src/agrc-event-subscribers.ts → ../../modules/compliance/events/compliance.subscribers
  error no-unresolvable: packages/shahin-product/src/agrc-event-subscribers.ts → ../../modules/bootstrap/events/bootstrap.subscribers
  error no-unresolvable: packages/shahin-product/src/agrc-event-subscribers.ts → ../../modules/benchmarks/source/backend/benchmarks/events/bus/benchmarks.consumer
  error no-unresolvable: packages/shahin-product/src/agrc-event-subscribers.ts → ../../modules/bcp/source/backend/bcp/events/bus/bcp.consumer
  error no-unresolvable: packages/shahin-product/src/agrc-event-subscribers.ts → ../../modules/bcp/events/bcp.subscribers
  error no-unresolvable: packages/shahin-product/src/agrc-event-subscribers.ts → ../../modules/audit/source/backend/audit/events/bus/audit.consumer
  error no-unresolvable: packages/shahin-product/src/agrc-event-subscribers.ts → ../../modules/audit/events/audit.subscribers
  error no-unresolvable: packages/shahin-product/src/agrc-event-subscribers.ts → ../../modules/attestation/source/backend/attestation/events/bus/attestation.consumer
  error no-unresolvable: packages/shahin-product/src/agrc-event-subscribers.ts → ../../modules/asset/source/backend/asset/events/bus/asset.consumer
  error no-unresolvable: packages/shahin-product/src/agrc-event-subscribers.ts → ../../modules/asset/events/asset.subscribers
  error no-unresolvable: packages/shahin-product/src/agrc-event-subscribers.ts → ../../modules/analytics/source/backend/analytics/events/bus/analytics.consumer
  error no-unresolvable: packages/shahin-product/src/agrc-event-subscribers.ts → ../../modules/analytics/events/analytics.subscribers
  error no-unresolvable: packages/shahin-product/src/agrc-event-subscribers.ts → ../../modules/ai/services/agent-coordination.service
  error no-unresolvable: packages/shahin-product/src/agrc-event-subscribers.ts → ../../modules/agrc-engine/source/backend/agrc-engine/events/bus/agrc-engine.consumer
  error no-unresolvable: packages/shahin-product/src/agrc-event-subscribers.ts → ../../modules/admin/events/admin.subscribers
  error no-unresolvable: packages/shahin-product/src/agrc-event-subscribers.ts → ../../modules/action/source/backend/action/events/bus/action.consumer
  error no-unresolvable: packages/shahin-product/src/agrc-event-subscribers.ts → ../../modules/action/events/action.subscribers
  error no-unresolvable: packages/shahin-product/src/agrc-event-subscribers.ts → ../../config/database/database
  error no-unresolvable: packages/shahin-product/src/agrc-event-subscribers.ts → ../../../services/ai-engine-service/src/runtime/ai/events/bus/ai.consumer
  error no-unresolvable: packages/shahin-product/src/agrc-event-subscribers.ts → ../../../services/ai-engine-service/src/runtime/ai/events/ai.subscribers
  error no-unresolvable: packages/shahin-product/src/agrc-event-subscribers.ts → ../../../services/ai-engine-service/src/domain/ai-governance/events/bus/ai-governance.consumer
  error no-unresolvable: packages/shahin-product/src/agrc-event-subscribers.ts → ../../../services/ai-engine-service/src/domain/ai-governance/events/ai-governance.subscribers
  error no-unresolvable: packages/shahin-product/src/agent-cooperation/index.ts → ./types
  error no-unresolvable: packages/shahin-product/src/agent-cooperation/index.ts → ./handoff
  error no-unresolvable: packages/shahin-product/src/agent-cooperation/index.ts → ./finding-sharing
  error no-unresolvable: packages/shahin-product/src/agent-cooperation/index.ts → ./execution-planner
  error no-unresolvable: packages/shahin-product/src/agent-cooperation/index.ts → ./dependency-graph
  error no-unresolvable: packages/shahin-product/src/agent-cooperation/index.ts → ./cycle-context
  error no-unresolvable: packages/shahin-product/src/agent-cooperation/index.ts → ./correlation
  error no-unresolvable: packages/shahin-product/src/agent-cooperation/index.ts → ./conflict-detection
  error no-unresolvable: packages/shahin-product/src/agent-cooperation/handoff.ts → @dos/platform-core/resilience
  error no-unresolvable: packages/shahin-product/src/agent-cooperation/handoff.ts → @dos/platform-core/events
  error no-unresolvable: packages/shahin-product/src/agent-cooperation/handoff.ts → @dos/platform-core/agents/handoff/handoff-queue.service
  error no-unresolvable: packages/shahin-product/src/agent-cooperation/handoff.ts → ./types
  error no-unresolvable: packages/shahin-product/src/agent-cooperation/handoff.ts → ./cycle-context
  error no-unresolvable: packages/shahin-product/src/agent-cooperation/handoff.ts → ../../../openclaw/a2a/agent-message-queue
  error no-unresolvable: packages/shahin-product/src/agent-cooperation/handoff.ts → ../../../modules/platform/services/agrc/agrc-os-integration.service
  error no-unresolvable: packages/shahin-product/src/agent-cooperation/finding-sharing.ts → @dos/types/db
  error no-unresolvable: packages/shahin-product/src/agent-cooperation/finding-sharing.ts → @dos/platform-core/resilience
  error no-unresolvable: packages/shahin-product/src/agent-cooperation/finding-sharing.ts → @dos/platform-core/events
  error no-unresolvable: packages/shahin-product/src/agent-cooperation/finding-sharing.ts → ./types
  error no-unresolvable: packages/shahin-product/src/agent-cooperation/finding-sharing.ts → ./handoff
  error no-unresolvable: packages/shahin-product/src/agent-cooperation/finding-sharing.ts → ./cycle-context
  error no-unresolvable: packages/shahin-product/src/agent-cooperation/execution-planner.ts → @dos/platform-core/observability
  error no-unresolvable: packages/shahin-product/src/agent-cooperation/execution-planner.ts → ./types
  error no-unresolvable: packages/shahin-product/src/agent-cooperation/execution-planner.ts → ./dependency-graph
  error no-unresolvable: packages/shahin-product/src/agent-cooperation/execution-planner.ts → ./cycle-context
  error no-unresolvable: packages/shahin-product/src/agent-cooperation/dependency-graph.ts → @dos/platform-core/observability
  error no-unresolvable: packages/shahin-product/src/agent-cooperation/cycle-context.ts → ./types
  error no-unresolvable: packages/shahin-product/src/agent-cooperation/cycle-context.ts → ./handoff
  error no-unresolvable: packages/shahin-product/src/agent-cooperation/correlation.ts → @dos/types/db
  error no-unresolvable: packages/shahin-product/src/agent-cooperation/correlation.ts → @dos/platform-core/observability
  error no-unresolvable: packages/shahin-product/src/agent-cooperation/correlation.ts → ./types
  error no-unresolvable: packages/shahin-product/src/agent-cooperation/correlation.ts → ./cycle-context
  error no-unresolvable: packages/shahin-product/src/agent-cooperation/conflict-detection.ts → @dos/platform-core/resilience
  error no-unresolvable: packages/shahin-product/src/agent-cooperation/conflict-detection.ts → @dos/platform-core/observability
  error no-unresolvable: packages/shahin-product/src/agent-cooperation/conflict-detection.ts → @dos/platform-core/events
  error no-unresolvable: packages/shahin-product/src/agent-cooperation/conflict-detection.ts → @dos/platform-core/constants
  error no-unresolvable: packages/shahin-product/src/agent-cooperation/conflict-detection.ts → ./types
  error no-unresolvable: packages/shahin-product/src/agent-cooperation/conflict-detection.ts → ./cycle-context
  error no-unresolvable: packages/shahin-product/src/agent-cooperation/conflict-detection.ts → ../../../modules/platform/services/platform-mode-gate/pending-actions.service
  error no-unresolvable: packages/platform/dos/shell/navigation/navigation.controller.js → @dos/platform-core/observability
  error no-unresolvable: packages/platform/dos/shell/navigation/navigation-integration.js → @dos/platform-core/observability
  error no-unresolvable: packages/modules/qiyas/qiyas.controller.js → @dos/platform-core/resilience
  error no-unresolvable: packages/modules/qiyas/ports/middleware.port.js → @dos/platform-core/http
  error no-unresolvable: packages/modules/qiyas/ports/events.port.js → @dos/platform-core/events
  error no-unresolvable: packages/modules/ports/logger.port.js → @dos/platform-core/observability
  error no-unresolvable: packages/modules/packs/ports/platform.port.js → @dos/platform-core/events
  error no-unresolvable: packages/modules/packs/ports/middleware.port.js → @dos/platform-core/http
  error no-unresolvable: packages/modules/onboarding/services/provisioning/provisioning-orchestrator.service.js → @dos/platform-core/observability
  error no-unresolvable: packages/modules/onboarding/services/provisioning/provisioning-orchestrator.service.js → ../../../../../modules/onboarding/source/backend/onboarding/services/provisioning/provisioning-step-runner.service
  error no-unresolvable: packages/modules/onboarding/services/provisioning/provisioning-orchestrator.service.js → ../../../../../modules/onboarding/source/backend/onboarding/services/provisioning/provisioning-orchestrator.service
  error no-unresolvable: packages/modules/onboarding/provisioning-seed.service.js → @dos/platform-core/observability
  error no-unresolvable: packages/modules/onboarding/ports/middleware.port.js → @dos/platform-core/http
  error no-unresolvable: packages/modules/onboarding/ports/logger.port.js → @dos/platform-core/observability
  error no-unresolvable: packages/modules/integrations/services/connector-evidence-mapper.service.js → @dos/platform-core/resilience
  error no-unresolvable: packages/modules/integrations/ports/logger.port.js → @dos/platform-core/observability
  error no-unresolvable: packages/modules/integrations/ports/events.port.js → @dos/platform-core/events
  error no-unresolvable: packages/modules/dashboard/ports/middleware.port.js → @dos/platform-core/http
  error no-unresolvable: packages/modules/dashboard/dashboard.service.js → @dos/platform-core/observability
  error no-unresolvable: packages/modules/ai/services/agents/core/agent-runner.service.js → ../../../../../../../runtime/ai/services/agents/core/agent-runner.service
  error no-unresolvable: packages/modules/ai/ports/events.port.js → @dos/platform-core/events
  error no-unresolvable: packages/modules/ai-governance/ports/middleware.port.js → @dos/platform-core/http
  error no-unresolvable: packages/modules/agrc-engine/ports/middleware.port.js → @dos/platform-core/http
  error no-unresolvable: packages/dos-service-client/src/index.ts → @dos/platform-core/resilience
  error no-unresolvable: packages/dos-service-client/src/index.ts → @dos/platform-core/observability
  error no-unresolvable: packages/dos-service-client/src/index.ts → @dos/platform-core/http
  error no-unresolvable: packages/dos-service-bootstrap/src/openapi.ts → @dos/platform-core/http
  error no-unresolvable: packages/dos-service-bootstrap/src/migration-runner.ts → @dos/platform-core/observability
  error no-unresolvable: packages/dos-service-bootstrap/src/index.ts → @dos/platform-core/resilience
  error no-unresolvable: packages/dos-service-bootstrap/src/index.ts → @dos/platform-core/observability
  error no-unresolvable: packages/dos-service-bootstrap/src/index.ts → @dos/platform-core/http
  error no-unresolvable: packages/dos-service-bootstrap/src/index.ts → ./validate-env
  error no-unresolvable: packages/dos-service-bootstrap/src/index.ts → ./openapi
  error no-unresolvable: packages/dos-service-bootstrap/src/index.ts → ./module-loader
  error no-unresolvable: packages/dos-service-bootstrap/src/index.ts → ./migration-runner
  error no-unresolvable: packages/dos-service-bootstrap/src/index.ts → ./health
  error no-unresolvable: packages/dos-service-bootstrap/src/health.ts → @dos/platform-core/observability
  error no-unresolvable: packages/dos-platform-core/src/tenancy/index.ts → ./tenancy
  error no-unresolvable: packages/dos-platform-core/src/storage/storage.ts → ./s3-storage-provider
  error no-unresolvable: packages/dos-platform-core/src/storage/storage.ts → ./local-storage-provider
  error no-unresolvable: packages/dos-platform-core/src/storage/s3-storage-provider.ts → ./storage
  error no-unresolvable: packages/dos-platform-core/src/storage/local-storage-provider.ts → ./storage
  error no-unresolvable: packages/dos-platform-core/src/storage/index.ts → ./storage
  error no-unresolvable: packages/dos-platform-core/src/shell/navigation/navigation-integration.ts → ../../events
  error no-unresolvable: packages/dos-platform-core/src/shell/index.ts → ./navigation/navigation-integration
  error no-unresolvable: packages/dos-platform-core/src/security/captcha-verifier.ts → ./captcha-svg.service
  error no-unresolvable: packages/dos-platform-core/src/search/index.ts → ./search
  error no-unresolvable: packages/dos-platform-core/src/sagas/index.ts → ./saga-orchestrator
  error no-unresolvable: packages/dos-platform-core/src/resilience/index.ts → @dos/types/errors
  error no-unresolvable: packages/dos-platform-core/src/resilience/index.js → @dos/types/errors
  error no-unresolvable: packages/dos-platform-core/src/registry/upor.service.ts → ./upor.types
  error no-unresolvable: packages/dos-platform-core/src/registry/index.ts → ./upor.types
  error no-unresolvable: packages/dos-platform-core/src/registry/index.ts → ./upor.service
  error no-unresolvable: packages/dos-platform-core/src/profile/actor-identity.service.ts → @dos/types/actor
  error no-unresolvable: packages/dos-platform-core/src/notifications/webhooks/telemetry-webhook.service.ts → ../../events
  error no-unresolvable: packages/dos-platform-core/src/notifications/index.ts → ./notifications
  error no-unresolvable: packages/dos-platform-core/src/index.ts → ./security/rate-limit-check
  error no-unresolvable: packages/dos-platform-core/src/index.ts → ./security/password-strength
  error no-unresolvable: packages/dos-platform-core/src/index.ts → ./security/jwt-env-policy
  error no-unresolvable: packages/dos-platform-core/src/index.ts → ./security/captcha-verifier
  error no-unresolvable: packages/dos-platform-core/src/index.ts → ./security/captcha-svg.service
  error no-unresolvable: packages/dos-platform-core/src/index.ts → ./security/cache-key
  error no-unresolvable: packages/dos-platform-core/src/http/guards/tenant-guard.ts → @dos/platform-core/observability
  error no-unresolvable: packages/dos-platform-core/src/http/guards/tenant-guard.js → @dos/platform-core/observability
  error no-unresolvable: packages/dos-platform-core/src/http/guards/subscription-status-guard.ts → @dos/platform-core/observability
  error no-unresolvable: packages/dos-platform-core/src/http/guards/subscription-status-guard.js → @dos/platform-core/observability
  error no-unresolvable: packages/dos-platform-core/src/http/guards/module-guard.ts → @dos/platform-core/observability
  error no-unresolvable: packages/dos-platform-core/src/http/guards/module-guard.js → @dos/platform-core/observability
  error no-unresolvable: packages/dos-platform-core/src/http/guards/index.ts → ./sensitive-fields
  error no-unresolvable: packages/dos-platform-core/src/http/guards/index.ts → ./field-denial-audit
  error no-unresolvable: packages/dos-platform-core/src/http/guards/field-rbac.ts → ./sensitive-fields
  error no-unresolvable: packages/dos-platform-core/src/http/guards/field-rbac.ts → ./field-denial-audit
  error no-unresolvable: packages/dos-platform-core/src/export/index.ts → ./format-generators
  error no-unresolvable: packages/dos-platform-core/src/events/index.ts → ./events
  error no-unresolvable: packages/dos-platform-core/src/delivery/verification/post-deploy-verification.service.ts → ../../events
  error no-unresolvable: packages/dos-platform-core/src/delivery/rollback/rollback.service.ts → ../deployment/deployment.service
  error no-unresolvable: packages/dos-platform-core/src/delivery/rollback/rollback.service.ts → ../contracts/delivery.types
  error no-unresolvable: packages/dos-platform-core/src/delivery/rollback/rollback.service.ts → ../../events
  error no-unresolvable: packages/dos-platform-core/src/delivery/release/release-management.service.ts → ../contracts/delivery.types
  error no-unresolvable: packages/dos-platform-core/src/delivery/release/release-management.service.ts → ../../events
  error no-unresolvable: packages/dos-platform-core/src/delivery/quality/quality-gate.service.ts → ../contracts/delivery.types
  error no-unresolvable: packages/dos-platform-core/src/delivery/quality/quality-gate.service.ts → ../../events
  error no-unresolvable: packages/dos-platform-core/src/delivery/migration/migration-tracking.service.ts → ../contracts/delivery.types
  error no-unresolvable: packages/dos-platform-core/src/delivery/migration/migration-tracking.service.ts → ../../events
  error no-unresolvable: packages/dos-platform-core/src/delivery/index.ts → ./verification/post-deploy-verification.service
  error no-unresolvable: packages/dos-platform-core/src/delivery/index.ts → ./rollback/rollback.service
  error no-unresolvable: packages/dos-platform-core/src/delivery/index.ts → ./release/release-management.service
  error no-unresolvable: packages/dos-platform-core/src/delivery/index.ts → ./quality/quality-gate.service
  error no-unresolvable: packages/dos-platform-core/src/delivery/index.ts → ./migration/migration-tracking.service
  error no-unresolvable: packages/dos-platform-core/src/delivery/index.ts → ./health/delivery-health.service
  error no-unresolvable: packages/dos-platform-core/src/delivery/index.ts → ./handover/handover-lock.service
  error no-unresolvable: packages/dos-platform-core/src/delivery/index.ts → ./gates/feature-gate.service
  error no-unresolvable: packages/dos-platform-core/src/delivery/index.ts → ./diagnostics/delivery-diagnostics.service
  error no-unresolvable: packages/dos-platform-core/src/delivery/index.ts → ./deployment/deployment.service
  error no-unresolvable: packages/dos-platform-core/src/delivery/index.ts → ./cutover/cutover.service
  error no-unresolvable: packages/dos-platform-core/src/delivery/index.ts → ./compatibility/compatibility.service
  error no-unresolvable: packages/dos-platform-core/src/delivery/index.ts → ./approvals/release-approval.service
  error no-unresolvable: packages/dos-platform-core/src/delivery/health/delivery-health.service.ts → ../contracts/delivery.types
  error no-unresolvable: packages/dos-platform-core/src/delivery/handover/handover-lock.service.ts → ../contracts/delivery.types
  error no-unresolvable: packages/dos-platform-core/src/delivery/handover/handover-lock.service.ts → ../../events
  error no-unresolvable: packages/dos-platform-core/src/delivery/gates/feature-gate.service.ts → ../contracts/delivery.types
  error no-unresolvable: packages/dos-platform-core/src/delivery/gates/feature-gate.service.ts → ../../events
  error no-unresolvable: packages/dos-platform-core/src/delivery/diagnostics/delivery-diagnostics.service.ts → ../contracts/delivery.types
  error no-unresolvable: packages/dos-platform-core/src/delivery/deployment/deployment.service.ts → ../contracts/delivery.types
  error no-unresolvable: packages/dos-platform-core/src/delivery/deployment/deployment.service.ts → ../../events
  error no-unresolvable: packages/dos-platform-core/src/delivery/cutover/cutover.service.ts → ../contracts/delivery.types
  error no-unresolvable: packages/dos-platform-core/src/delivery/cutover/cutover.service.ts → ../../events
  error no-unresolvable: packages/dos-platform-core/src/delivery/compatibility/compatibility.service.ts → ../contracts/delivery.types
  error no-unresolvable: packages/dos-platform-core/src/delivery/compatibility/compatibility.service.ts → ../../events
  error no-unresolvable: packages/dos-platform-core/src/delivery/approvals/release-approval.service.ts → ../../events
  error no-unresolvable: packages/dos-platform-core/src/branding/index.ts → ./branding
  error no-unresolvable: packages/dos-platform-core/src/automation/index.ts → ./tenant-automation-engine.service
  error no-unresolvable: packages/dos-event-backbone/src/singleton.ts → ./types
  error no-unresolvable: packages/dos-event-backbone/src/singleton.ts → ./redis-stream-bus
  error no-unresolvable: packages/dos-event-backbone/src/redis-stream-bus.ts → ./types
  error no-unresolvable: packages/dos-event-backbone/src/redis-stream-bus.ts → ./dead-letter-queue
  error no-unresolvable: packages/dos-event-backbone/src/index.ts → ./singleton
  error no-unresolvable: packages/dos-event-backbone/src/index.ts → ./redis-stream-bus
  error no-unresolvable: packages/dos-event-backbone/src/index.ts → ./factory
  error no-unresolvable: packages/dos-event-backbone/src/index.ts → ./dead-letter-queue
  error no-unresolvable: packages/dos-event-backbone/src/index.ts → ./bridge
  error no-unresolvable: packages/dos-event-backbone/src/factory.ts → ./types
  error no-unresolvable: packages/dos-event-backbone/src/factory.ts → ./redis-stream-bus
  error no-unresolvable: packages/dos-event-backbone/src/factory.ts → ./bridge
  error no-unresolvable: packages/dos-event-backbone/src/dead-letter-queue.ts → ./types
  error no-unresolvable: packages/dos-event-backbone/src/bridge.ts → ./types
  error no-unresolvable: packages/dos-event-backbone/src/bridge.ts → ./redis-stream-bus
  error no-unresolvable: packages/dos-db/src/utils.ts → ./query
  error no-unresolvable: packages/dos-db/src/transaction.ts → ./tenant
  error no-unresolvable: packages/dos-db/src/tenant.ts → ./pool
  error no-unresolvable: packages/dos-db/src/tenant.ts → ./logger
  error no-unresolvable: packages/dos-db/src/tenant.ts → ./errors
  error no-unresolvable: packages/dos-db/src/tenant-migrations.ts → ./tenant
  error no-unresolvable: packages/dos-db/src/tenant-migrations.ts → ./query
  error no-unresolvable: packages/dos-db/src/tenant-migrations.ts → ./logger
  error no-unresolvable: packages/dos-db/src/tenant-migrations.ts → ./errors
  error no-unresolvable: packages/dos-db/src/tenant-migrations-health.ts → ./query
  error no-unresolvable: packages/dos-db/src/redis.ts → ./tenant
  error no-unresolvable: packages/dos-db/src/redis.ts → ./logger
  error no-unresolvable: packages/dos-db/src/redis.ts → ./errors
  error no-unresolvable: packages/dos-db/src/query.ts → ./pool
  error no-unresolvable: packages/dos-db/src/query.ts → ./logger
  error no-unresolvable: packages/dos-db/src/pool.ts → ./logger
  error no-unresolvable: packages/dos-db/src/pool.ts → ./config
  error no-unresolvable: packages/dos-db/src/master.ts → ./pool
  error no-unresolvable: packages/dos-db/src/master.ts → ./logger
  error no-unresolvable: packages/dos-db/src/master.ts → ./errors
  error no-unresolvable: packages/dos-db/src/index.ts → ./utils
  error no-unresolvable: packages/dos-db/src/index.ts → ./transaction
  error no-unresolvable: packages/dos-db/src/index.ts → ./tenant-migrations-health
  error no-unresolvable: packages/dos-db/src/index.ts → ./tenant-migrations
  error no-unresolvable: packages/dos-db/src/index.ts → ./tenant
  error no-unresolvable: packages/dos-db/src/index.ts → ./redis
  error no-unresolvable: packages/dos-db/src/index.ts → ./query
  error no-unresolvable: packages/dos-db/src/index.ts → ./pool
  error no-unresolvable: packages/dos-db/src/index.ts → ./master
  error no-unresolvable: packages/dos-db/src/index.ts → ./logger
  error no-unresolvable: packages/dos-db/src/index.ts → ./errors
  error no-unresolvable: packages/dos-db/src/index.ts → ./config
  error no-unresolvable: packages/dos-db/src/config.ts → ./logger
  error no-unresolvable: packages/dos-dauth-csrf/src/session-security.service.ts → @dos/platform-core/resilience
  error no-unresolvable: packages/dos-dauth-csrf/src/session-security.service.ts → @dos/platform-core/observability
  error no-unresolvable: packages/dos-dauth-csrf/src/session-security.service.ts → @dos/platform-core/events
  error no-unresolvable: packages/dos-dauth-csrf/src/session-security.service.ts → ./csrf-policy.contracts
  error no-unresolvable: packages/dos-dauth-csrf/src/index.ts → ./session-security.service
  error no-unresolvable: packages/dos-dauth-csrf/src/index.ts → ./csrf.subscribers
  error no-unresolvable: packages/dos-dauth-csrf/src/index.ts → ./csrf-policy.service
  error no-unresolvable: packages/dos-dauth-csrf/src/index.ts → ./csrf-diagnostics.service
  error no-unresolvable: packages/dos-dauth-csrf/src/index.ts → ./csrf-cleanup.job
  error no-unresolvable: packages/dos-dauth-csrf/src/index.ts → ./csrf-audit.service
  error no-unresolvable: packages/dos-dauth-csrf/src/csrf.subscribers.ts → @dos/platform-core/observability
  error no-unresolvable: packages/dos-dauth-csrf/src/csrf.subscribers.ts → @dos/platform-core/events
  error no-unresolvable: packages/dos-dauth-csrf/src/csrf.subscribers.ts → ./csrf-audit.service.js
  error no-unresolvable: packages/dos-dauth-csrf/src/csrf.subscribers.ts → ./audit/security-event.service.js
  error no-unresolvable: packages/dos-dauth-csrf/src/csrf.subscribers.ts → ./audit/decision-log.service.js
  error no-unresolvable: packages/dos-dauth-csrf/src/csrf-policy.service.ts → @dos/platform-core/resilience
  error no-unresolvable: packages/dos-dauth-csrf/src/csrf-policy.service.ts → @dos/platform-core/events
  error no-unresolvable: packages/dos-dauth-csrf/src/csrf-policy.service.ts → ./csrf-policy.contracts
  error no-unresolvable: packages/dos-dauth-csrf/src/csrf-diagnostics.service.ts → @dos/platform-core/observability
  error no-unresolvable: packages/dos-dauth-csrf/src/csrf-cleanup.job.ts → @dos/platform-core/observability
  error no-unresolvable: packages/dos-dauth-csrf/src/csrf-audit.service.ts → @dos/platform-core/resilience
  error no-unresolvable: packages/dos-dauth-csrf/src/csrf-audit.service.ts → @dos/platform-core/observability
  error no-unresolvable: packages/dos-dauth-csrf/src/csrf-audit.service.ts → @dos/platform-core/events
  error no-unresolvable: packages/dos-dauth-csrf/src/csrf-audit.service.ts → ./csrf-policy.contracts
  error no-unresolvable: packages/dos-dauth-csrf/src/audit/security-event.service.ts → @dos/platform-core/resilience
  error no-unresolvable: packages/dos-dauth-csrf/src/audit/security-event.service.ts → @dos/platform-core/events
  error no-unresolvable: packages/dos-dauth-csrf/src/audit/security-event.service.ts → ../types/db-rows
  error no-unresolvable: packages/dos-dauth-csrf/src/audit/security-event.service.ts → ../types/dauth.types
  error no-unresolvable: packages/dos-dauth-csrf/src/audit/decision-log.service.ts → @dos/platform-core/observability
  error no-unresolvable: packages/dos-contracts/src/platform/ownership-matrix.js → @dos/platform-core/modules
  error no-unresolvable: packages/dos-contracts/src/platform/hierarchy-validator.ts → @dos/platform-core/modules
  error no-unresolvable: packages/dos-contracts/src/platform/hierarchy-validator.js → @dos/platform-core/modules
  error no-unresolvable: packages/dos-contracts/src/platform/graph-backend.ts → @dos/platform-core/observability
  error no-unresolvable: packages/dos-contracts/src/platform/graph-backend.js → @dos/platform-core/observability
  error no-unresolvable: packages/dos-contracts/src/platform/contract-registry.ts → @dos/platform-core/observability
  error no-unresolvable: packages/dos-contracts/src/platform/contract-registry.js → @dos/platform-core/observability
  error no-unresolvable: packages/dos-contracts/src/platform/contract-auto-discovery.ts → @dos/platform-core/observability
  error no-unresolvable: packages/dos-contracts/src/platform/contract-auto-discovery.js → @dos/platform-core/observability
  error no-unresolvable: packages/dos-contracts/src/events/index.ts → ./journey-v1
  error no-unresolvable: packages/dos-auth/src/token-verifier-factory.ts → ./dauth-ports/token-verifier.port
  error no-unresolvable: packages/dos-auth/src/token-verifier-factory.ts → ./adapters/native-token-verifier
  error no-unresolvable: packages/dos-auth/src/rebac-factory.ts → ./dauth-ports/rebac.port
  error no-unresolvable: packages/dos-auth/src/rebac-factory.ts → ./adapters/openfga-rebac.adapter
  error no-unresolvable: packages/dos-auth/src/rebac-factory.ts → ./adapters/native-rebac.adapter
  error no-unresolvable: packages/dos-auth/src/ports.ts → @dos/types/auth
  error no-unresolvable: packages/dos-auth/src/ports.ts → @dos/contracts/auth
  error no-unresolvable: packages/dos-auth/src/lifecycle/index.ts → @dos/contracts/auth
  error no-unresolvable: packages/dos-auth/src/index.ts → ./token-verifier-factory
  error no-unresolvable: packages/dos-auth/src/index.ts → ./sod/agent-sod-engine
  error no-unresolvable: packages/dos-auth/src/index.ts → ./rebac-factory
  error no-unresolvable: packages/dos-auth/src/index.ts → ./middleware/sod-clearance.middleware
  error no-unresolvable: packages/dos-auth/src/index.ts → ./middleware/principal-context.middleware
  error no-unresolvable: packages/dos-auth/src/index.ts → ./jwt-issuer
  error no-unresolvable: packages/dos-auth/src/index.ts → ./dauth-ports/secrets.port
  error no-unresolvable: packages/dos-auth/src/index.ts → ./dauth-ports/abac.port
  error no-unresolvable: packages/dos-auth/src/index.ts → ./dauth-ports
  error no-unresolvable: packages/dos-auth/src/index.ts → ./config-safety
  error no-unresolvable: packages/dos-auth/src/index.ts → ./bootstrap
  error no-unresolvable: packages/dos-auth/src/index.ts → ./audit/decision-ledger
  error no-unresolvable: packages/dos-auth/src/index.ts → ./adapters/vault-secrets.adapter
  error no-unresolvable: packages/dos-auth/src/index.ts → ./adapters/openfga-rebac.adapter
  error no-unresolvable: packages/dos-auth/src/index.ts → ./adapters/native-token-verifier
  error no-unresolvable: packages/dos-auth/src/index.ts → ./adapters/native-rebac.adapter
  error no-unresolvable: packages/dos-auth/src/index.ts → ./adapters/keycloak-token-verifier
  error no-unresolvable: packages/dos-auth/src/index.ts → ./adapters/keycloak-admin-client
  error no-unresolvable: packages/dos-auth/src/index.ts → ./adapters/cerbos-abac.adapter
  error no-unresolvable: packages/dos-auth/src/index.ts → ./actor/agent-credentials.service
  error no-unresolvable: packages/dos-auth/src/index.ts → ./access/rebac-check
  error no-unresolvable: packages/dos-auth/src/index.ts → ./abac-factory
  error no-unresolvable: packages/dos-auth/src/express-augment.ts → @dos/types/express
  error no-unresolvable: packages/dos-auth/src/dauth-ports/index.ts → ./token-verifier.port
  error no-unresolvable: packages/dos-auth/src/dauth-ports/index.ts → ./secrets.port
  error no-unresolvable: packages/dos-auth/src/dauth-ports/index.ts → ./abac.port
  error no-unresolvable: packages/dos-auth/src/contracts.ts → @dos/contracts/auth
  error no-unresolvable: packages/dos-auth/src/bootstrap.ts → ./token-verifier-factory
  error no-unresolvable: packages/dos-auth/src/bootstrap.ts → ./rebac-factory
  error no-unresolvable: packages/dos-auth/src/bootstrap.ts → ./dauth-ports/token-verifier.port
  error no-unresolvable: packages/dos-auth/src/bootstrap.ts → ./dauth-ports/secrets.port
  error no-unresolvable: packages/dos-auth/src/bootstrap.ts → ./dauth-ports/abac.port
  error no-unresolvable: packages/dos-auth/src/bootstrap.ts → ./config-safety
  error no-unresolvable: packages/dos-auth/src/bootstrap.ts → ./adapters/vault-secrets.adapter
  error no-unresolvable: packages/dos-auth/src/bootstrap.ts → ./adapters/keycloak-token-verifier
  error no-unresolvable: packages/dos-auth/src/bootstrap.ts → ./adapters/cerbos-abac.adapter
  error no-unresolvable: packages/dos-auth/src/bootstrap.ts → ./abac-factory
  error no-unresolvable: packages/dos-auth/src/adapters/vault-secrets.adapter.ts → ../dauth-ports/secrets.port
  error no-unresolvable: packages/dos-auth/src/adapters/openfga-rebac.adapter.ts → ../dauth-ports/rebac.port
  error no-unresolvable: packages/dos-auth/src/adapters/native-token-verifier.ts → ../dauth-ports/token-verifier.port
  error no-unresolvable: packages/dos-auth/src/adapters/native-rebac.adapter.ts → ../dauth-ports/rebac.port
  error no-unresolvable: packages/dos-auth/src/adapters/keycloak-token-verifier.ts → ../dauth-ports/token-verifier.port
  error no-unresolvable: packages/dos-auth/src/adapters/cerbos-abac.adapter.ts → ../dauth-ports/abac.port
  error no-unresolvable: packages/dos-auth/src/actor/agent-credentials.service.ts → @dos/platform-core/observability
  error no-unresolvable: packages/dos-auth/src/access/rebac-check.ts → ../rebac-factory
  error no-unresolvable: packages/dos-auth/src/access/rebac-check.ts → ../dauth-ports/rebac.port
  error no-unresolvable: packages/dos-auth/src/access/rebac-check.ts → ../audit/decision-ledger
  error no-unresolvable: packages/dos-auth/src/abac-factory.ts → ./dauth-ports/abac.port
  error no-unresolvable: modules/evidence/source/backend/evidence/services/analysis/evidence-quality-scoring.service.js → @dos/platform-core/resilience
  error no-unresolvable: modules/dashboard/source/backend/dashboard/services/dashboard-zones.service.js → @dos/platform-core/resilience
  error no-unresolvable: modules/dashboard/source/backend/dashboard/services/dashboard-composer.service.js → @dos/platform-core/resilience

x 681 dependency violations (681 errors, 0 warnings). 1513 modules, 1528 dependencies cruised.

npm warn Unknown env config "verify-deps-before-run". This will stop working in the next major version of npm. See `npm help npmrc` for supported config options.
npm warn Unknown env config "npm-globalconfig". This will stop working in the next major version of npm. See `npm help npmrc` for supported config options.
npm warn Unknown env config "_jsr-registry". This will stop working in the next major version of npm. See `npm help npmrc` for supported config options.
npm warn Unknown env config "shamefully-hoist". This will stop working in the next major version of npm. See `npm help npmrc` for supported config options.
npm warn Unknown project config "shamefully-hoist". This will stop working in the next major version of npm. See `npm help npmrc` for supported config options.

  error no-unresolvable: packages/shahin-product/src/workflows/product-workflow-defaults.ts → @dos/platform-core/workflows/modes
  error no-unresolvable: packages/shahin-product/src/workflows/product-workflow-defaults.ts → @dos/platform-core/workflows/integration
  error no-unresolvable: packages/shahin-product/src/workflows/index.ts → ./product-workflow-defaults
  error no-unresolvable: packages/shahin-product/src/shahin-module-crud-catalog.ts → @dos/platform-core/modules/module-crud-registry
  error no-unresolvable: packages/shahin-product/src/services/index.ts → @dos/platform-core/workflows/engine/workflow-engine.service
  error no-unresolvable: packages/shahin-product/src/services/index.ts → @dos/platform-core/workflows/engine/workflow-crud.service
  error no-unresolvable: packages/shahin-product/src/services/index.ts → @dos/platform-core/workflows/approvals/approval-engine.service
  error no-unresolvable: packages/shahin-product/src/services/index.ts → @dos/platform-core/workflows
  error no-unresolvable: packages/shahin-product/src/services/index.ts → @dos/platform-core/foundation/team-builder.service
  error no-unresolvable: packages/shahin-product/src/services/index.ts → @dos/platform-core/foundation/responsibility-suggest.service
  error no-unresolvable: packages/shahin-product/src/services/index.ts → @dos/platform-core/foundation/org-hierarchy-admin.service
  error no-unresolvable: packages/shahin-product/src/services/index.ts → @dos/platform-core/foundation/foundation.service
  error no-unresolvable: packages/shahin-product/src/services/index.ts → @dos/platform-core/events
  error no-unresolvable: packages/shahin-product/src/services/index.ts → @dos/module-sdk/workflow/services/templates/workflow-versioning.service
  error no-unresolvable: packages/shahin-product/src/services/index.ts → @dos/module-sdk/workflow/services/templates/workflow-templates.service
  error no-unresolvable: packages/shahin-product/src/services/index.ts → @dos/module-sdk/workflow/services/templates/workflow-template-crud.service
  error no-unresolvable: packages/shahin-product/src/services/index.ts → @dos/module-sdk/workflow/services/templates/workflow-serialization.service
  error no-unresolvable: packages/shahin-product/src/services/index.ts → @dos/module-sdk/workflow/services/templates/workflow-mermaid.service
  error no-unresolvable: packages/shahin-product/src/services/index.ts → @dos/module-sdk/workflow/services/templates/workflow-comparison.service
  error no-unresolvable: packages/shahin-product/src/services/index.ts → @dos/module-sdk/workflow/services/tasks/workload-balancer.service
  error no-unresolvable: packages/shahin-product/src/services/index.ts → @dos/module-sdk/workflow/services/tasks/task-triage.service
  error no-unresolvable: packages/shahin-product/src/services/index.ts → @dos/module-sdk/workflow/services/tasks/task-board.service
  error no-unresolvable: packages/shahin-product/src/services/index.ts → @dos/module-sdk/workflow/services/tasks/task-auto-resolution.service
  error no-unresolvable: packages/shahin-product/src/services/index.ts → @dos/module-sdk/workflow/services/tasks/process-template.service
  error no-unresolvable: packages/shahin-product/src/services/index.ts → @dos/module-sdk/workflow/services/tasks/process-task-monitor.service
  error no-unresolvable: packages/shahin-product/src/services/index.ts → @dos/module-sdk/workflow/services/ops/workflow-stall-recovery.service
  error no-unresolvable: packages/shahin-product/src/services/index.ts → @dos/module-sdk/workflow/services/ops/workflow-retention.service
  error no-unresolvable: packages/shahin-product/src/services/index.ts → @dos/module-sdk/workflow/services/ops/workflow-queue.service
  error no-unresolvable: packages/shahin-product/src/services/index.ts → @dos/module-sdk/workflow/services/ops/workflow-ext.service
  error no-unresolvable: packages/shahin-product/src/services/index.ts → @dos/module-sdk/workflow/services/ops/workflow-automation.service
  error no-unresolvable: packages/shahin-product/src/services/index.ts → @dos/module-sdk/workflow/services/ops/workflow-acl.service
  error no-unresolvable: packages/shahin-product/src/services/index.ts → @dos/module-sdk/workflow/services/core/workflow.service
  error no-unresolvable: packages/shahin-product/src/services/index.ts → @dos/module-sdk/workflow/services/core/workflow-execution.service
  error no-unresolvable: packages/shahin-product/src/services/index.ts → @dos/module-sdk/workflow/services/core/workflow-categories.service
  error no-unresolvable: packages/shahin-product/src/services/index.ts → @dos/module-sdk/workflow/services/chains/workflow-chain-executor.service
  error no-unresolvable: packages/shahin-product/src/services/index.ts → @dos/module-sdk/workflow/services/approvals/workflow-approvals.service
  error no-unresolvable: packages/shahin-product/src/services/index.ts → @dos/module-sdk/workflow/services/approvals/review-cycle-engine.service
  error no-unresolvable: packages/shahin-product/src/services/index.ts → @dos/module-sdk/workflow/services/approvals/approval-routing.service
  error no-unresolvable: packages/shahin-product/src/services/index.ts → @dos/module-sdk/workflow/services/approvals/approval-prescreen.service
  error no-unresolvable: packages/shahin-product/src/services/index.ts → @dos/module-sdk/workflow/services/ai/next-best-action.service
  error no-unresolvable: packages/shahin-product/src/services/index.ts → @dos/module-sdk/workflow/services/ai/autonomous-workflow.service
  error no-unresolvable: packages/shahin-product/src/services/index.ts → @dos/module-sdk/vendor/services/vendor/vendor.service
  error no-unresolvable: packages/shahin-product/src/services/index.ts → @dos/module-sdk/vendor/services/vendor/vendor-scoring.service
  error no-unresolvable: packages/shahin-product/src/services/index.ts → @dos/module-sdk/vendor/services/vendor/vendor-risk-ext.service
  error no-unresolvable: packages/shahin-product/src/services/index.ts → @dos/module-sdk/vendor/services/vendor/vendor-portal.service
  error no-unresolvable: packages/shahin-product/src/services/index.ts → @dos/module-sdk/vendor/services/vendor/vendor-enhancements.service
  error no-unresolvable: packages/shahin-product/src/services/index.ts → @dos/module-sdk/vendor/services/vendor/vendor-cyber-rating.service
  error no-unresolvable: packages/shahin-product/src/services/index.ts → @dos/module-sdk/vendor/services/vendor/vendor-cross-agent.service
  error no-unresolvable: packages/shahin-product/src/services/index.ts → @dos/module-sdk/vendor/services/vendor/vendor-compliance-sync.service
  error no-unresolvable: packages/shahin-product/src/services/index.ts → @dos/module-sdk/vendor/services/vendor/vendor-advanced.service
  error no-unresolvable: packages/shahin-product/src/services/index.ts → @dos/module-sdk/training/services/training-hooks.service
  error no-unresolvable: packages/shahin-product/src/services/index.ts → @dos/module-sdk/training/services/training-data.service
  error no-unresolvable: packages/shahin-product/src/services/index.ts → @dos/module-sdk/training/services/training-advanced.service
  error no-unresolvable: packages/shahin-product/src/services/index.ts → @dos/module-sdk/risk/services/workflow/risk-pair-review.service
  error no-unresolvable: packages/shahin-product/src/services/index.ts → @dos/module-sdk/risk/services/scoring/risk-scoring.service
  error no-unresolvable: packages/shahin-product/src/services/index.ts → @dos/module-sdk/risk/services/quantification/risk-quantification.service
  error no-unresolvable: packages/shahin-product/src/services/index.ts → @dos/module-sdk/risk/services/core/risk.service
  error no-unresolvable: packages/shahin-product/src/services/index.ts → @dos/module-sdk/risk/services/core/risk-workspace.service
  error no-unresolvable: packages/shahin-product/src/services/index.ts → @dos/module-sdk/risk/services/analytics/risk-trend-analyzer.service
  error no-unresolvable: packages/shahin-product/src/services/index.ts → @dos/module-sdk/risk/services/analytics/risk-metrics.service
  error no-unresolvable: packages/shahin-product/src/services/index.ts → @dos/module-sdk/risk/services/analytics/risk-heatmap.service
  error no-unresolvable: packages/shahin-product/src/services/index.ts → @dos/module-sdk/reporting/services/report/report.service
  error no-unresolvable: packages/shahin-product/src/services/index.ts → @dos/module-sdk/reporting/services/report/report-stream.service
  error no-unresolvable: packages/shahin-product/src/services/index.ts → @dos/module-sdk/reporting/services/report/report-sharing.service
  error no-unresolvable: packages/shahin-product/src/services/index.ts → @dos/module-sdk/reporting/services/report/report-renderer.service
  error no-unresolvable: packages/shahin-product/src/services/index.ts → @dos/module-sdk/reporting/services/report/report-hub.service
  error no-unresolvable: packages/shahin-product/src/services/index.ts → @dos/module-sdk/reporting/services/report/report-generator.service
  error no-unresolvable: packages/shahin-product/src/services/index.ts → @dos/module-sdk/reporting/services/report/report-ext.service
  error no-unresolvable: packages/shahin-product/src/services/index.ts → @dos/module-sdk/reporting/services/report/report-drilldown.service
  error no-unresolvable: packages/shahin-product/src/services/index.ts → @dos/module-sdk/remediation/services/remediation.service
  error no-unresolvable: packages/shahin-product/src/services/index.ts → @dos/module-sdk/qiyas/services/qiyas-benchmark.service
  error no-unresolvable: packages/shahin-product/src/services/index.ts → @dos/module-sdk/policy/services/policy/policy-template.service
  error no-unresolvable: packages/shahin-product/src/services/index.ts → @dos/module-sdk/policy/services/policy/policy-impact-simulator.service
  error no-unresolvable: packages/shahin-product/src/services/index.ts → @dos/module-sdk/policy/services/policy/policy-code.service
  error no-unresolvable: packages/shahin-product/src/services/index.ts → @dos/module-sdk/policy/services/policy/policy-attestation.service
  error no-unresolvable: packages/shahin-product/src/services/index.ts → @dos/module-sdk/onboarding/services/provisioning/provisioning-step-runner.service
  error no-unresolvable: packages/shahin-product/src/services/index.ts → @dos/module-sdk/onboarding/services/provisioning/provisioning-orchestrator.service
  error no-unresolvable: packages/shahin-product/src/services/index.ts → @dos/module-sdk/onboarding/services/provisioning/provisioning-definition.service
  error no-unresolvable: packages/shahin-product/src/services/index.ts → @dos/module-sdk/onboarding/services/onboarding/onboarding-validation.service
  error no-unresolvable: packages/shahin-product/src/services/index.ts → @dos/module-sdk/onboarding/services/onboarding/onboarding-session.service
  error no-unresolvable: packages/shahin-product/src/services/index.ts → @dos/module-sdk/onboarding/services/onboarding/onboarding-score.service
  error no-unresolvable: packages/shahin-product/src/services/index.ts → @dos/module-sdk/onboarding/services/onboarding/onboarding-review.service
  error no-unresolvable: packages/shahin-product/src/services/index.ts → @dos/module-sdk/onboarding/services/onboarding/onboarding-recommendation.service
  error no-unresolvable: packages/shahin-product/src/services/index.ts → @dos/module-sdk/onboarding/services/onboarding/onboarding-flow.service
  error no-unresolvable: packages/shahin-product/src/services/index.ts → @dos/module-sdk/onboarding/services/onboarding/onboarding-event.service
  error no-unresolvable: packages/shahin-product/src/services/index.ts → @dos/module-sdk/onboarding/services/onboarding/onboarding-completion.service
  error no-unresolvable: packages/shahin-product/src/services/index.ts → @dos/module-sdk/onboarding/services/onboarding/onboarding-answer.service
  error no-unresolvable: packages/shahin-product/src/services/index.ts → @dos/module-sdk/onboarding/services/misc/workspace-preview.service
  error no-unresolvable: packages/shahin-product/src/services/index.ts → @dos/module-sdk/onboarding/services/misc/ui-config.service
  error no-unresolvable: packages/shahin-product/src/services/index.ts → @dos/module-sdk/onboarding/services/misc/translation.service
  error no-unresolvable: packages/shahin-product/src/services/index.ts → @dos/module-sdk/onboarding/services/misc/startup-checklist.service
  error no-unresolvable: packages/shahin-product/src/services/index.ts → @dos/module-sdk/onboarding/services/misc/stage-definition.service
  error no-unresolvable: packages/shahin-product/src/services/index.ts → @dos/module-sdk/onboarding/services/misc/scene.service
  error no-unresolvable: packages/shahin-product/src/services/index.ts → @dos/module-sdk/onboarding/services/misc/regulator-explanation.service
  error no-unresolvable: packages/shahin-product/src/services/index.ts → @dos/module-sdk/onboarding/services/misc/quick-start-templates.service
  error no-unresolvable: packages/shahin-product/src/services/index.ts → @dos/module-sdk/onboarding/services/misc/question.service
  error no-unresolvable: packages/shahin-product/src/services/index.ts → @dos/module-sdk/onboarding/services/misc/lookup.service
  error no-unresolvable: packages/shahin-product/src/services/index.ts → @dos/module-sdk/onboarding/services/misc/inferred-facts.service
  error no-unresolvable: packages/shahin-product/src/services/index.ts → @dos/module-sdk/onboarding/services/misc/impact-rule-executor.service
  error no-unresolvable: packages/shahin-product/src/services/index.ts → @dos/module-sdk/onboarding/services/misc/governance-context.service
  error no-unresolvable: packages/shahin-product/src/services/index.ts → @dos/module-sdk/onboarding/services/misc/confidence-score.service
  error no-unresolvable: packages/shahin-product/src/services/index.ts → @dos/module-sdk/notification/services/notification.service
  error no-unresolvable: packages/shahin-product/src/services/index.ts → @dos/module-sdk/integrations/services/connector.service
  error no-unresolvable: packages/shahin-product/src/services/index.ts → @dos/module-sdk/integrations/services/connector-sync.service
  error no-unresolvable: packages/shahin-product/src/services/index.ts → @dos/module-sdk/integrations/services/connector-evidence-mapper.service
  error no-unresolvable: packages/shahin-product/src/services/index.ts → @dos/module-sdk/incident/services/incident/incident.service
  error no-unresolvable: packages/shahin-product/src/services/index.ts → @dos/module-sdk/incident/services/incident/incident-war-room.service
  error no-unresolvable: packages/shahin-product/src/services/index.ts → @dos/module-sdk/incident/services/incident/incident-sla-config.service
  error no-unresolvable: packages/shahin-product/src/services/index.ts → @dos/module-sdk/incident/services/incident/incident-playbook-templates.service
  error no-unresolvable: packages/shahin-product/src/services/index.ts → @dos/module-sdk/incident/services/incident/incident-followup.service
  error no-unresolvable: packages/shahin-product/src/services/index.ts → @dos/module-sdk/incident/services/incident/incident-advanced.service
  error no-unresolvable: packages/shahin-product/src/services/index.ts → @dos/module-sdk/governance/services/misc/realtime-governance-enforcement.service
  error no-unresolvable: packages/shahin-product/src/services/index.ts → @dos/module-sdk/governance/services/misc/raci-generator.service
  error no-unresolvable: packages/shahin-product/src/services/index.ts → @dos/module-sdk/governance/services/misc/obligation.service
  error no-unresolvable: packages/shahin-product/src/services/index.ts → @dos/module-sdk/governance/services/misc/grc-raci.service
  error no-unresolvable: packages/shahin-product/src/services/index.ts → @dos/module-sdk/governance/services/misc/enforcement-gate.service
  error no-unresolvable: packages/shahin-product/src/services/index.ts → @dos/module-sdk/governance/services/misc/delegation-rules.service
  error no-unresolvable: packages/shahin-product/src/services/index.ts → @dos/module-sdk/governance/services/governance/governance.service
  error no-unresolvable: packages/shahin-product/src/services/index.ts → @dos/module-sdk/governance/services/governance/governance-workload.service
  error no-unresolvable: packages/shahin-product/src/services/index.ts → @dos/module-sdk/governance/services/governance/governance-structure.service
  error no-unresolvable: packages/shahin-product/src/services/index.ts → @dos/module-sdk/governance/services/governance/governance-reviews.service
  error no-unresolvable: packages/shahin-product/src/services/index.ts → @dos/module-sdk/governance/services/governance/governance-responsibilities.service
  error no-unresolvable: packages/shahin-product/src/services/index.ts → @dos/module-sdk/governance/services/governance/governance-registers.service
  error no-unresolvable: packages/shahin-product/src/services/index.ts → @dos/module-sdk/governance/services/governance/governance-raci.service
  error no-unresolvable: packages/shahin-product/src/services/index.ts → @dos/module-sdk/governance/services/governance/governance-raci-templates.service
  error no-unresolvable: packages/shahin-product/src/services/index.ts → @dos/module-sdk/governance/services/governance/governance-obligations.service
  error no-unresolvable: packages/shahin-product/src/services/index.ts → @dos/module-sdk/governance/services/governance/governance-objectives.service
  error no-unresolvable: packages/shahin-product/src/services/index.ts → @dos/module-sdk/governance/services/governance/governance-maturity-auto-assessment.service
  error no-unresolvable: packages/shahin-product/src/services/index.ts → @dos/module-sdk/governance/services/governance/governance-mandates.service
  error no-unresolvable: packages/shahin-product/src/services/index.ts → @dos/module-sdk/governance/services/governance/governance-hooks.service
  error no-unresolvable: packages/shahin-product/src/services/index.ts → @dos/module-sdk/governance/services/governance/governance-health.service
  error no-unresolvable: packages/shahin-product/src/services/index.ts → @dos/module-sdk/governance/services/governance/governance-gap-scanner.service
  error no-unresolvable: packages/shahin-product/src/services/index.ts → @dos/module-sdk/governance/services/governance/governance-executive-summaries.service
  error no-unresolvable: packages/shahin-product/src/services/index.ts → @dos/module-sdk/governance/services/governance/governance-enforcement.service
  error no-unresolvable: packages/shahin-product/src/services/index.ts → @dos/module-sdk/governance/services/governance/governance-constitution.service
  error no-unresolvable: packages/shahin-product/src/services/index.ts → @dos/module-sdk/governance/services/governance/governance-charters.service
  error no-unresolvable: packages/shahin-product/src/services/index.ts → @dos/module-sdk/governance/services/governance/governance-board-packs.service
  error no-unresolvable: packages/shahin-product/src/services/index.ts → @dos/module-sdk/governance/services/governance/governance-baseline-seeders.service
  error no-unresolvable: packages/shahin-product/src/services/index.ts → @dos/module-sdk/governance/services/governance/governance-auto-escalation.service
  error no-unresolvable: packages/shahin-product/src/services/index.ts → @dos/module-sdk/governance/services/governance/governance-acknowledgements.service
  error no-unresolvable: packages/shahin-product/src/services/index.ts → @dos/module-sdk/governance/services/board/board-report-export.service
  error no-unresolvable: packages/shahin-product/src/services/index.ts → @dos/module-sdk/exception/services/exception.service
  error no-unresolvable: packages/shahin-product/src/services/index.ts → @dos/module-sdk/evidence/services/workflow/evidence-request-generator.service
  error no-unresolvable: packages/shahin-product/src/services/index.ts → @dos/module-sdk/evidence/services/reporting/evidence-reuse.service
  error no-unresolvable: packages/shahin-product/src/services/index.ts → @dos/module-sdk/evidence/services/reporting/evidence-bundle-generator.service
  error no-unresolvable: packages/shahin-product/src/services/index.ts → @dos/module-sdk/evidence/services/core/evidence.service
  error no-unresolvable: packages/shahin-product/src/services/index.ts → @dos/module-sdk/evidence/services/core/evidence-relay.service
  error no-unresolvable: packages/shahin-product/src/services/index.ts → @dos/module-sdk/evidence/services/core/evidence-lifecycle.service
  error no-unresolvable: packages/shahin-product/src/services/index.ts → @dos/module-sdk/evidence/services/collection/evidence-auto-collection.service
  error no-unresolvable: packages/shahin-product/src/services/index.ts → @dos/module-sdk/evidence/services/analysis/evidence-scoring.service
  error no-unresolvable: packages/shahin-product/src/services/index.ts → @dos/module-sdk/evidence/services/analysis/evidence-quality-scoring.service
  error no-unresolvable: packages/shahin-product/src/services/index.ts → @dos/module-sdk/evidence/services/analysis/evidence-multimodal-analysis.service
  error no-unresolvable: packages/shahin-product/src/services/index.ts → @dos/module-sdk/evidence/services/analysis/evidence-catalog.service
  error no-unresolvable: packages/shahin-product/src/services/index.ts → @dos/module-sdk/dashboard/services/widget-permission.service
  error no-unresolvable: packages/shahin-product/src/services/index.ts → @dos/module-sdk/dashboard/services/widget-insights.service
  error no-unresolvable: packages/shahin-product/src/services/index.ts → @dos/module-sdk/dashboard/services/widget-data.service
  error no-unresolvable: packages/shahin-product/src/services/index.ts → @dos/module-sdk/dashboard/services/dashboard-zones.service
  error no-unresolvable: packages/shahin-product/src/services/index.ts → @dos/module-sdk/dashboard/services/dashboard-widgets.service
  error no-unresolvable: packages/shahin-product/src/services/index.ts → @dos/module-sdk/dashboard/services/dashboard-query.service
  error no-unresolvable: packages/shahin-product/src/services/index.ts → @dos/module-sdk/dashboard/services/dashboard-composer.service
  error no-unresolvable: packages/shahin-product/src/services/index.ts → @dos/module-sdk/dashboard/services/dashboard-cache-invalidator.service
  error no-unresolvable: packages/shahin-product/src/services/index.ts → @dos/module-sdk/compliance/services/misc/control-dependency-graph.service
  error no-unresolvable: packages/shahin-product/src/services/index.ts → @dos/module-sdk/compliance/services/compliance/compliance.service
  error no-unresolvable: packages/shahin-product/src/services/index.ts → @dos/module-sdk/compliance/services/compliance/compliance-workspace.service
  error no-unresolvable: packages/shahin-product/src/services/index.ts → @dos/module-sdk/compliance/services/compliance/compliance-settings.service
  error no-unresolvable: packages/shahin-product/src/services/index.ts → @dos/module-sdk/compliance/services/compliance/compliance-observability.service
  error no-unresolvable: packages/shahin-product/src/services/index.ts → @dos/module-sdk/compliance/services/compliance/compliance-heatmap.service
  error no-unresolvable: packages/shahin-product/src/services/index.ts → @dos/module-sdk/compliance/services/compliance/compliance-drift-engine.service
  error no-unresolvable: packages/shahin-product/src/services/index.ts → @dos/module-sdk/compliance/services/compliance/compliance-cache.service
  error no-unresolvable: packages/shahin-product/src/services/index.ts → @dos/module-sdk/compliance/services/compliance/compliance-benchmark.service
  error no-unresolvable: packages/shahin-product/src/services/index.ts → @dos/module-sdk/compliance/services/compliance/compliance-attestation.service
  error no-unresolvable: packages/shahin-product/src/services/index.ts → @dos/module-sdk/compliance/services/compliance/compliance-as-code.service
  error no-unresolvable: packages/shahin-product/src/services/index.ts → @dos/module-sdk/compliance/services/ccm/ccm-worker.service
  error no-unresolvable: packages/shahin-product/src/services/index.ts → @dos/module-sdk/compliance/services/ccm/ccm-cloud-monitor.service
  error no-unresolvable: packages/shahin-product/src/services/index.ts → @dos/module-sdk/bcp/services/bcp.service
  error no-unresolvable: packages/shahin-product/src/services/index.ts → @dos/module-sdk/bcp/services/bcm-advanced.service
  error no-unresolvable: packages/shahin-product/src/services/index.ts → @dos/module-sdk/audit/services/misc/workpaper-generator.service
  error no-unresolvable: packages/shahin-product/src/services/index.ts → @dos/module-sdk/audit/services/misc/akb.service
  error no-unresolvable: packages/shahin-product/src/services/index.ts → @dos/module-sdk/audit/services/audit/reporting/audit-ratings.service
  error no-unresolvable: packages/shahin-product/src/services/index.ts → @dos/module-sdk/audit/services/audit/reporting/audit-qa-reviews.service
  error no-unresolvable: packages/shahin-product/src/services/index.ts → @dos/module-sdk/audit/services/audit/reporting/audit-package.service
  error no-unresolvable: packages/shahin-product/src/services/index.ts → @dos/module-sdk/audit/services/audit/reporting/audit-package-exporter.service
  error no-unresolvable: packages/shahin-product/src/services/index.ts → @dos/module-sdk/audit/services/audit/reporting/audit-committee-reporting.service
  error no-unresolvable: packages/shahin-product/src/services/index.ts → @dos/module-sdk/audit/services/audit/reporting/audit-capa-effectiveness.service
  error no-unresolvable: packages/shahin-product/src/services/index.ts → @dos/module-sdk/audit/services/audit/planning/audit-universe.service
  error no-unresolvable: packages/shahin-product/src/services/index.ts → @dos/module-sdk/audit/services/audit/planning/audit-templates.service
  error no-unresolvable: packages/shahin-product/src/services/index.ts → @dos/module-sdk/audit/services/audit/planning/audit-team.service
  error no-unresolvable: packages/shahin-product/src/services/index.ts → @dos/module-sdk/audit/services/audit/planning/audit-schedules.service
  error no-unresolvable: packages/shahin-product/src/services/index.ts → @dos/module-sdk/audit/services/audit/planning/audit-prep.service
  error no-unresolvable: packages/shahin-product/src/services/index.ts → @dos/module-sdk/audit/services/audit/operations/audit-trail-retention.service
  error no-unresolvable: packages/shahin-product/src/services/index.ts → @dos/module-sdk/audit/services/audit/operations/audit-risk-scoring.service
  error no-unresolvable: packages/shahin-product/src/services/index.ts → @dos/module-sdk/audit/services/audit/operations/audit-reminders.service
  error no-unresolvable: packages/shahin-product/src/services/index.ts → @dos/module-sdk/audit/services/audit/operations/audit-regulatory-tracking.service
  error no-unresolvable: packages/shahin-product/src/services/index.ts → @dos/module-sdk/audit/services/audit/operations/audit-external-coordination.service
  error no-unresolvable: packages/shahin-product/src/services/index.ts → @dos/module-sdk/audit/services/audit/operations/audit-cross-module.service
  error no-unresolvable: packages/shahin-product/src/services/index.ts → @dos/module-sdk/audit/services/audit/findings/audit-repeat-findings.service
  error no-unresolvable: packages/shahin-product/src/services/index.ts → @dos/module-sdk/audit/services/audit/findings/audit-finding-trends.service
  error no-unresolvable: packages/shahin-product/src/services/index.ts → @dos/module-sdk/audit/services/audit/findings/audit-finding-slas.service
  error no-unresolvable: packages/shahin-product/src/services/index.ts → @dos/module-sdk/audit/services/audit/findings/audit-anomaly-detector.service
  error no-unresolvable: packages/shahin-product/src/services/index.ts → @dos/module-sdk/audit/services/audit/execution/audit-working-papers.service
  error no-unresolvable: packages/shahin-product/src/services/index.ts → @dos/module-sdk/audit/services/audit/execution/audit-time-tracking.service
  error no-unresolvable: packages/shahin-product/src/services/index.ts → @dos/module-sdk/audit/services/audit/execution/audit-test-plans.service
  error no-unresolvable: packages/shahin-product/src/services/index.ts → @dos/module-sdk/audit/services/audit/execution/audit-evidence-versions.service
  error no-unresolvable: packages/shahin-product/src/services/index.ts → @dos/module-sdk/audit/services/audit/core/audit.service
  error no-unresolvable: packages/shahin-product/src/services/index.ts → @dos/module-sdk/audit/services/audit/core/audit-trail.service
  error no-unresolvable: packages/shahin-product/src/services/index.ts → @dos/module-sdk/analytics/services/analytics/analytics.service
  error no-unresolvable: packages/shahin-product/src/services/index.ts → @dos/module-sdk/ai/services/workflow/proposed-action.service
  error no-unresolvable: packages/shahin-product/src/services/index.ts → @dos/module-sdk/ai/services/workflow/default-event-agent-bindings.service
  error no-unresolvable: packages/shahin-product/src/services/index.ts → @dos/module-sdk/ai/services/workflow/ai-workflow-trigger.service
  error no-unresolvable: packages/shahin-product/src/services/index.ts → @dos/module-sdk/ai/services/workflow/ai-task-routing.service
  error no-unresolvable: packages/shahin-product/src/services/index.ts → @dos/module-sdk/ai/services/workflow/ai-remediation.service
  error no-unresolvable: packages/shahin-product/src/services/index.ts → @dos/module-sdk/ai/services/workflow/ai-event-trigger.service
  error no-unresolvable: packages/shahin-product/src/services/index.ts → @dos/module-sdk/ai/services/squad/unified-squad-registry.service
  error no-unresolvable: packages/shahin-product/src/services/index.ts → @dos/module-sdk/ai/services/squad/ai-squad.service
  error no-unresolvable: packages/shahin-product/src/services/index.ts → @dos/module-sdk/ai/services/squad/agent-squad-manager.service
  error no-unresolvable: packages/shahin-product/src/services/index.ts → @dos/module-sdk/ai/services/reasoning/reasoning-chain.service
  error no-unresolvable: packages/shahin-product/src/services/index.ts → @dos/module-sdk/ai/services/reasoning/nl-query-engine.service
  error no-unresolvable: packages/shahin-product/src/services/index.ts → @dos/module-sdk/ai/services/reasoning/ai-recommendation-engine.service
  error no-unresolvable: packages/shahin-product/src/services/index.ts → @dos/module-sdk/ai/services/reasoning/ai-explainability.service
  error no-unresolvable: packages/shahin-product/src/services/index.ts → @dos/module-sdk/ai/services/reasoning/ai-decision-engine.service
  error no-unresolvable: packages/shahin-product/src/services/index.ts → @dos/module-sdk/ai/services/personal/personal-agent.service
  error no-unresolvable: packages/shahin-product/src/services/index.ts → @dos/module-sdk/ai/services/personal/personal-agent-sla.service
  error no-unresolvable: packages/shahin-product/src/services/index.ts → @dos/module-sdk/ai/services/personal/personal-agent-diagnostics.service
  error no-unresolvable: packages/shahin-product/src/services/index.ts → @dos/module-sdk/ai/services/personal/personal-agent-dashboard.service
  error no-unresolvable: packages/shahin-product/src/services/index.ts → @dos/module-sdk/ai/services/personal/personal-agent-cache.service
  error no-unresolvable: packages/shahin-product/src/services/index.ts → @dos/module-sdk/ai/services/personal/personal-agent-auto-assign.service
  error no-unresolvable: packages/shahin-product/src/services/index.ts → @dos/module-sdk/ai/services/personal/personal-agent-assignment.service
  error no-unresolvable: packages/shahin-product/src/services/index.ts → @dos/module-sdk/ai/services/personal/personal-agent-approval.service
  error no-unresolvable: packages/shahin-product/src/services/index.ts → @dos/module-sdk/ai/services/personal/personal-agent-activity.service
  error no-unresolvable: packages/shahin-product/src/services/index.ts → @dos/module-sdk/ai/services/orchestration/ai-os-orchestrator.service
  error no-unresolvable: packages/shahin-product/src/services/index.ts → @dos/module-sdk/ai/services/orchestration/agent-orchestration.service
  error no-unresolvable: packages/shahin-product/src/services/index.ts → @dos/module-sdk/ai/services/orchestration/agent-cycle-orchestrator.service
  error no-unresolvable: packages/shahin-product/src/services/index.ts → @dos/module-sdk/ai/services/orchestration/agent-cycle-memory.service
  error no-unresolvable: packages/shahin-product/src/services/index.ts → @dos/module-sdk/ai/services/orchestration/agent-coordination.service
  error no-unresolvable: packages/shahin-product/src/services/index.ts → @dos/module-sdk/ai/services/orchestration/agent-context-builders.service
  error no-unresolvable: packages/shahin-product/src/services/index.ts → @dos/module-sdk/ai/services/orchestration/agent-action-executor.service
  error no-unresolvable: packages/shahin-product/src/services/index.ts → @dos/module-sdk/ai/services/observability/tool-usage-analytics.service
  error no-unresolvable: packages/shahin-product/src/services/index.ts → @dos/module-sdk/ai/services/observability/token-efficiency-tracker.service
  error no-unresolvable: packages/shahin-product/src/services/index.ts → @dos/module-sdk/ai/services/observability/cost-attribution.service
  error no-unresolvable: packages/shahin-product/src/services/index.ts → @dos/module-sdk/ai/services/observability/ai-observation.service
  error no-unresolvable: packages/shahin-product/src/services/index.ts → @dos/module-sdk/ai/services/observability/ai-cost-tracker.service
  error no-unresolvable: packages/shahin-product/src/services/index.ts → @dos/module-sdk/ai/services/observability/ai-analytics.service
  error no-unresolvable: packages/shahin-product/src/services/index.ts → @dos/module-sdk/ai/services/observability/ai-agent-performance.service
  error no-unresolvable: packages/shahin-product/src/services/index.ts → @dos/module-sdk/ai/services/observability/agent-metrics-aggregator.service
  error no-unresolvable: packages/shahin-product/src/services/index.ts → @dos/module-sdk/ai/services/memory/shared-agent-memory.service
  error no-unresolvable: packages/shahin-product/src/services/index.ts → @dos/module-sdk/ai/services/memory/memory-store.service
  error no-unresolvable: packages/shahin-product/src/services/index.ts → @dos/module-sdk/ai/services/memory/memory-compaction.service
  error no-unresolvable: packages/shahin-product/src/services/index.ts → @dos/module-sdk/ai/services/llm/prompt-injection-guard.service
  error no-unresolvable: packages/shahin-product/src/services/index.ts → @dos/module-sdk/ai/services/llm/prompt-drift-detector.service
  error no-unresolvable: packages/shahin-product/src/services/index.ts → @dos/module-sdk/ai/services/llm/llm-trace.service
  error no-unresolvable: packages/shahin-product/src/services/index.ts → @dos/module-sdk/ai/services/llm/llm-stream.service
  error no-unresolvable: packages/shahin-product/src/services/index.ts → @dos/module-sdk/ai/services/llm/llm-cache.service
  error no-unresolvable: packages/shahin-product/src/services/index.ts → @dos/module-sdk/ai/services/governance/compliance/ai-dpia.service
  error no-unresolvable: packages/shahin-product/src/services/index.ts → @dos/module-sdk/ai/services/governance/compliance/ai-control-mapping.service
  error no-unresolvable: packages/shahin-product/src/services/index.ts → @dos/module-sdk/ai/services/governance/compliance/ai-compliance-framework.service
  error no-unresolvable: packages/shahin-product/src/services/index.ts → @dos/module-sdk/ai/services/governance/compliance/ai-asset-inventory.service
  error no-unresolvable: packages/shahin-product/src/services/index.ts → @dos/module-sdk/ai/services/governance/compliance/ai-asset-discovery.service
  error no-unresolvable: packages/shahin-product/src/services/index.ts → @dos/module-sdk/ai/services/governance/compliance/ai-alert.service
  error no-unresolvable: packages/shahin-product/src/services/index.ts → @dos/module-sdk/ai/services/governance/circuit/per-agent-circuit-breaker.service
  error no-unresolvable: packages/shahin-product/src/services/index.ts → @dos/module-sdk/ai/services/governance/circuit/ai-circuit-breaker.service
  error no-unresolvable: packages/shahin-product/src/services/index.ts → @dos/module-sdk/ai/services/governance/ai-policy-rule.service
  error no-unresolvable: packages/shahin-product/src/services/index.ts → @dos/module-sdk/ai/services/governance/ai-model-risk.service
  error no-unresolvable: packages/shahin-product/src/services/index.ts → @dos/module-sdk/ai/services/governance/agent-governance-bridge.service
  error no-unresolvable: packages/shahin-product/src/services/index.ts → @dos/module-sdk/ai/services/gateway/tool-registry.service
  error no-unresolvable: packages/shahin-product/src/services/index.ts → @dos/module-sdk/ai/services/gateway/rag-pipeline.service
  error no-unresolvable: packages/shahin-product/src/services/index.ts → @dos/module-sdk/ai/services/gateway/provider-policy-enforcer.service
  error no-unresolvable: packages/shahin-product/src/services/index.ts → @dos/module-sdk/ai/services/gateway/llm.service
  error no-unresolvable: packages/shahin-product/src/services/index.ts → @dos/module-sdk/ai/services/gateway/llm-usage-tracker.service
  error no-unresolvable: packages/shahin-product/src/services/index.ts → @dos/module-sdk/ai/services/gateway/llm-router.service
  error no-unresolvable: packages/shahin-product/src/services/index.ts → @dos/module-sdk/ai/services/gateway/ai-gateway.service
  error no-unresolvable: packages/shahin-product/src/services/index.ts → @dos/module-sdk/ai/services/delegation/agent-to-agent-delegation.service
  error no-unresolvable: packages/shahin-product/src/services/index.ts → @dos/module-sdk/ai/services/delegation/agent-delegation.service
  error no-unresolvable: packages/shahin-product/src/services/index.ts → @dos/module-sdk/ai/services/copilot/context-reader.service
  error no-unresolvable: packages/shahin-product/src/services/index.ts → @dos/module-sdk/ai/services/copilot/co-drafting.service
  error no-unresolvable: packages/shahin-product/src/services/index.ts → @dos/module-sdk/ai/services/cockpit/ai-cockpit.service
  error no-unresolvable: packages/shahin-product/src/services/index.ts → @dos/module-sdk/ai/services/cockpit/ai-cockpit-signal.service
  error no-unresolvable: packages/shahin-product/src/services/index.ts → @dos/module-sdk/ai/services/agents/lifecycle/agent-self-improve.service
  error no-unresolvable: packages/shahin-product/src/services/index.ts → @dos/module-sdk/ai/services/agents/lifecycle/agent-onboarding-executor.service
  error no-unresolvable: packages/shahin-product/src/services/index.ts → @dos/module-sdk/ai/services/agents/lifecycle/agent-health-monitor.service
  error no-unresolvable: packages/shahin-product/src/services/index.ts → @dos/module-sdk/ai/services/agents/lifecycle/agent-eval.service
  error no-unresolvable: packages/shahin-product/src/services/index.ts → @dos/module-sdk/ai/services/agents/lifecycle/agent-ab-testing.service
  error no-unresolvable: packages/shahin-product/src/services/index.ts → @dos/module-sdk/ai/services/agents/core/ai-agent.service
  error no-unresolvable: packages/shahin-product/src/services/index.ts → @dos/module-sdk/ai/services/agents/core/ai-agent-runtime.service
  error no-unresolvable: packages/shahin-product/src/services/index.ts → @dos/module-sdk/ai/services/agents/core/agent-tools-registry.service
  error no-unresolvable: packages/shahin-product/src/services/index.ts → @dos/module-sdk/ai/services/agents/core/agent-tool-executor.service
  error no-unresolvable: packages/shahin-product/src/services/index.ts → @dos/module-sdk/ai/services/agents/core/agent-runner.service
  error no-unresolvable: packages/shahin-product/src/services/index.ts → @dos/module-sdk/ai/services/agents/core/agent-registry.service
  error no-unresolvable: packages/shahin-product/src/services/index.ts → @dos/module-sdk/ai/services/agents/core/agent-output-validator.service
  error no-unresolvable: packages/shahin-product/src/services/index.ts → @dos/module-sdk/ai/services/agents/core/agent-fallback-responses.service
  error no-unresolvable: packages/shahin-product/src/services/index.ts → @dos/module-sdk/ai/services/activity/agent-standup.service
  error no-unresolvable: packages/shahin-product/src/services/index.ts → @dos/module-sdk/ai/services/activity/agent-activity-feed.service
  error no-unresolvable: packages/shahin-product/src/services/index.ts → @dos/module-sdk/ai-governance/services/misc/scenario-templates.service
  error no-unresolvable: packages/shahin-product/src/services/index.ts → @dos/module-sdk/ai-governance/services/misc/red-team.service
  error no-unresolvable: packages/shahin-product/src/services/index.ts → @dos/module-sdk/ai-governance/services/misc/prompt-registry.service
  error no-unresolvable: packages/shahin-product/src/services/index.ts → @dos/module-sdk/ai-governance/services/misc/model-registry.service
  error no-unresolvable: packages/shahin-product/src/services/index.ts → @dos/module-sdk/ai-governance/services/digital/digital-twin.service
  error no-unresolvable: packages/shahin-product/src/services/index.ts → @dos/module-sdk/ai-governance/services/ai/operations/ai-governance-ops.service
  error no-unresolvable: packages/shahin-product/src/services/index.ts → @dos/module-sdk/ai-governance/services/ai/operations/ai-governance-config.service
  error no-unresolvable: packages/shahin-product/src/services/index.ts → @dos/module-sdk/ai-governance/services/ai/operations/ai-governance-bootstrap.service
  error no-unresolvable: packages/shahin-product/src/services/index.ts → @dos/module-sdk/ai-governance/services/ai/compliance/ai-binding-governance.service
  error no-unresolvable: packages/shahin-product/src/services/index.ts → @dos/module-sdk/ai-governance/services/ai/compliance/ai-act-classification.service
  error no-unresolvable: packages/shahin-product/src/services/index.ts → @dos/module-sdk/agrc-engine/services/quick-grc-accelerator.service
  error no-unresolvable: packages/shahin-product/src/services/index.ts → @dos/module-sdk/agrc-engine/services/qiyas-grc-automation.processor
  error no-unresolvable: packages/shahin-product/src/services/index.ts → @dos/module-sdk/agrc-engine/services/grc-query-engine.service
  error no-unresolvable: packages/shahin-product/src/services/index.ts → @dos/module-sdk/agrc-engine/services/grc-knowledge-graph.service
  error no-unresolvable: packages/shahin-product/src/services/index.ts → @dos/module-sdk/agrc-engine/services/grc-integrity-guard.service
  error no-unresolvable: packages/shahin-product/src/services/index.ts → @dos/module-sdk/agrc-engine/services/chart-grc-core.service
  error no-unresolvable: packages/shahin-product/src/services/index.ts → @dos/module-sdk/agrc-engine/services/autonomous-grc-engine.service
  error no-unresolvable: packages/shahin-product/src/services/index.ts → @dos/module-sdk/agrc-engine/services/agrc-runbook.service
  error no-unresolvable: packages/shahin-product/src/services/index.ts → @dos/module-sdk/agrc-engine/services/agrc-os-ui.service
  error no-unresolvable: packages/shahin-product/src/services/index.ts → @dos/module-sdk/agrc-engine/services/agrc-os-reporting.service
  error no-unresolvable: packages/shahin-product/src/services/index.ts → @dos/module-sdk/agrc-engine/services/agrc-os-orchestrator.service
  error no-unresolvable: packages/shahin-product/src/services/index.ts → @dos/module-sdk/agrc-engine/services/agrc-os-integration.service
  error no-unresolvable: packages/shahin-product/src/services/index.ts → @dos/module-sdk/agrc-engine/services/agrc-os-dashboard.service
  error no-unresolvable: packages/shahin-product/src/services/index.ts → @dos/module-sdk/agrc-engine/services/agrc-notification-bridge.service
  error no-unresolvable: packages/shahin-product/src/services/index.ts → @dos/module-sdk/agrc-engine/services/agrc-metrics.service
  error no-unresolvable: packages/shahin-product/src/services/index.ts → @dos/module-sdk/action/services/action-item.service
  error no-unresolvable: packages/shahin-product/src/services/index.ts → @dos/module-sdk/action/services/action-executor.service
  error no-unresolvable: packages/shahin-product/src/rules-engine/agrc-rules-engine-bridge.ts → @dos/platform-core/resilience/resilient-catch
  error no-unresolvable: packages/shahin-product/src/rules-engine/agrc-rules-engine-bridge.ts → @dos/platform-core/observability
  error no-unresolvable: packages/shahin-product/src/rules-engine/agrc-rules-engine-bridge.ts → @dos/platform-core/events
  error no-unresolvable: packages/shahin-product/src/rules-engine/agrc-rules-engine-bridge.ts → @dos/module-sdk/workflow/services/tasks/process-orchestration.service
  error no-unresolvable: packages/shahin-product/src/rules-engine/agrc-rules-engine-bridge.ts → @dos/module-sdk/platform/services/misc/compliance-rules-engine.service
  error no-unresolvable: packages/shahin-product/src/rules-engine/agrc-rules-engine-bridge.ts → @dos/module-sdk/platform/services/event/event-schema-validator.service
  error no-unresolvable: packages/shahin-product/src/rules-engine/agrc-rules-engine-bridge.ts → @dos/module-sdk/db-utils
  error no-unresolvable: packages/shahin-product/src/rules-engine/agrc-rules-engine-bridge.ts → @dos/module-sdk/ai/services/agent-cooperation/types
  error no-unresolvable: packages/shahin-product/src/rules-engine/agrc-rules-engine-bridge.ts → ./agrc-compliance-rules
  error no-unresolvable: packages/shahin-product/src/routing/agrc-route-manifest.ts → @dos/platform-core/tenancy/routes/workspace-ignite.routes
  error no-unresolvable: packages/shahin-product/src/routing/agrc-route-manifest.ts → @dos/platform-core/tenancy/routes/workspace-home.routes
  error no-unresolvable: packages/shahin-product/src/routing/agrc-route-manifest.ts → @dos/platform-core/tenancy/routes/tenant-home.routes
  error no-unresolvable: packages/shahin-product/src/routing/agrc-route-manifest.ts → @dos/platform-core/tenancy/routes/tenant-email-config.routes
  error no-unresolvable: packages/shahin-product/src/routing/agrc-route-manifest.ts → @dos/platform-core/tenancy/routes/tenant-config.routes
  error no-unresolvable: packages/shahin-product/src/routing/agrc-route-manifest.ts → @dos/platform-core/provisioning/routes/processes.routes
  error no-unresolvable: packages/shahin-product/src/routing/agrc-route-manifest.ts → @dos/platform-core/provisioning/routes/pack-management.routes
  error no-unresolvable: packages/shahin-product/src/routing/agrc-route-manifest.ts → @dos/platform-core/lifecycle/routes/consent-lifecycle.routes
  error no-unresolvable: packages/shahin-product/src/routing/agrc-route-manifest.ts → @dos/platform-core/http/search/global-search.routes
  error no-unresolvable: packages/shahin-product/src/routing/agrc-route-manifest.ts → @dos/platform-core/http/routes/profiles.routes
  error no-unresolvable: packages/shahin-product/src/routing/agrc-route-manifest.ts → @dos/platform-core/http/health/service-health.routes
  error no-unresolvable: packages/shahin-product/src/routing/agrc-route-manifest.ts → @dos/platform-core/http/health/runtime-health.routes
  error no-unresolvable: packages/shahin-product/src/routing/agrc-route-manifest.ts → @dos/platform-core/http/health/jobs.routes
  error no-unresolvable: packages/shahin-product/src/routing/agrc-route-manifest.ts → @dos/platform-core/http/health/event-dlq.routes
  error no-unresolvable: packages/shahin-product/src/routing/agrc-route-manifest.ts → @dos/platform-core/http/health/contract-tests.routes
  error no-unresolvable: packages/shahin-product/src/routing/agrc-route-manifest.ts → @dos/platform-core/http/health/auto-task.routes
  error no-unresolvable: packages/shahin-product/src/routing/agrc-route-manifest.ts → @dos/module-sdk/workflow/routes/workflow/workflow-templates.routes
  error no-unresolvable: packages/shahin-product/src/routing/agrc-route-manifest.ts → @dos/module-sdk/workflow/routes/workflow/workflow-lookups.routes
  error no-unresolvable: packages/shahin-product/src/routing/agrc-route-manifest.ts → @dos/module-sdk/workflow/routes/workflow/workflow-import-export.routes
  error no-unresolvable: packages/shahin-product/src/routing/agrc-route-manifest.ts → @dos/module-sdk/workflow/routes/workflow/workflow-ext.routes
  error no-unresolvable: packages/shahin-product/src/routing/agrc-route-manifest.ts → @dos/module-sdk/workflow/routes/workflow/workflow-chain.routes
  error no-unresolvable: packages/shahin-product/src/routing/agrc-route-manifest.ts → @dos/module-sdk/workflow/routes/workflow/workflow-advanced.routes
  error no-unresolvable: packages/shahin-product/src/routing/agrc-route-manifest.ts → @dos/module-sdk/workflow/routes/workflow-profile.routes
  error no-unresolvable: packages/shahin-product/src/routing/agrc-route-manifest.ts → @dos/module-sdk/workflow/routes/misc/workflows.routes
  error no-unresolvable: packages/shahin-product/src/routing/agrc-route-manifest.ts → @dos/module-sdk/workflow/routes/misc/work-items.routes
  error no-unresolvable: packages/shahin-product/src/routing/agrc-route-manifest.ts → @dos/module-sdk/workflow/routes/misc/task-board.routes
  error no-unresolvable: packages/shahin-product/src/routing/agrc-route-manifest.ts → @dos/module-sdk/workflow/routes/misc/review-cycle.routes
  error no-unresolvable: packages/shahin-product/src/routing/agrc-route-manifest.ts → @dos/module-sdk/workflow/routes/misc/process-tasks.routes
  error no-unresolvable: packages/shahin-product/src/routing/agrc-route-manifest.ts → @dos/module-sdk/workflow/routes/misc/module-workflow.routes
  error no-unresolvable: packages/shahin-product/src/routing/agrc-route-manifest.ts → @dos/module-sdk/workflow/routes/misc/cooperative-workflows.routes
  error no-unresolvable: packages/shahin-product/src/routing/agrc-route-manifest.ts → @dos/module-sdk/workflow/routes/misc/bulk-tasks.routes
  error no-unresolvable: packages/shahin-product/src/routing/agrc-route-manifest.ts → @dos/module-sdk/workflow/routes/misc/autonomous-workflow.routes
  error no-unresolvable: packages/shahin-product/src/routing/agrc-route-manifest.ts → @dos/module-sdk/workflow/routes/misc/approval-routing.routes
  error no-unresolvable: packages/shahin-product/src/routing/agrc-route-manifest.ts → @dos/module-sdk/workflow/routes/misc/approval-requests.routes
  error no-unresolvable: packages/shahin-product/src/routing/agrc-route-manifest.ts → @dos/module-sdk/widgets/widgets.controller
  error no-unresolvable: packages/shahin-product/src/routing/agrc-route-manifest.ts → @dos/module-sdk/widgets/executive-widgets.controller
  error no-unresolvable: packages/shahin-product/src/routing/agrc-route-manifest.ts → @dos/module-sdk/vendor/routes/vendors.routes
  error no-unresolvable: packages/shahin-product/src/routing/agrc-route-manifest.ts → @dos/module-sdk/vendor/routes/vendor-scoring.routes
  error no-unresolvable: packages/shahin-product/src/routing/agrc-route-manifest.ts → @dos/module-sdk/vendor/routes/vendor-risk-ext.routes
  error no-unresolvable: packages/shahin-product/src/routing/agrc-route-manifest.ts → @dos/module-sdk/vendor/routes/vendor-cyber-rating.routes
  error no-unresolvable: packages/shahin-product/src/routing/agrc-route-manifest.ts → @dos/module-sdk/vendor/routes/vendor-compliance-sync.routes
  error no-unresolvable: packages/shahin-product/src/routing/agrc-route-manifest.ts → @dos/module-sdk/vendor/routes/vendor-advanced.routes
  error no-unresolvable: packages/shahin-product/src/routing/agrc-route-manifest.ts → @dos/module-sdk/training/routes/training-data.routes
  error no-unresolvable: packages/shahin-product/src/routing/agrc-route-manifest.ts → @dos/module-sdk/training/routes/training-advanced.routes
  error no-unresolvable: packages/shahin-product/src/routing/agrc-route-manifest.ts → @dos/module-sdk/training/routes/training-admin.routes
  error no-unresolvable: packages/shahin-product/src/routing/agrc-route-manifest.ts → @dos/module-sdk/risk/routes/vulnerabilities.routes
  error no-unresolvable: packages/shahin-product/src/routing/agrc-route-manifest.ts → @dos/module-sdk/risk/routes/scoring.routes
  error no-unresolvable: packages/shahin-product/src/routing/agrc-route-manifest.ts → @dos/module-sdk/risk/routes/score-calibration.routes
  error no-unresolvable: packages/shahin-product/src/routing/agrc-route-manifest.ts → @dos/module-sdk/risk/routes/risk.routes
  error no-unresolvable: packages/shahin-product/src/routing/agrc-route-manifest.ts → @dos/module-sdk/risk/routes/risk-workspace.routes
  error no-unresolvable: packages/shahin-product/src/routing/agrc-route-manifest.ts → @dos/module-sdk/risk/routes/risk-trends.routes
  error no-unresolvable: packages/shahin-product/src/routing/agrc-route-manifest.ts → @dos/module-sdk/risk/routes/risk-smart.routes
  error no-unresolvable: packages/shahin-product/src/routing/agrc-route-manifest.ts → @dos/module-sdk/risk/routes/risk-scoring.routes
  error no-unresolvable: packages/shahin-product/src/routing/agrc-route-manifest.ts → @dos/module-sdk/risk/routes/risk-quantification.routes
  error no-unresolvable: packages/shahin-product/src/routing/agrc-route-manifest.ts → @dos/module-sdk/risk/routes/risk-peer-review.routes
  error no-unresolvable: packages/shahin-product/src/routing/agrc-route-manifest.ts → @dos/module-sdk/risk/routes/risk-metrics.routes
  error no-unresolvable: packages/shahin-product/src/routing/agrc-route-manifest.ts → @dos/module-sdk/risk/routes/monte-carlo.routes
  error no-unresolvable: packages/shahin-product/src/routing/agrc-route-manifest.ts → @dos/module-sdk/risk/routes/model-risk.routes
  error no-unresolvable: packages/shahin-product/src/routing/agrc-route-manifest.ts → @dos/module-sdk/reporting/routes/sample/sample-reports.routes
  error no-unresolvable: packages/shahin-product/src/routing/agrc-route-manifest.ts → @dos/module-sdk/reporting/routes/report/report.routes
  error no-unresolvable: packages/shahin-product/src/routing/agrc-route-manifest.ts → @dos/module-sdk/reporting/routes/report/report-scenario.routes
  error no-unresolvable: packages/shahin-product/src/routing/agrc-route-manifest.ts → @dos/module-sdk/reporting/routes/report/report-hub.routes
  error no-unresolvable: packages/shahin-product/src/routing/agrc-route-manifest.ts → @dos/module-sdk/reporting/routes/report/report-generator.routes
  error no-unresolvable: packages/shahin-product/src/routing/agrc-route-manifest.ts → @dos/module-sdk/reporting/routes/report/report-ext.routes
  error no-unresolvable: packages/shahin-product/src/routing/agrc-route-manifest.ts → @dos/module-sdk/reporting/routes/report/report-center.routes
  error no-unresolvable: packages/shahin-product/src/routing/agrc-route-manifest.ts → @dos/module-sdk/reporting/routes/misc/board-reports.routes
  error no-unresolvable: packages/shahin-product/src/routing/agrc-route-manifest.ts → @dos/module-sdk/remediation/routes/remediation.routes
  error no-unresolvable: packages/shahin-product/src/routing/agrc-route-manifest.ts → @dos/module-sdk/remediation/routes/findings.routes
  error no-unresolvable: packages/shahin-product/src/routing/agrc-route-manifest.ts → @dos/module-sdk/qiyas/routes/qiyas.routes
  error no-unresolvable: packages/shahin-product/src/routing/agrc-route-manifest.ts → @dos/module-sdk/provisioning/provisioning.controller
  error no-unresolvable: packages/shahin-product/src/routing/agrc-route-manifest.ts → @dos/module-sdk/provisioning/provisioning-status.controller
  error no-unresolvable: packages/shahin-product/src/routing/agrc-route-manifest.ts → @dos/module-sdk/provisioning/provisioning-orchestrator.controller
  error no-unresolvable: packages/shahin-product/src/routing/agrc-route-manifest.ts → @dos/module-sdk/privacy/routes/privacy.routes
  error no-unresolvable: packages/shahin-product/src/routing/agrc-route-manifest.ts → @dos/module-sdk/policy/routes/policy-template.routes
  error no-unresolvable: packages/shahin-product/src/routing/agrc-route-manifest.ts → @dos/module-sdk/policy/routes/policy-reports.routes
  error no-unresolvable: packages/shahin-product/src/routing/agrc-route-manifest.ts → @dos/module-sdk/policy/routes/policy-publication.routes
  error no-unresolvable: packages/shahin-product/src/routing/agrc-route-manifest.ts → @dos/module-sdk/policy/routes/policy-overview.routes
  error no-unresolvable: packages/shahin-product/src/routing/agrc-route-manifest.ts → @dos/module-sdk/policy/routes/policy-lifecycle.routes
  error no-unresolvable: packages/shahin-product/src/routing/agrc-route-manifest.ts → @dos/module-sdk/policy/routes/policy-exception.routes
  error no-unresolvable: packages/shahin-product/src/routing/agrc-route-manifest.ts → @dos/module-sdk/policy/routes/policy-coverage.routes
  error no-unresolvable: packages/shahin-product/src/routing/agrc-route-manifest.ts → @dos/module-sdk/policy/routes/policy-code.routes
  error no-unresolvable: packages/shahin-product/src/routing/agrc-route-manifest.ts → @dos/module-sdk/policy/routes/policy-attestation.routes
  error no-unresolvable: packages/shahin-product/src/routing/agrc-route-manifest.ts → @dos/module-sdk/policy/routes/policies.routes
  error no-unresolvable: packages/shahin-product/src/routing/agrc-route-manifest.ts → @dos/module-sdk/platform/routes/user-org/registry.routes
  error no-unresolvable: packages/shahin-product/src/routing/agrc-route-manifest.ts → @dos/module-sdk/platform/routes/user-org/next-actions.routes
  error no-unresolvable: packages/shahin-product/src/routing/agrc-route-manifest.ts → @dos/module-sdk/platform/routes/user-org/mobile.routes
  error no-unresolvable: packages/shahin-product/src/routing/agrc-route-manifest.ts → @dos/module-sdk/platform/routes/user-org/messaging.routes
  error no-unresolvable: packages/shahin-product/src/routing/agrc-route-manifest.ts → @dos/module-sdk/platform/routes/user-org/email-inbox.routes
  error no-unresolvable: packages/shahin-product/src/routing/agrc-route-manifest.ts → @dos/module-sdk/platform/routes/user-org/bulk-import.routes
  error no-unresolvable: packages/shahin-product/src/routing/agrc-route-manifest.ts → @dos/module-sdk/platform/routes/user-org/bulk-action.routes
  error no-unresolvable: packages/shahin-product/src/routing/agrc-route-manifest.ts → @dos/module-sdk/platform/routes/reporting/sla-performance.routes
  error no-unresolvable: packages/shahin-product/src/routing/agrc-route-manifest.ts → @dos/module-sdk/platform/routes/reporting/program-health.routes
  error no-unresolvable: packages/shahin-product/src/routing/agrc-route-manifest.ts → @dos/module-sdk/platform/routes/reporting/platform-stats.routes
  error no-unresolvable: packages/shahin-product/src/routing/agrc-route-manifest.ts → @dos/module-sdk/platform/routes/reporting/cadence.routes
  error no-unresolvable: packages/shahin-product/src/routing/agrc-route-manifest.ts → @dos/module-sdk/platform/routes/products/trial-extension.routes
  error no-unresolvable: packages/shahin-product/src/routing/agrc-route-manifest.ts → @dos/module-sdk/platform/routes/products/roadmap.routes
  error no-unresolvable: packages/shahin-product/src/routing/agrc-route-manifest.ts → @dos/module-sdk/platform/routes/products/roadmap-builder.routes
  error no-unresolvable: packages/shahin-product/src/routing/agrc-route-manifest.ts → @dos/module-sdk/platform/routes/products/quick-grc-accelerator.routes
  error no-unresolvable: packages/shahin-product/src/routing/agrc-route-manifest.ts → @dos/module-sdk/platform/routes/products/public-explorer.routes
  error no-unresolvable: packages/shahin-product/src/routing/agrc-route-manifest.ts → @dos/module-sdk/platform/routes/products/products.routes
  error no-unresolvable: packages/shahin-product/src/routing/agrc-route-manifest.ts → @dos/module-sdk/platform/routes/module-lifecycle.routes
  error no-unresolvable: packages/shahin-product/src/routing/agrc-route-manifest.ts → @dos/module-sdk/platform/routes/integration/mapping.routes
  error no-unresolvable: packages/shahin-product/src/routing/agrc-route-manifest.ts → @dos/module-sdk/platform/routes/integration/inbound-event.routes
  error no-unresolvable: packages/shahin-product/src/routing/agrc-route-manifest.ts → @dos/module-sdk/platform/routes/integration/entity-link.routes
  error no-unresolvable: packages/shahin-product/src/routing/agrc-route-manifest.ts → @dos/module-sdk/platform/routes/integration/common-objects.routes
  error no-unresolvable: packages/shahin-product/src/routing/agrc-route-manifest.ts → @dos/module-sdk/platform/routes/integration/auto-crud.routes
  error no-unresolvable: packages/shahin-product/src/routing/agrc-route-manifest.ts → @dos/module-sdk/platform/routes/dashboard-ui/widgets.routes
  error no-unresolvable: packages/shahin-product/src/routing/agrc-route-manifest.ts → @dos/module-sdk/platform/routes/dashboard-ui/ui.routes
  error no-unresolvable: packages/shahin-product/src/routing/agrc-route-manifest.ts → @dos/module-sdk/platform/routes/dashboard-ui/inline-edit.routes
  error no-unresolvable: packages/shahin-product/src/routing/agrc-route-manifest.ts → @dos/module-sdk/platform/routes/dashboard-ui/command-palette.routes
  error no-unresolvable: packages/shahin-product/src/routing/agrc-route-manifest.ts → @dos/module-sdk/platform/routes/content/sop-library.routes
  error no-unresolvable: packages/shahin-product/src/routing/agrc-route-manifest.ts → @dos/module-sdk/platform/routes/content/reference-data.routes
  error no-unresolvable: packages/shahin-product/src/routing/agrc-route-manifest.ts → @dos/module-sdk/platform/routes/content/playbook.routes
  error no-unresolvable: packages/shahin-product/src/routing/agrc-route-manifest.ts → @dos/module-sdk/platform/routes/content/platform-content-packs.routes
  error no-unresolvable: packages/shahin-product/src/routing/agrc-route-manifest.ts → @dos/module-sdk/platform/routes/content/knowledge.routes
  error no-unresolvable: packages/shahin-product/src/routing/agrc-route-manifest.ts → @dos/module-sdk/platform/routes/content/guidance.routes
  error no-unresolvable: packages/shahin-product/src/routing/agrc-route-manifest.ts → @dos/module-sdk/platform/routes/content/document-management.routes
  error no-unresolvable: packages/shahin-product/src/routing/agrc-route-manifest.ts → @dos/module-sdk/platform/routes/content/content.routes
  error no-unresolvable: packages/shahin-product/src/routing/agrc-route-manifest.ts → @dos/module-sdk/platform/routes/content/content-pack.routes
  error no-unresolvable: packages/shahin-product/src/routing/agrc-route-manifest.ts → @dos/module-sdk/platform/routes/compliance-regulatory/regulation-compiler.routes
  error no-unresolvable: packages/shahin-product/src/routing/agrc-route-manifest.ts → @dos/module-sdk/platform/routes/compliance-regulatory/quantum-readiness.routes
  error no-unresolvable: packages/shahin-product/src/routing/agrc-route-manifest.ts → @dos/module-sdk/platform/routes/compliance-regulatory/privacy-budget.routes
  error no-unresolvable: packages/shahin-product/src/routing/agrc-route-manifest.ts → @dos/module-sdk/platform/routes/compliance-regulatory/pdpl-consent.routes
  error no-unresolvable: packages/shahin-product/src/routing/agrc-route-manifest.ts → @dos/module-sdk/platform/routes/compliance-regulatory/ksa-hub.routes
  error no-unresolvable: packages/shahin-product/src/routing/agrc-route-manifest.ts → @dos/module-sdk/platform/routes/compliance-regulatory/dpia.routes
  error no-unresolvable: packages/shahin-product/src/routing/agrc-route-manifest.ts → @dos/module-sdk/platform/routes/compliance-regulatory/dora-resilience.routes
  error no-unresolvable: packages/shahin-product/src/routing/agrc-route-manifest.ts → @dos/module-sdk/platform/routes/assessment/assessment.routes
  error no-unresolvable: packages/shahin-product/src/routing/agrc-route-manifest.ts → @dos/module-sdk/platform/routes/assessment/assessment-template.routes
  error no-unresolvable: packages/shahin-product/src/routing/agrc-route-manifest.ts → @dos/module-sdk/platform/routes/ai/inference.routes
  error no-unresolvable: packages/shahin-product/src/routing/agrc-route-manifest.ts → @dos/module-sdk/platform/routes/ai/contextual-ai.routes
  error no-unresolvable: packages/shahin-product/src/routing/agrc-route-manifest.ts → @dos/module-sdk/platform/routes/ai/autonomy.routes
  error no-unresolvable: packages/shahin-product/src/routing/agrc-route-manifest.ts → @dos/module-sdk/platform/routes/admin/modules.routes
  error no-unresolvable: packages/shahin-product/src/routing/agrc-route-manifest.ts → @dos/module-sdk/platform/routes/admin/modules-report.routes
  error no-unresolvable: packages/shahin-product/src/routing/agrc-route-manifest.ts → @dos/module-sdk/platform/routes/admin/module-workflow-registry.routes
  error no-unresolvable: packages/shahin-product/src/routing/agrc-route-manifest.ts → @dos/module-sdk/platform/routes/admin/module-readiness.routes
  error no-unresolvable: packages/shahin-product/src/routing/agrc-route-manifest.ts → @dos/module-sdk/platform/routes/admin/module-onboarding.routes
  error no-unresolvable: packages/shahin-product/src/routing/agrc-route-manifest.ts → @dos/module-sdk/platform/routes/admin/module-kickstart.routes
  error no-unresolvable: packages/shahin-product/src/routing/agrc-route-manifest.ts → @dos/module-sdk/platform/routes/admin/module-certification.routes
  error no-unresolvable: packages/shahin-product/src/routing/agrc-route-manifest.ts → @dos/module-sdk/platform/routes/admin/feature-tables.routes
  error no-unresolvable: packages/shahin-product/src/routing/agrc-route-manifest.ts → @dos/module-sdk/platform/routes/admin/automation.routes
  error no-unresolvable: packages/shahin-product/src/routing/agrc-route-manifest.ts → @dos/module-sdk/platform/routes/activity/comment.routes
  error no-unresolvable: packages/shahin-product/src/routing/agrc-route-manifest.ts → @dos/module-sdk/platform/routes/activity/activity-stream.routes
  error no-unresolvable: packages/shahin-product/src/routing/agrc-route-manifest.ts → @dos/module-sdk/platform/routes/activity/activity-feed.routes
  error no-unresolvable: packages/shahin-product/src/routing/agrc-route-manifest.ts → @dos/module-sdk/packs/pack-policy.controller
  error no-unresolvable: packages/shahin-product/src/routing/agrc-route-manifest.ts → @dos/module-sdk/packs/pack-installer.controller
  error no-unresolvable: packages/shahin-product/src/routing/agrc-route-manifest.ts → @dos/module-sdk/onboarding/routes/lookup.routes
  error no-unresolvable: packages/shahin-product/src/routing/agrc-route-manifest.ts → @dos/module-sdk/onboarding/provisioning-seed.controller
  error no-unresolvable: packages/shahin-product/src/routing/agrc-route-manifest.ts → @dos/module-sdk/onboarding/controllers/provisioning.controller
  error no-unresolvable: packages/shahin-product/src/routing/agrc-route-manifest.ts → @dos/module-sdk/notification/routes/notification.routes
  error no-unresolvable: packages/shahin-product/src/routing/agrc-route-manifest.ts → @dos/module-sdk/notification/routes/notification-preferences.routes
  error no-unresolvable: packages/shahin-product/src/routing/agrc-route-manifest.ts → @dos/module-sdk/notification/routes/notification-center.routes
  error no-unresolvable: packages/shahin-product/src/routing/agrc-route-manifest.ts → @dos/module-sdk/navigation/navigation.controller
  error no-unresolvable: packages/shahin-product/src/routing/agrc-route-manifest.ts → @dos/module-sdk/journey/routes/misc/journey.routes
  error no-unresolvable: packages/shahin-product/src/routing/agrc-route-manifest.ts → @dos/module-sdk/integrations/routes/webhooks-manage.routes
  error no-unresolvable: packages/shahin-product/src/routing/agrc-route-manifest.ts → @dos/module-sdk/integrations/routes/webhook-outbound.routes
  error no-unresolvable: packages/shahin-product/src/routing/agrc-route-manifest.ts → @dos/module-sdk/integrations/routes/powerbi.routes
  error no-unresolvable: packages/shahin-product/src/routing/agrc-route-manifest.ts → @dos/module-sdk/integrations/routes/integrations.routes
  error no-unresolvable: packages/shahin-product/src/routing/agrc-route-manifest.ts → @dos/module-sdk/integrations/routes/connector.routes
  error no-unresolvable: packages/shahin-product/src/routing/agrc-route-manifest.ts → @dos/module-sdk/integrations/routes/connector-health.routes
  error no-unresolvable: packages/shahin-product/src/routing/agrc-route-manifest.ts → @dos/module-sdk/incident/routes/incidents.routes
  error no-unresolvable: packages/shahin-product/src/routing/agrc-route-manifest.ts → @dos/module-sdk/incident/routes/incident-advanced.routes
  error no-unresolvable: packages/shahin-product/src/routing/agrc-route-manifest.ts → @dos/module-sdk/governance/routes/misc/maturity.routes
  error no-unresolvable: packages/shahin-product/src/routing/agrc-route-manifest.ts → @dos/module-sdk/governance/routes/misc/maturity-ext.routes
  error no-unresolvable: packages/shahin-product/src/routing/agrc-route-manifest.ts → @dos/module-sdk/governance/routes/misc/grc-raci.routes
  error no-unresolvable: packages/shahin-product/src/routing/agrc-route-manifest.ts → @dos/module-sdk/governance/routes/misc/ethics-governance.routes
  error no-unresolvable: packages/shahin-product/src/routing/agrc-route-manifest.ts → @dos/module-sdk/governance/routes/grc-lifecycle-gaps.routes
  error no-unresolvable: packages/shahin-product/src/routing/agrc-route-manifest.ts → @dos/module-sdk/governance/routes/governance/structure/governance-structure.routes
  error no-unresolvable: packages/shahin-product/src/routing/agrc-route-manifest.ts → @dos/module-sdk/governance/routes/governance/structure/governance-responsibilities.routes
  error no-unresolvable: packages/shahin-product/src/routing/agrc-route-manifest.ts → @dos/module-sdk/governance/routes/governance/structure/governance-registers.routes
  error no-unresolvable: packages/shahin-product/src/routing/agrc-route-manifest.ts → @dos/module-sdk/governance/routes/governance/structure/governance-raci.routes
  error no-unresolvable: packages/shahin-product/src/routing/agrc-route-manifest.ts → @dos/module-sdk/governance/routes/governance/structure/governance-raci-templates.routes
  error no-unresolvable: packages/shahin-product/src/routing/agrc-route-manifest.ts → @dos/module-sdk/governance/routes/governance/structure/governance-delegations.routes
  error no-unresolvable: packages/shahin-product/src/routing/agrc-route-manifest.ts → @dos/module-sdk/governance/routes/governance/operations/governance-workload.routes
  error no-unresolvable: packages/shahin-product/src/routing/agrc-route-manifest.ts → @dos/module-sdk/governance/routes/governance/operations/governance-reviews.routes
  error no-unresolvable: packages/shahin-product/src/routing/agrc-route-manifest.ts → @dos/module-sdk/governance/routes/governance/operations/governance-obligations.routes
  error no-unresolvable: packages/shahin-product/src/routing/agrc-route-manifest.ts → @dos/module-sdk/governance/routes/governance/operations/governance-objectives.routes
  error no-unresolvable: packages/shahin-product/src/routing/agrc-route-manifest.ts → @dos/module-sdk/governance/routes/governance/operations/governance-mandates.routes
  error no-unresolvable: packages/shahin-product/src/routing/agrc-route-manifest.ts → @dos/module-sdk/governance/routes/governance/operations/governance-charters.routes
  error no-unresolvable: packages/shahin-product/src/routing/agrc-route-manifest.ts → @dos/module-sdk/governance/routes/governance/operations/governance-acknowledgements.routes
  error no-unresolvable: packages/shahin-product/src/routing/agrc-route-manifest.ts → @dos/module-sdk/governance/routes/governance/intelligence/governance-os.routes
  error no-unresolvable: packages/shahin-product/src/routing/agrc-route-manifest.ts → @dos/module-sdk/governance/routes/governance/intelligence/governance-executive-summaries.routes
  error no-unresolvable: packages/shahin-product/src/routing/agrc-route-manifest.ts → @dos/module-sdk/governance/routes/governance/intelligence/governance-board-packs.routes
  error no-unresolvable: packages/shahin-product/src/routing/agrc-route-manifest.ts → @dos/module-sdk/governance/routes/governance/intelligence/governance-ai.routes
  error no-unresolvable: packages/shahin-product/src/routing/agrc-route-manifest.ts → @dos/module-sdk/governance/routes/governance/core/governance.routes
  error no-unresolvable: packages/shahin-product/src/routing/agrc-route-manifest.ts → @dos/module-sdk/governance/routes/governance/core/governance-hooks.routes
  error no-unresolvable: packages/shahin-product/src/routing/agrc-route-manifest.ts → @dos/module-sdk/governance/routes/governance/core/governance-health.routes
  error no-unresolvable: packages/shahin-product/src/routing/agrc-route-manifest.ts → @dos/module-sdk/governance/routes/governance/core/governance-enforcement.routes
  error no-unresolvable: packages/shahin-product/src/routing/agrc-route-manifest.ts → @dos/module-sdk/exception/routes/exception.routes
  error no-unresolvable: packages/shahin-product/src/routing/agrc-route-manifest.ts → @dos/module-sdk/evidence/routes/workflow/evidence-tasks.routes
  error no-unresolvable: packages/shahin-product/src/routing/agrc-route-manifest.ts → @dos/module-sdk/evidence/routes/core/evidence.routes
  error no-unresolvable: packages/shahin-product/src/routing/agrc-route-manifest.ts → @dos/module-sdk/evidence/routes/core/evidence-catalog.routes
  error no-unresolvable: packages/shahin-product/src/routing/agrc-route-manifest.ts → @dos/module-sdk/dora/routes/dora.routes
  error no-unresolvable: packages/shahin-product/src/routing/agrc-route-manifest.ts → @dos/module-sdk/dashboard/routes/shell-config.routes
  error no-unresolvable: packages/shahin-product/src/routing/agrc-route-manifest.ts → @dos/module-sdk/dashboard/routes/dashboard.routes
  error no-unresolvable: packages/shahin-product/src/routing/agrc-route-manifest.ts → @dos/module-sdk/dashboard/dashboard.controller
  error no-unresolvable: packages/shahin-product/src/routing/agrc-route-manifest.ts → @dos/module-sdk/dashboard/dashboard-editor.controller
  error no-unresolvable: packages/shahin-product/src/routing/agrc-route-manifest.ts → @dos/module-sdk/controls/routes/control-workflow.routes
  error no-unresolvable: packages/shahin-product/src/routing/agrc-route-manifest.ts → @dos/module-sdk/controls/routes/control-work-queue.routes
  error no-unresolvable: packages/shahin-product/src/routing/agrc-route-manifest.ts → @dos/module-sdk/controls/routes/control-reports.routes
  error no-unresolvable: packages/shahin-product/src/routing/agrc-route-manifest.ts → @dos/module-sdk/controls/routes/control-monitoring-admin.routes
  error no-unresolvable: packages/shahin-product/src/routing/agrc-route-manifest.ts → @dos/module-sdk/controls/routes/control-mapping.routes
  error no-unresolvable: packages/shahin-product/src/routing/agrc-route-manifest.ts → @dos/module-sdk/controls/routes/control-home.routes
  error no-unresolvable: packages/shahin-product/src/routing/agrc-route-manifest.ts → @dos/module-sdk/controls/routes/control-detail.routes
  error no-unresolvable: packages/shahin-product/src/routing/agrc-route-manifest.ts → @dos/module-sdk/controls/routes/control-deficiency.routes
  error no-unresolvable: packages/shahin-product/src/routing/agrc-route-manifest.ts → @dos/module-sdk/controls/routes/control-certification.routes
  error no-unresolvable: packages/shahin-product/src/routing/agrc-route-manifest.ts → @dos/module-sdk/controls/routes/control-admin.routes
  error no-unresolvable: packages/shahin-product/src/routing/agrc-route-manifest.ts → @dos/module-sdk/compliance/routes/regulator/regulator-registry.routes
  error no-unresolvable: packages/shahin-product/src/routing/agrc-route-manifest.ts → @dos/module-sdk/compliance/routes/regulator/regulator-heatmap.routes
  error no-unresolvable: packages/shahin-product/src/routing/agrc-route-manifest.ts → @dos/module-sdk/compliance/routes/misc/scoring/scoring-policy-engine.routes
  error no-unresolvable: packages/shahin-product/src/routing/agrc-route-manifest.ts → @dos/module-sdk/compliance/routes/misc/scoring/scoring-policies.routes
  error no-unresolvable: packages/shahin-product/src/routing/agrc-route-manifest.ts → @dos/module-sdk/compliance/routes/misc/scoring/saudi-regulatory-score.routes
  error no-unresolvable: packages/shahin-product/src/routing/agrc-route-manifest.ts → @dos/module-sdk/compliance/routes/misc/regulatory/regulatory-delta.routes
  error no-unresolvable: packages/shahin-product/src/routing/agrc-route-manifest.ts → @dos/module-sdk/compliance/routes/misc/regulatory/regulatory-content.routes
  error no-unresolvable: packages/shahin-product/src/routing/agrc-route-manifest.ts → @dos/module-sdk/compliance/routes/misc/regulatory/knowledge-hub.routes
  error no-unresolvable: packages/shahin-product/src/routing/agrc-route-manifest.ts → @dos/module-sdk/compliance/routes/misc/frameworks/ucf.routes
  error no-unresolvable: packages/shahin-product/src/routing/agrc-route-manifest.ts → @dos/module-sdk/compliance/routes/misc/frameworks/frameworks.routes
  error no-unresolvable: packages/shahin-product/src/routing/agrc-route-manifest.ts → @dos/module-sdk/compliance/routes/misc/frameworks/framework-mapping.routes
  error no-unresolvable: packages/shahin-product/src/routing/agrc-route-manifest.ts → @dos/module-sdk/compliance/routes/misc/controls/csa.routes
  error no-unresolvable: packages/shahin-product/src/routing/agrc-route-manifest.ts → @dos/module-sdk/compliance/routes/misc/controls/controls.routes
  error no-unresolvable: packages/shahin-product/src/routing/agrc-route-manifest.ts → @dos/module-sdk/compliance/routes/misc/controls/control-process-cycle.routes
  error no-unresolvable: packages/shahin-product/src/routing/agrc-route-manifest.ts → @dos/module-sdk/compliance/routes/misc/controls/ccm-cloud.routes
  error no-unresolvable: packages/shahin-product/src/routing/agrc-route-manifest.ts → @dos/module-sdk/compliance/routes/misc/assessment/sama-assessment.routes
  error no-unresolvable: packages/shahin-product/src/routing/agrc-route-manifest.ts → @dos/module-sdk/compliance/routes/misc/assessment/rcsa.routes
  error no-unresolvable: packages/shahin-product/src/routing/agrc-route-manifest.ts → @dos/module-sdk/compliance/routes/misc/assessment/nca-export.routes
  error no-unresolvable: packages/shahin-product/src/routing/agrc-route-manifest.ts → @dos/module-sdk/compliance/routes/misc/assessment/nca-assessment.routes
  error no-unresolvable: packages/shahin-product/src/routing/agrc-route-manifest.ts → @dos/module-sdk/compliance/routes/control-lifecycle.routes
  error no-unresolvable: packages/shahin-product/src/routing/agrc-route-manifest.ts → @dos/module-sdk/compliance/routes/compliance/compliance.routes
  error no-unresolvable: packages/shahin-product/src/routing/agrc-route-manifest.ts → @dos/module-sdk/compliance/routes/compliance/compliance-workspace.routes
  error no-unresolvable: packages/shahin-product/src/routing/agrc-route-manifest.ts → @dos/module-sdk/bootstrap/routes/bootstrap.routes
  error no-unresolvable: packages/shahin-product/src/routing/agrc-route-manifest.ts → @dos/module-sdk/bootstrap/bootstrap.controller
  error no-unresolvable: packages/shahin-product/src/routing/agrc-route-manifest.ts → @dos/module-sdk/bcp/routes/bcp.routes
  error no-unresolvable: packages/shahin-product/src/routing/agrc-route-manifest.ts → @dos/module-sdk/bcp/routes/bcm-advanced.routes
  error no-unresolvable: packages/shahin-product/src/routing/agrc-route-manifest.ts → @dos/module-sdk/audit/routes/misc/akb.routes
  error no-unresolvable: packages/shahin-product/src/routing/agrc-route-manifest.ts → @dos/module-sdk/audit/routes/audit/operations/audit-working-papers.routes
  error no-unresolvable: packages/shahin-product/src/routing/agrc-route-manifest.ts → @dos/module-sdk/audit/routes/audit/operations/audit-trail.routes
  error no-unresolvable: packages/shahin-product/src/routing/agrc-route-manifest.ts → @dos/module-sdk/audit/routes/audit/operations/audit-time-tracking.routes
  error no-unresolvable: packages/shahin-product/src/routing/agrc-route-manifest.ts → @dos/module-sdk/audit/routes/audit/operations/audit-test-plans.routes
  error no-unresolvable: packages/shahin-product/src/routing/agrc-route-manifest.ts → @dos/module-sdk/audit/routes/audit/operations/audit-reminders.routes
  error no-unresolvable: packages/shahin-product/src/routing/agrc-route-manifest.ts → @dos/module-sdk/audit/routes/audit/operations/audit-packages.routes
  error no-unresolvable: packages/shahin-product/src/routing/agrc-route-manifest.ts → @dos/module-sdk/audit/routes/audit/operations/audit-package.routes
  error no-unresolvable: packages/shahin-product/src/routing/agrc-route-manifest.ts → @dos/module-sdk/audit/routes/audit/operations/audit-evidence-versions.routes
  error no-unresolvable: packages/shahin-product/src/routing/agrc-route-manifest.ts → @dos/module-sdk/audit/routes/audit/findings/audit-risk-scoring.routes
  error no-unresolvable: packages/shahin-product/src/routing/agrc-route-manifest.ts → @dos/module-sdk/audit/routes/audit/findings/audit-repeat-findings.routes
  error no-unresolvable: packages/shahin-product/src/routing/agrc-route-manifest.ts → @dos/module-sdk/audit/routes/audit/findings/audit-ratings.routes
  error no-unresolvable: packages/shahin-product/src/routing/agrc-route-manifest.ts → @dos/module-sdk/audit/routes/audit/findings/audit-finding-trends.routes
  error no-unresolvable: packages/shahin-product/src/routing/agrc-route-manifest.ts → @dos/module-sdk/audit/routes/audit/findings/audit-finding-slas.routes
  error no-unresolvable: packages/shahin-product/src/routing/agrc-route-manifest.ts → @dos/module-sdk/audit/routes/audit/core/audit.routes
  error no-unresolvable: packages/shahin-product/src/routing/agrc-route-manifest.ts → @dos/module-sdk/audit/routes/audit/core/audit-universe.routes
  error no-unresolvable: packages/shahin-product/src/routing/agrc-route-manifest.ts → @dos/module-sdk/audit/routes/audit/core/audit-templates.routes
  error no-unresolvable: packages/shahin-product/src/routing/agrc-route-manifest.ts → @dos/module-sdk/audit/routes/audit/core/audit-team.routes
  error no-unresolvable: packages/shahin-product/src/routing/agrc-route-manifest.ts → @dos/module-sdk/audit/routes/audit/core/audit-schedules.routes
  error no-unresolvable: packages/shahin-product/src/routing/agrc-route-manifest.ts → @dos/module-sdk/audit/routes/audit/advanced/audit-regulatory.routes
  error no-unresolvable: packages/shahin-product/src/routing/agrc-route-manifest.ts → @dos/module-sdk/audit/routes/audit/advanced/audit-qa-reviews.routes
  error no-unresolvable: packages/shahin-product/src/routing/agrc-route-manifest.ts → @dos/module-sdk/audit/routes/audit/advanced/audit-external.routes
  error no-unresolvable: packages/shahin-product/src/routing/agrc-route-manifest.ts → @dos/module-sdk/audit/routes/audit/advanced/audit-cross-module.routes
  error no-unresolvable: packages/shahin-product/src/routing/agrc-route-manifest.ts → @dos/module-sdk/audit/routes/audit/advanced/audit-committee.routes
  error no-unresolvable: packages/shahin-product/src/routing/agrc-route-manifest.ts → @dos/module-sdk/audit/routes/audit/advanced/audit-capa-effectiveness.routes
  error no-unresolvable: packages/shahin-product/src/routing/agrc-route-manifest.ts → @dos/module-sdk/asset/routes/assets.routes
  error no-unresolvable: packages/shahin-product/src/routing/agrc-route-manifest.ts → @dos/module-sdk/analytics/routes/predictive-analytics.routes
  error no-unresolvable: packages/shahin-product/src/routing/agrc-route-manifest.ts → @dos/module-sdk/analytics/routes/kpi-detail.routes
  error no-unresolvable: packages/shahin-product/src/routing/agrc-route-manifest.ts → @dos/module-sdk/analytics/routes/engagement-analytics.routes
  error no-unresolvable: packages/shahin-product/src/routing/agrc-route-manifest.ts → @dos/module-sdk/analytics/routes/chart-data.routes
  error no-unresolvable: packages/shahin-product/src/routing/agrc-route-manifest.ts → @dos/module-sdk/analytics/routes/analytics.routes
  error no-unresolvable: packages/shahin-product/src/routing/agrc-route-manifest.ts → @dos/module-sdk/ai/routes/triggers/ai-trigger.routes
  error no-unresolvable: packages/shahin-product/src/routing/agrc-route-manifest.ts → @dos/module-sdk/ai/routes/squad/unified-squad.routes
  error no-unresolvable: packages/shahin-product/src/routing/agrc-route-manifest.ts → @dos/module-sdk/ai/routes/squad/ai-squad.routes
  error no-unresolvable: packages/shahin-product/src/routing/agrc-route-manifest.ts → @dos/module-sdk/ai/routes/hitl/hitl.routes
  error no-unresolvable: packages/shahin-product/src/routing/agrc-route-manifest.ts → @dos/module-sdk/ai/routes/explainability.routes
  error no-unresolvable: packages/shahin-product/src/routing/agrc-route-manifest.ts → @dos/module-sdk/ai/routes/enhanced/ai-enhanced.routes
  error no-unresolvable: packages/shahin-product/src/routing/agrc-route-manifest.ts → @dos/module-sdk/ai/routes/core/nl-query.routes
  error no-unresolvable: packages/shahin-product/src/routing/agrc-route-manifest.ts → @dos/module-sdk/ai/routes/core/ai.routes
  error no-unresolvable: packages/shahin-product/src/routing/agrc-route-manifest.ts → @dos/module-sdk/ai/routes/copilot/copilot.routes
  error no-unresolvable: packages/shahin-product/src/routing/agrc-route-manifest.ts → @dos/module-sdk/ai/routes/agents/agent-registry.routes
  error no-unresolvable: packages/shahin-product/src/routing/agrc-route-manifest.ts → @dos/module-sdk/ai/routes/agents/agent-delegation.routes
  error no-unresolvable: packages/shahin-product/src/routing/agrc-route-manifest.ts → @dos/module-sdk/ai/routes/admin/ai-model-experiments.routes
  error no-unresolvable: packages/shahin-product/src/routing/agrc-route-manifest.ts → @dos/module-sdk/ai-governance/routes/misc/red-team.routes
  error no-unresolvable: packages/shahin-product/src/routing/agrc-route-manifest.ts → @dos/module-sdk/ai-governance/routes/misc/prompt-registry.routes
  error no-unresolvable: packages/shahin-product/src/routing/agrc-route-manifest.ts → @dos/module-sdk/ai-governance/routes/misc/model-registry.routes
  error no-unresolvable: packages/shahin-product/src/routing/agrc-route-manifest.ts → @dos/module-sdk/ai-governance/routes/misc/digital-twin.routes
  error no-unresolvable: packages/shahin-product/src/routing/agrc-route-manifest.ts → @dos/module-sdk/ai-governance/routes/ai/ai-system-registry.routes
  error no-unresolvable: packages/shahin-product/src/routing/agrc-route-manifest.ts → @dos/module-sdk/ai-governance/routes/ai/ai-supply-chain.routes
  error no-unresolvable: packages/shahin-product/src/routing/agrc-route-manifest.ts → @dos/module-sdk/ai-governance/routes/ai/ai-privacy-governance.routes
  error no-unresolvable: packages/shahin-product/src/routing/agrc-route-manifest.ts → @dos/module-sdk/ai-governance/routes/ai/ai-post-market.routes
  error no-unresolvable: packages/shahin-product/src/routing/agrc-route-manifest.ts → @dos/module-sdk/ai-governance/routes/ai/ai-binding-governance.routes
  error no-unresolvable: packages/shahin-product/src/routing/agrc-route-manifest.ts → @dos/module-sdk/ai-governance/routes/ai/ai-asset-inventory.routes
  error no-unresolvable: packages/shahin-product/src/routing/agrc-route-manifest.ts → @dos/module-sdk/ai-governance/routes/ai/ai-agent-governance-phase4.routes
  error no-unresolvable: packages/shahin-product/src/routing/agrc-route-manifest.ts → @dos/module-sdk/ai-governance/ai-governance.controller
  error no-unresolvable: packages/shahin-product/src/routing/agrc-route-manifest.ts → @dos/module-sdk/agrc-engine/routes/agrc-os/platform/index.routes
  error no-unresolvable: packages/shahin-product/src/routing/agrc-route-manifest.ts → @dos/module-sdk/agrc-engine/agrc-engine.controller
  error no-unresolvable: packages/shahin-product/src/routing/agrc-route-manifest.ts → @dos/module-sdk/admin/routes/tier.routes
  error no-unresolvable: packages/shahin-product/src/routing/agrc-route-manifest.ts → @dos/module-sdk/admin/routes/security-config.routes
  error no-unresolvable: packages/shahin-product/src/routing/agrc-route-manifest.ts → @dos/module-sdk/admin/routes/runtime-overrides.routes
  error no-unresolvable: packages/shahin-product/src/routing/agrc-route-manifest.ts → @dos/module-sdk/admin/routes/platform-config.routes
  error no-unresolvable: packages/shahin-product/src/routing/agrc-route-manifest.ts → @dos/module-sdk/admin/routes/field-rbac.routes
  error no-unresolvable: packages/shahin-product/src/routing/agrc-route-manifest.ts → @dos/module-sdk/admin/routes/entitlements.routes
  error no-unresolvable: packages/shahin-product/src/routing/agrc-route-manifest.ts → @dos/module-sdk/admin/routes/admin.routes
  error no-unresolvable: packages/shahin-product/src/routing/agrc-route-manifest.ts → @dos/module-sdk/action/routes/action-item.routes
  error no-unresolvable: packages/shahin-product/src/routing/agrc-route-manifest.ts → @dos/auth/routes/role-profile.routes
  error no-unresolvable: packages/shahin-product/src/routing/agrc-route-manifest.ts → @dos/auth/routes/role-matrix.routes
  error no-unresolvable: packages/shahin-product/src/routing/agrc-route-manifest.ts → @dos/auth/routes/role-detail.routes
  error no-unresolvable: packages/shahin-product/src/routes/product-routes.ts → ../agrc-routes
  error no-unresolvable: packages/shahin-product/src/routes/index.ts → ../agrc-routes
  error no-unresolvable: packages/modules/ai-governance/services/ai/registry/ai-asset-inventory.service.js → ../../../ports/database.port

x 630 dependency violations (630 errors, 0 warnings). 657 modules, 639 dependencies cruised.

 ELIFECYCLE  Command failed with exit code 169.
 ELIFECYCLE  Command failed with exit code 169.
