id,control_id,framework_code,control_number,sector_code,applicability,sector_priority,sector_maturity_level,sector_specific_guidance_en,additional_evidence_types,exemption_allowed
1,1,NCA-ECC,1.1,BANKING,mandatory,critical,1,Financial institutions must implement enhanced controls per SAMA requirements,AUDIT_REPORT|RISK_ASSESSMENT,False
2,1,NCA-ECC,1.1,INSURANCE,mandatory,critical,1,,,False
3,1,NCA-ECC,1.1,CAPITAL_MARKETS,mandatory,critical,1,,,False
4,1,NCA-ECC,1.1,FINTECH,mandatory,critical,1,FinTech companies must meet both SAMA and PCI requirements,PENTEST|SCAN_REPORT,False
5,1,NCA-ECC,1.1,HEALTHCARE,mandatory,critical,1,Healthcare organizations must ensure patient data protection per MOH standards,CERTIFICATE|TRAINING_RECORD,False
6,1,NCA-ECC,1.1,TELECOM,mandatory,critical,1,,,False
7,1,NCA-ECC,1.1,ICT,mandatory,critical,1,,,False
8,1,NCA-ECC,1.1,CLOUD,mandatory,critical,1,,,False
9,1,NCA-ECC,1.1,GOVERNMENT,mandatory,critical,1,Government entities must comply with NCA mandatory requirements,ATTESTATION|APPROVAL,False
10,1,NCA-ECC,1.1,ENERGY,mandatory,critical,1,Critical infrastructure requires enhanced OT security controls,BCP_DRP|INCIDENT_REPORT,False
11,1,NCA-ECC,1.1,DEFENSE,mandatory,critical,1,,,False
12,2,NCA-ECC,2.1,BANKING,mandatory,critical,2,Financial institutions must implement enhanced controls per SAMA requirements,AUDIT_REPORT|RISK_ASSESSMENT,False
13,2,NCA-ECC,2.1,INSURANCE,mandatory,high,2,,,False
14,2,NCA-ECC,2.1,CAPITAL_MARKETS,mandatory,high,2,,,False
15,2,NCA-ECC,2.1,FINTECH,mandatory,critical,2,FinTech companies must meet both SAMA and PCI requirements,PENTEST|SCAN_REPORT,False
16,2,NCA-ECC,2.1,HEALTHCARE,mandatory,critical,2,Healthcare organizations must ensure patient data protection per MOH standards,CERTIFICATE|TRAINING_RECORD,False
17,2,NCA-ECC,2.1,TELECOM,mandatory,high,2,,,False
18,2,NCA-ECC,2.1,ICT,mandatory,high,2,,,False
19,2,NCA-ECC,2.1,CLOUD,mandatory,high,2,,,False
20,2,NCA-ECC,2.1,GOVERNMENT,mandatory,critical,2,Government entities must comply with NCA mandatory requirements,ATTESTATION|APPROVAL,False
21,2,NCA-ECC,2.1,ENERGY,mandatory,critical,2,Critical infrastructure requires enhanced OT security controls,BCP_DRP|INCIDENT_REPORT,False
22,2,NCA-ECC,2.1,DEFENSE,mandatory,high,2,,,False
23,3,NCA-ECC,3.1,BANKING,mandatory,high,3,Financial institutions must implement enhanced controls per SAMA requirements,AUDIT_REPORT|RISK_ASSESSMENT,False
24,3,NCA-ECC,3.1,INSURANCE,mandatory,medium,3,,,False
25,3,NCA-ECC,3.1,CAPITAL_MARKETS,mandatory,medium,3,,,False
26,3,NCA-ECC,3.1,FINTECH,mandatory,high,3,FinTech companies must meet both SAMA and PCI requirements,PENTEST|SCAN_REPORT,False
27,3,NCA-ECC,3.1,HEALTHCARE,mandatory,high,3,Healthcare organizations must ensure patient data protection per MOH standards,CERTIFICATE|TRAINING_RECORD,False
28,3,NCA-ECC,3.1,TELECOM,mandatory,medium,3,,,False
29,3,NCA-ECC,3.1,ICT,mandatory,medium,3,,,False
30,3,NCA-ECC,3.1,CLOUD,mandatory,medium,3,,,False
31,3,NCA-ECC,3.1,GOVERNMENT,mandatory,critical,3,Government entities must comply with NCA mandatory requirements,ATTESTATION|APPROVAL,False
32,3,NCA-ECC,3.1,ENERGY,mandatory,critical,3,Critical infrastructure requires enhanced OT security controls,BCP_DRP|INCIDENT_REPORT,False
33,3,NCA-ECC,3.1,DEFENSE,mandatory,medium,3,,,False
34,4,NCA-ECC,4.1,BANKING,mandatory,medium,4,Financial institutions must implement enhanced controls per SAMA requirements,AUDIT_REPORT|RISK_ASSESSMENT,False
35,4,NCA-ECC,4.1,INSURANCE,mandatory,low,4,,,False
36,4,NCA-ECC,4.1,CAPITAL_MARKETS,mandatory,low,4,,,False
37,4,NCA-ECC,4.1,FINTECH,mandatory,medium,4,FinTech companies must meet both SAMA and PCI requirements,PENTEST|SCAN_REPORT,False
38,4,NCA-ECC,4.1,HEALTHCARE,mandatory,medium,4,Healthcare organizations must ensure patient data protection per MOH standards,CERTIFICATE|TRAINING_RECORD,False
39,4,NCA-ECC,4.1,TELECOM,mandatory,low,4,,,False
40,4,NCA-ECC,4.1,ICT,mandatory,low,4,,,False
41,4,NCA-ECC,4.1,CLOUD,mandatory,low,4,,,False
42,4,NCA-ECC,4.1,GOVERNMENT,mandatory,high,4,Government entities must comply with NCA mandatory requirements,ATTESTATION|APPROVAL,False
43,4,NCA-ECC,4.1,ENERGY,mandatory,high,4,Critical infrastructure requires enhanced OT security controls,BCP_DRP|INCIDENT_REPORT,False
44,4,NCA-ECC,4.1,DEFENSE,mandatory,low,4,,,False
45,5,NCA-ECC,5.1,BANKING,mandatory,critical,1,Financial institutions must implement enhanced controls per SAMA requirements,AUDIT_REPORT|RISK_ASSESSMENT,False
46,5,NCA-ECC,5.1,INSURANCE,mandatory,critical,1,,,False
47,5,NCA-ECC,5.1,CAPITAL_MARKETS,mandatory,critical,1,,,False
48,5,NCA-ECC,5.1,FINTECH,mandatory,critical,1,FinTech companies must meet both SAMA and PCI requirements,PENTEST|SCAN_REPORT,False
49,5,NCA-ECC,5.1,HEALTHCARE,mandatory,critical,1,Healthcare organizations must ensure patient data protection per MOH standards,CERTIFICATE|TRAINING_RECORD,False
50,5,NCA-ECC,5.1,TELECOM,mandatory,critical,1,,,False
51,5,NCA-ECC,5.1,ICT,mandatory,critical,1,,,False
52,5,NCA-ECC,5.1,CLOUD,mandatory,critical,1,,,False
53,5,NCA-ECC,5.1,GOVERNMENT,mandatory,critical,1,Government entities must comply with NCA mandatory requirements,ATTESTATION|APPROVAL,False
54,5,NCA-ECC,5.1,ENERGY,mandatory,critical,1,Critical infrastructure requires enhanced OT security controls,BCP_DRP|INCIDENT_REPORT,False
55,5,NCA-ECC,5.1,DEFENSE,mandatory,critical,1,,,False
56,6,NCA-ECC,1.2,BANKING,mandatory,critical,2,Financial institutions must implement enhanced controls per SAMA requirements,AUDIT_REPORT|RISK_ASSESSMENT,False
57,6,NCA-ECC,1.2,INSURANCE,mandatory,high,2,,,False
58,6,NCA-ECC,1.2,CAPITAL_MARKETS,mandatory,high,2,,,False
59,6,NCA-ECC,1.2,FINTECH,mandatory,critical,2,FinTech companies must meet both SAMA and PCI requirements,PENTEST|SCAN_REPORT,False
60,6,NCA-ECC,1.2,HEALTHCARE,mandatory,critical,2,Healthcare organizations must ensure patient data protection per MOH standards,CERTIFICATE|TRAINING_RECORD,False
61,6,NCA-ECC,1.2,TELECOM,mandatory,high,2,,,False
62,6,NCA-ECC,1.2,ICT,mandatory,high,2,,,False
63,6,NCA-ECC,1.2,CLOUD,mandatory,high,2,,,False
64,6,NCA-ECC,1.2,GOVERNMENT,mandatory,critical,2,Government entities must comply with NCA mandatory requirements,ATTESTATION|APPROVAL,False
65,6,NCA-ECC,1.2,ENERGY,mandatory,critical,2,Critical infrastructure requires enhanced OT security controls,BCP_DRP|INCIDENT_REPORT,False
66,6,NCA-ECC,1.2,DEFENSE,mandatory,high,2,,,False
67,7,NCA-ECC,2.2,BANKING,mandatory,high,3,Financial institutions must implement enhanced controls per SAMA requirements,AUDIT_REPORT|RISK_ASSESSMENT,False
68,7,NCA-ECC,2.2,INSURANCE,mandatory,medium,3,,,False
69,7,NCA-ECC,2.2,CAPITAL_MARKETS,mandatory,medium,3,,,False
70,7,NCA-ECC,2.2,FINTECH,mandatory,high,3,FinTech companies must meet both SAMA and PCI requirements,PENTEST|SCAN_REPORT,False
71,7,NCA-ECC,2.2,HEALTHCARE,mandatory,high,3,Healthcare organizations must ensure patient data protection per MOH standards,CERTIFICATE|TRAINING_RECORD,False
72,7,NCA-ECC,2.2,TELECOM,mandatory,medium,3,,,False
73,7,NCA-ECC,2.2,ICT,mandatory,medium,3,,,False
74,7,NCA-ECC,2.2,CLOUD,mandatory,medium,3,,,False
75,7,NCA-ECC,2.2,GOVERNMENT,mandatory,critical,3,Government entities must comply with NCA mandatory requirements,ATTESTATION|APPROVAL,False
76,7,NCA-ECC,2.2,ENERGY,mandatory,critical,3,Critical infrastructure requires enhanced OT security controls,BCP_DRP|INCIDENT_REPORT,False
77,7,NCA-ECC,2.2,DEFENSE,mandatory,medium,3,,,False
78,8,NCA-ECC,3.2,BANKING,mandatory,medium,4,Financial institutions must implement enhanced controls per SAMA requirements,AUDIT_REPORT|RISK_ASSESSMENT,False
79,8,NCA-ECC,3.2,INSURANCE,mandatory,low,4,,,False
80,8,NCA-ECC,3.2,CAPITAL_MARKETS,mandatory,low,4,,,False
81,8,NCA-ECC,3.2,FINTECH,mandatory,medium,4,FinTech companies must meet both SAMA and PCI requirements,PENTEST|SCAN_REPORT,False
82,8,NCA-ECC,3.2,HEALTHCARE,mandatory,medium,4,Healthcare organizations must ensure patient data protection per MOH standards,CERTIFICATE|TRAINING_RECORD,False
83,8,NCA-ECC,3.2,TELECOM,mandatory,low,4,,,False
84,8,NCA-ECC,3.2,ICT,mandatory,low,4,,,False
85,8,NCA-ECC,3.2,CLOUD,mandatory,low,4,,,False
86,8,NCA-ECC,3.2,GOVERNMENT,mandatory,high,4,Government entities must comply with NCA mandatory requirements,ATTESTATION|APPROVAL,False
87,8,NCA-ECC,3.2,ENERGY,mandatory,high,4,Critical infrastructure requires enhanced OT security controls,BCP_DRP|INCIDENT_REPORT,False
88,8,NCA-ECC,3.2,DEFENSE,mandatory,low,4,,,False
89,9,NCA-ECC,4.2,BANKING,mandatory,critical,1,Financial institutions must implement enhanced controls per SAMA requirements,AUDIT_REPORT|RISK_ASSESSMENT,False
90,9,NCA-ECC,4.2,INSURANCE,mandatory,critical,1,,,False
91,9,NCA-ECC,4.2,CAPITAL_MARKETS,mandatory,critical,1,,,False
92,9,NCA-ECC,4.2,FINTECH,mandatory,critical,1,FinTech companies must meet both SAMA and PCI requirements,PENTEST|SCAN_REPORT,False
93,9,NCA-ECC,4.2,HEALTHCARE,mandatory,critical,1,Healthcare organizations must ensure patient data protection per MOH standards,CERTIFICATE|TRAINING_RECORD,False
94,9,NCA-ECC,4.2,TELECOM,mandatory,critical,1,,,False
95,9,NCA-ECC,4.2,ICT,mandatory,critical,1,,,False
96,9,NCA-ECC,4.2,CLOUD,mandatory,critical,1,,,False
97,9,NCA-ECC,4.2,GOVERNMENT,mandatory,critical,1,Government entities must comply with NCA mandatory requirements,ATTESTATION|APPROVAL,False
98,9,NCA-ECC,4.2,ENERGY,mandatory,critical,1,Critical infrastructure requires enhanced OT security controls,BCP_DRP|INCIDENT_REPORT,False
99,9,NCA-ECC,4.2,DEFENSE,mandatory,critical,1,,,False
100,10,NCA-ECC,5.2,BANKING,mandatory,critical,2,Financial institutions must implement enhanced controls per SAMA requirements,AUDIT_REPORT|RISK_ASSESSMENT,False
101,10,NCA-ECC,5.2,INSURANCE,mandatory,high,2,,,False
102,10,NCA-ECC,5.2,CAPITAL_MARKETS,mandatory,high,2,,,False
103,10,NCA-ECC,5.2,FINTECH,mandatory,critical,2,FinTech companies must meet both SAMA and PCI requirements,PENTEST|SCAN_REPORT,False
104,10,NCA-ECC,5.2,HEALTHCARE,mandatory,critical,2,Healthcare organizations must ensure patient data protection per MOH standards,CERTIFICATE|TRAINING_RECORD,False
105,10,NCA-ECC,5.2,TELECOM,mandatory,high,2,,,False
106,10,NCA-ECC,5.2,ICT,mandatory,high,2,,,False
107,10,NCA-ECC,5.2,CLOUD,mandatory,high,2,,,False
108,10,NCA-ECC,5.2,GOVERNMENT,mandatory,critical,2,Government entities must comply with NCA mandatory requirements,ATTESTATION|APPROVAL,False
109,10,NCA-ECC,5.2,ENERGY,mandatory,critical,2,Critical infrastructure requires enhanced OT security controls,BCP_DRP|INCIDENT_REPORT,False
110,10,NCA-ECC,5.2,DEFENSE,mandatory,high,2,,,False
111,11,NCA-ECC,1.3,BANKING,mandatory,high,3,Financial institutions must implement enhanced controls per SAMA requirements,AUDIT_REPORT|RISK_ASSESSMENT,False
112,11,NCA-ECC,1.3,INSURANCE,mandatory,medium,3,,,False
113,11,NCA-ECC,1.3,CAPITAL_MARKETS,mandatory,medium,3,,,False
114,11,NCA-ECC,1.3,FINTECH,mandatory,high,3,FinTech companies must meet both SAMA and PCI requirements,PENTEST|SCAN_REPORT,False
115,11,NCA-ECC,1.3,HEALTHCARE,mandatory,high,3,Healthcare organizations must ensure patient data protection per MOH standards,CERTIFICATE|TRAINING_RECORD,False
116,11,NCA-ECC,1.3,TELECOM,mandatory,medium,3,,,False
117,11,NCA-ECC,1.3,ICT,mandatory,medium,3,,,False
118,11,NCA-ECC,1.3,CLOUD,mandatory,medium,3,,,False
119,11,NCA-ECC,1.3,GOVERNMENT,mandatory,critical,3,Government entities must comply with NCA mandatory requirements,ATTESTATION|APPROVAL,False
120,11,NCA-ECC,1.3,ENERGY,mandatory,critical,3,Critical infrastructure requires enhanced OT security controls,BCP_DRP|INCIDENT_REPORT,False
121,11,NCA-ECC,1.3,DEFENSE,mandatory,medium,3,,,False
122,12,NCA-ECC,2.3,BANKING,mandatory,medium,4,Financial institutions must implement enhanced controls per SAMA requirements,AUDIT_REPORT|RISK_ASSESSMENT,False
123,12,NCA-ECC,2.3,INSURANCE,mandatory,low,4,,,False
124,12,NCA-ECC,2.3,CAPITAL_MARKETS,mandatory,low,4,,,False
125,12,NCA-ECC,2.3,FINTECH,mandatory,medium,4,FinTech companies must meet both SAMA and PCI requirements,PENTEST|SCAN_REPORT,False
126,12,NCA-ECC,2.3,HEALTHCARE,mandatory,medium,4,Healthcare organizations must ensure patient data protection per MOH standards,CERTIFICATE|TRAINING_RECORD,False
127,12,NCA-ECC,2.3,TELECOM,mandatory,low,4,,,False
128,12,NCA-ECC,2.3,ICT,mandatory,low,4,,,False
129,12,NCA-ECC,2.3,CLOUD,mandatory,low,4,,,False
130,12,NCA-ECC,2.3,GOVERNMENT,mandatory,high,4,Government entities must comply with NCA mandatory requirements,ATTESTATION|APPROVAL,False
131,12,NCA-ECC,2.3,ENERGY,mandatory,high,4,Critical infrastructure requires enhanced OT security controls,BCP_DRP|INCIDENT_REPORT,False
132,12,NCA-ECC,2.3,DEFENSE,mandatory,low,4,,,False
133,13,NCA-ECC,3.3,BANKING,mandatory,critical,1,Financial institutions must implement enhanced controls per SAMA requirements,AUDIT_REPORT|RISK_ASSESSMENT,False
134,13,NCA-ECC,3.3,INSURANCE,mandatory,critical,1,,,False
135,13,NCA-ECC,3.3,CAPITAL_MARKETS,mandatory,critical,1,,,False
136,13,NCA-ECC,3.3,FINTECH,mandatory,critical,1,FinTech companies must meet both SAMA and PCI requirements,PENTEST|SCAN_REPORT,False
137,13,NCA-ECC,3.3,HEALTHCARE,mandatory,critical,1,Healthcare organizations must ensure patient data protection per MOH standards,CERTIFICATE|TRAINING_RECORD,False
138,13,NCA-ECC,3.3,TELECOM,mandatory,critical,1,,,False
139,13,NCA-ECC,3.3,ICT,mandatory,critical,1,,,False
140,13,NCA-ECC,3.3,CLOUD,mandatory,critical,1,,,False
141,13,NCA-ECC,3.3,GOVERNMENT,mandatory,critical,1,Government entities must comply with NCA mandatory requirements,ATTESTATION|APPROVAL,False
142,13,NCA-ECC,3.3,ENERGY,mandatory,critical,1,Critical infrastructure requires enhanced OT security controls,BCP_DRP|INCIDENT_REPORT,False
143,13,NCA-ECC,3.3,DEFENSE,mandatory,critical,1,,,False
144,14,NCA-ECC,4.3,BANKING,mandatory,critical,2,Financial institutions must implement enhanced controls per SAMA requirements,AUDIT_REPORT|RISK_ASSESSMENT,False
145,14,NCA-ECC,4.3,INSURANCE,mandatory,high,2,,,False
146,14,NCA-ECC,4.3,CAPITAL_MARKETS,mandatory,high,2,,,False
147,14,NCA-ECC,4.3,FINTECH,mandatory,critical,2,FinTech companies must meet both SAMA and PCI requirements,PENTEST|SCAN_REPORT,False
148,14,NCA-ECC,4.3,HEALTHCARE,mandatory,critical,2,Healthcare organizations must ensure patient data protection per MOH standards,CERTIFICATE|TRAINING_RECORD,False
149,14,NCA-ECC,4.3,TELECOM,mandatory,high,2,,,False
150,14,NCA-ECC,4.3,ICT,mandatory,high,2,,,False
151,14,NCA-ECC,4.3,CLOUD,mandatory,high,2,,,False
152,14,NCA-ECC,4.3,GOVERNMENT,mandatory,critical,2,Government entities must comply with NCA mandatory requirements,ATTESTATION|APPROVAL,False
153,14,NCA-ECC,4.3,ENERGY,mandatory,critical,2,Critical infrastructure requires enhanced OT security controls,BCP_DRP|INCIDENT_REPORT,False
154,14,NCA-ECC,4.3,DEFENSE,mandatory,high,2,,,False
155,15,NCA-ECC,5.3,BANKING,mandatory,high,3,Financial institutions must implement enhanced controls per SAMA requirements,AUDIT_REPORT|RISK_ASSESSMENT,False
156,15,NCA-ECC,5.3,INSURANCE,mandatory,medium,3,,,False
157,15,NCA-ECC,5.3,CAPITAL_MARKETS,mandatory,medium,3,,,False
158,15,NCA-ECC,5.3,FINTECH,mandatory,high,3,FinTech companies must meet both SAMA and PCI requirements,PENTEST|SCAN_REPORT,False
159,15,NCA-ECC,5.3,HEALTHCARE,mandatory,high,3,Healthcare organizations must ensure patient data protection per MOH standards,CERTIFICATE|TRAINING_RECORD,False
160,15,NCA-ECC,5.3,TELECOM,mandatory,medium,3,,,False
161,15,NCA-ECC,5.3,ICT,mandatory,medium,3,,,False
162,15,NCA-ECC,5.3,CLOUD,mandatory,medium,3,,,False
163,15,NCA-ECC,5.3,GOVERNMENT,mandatory,critical,3,Government entities must comply with NCA mandatory requirements,ATTESTATION|APPROVAL,False
164,15,NCA-ECC,5.3,ENERGY,mandatory,critical,3,Critical infrastructure requires enhanced OT security controls,BCP_DRP|INCIDENT_REPORT,False
165,15,NCA-ECC,5.3,DEFENSE,mandatory,medium,3,,,False
166,16,NCA-ECC,1.4,BANKING,mandatory,medium,4,Financial institutions must implement enhanced controls per SAMA requirements,AUDIT_REPORT|RISK_ASSESSMENT,False
167,16,NCA-ECC,1.4,INSURANCE,mandatory,low,4,,,False
168,16,NCA-ECC,1.4,CAPITAL_MARKETS,mandatory,low,4,,,False
169,16,NCA-ECC,1.4,FINTECH,mandatory,medium,4,FinTech companies must meet both SAMA and PCI requirements,PENTEST|SCAN_REPORT,False
170,16,NCA-ECC,1.4,HEALTHCARE,mandatory,medium,4,Healthcare organizations must ensure patient data protection per MOH standards,CERTIFICATE|TRAINING_RECORD,False
171,16,NCA-ECC,1.4,TELECOM,mandatory,low,4,,,False
172,16,NCA-ECC,1.4,ICT,mandatory,low,4,,,False
173,16,NCA-ECC,1.4,CLOUD,mandatory,low,4,,,False
174,16,NCA-ECC,1.4,GOVERNMENT,mandatory,high,4,Government entities must comply with NCA mandatory requirements,ATTESTATION|APPROVAL,False
175,16,NCA-ECC,1.4,ENERGY,mandatory,high,4,Critical infrastructure requires enhanced OT security controls,BCP_DRP|INCIDENT_REPORT,False
176,16,NCA-ECC,1.4,DEFENSE,mandatory,low,4,,,False
177,17,NCA-ECC,2.4,BANKING,mandatory,critical,1,Financial institutions must implement enhanced controls per SAMA requirements,AUDIT_REPORT|RISK_ASSESSMENT,False
178,17,NCA-ECC,2.4,INSURANCE,mandatory,critical,1,,,False
179,17,NCA-ECC,2.4,CAPITAL_MARKETS,mandatory,critical,1,,,False
180,17,NCA-ECC,2.4,FINTECH,mandatory,critical,1,FinTech companies must meet both SAMA and PCI requirements,PENTEST|SCAN_REPORT,False
181,17,NCA-ECC,2.4,HEALTHCARE,mandatory,critical,1,Healthcare organizations must ensure patient data protection per MOH standards,CERTIFICATE|TRAINING_RECORD,False
182,17,NCA-ECC,2.4,TELECOM,mandatory,critical,1,,,False
183,17,NCA-ECC,2.4,ICT,mandatory,critical,1,,,False
184,17,NCA-ECC,2.4,CLOUD,mandatory,critical,1,,,False
185,17,NCA-ECC,2.4,GOVERNMENT,mandatory,critical,1,Government entities must comply with NCA mandatory requirements,ATTESTATION|APPROVAL,False
186,17,NCA-ECC,2.4,ENERGY,mandatory,critical,1,Critical infrastructure requires enhanced OT security controls,BCP_DRP|INCIDENT_REPORT,False
187,17,NCA-ECC,2.4,DEFENSE,mandatory,critical,1,,,False
188,18,NCA-ECC,3.4,BANKING,mandatory,critical,2,Financial institutions must implement enhanced controls per SAMA requirements,AUDIT_REPORT|RISK_ASSESSMENT,False
189,18,NCA-ECC,3.4,INSURANCE,mandatory,high,2,,,False
190,18,NCA-ECC,3.4,CAPITAL_MARKETS,mandatory,high,2,,,False
191,18,NCA-ECC,3.4,FINTECH,mandatory,critical,2,FinTech companies must meet both SAMA and PCI requirements,PENTEST|SCAN_REPORT,False
192,18,NCA-ECC,3.4,HEALTHCARE,mandatory,critical,2,Healthcare organizations must ensure patient data protection per MOH standards,CERTIFICATE|TRAINING_RECORD,False
193,18,NCA-ECC,3.4,TELECOM,mandatory,high,2,,,False
194,18,NCA-ECC,3.4,ICT,mandatory,high,2,,,False
195,18,NCA-ECC,3.4,CLOUD,mandatory,high,2,,,False
196,18,NCA-ECC,3.4,GOVERNMENT,mandatory,critical,2,Government entities must comply with NCA mandatory requirements,ATTESTATION|APPROVAL,False
197,18,NCA-ECC,3.4,ENERGY,mandatory,critical,2,Critical infrastructure requires enhanced OT security controls,BCP_DRP|INCIDENT_REPORT,False
198,18,NCA-ECC,3.4,DEFENSE,mandatory,high,2,,,False
199,19,NCA-ECC,4.4,BANKING,mandatory,high,3,Financial institutions must implement enhanced controls per SAMA requirements,AUDIT_REPORT|RISK_ASSESSMENT,False
200,19,NCA-ECC,4.4,INSURANCE,mandatory,medium,3,,,False
201,19,NCA-ECC,4.4,CAPITAL_MARKETS,mandatory,medium,3,,,False
202,19,NCA-ECC,4.4,FINTECH,mandatory,high,3,FinTech companies must meet both SAMA and PCI requirements,PENTEST|SCAN_REPORT,False
203,19,NCA-ECC,4.4,HEALTHCARE,mandatory,high,3,Healthcare organizations must ensure patient data protection per MOH standards,CERTIFICATE|TRAINING_RECORD,False
204,19,NCA-ECC,4.4,TELECOM,mandatory,medium,3,,,False
205,19,NCA-ECC,4.4,ICT,mandatory,medium,3,,,False
206,19,NCA-ECC,4.4,CLOUD,mandatory,medium,3,,,False
207,19,NCA-ECC,4.4,GOVERNMENT,mandatory,critical,3,Government entities must comply with NCA mandatory requirements,ATTESTATION|APPROVAL,False
208,19,NCA-ECC,4.4,ENERGY,mandatory,critical,3,Critical infrastructure requires enhanced OT security controls,BCP_DRP|INCIDENT_REPORT,False
209,19,NCA-ECC,4.4,DEFENSE,mandatory,medium,3,,,False
210,20,NCA-ECC,5.4,BANKING,mandatory,medium,4,Financial institutions must implement enhanced controls per SAMA requirements,AUDIT_REPORT|RISK_ASSESSMENT,False
211,20,NCA-ECC,5.4,INSURANCE,mandatory,low,4,,,False
212,20,NCA-ECC,5.4,CAPITAL_MARKETS,mandatory,low,4,,,False
213,20,NCA-ECC,5.4,FINTECH,mandatory,medium,4,FinTech companies must meet both SAMA and PCI requirements,PENTEST|SCAN_REPORT,False
214,20,NCA-ECC,5.4,HEALTHCARE,mandatory,medium,4,Healthcare organizations must ensure patient data protection per MOH standards,CERTIFICATE|TRAINING_RECORD,False
215,20,NCA-ECC,5.4,TELECOM,mandatory,low,4,,,False
216,20,NCA-ECC,5.4,ICT,mandatory,low,4,,,False
217,20,NCA-ECC,5.4,CLOUD,mandatory,low,4,,,False
218,20,NCA-ECC,5.4,GOVERNMENT,mandatory,high,4,Government entities must comply with NCA mandatory requirements,ATTESTATION|APPROVAL,False
219,20,NCA-ECC,5.4,ENERGY,mandatory,high,4,Critical infrastructure requires enhanced OT security controls,BCP_DRP|INCIDENT_REPORT,False
220,20,NCA-ECC,5.4,DEFENSE,mandatory,low,4,,,False
221,21,NCA-ECC,1.5,BANKING,mandatory,critical,1,Financial institutions must implement enhanced controls per SAMA requirements,AUDIT_REPORT|RISK_ASSESSMENT,False
222,21,NCA-ECC,1.5,INSURANCE,mandatory,critical,1,,,False
223,21,NCA-ECC,1.5,CAPITAL_MARKETS,mandatory,critical,1,,,False
224,21,NCA-ECC,1.5,FINTECH,mandatory,critical,1,FinTech companies must meet both SAMA and PCI requirements,PENTEST|SCAN_REPORT,False
225,21,NCA-ECC,1.5,HEALTHCARE,mandatory,critical,1,Healthcare organizations must ensure patient data protection per MOH standards,CERTIFICATE|TRAINING_RECORD,False
226,21,NCA-ECC,1.5,TELECOM,mandatory,critical,1,,,False
227,21,NCA-ECC,1.5,ICT,mandatory,critical,1,,,False
228,21,NCA-ECC,1.5,CLOUD,mandatory,critical,1,,,False
229,21,NCA-ECC,1.5,GOVERNMENT,mandatory,critical,1,Government entities must comply with NCA mandatory requirements,ATTESTATION|APPROVAL,False
230,21,NCA-ECC,1.5,ENERGY,mandatory,critical,1,Critical infrastructure requires enhanced OT security controls,BCP_DRP|INCIDENT_REPORT,False
231,21,NCA-ECC,1.5,DEFENSE,mandatory,critical,1,,,False
232,22,NCA-ECC,2.5,BANKING,mandatory,critical,2,Financial institutions must implement enhanced controls per SAMA requirements,AUDIT_REPORT|RISK_ASSESSMENT,False
233,22,NCA-ECC,2.5,INSURANCE,mandatory,high,2,,,False
234,22,NCA-ECC,2.5,CAPITAL_MARKETS,mandatory,high,2,,,False
235,22,NCA-ECC,2.5,FINTECH,mandatory,critical,2,FinTech companies must meet both SAMA and PCI requirements,PENTEST|SCAN_REPORT,False
236,22,NCA-ECC,2.5,HEALTHCARE,mandatory,critical,2,Healthcare organizations must ensure patient data protection per MOH standards,CERTIFICATE|TRAINING_RECORD,False
237,22,NCA-ECC,2.5,TELECOM,mandatory,high,2,,,False
238,22,NCA-ECC,2.5,ICT,mandatory,high,2,,,False
239,22,NCA-ECC,2.5,CLOUD,mandatory,high,2,,,False
240,22,NCA-ECC,2.5,GOVERNMENT,mandatory,critical,2,Government entities must comply with NCA mandatory requirements,ATTESTATION|APPROVAL,False
241,22,NCA-ECC,2.5,ENERGY,mandatory,critical,2,Critical infrastructure requires enhanced OT security controls,BCP_DRP|INCIDENT_REPORT,False
242,22,NCA-ECC,2.5,DEFENSE,mandatory,high,2,,,False
243,23,NCA-ECC,3.5,BANKING,mandatory,high,3,Financial institutions must implement enhanced controls per SAMA requirements,AUDIT_REPORT|RISK_ASSESSMENT,False
244,23,NCA-ECC,3.5,INSURANCE,mandatory,medium,3,,,False
245,23,NCA-ECC,3.5,CAPITAL_MARKETS,mandatory,medium,3,,,False
246,23,NCA-ECC,3.5,FINTECH,mandatory,high,3,FinTech companies must meet both SAMA and PCI requirements,PENTEST|SCAN_REPORT,False
247,23,NCA-ECC,3.5,HEALTHCARE,mandatory,high,3,Healthcare organizations must ensure patient data protection per MOH standards,CERTIFICATE|TRAINING_RECORD,False
248,23,NCA-ECC,3.5,TELECOM,mandatory,medium,3,,,False
249,23,NCA-ECC,3.5,ICT,mandatory,medium,3,,,False
250,23,NCA-ECC,3.5,CLOUD,mandatory,medium,3,,,False
251,23,NCA-ECC,3.5,GOVERNMENT,mandatory,critical,3,Government entities must comply with NCA mandatory requirements,ATTESTATION|APPROVAL,False
252,23,NCA-ECC,3.5,ENERGY,mandatory,critical,3,Critical infrastructure requires enhanced OT security controls,BCP_DRP|INCIDENT_REPORT,False
253,23,NCA-ECC,3.5,DEFENSE,mandatory,medium,3,,,False
254,24,NCA-ECC,4.5,BANKING,mandatory,medium,4,Financial institutions must implement enhanced controls per SAMA requirements,AUDIT_REPORT|RISK_ASSESSMENT,False
255,24,NCA-ECC,4.5,INSURANCE,mandatory,low,4,,,False
256,24,NCA-ECC,4.5,CAPITAL_MARKETS,mandatory,low,4,,,False
257,24,NCA-ECC,4.5,FINTECH,mandatory,medium,4,FinTech companies must meet both SAMA and PCI requirements,PENTEST|SCAN_REPORT,False
258,24,NCA-ECC,4.5,HEALTHCARE,mandatory,medium,4,Healthcare organizations must ensure patient data protection per MOH standards,CERTIFICATE|TRAINING_RECORD,False
259,24,NCA-ECC,4.5,TELECOM,mandatory,low,4,,,False
260,24,NCA-ECC,4.5,ICT,mandatory,low,4,,,False
261,24,NCA-ECC,4.5,CLOUD,mandatory,low,4,,,False
262,24,NCA-ECC,4.5,GOVERNMENT,mandatory,high,4,Government entities must comply with NCA mandatory requirements,ATTESTATION|APPROVAL,False
263,24,NCA-ECC,4.5,ENERGY,mandatory,high,4,Critical infrastructure requires enhanced OT security controls,BCP_DRP|INCIDENT_REPORT,False
264,24,NCA-ECC,4.5,DEFENSE,mandatory,low,4,,,False
265,25,NCA-ECC,5.5,BANKING,mandatory,critical,1,Financial institutions must implement enhanced controls per SAMA requirements,AUDIT_REPORT|RISK_ASSESSMENT,False
266,25,NCA-ECC,5.5,INSURANCE,mandatory,critical,1,,,False
267,25,NCA-ECC,5.5,CAPITAL_MARKETS,mandatory,critical,1,,,False
268,25,NCA-ECC,5.5,FINTECH,mandatory,critical,1,FinTech companies must meet both SAMA and PCI requirements,PENTEST|SCAN_REPORT,False
269,25,NCA-ECC,5.5,HEALTHCARE,mandatory,critical,1,Healthcare organizations must ensure patient data protection per MOH standards,CERTIFICATE|TRAINING_RECORD,False
270,25,NCA-ECC,5.5,TELECOM,mandatory,critical,1,,,False
271,25,NCA-ECC,5.5,ICT,mandatory,critical,1,,,False
272,25,NCA-ECC,5.5,CLOUD,mandatory,critical,1,,,False
273,25,NCA-ECC,5.5,GOVERNMENT,mandatory,critical,1,Government entities must comply with NCA mandatory requirements,ATTESTATION|APPROVAL,False
274,25,NCA-ECC,5.5,ENERGY,mandatory,critical,1,Critical infrastructure requires enhanced OT security controls,BCP_DRP|INCIDENT_REPORT,False
275,25,NCA-ECC,5.5,DEFENSE,mandatory,critical,1,,,False
276,26,NCA-ECC,1.6,BANKING,mandatory,critical,2,Financial institutions must implement enhanced controls per SAMA requirements,AUDIT_REPORT|RISK_ASSESSMENT,False
277,26,NCA-ECC,1.6,INSURANCE,mandatory,high,2,,,False
278,26,NCA-ECC,1.6,CAPITAL_MARKETS,mandatory,high,2,,,False
279,26,NCA-ECC,1.6,FINTECH,mandatory,critical,2,FinTech companies must meet both SAMA and PCI requirements,PENTEST|SCAN_REPORT,False
280,26,NCA-ECC,1.6,HEALTHCARE,mandatory,critical,2,Healthcare organizations must ensure patient data protection per MOH standards,CERTIFICATE|TRAINING_RECORD,False
281,26,NCA-ECC,1.6,TELECOM,mandatory,high,2,,,False
282,26,NCA-ECC,1.6,ICT,mandatory,high,2,,,False
283,26,NCA-ECC,1.6,CLOUD,mandatory,high,2,,,False
284,26,NCA-ECC,1.6,GOVERNMENT,mandatory,critical,2,Government entities must comply with NCA mandatory requirements,ATTESTATION|APPROVAL,False
285,26,NCA-ECC,1.6,ENERGY,mandatory,critical,2,Critical infrastructure requires enhanced OT security controls,BCP_DRP|INCIDENT_REPORT,False
286,26,NCA-ECC,1.6,DEFENSE,mandatory,high,2,,,False
287,27,NCA-ECC,2.6,BANKING,mandatory,high,3,Financial institutions must implement enhanced controls per SAMA requirements,AUDIT_REPORT|RISK_ASSESSMENT,False
288,27,NCA-ECC,2.6,INSURANCE,mandatory,medium,3,,,False
289,27,NCA-ECC,2.6,CAPITAL_MARKETS,mandatory,medium,3,,,False
290,27,NCA-ECC,2.6,FINTECH,mandatory,high,3,FinTech companies must meet both SAMA and PCI requirements,PENTEST|SCAN_REPORT,False
291,27,NCA-ECC,2.6,HEALTHCARE,mandatory,high,3,Healthcare organizations must ensure patient data protection per MOH standards,CERTIFICATE|TRAINING_RECORD,False
292,27,NCA-ECC,2.6,TELECOM,mandatory,medium,3,,,False
293,27,NCA-ECC,2.6,ICT,mandatory,medium,3,,,False
294,27,NCA-ECC,2.6,CLOUD,mandatory,medium,3,,,False
295,27,NCA-ECC,2.6,GOVERNMENT,mandatory,critical,3,Government entities must comply with NCA mandatory requirements,ATTESTATION|APPROVAL,False
296,27,NCA-ECC,2.6,ENERGY,mandatory,critical,3,Critical infrastructure requires enhanced OT security controls,BCP_DRP|INCIDENT_REPORT,False
297,27,NCA-ECC,2.6,DEFENSE,mandatory,medium,3,,,False
298,28,NCA-ECC,3.6,BANKING,mandatory,medium,4,Financial institutions must implement enhanced controls per SAMA requirements,AUDIT_REPORT|RISK_ASSESSMENT,False
299,28,NCA-ECC,3.6,INSURANCE,mandatory,low,4,,,False
300,28,NCA-ECC,3.6,CAPITAL_MARKETS,mandatory,low,4,,,False
301,28,NCA-ECC,3.6,FINTECH,mandatory,medium,4,FinTech companies must meet both SAMA and PCI requirements,PENTEST|SCAN_REPORT,False
302,28,NCA-ECC,3.6,HEALTHCARE,mandatory,medium,4,Healthcare organizations must ensure patient data protection per MOH standards,CERTIFICATE|TRAINING_RECORD,False
303,28,NCA-ECC,3.6,TELECOM,mandatory,low,4,,,False
304,28,NCA-ECC,3.6,ICT,mandatory,low,4,,,False
305,28,NCA-ECC,3.6,CLOUD,mandatory,low,4,,,False
306,28,NCA-ECC,3.6,GOVERNMENT,mandatory,high,4,Government entities must comply with NCA mandatory requirements,ATTESTATION|APPROVAL,False
307,28,NCA-ECC,3.6,ENERGY,mandatory,high,4,Critical infrastructure requires enhanced OT security controls,BCP_DRP|INCIDENT_REPORT,False
308,28,NCA-ECC,3.6,DEFENSE,mandatory,low,4,,,False
309,29,NCA-ECC,4.6,BANKING,mandatory,critical,1,Financial institutions must implement enhanced controls per SAMA requirements,AUDIT_REPORT|RISK_ASSESSMENT,False
310,29,NCA-ECC,4.6,INSURANCE,mandatory,critical,1,,,False
311,29,NCA-ECC,4.6,CAPITAL_MARKETS,mandatory,critical,1,,,False
312,29,NCA-ECC,4.6,FINTECH,mandatory,critical,1,FinTech companies must meet both SAMA and PCI requirements,PENTEST|SCAN_REPORT,False
313,29,NCA-ECC,4.6,HEALTHCARE,mandatory,critical,1,Healthcare organizations must ensure patient data protection per MOH standards,CERTIFICATE|TRAINING_RECORD,False
314,29,NCA-ECC,4.6,TELECOM,mandatory,critical,1,,,False
315,29,NCA-ECC,4.6,ICT,mandatory,critical,1,,,False
316,29,NCA-ECC,4.6,CLOUD,mandatory,critical,1,,,False
317,29,NCA-ECC,4.6,GOVERNMENT,mandatory,critical,1,Government entities must comply with NCA mandatory requirements,ATTESTATION|APPROVAL,False
318,29,NCA-ECC,4.6,ENERGY,mandatory,critical,1,Critical infrastructure requires enhanced OT security controls,BCP_DRP|INCIDENT_REPORT,False
319,29,NCA-ECC,4.6,DEFENSE,mandatory,critical,1,,,False
320,30,NCA-ECC,5.6,BANKING,mandatory,critical,2,Financial institutions must implement enhanced controls per SAMA requirements,AUDIT_REPORT|RISK_ASSESSMENT,False
321,30,NCA-ECC,5.6,INSURANCE,mandatory,high,2,,,False
322,30,NCA-ECC,5.6,CAPITAL_MARKETS,mandatory,high,2,,,False
323,30,NCA-ECC,5.6,FINTECH,mandatory,critical,2,FinTech companies must meet both SAMA and PCI requirements,PENTEST|SCAN_REPORT,False
324,30,NCA-ECC,5.6,HEALTHCARE,mandatory,critical,2,Healthcare organizations must ensure patient data protection per MOH standards,CERTIFICATE|TRAINING_RECORD,False
325,30,NCA-ECC,5.6,TELECOM,mandatory,high,2,,,False
326,30,NCA-ECC,5.6,ICT,mandatory,high,2,,,False
327,30,NCA-ECC,5.6,CLOUD,mandatory,high,2,,,False
328,30,NCA-ECC,5.6,GOVERNMENT,mandatory,critical,2,Government entities must comply with NCA mandatory requirements,ATTESTATION|APPROVAL,False
329,30,NCA-ECC,5.6,ENERGY,mandatory,critical,2,Critical infrastructure requires enhanced OT security controls,BCP_DRP|INCIDENT_REPORT,False
330,30,NCA-ECC,5.6,DEFENSE,mandatory,high,2,,,False
331,31,NCA-ECC,1.7,BANKING,mandatory,high,3,Financial institutions must implement enhanced controls per SAMA requirements,AUDIT_REPORT|RISK_ASSESSMENT,False
332,31,NCA-ECC,1.7,INSURANCE,mandatory,medium,3,,,False
333,31,NCA-ECC,1.7,CAPITAL_MARKETS,mandatory,medium,3,,,False
334,31,NCA-ECC,1.7,FINTECH,mandatory,high,3,FinTech companies must meet both SAMA and PCI requirements,PENTEST|SCAN_REPORT,False
335,31,NCA-ECC,1.7,HEALTHCARE,mandatory,high,3,Healthcare organizations must ensure patient data protection per MOH standards,CERTIFICATE|TRAINING_RECORD,False
336,31,NCA-ECC,1.7,TELECOM,mandatory,medium,3,,,False
337,31,NCA-ECC,1.7,ICT,mandatory,medium,3,,,False
338,31,NCA-ECC,1.7,CLOUD,mandatory,medium,3,,,False
339,31,NCA-ECC,1.7,GOVERNMENT,mandatory,critical,3,Government entities must comply with NCA mandatory requirements,ATTESTATION|APPROVAL,False
340,31,NCA-ECC,1.7,ENERGY,mandatory,critical,3,Critical infrastructure requires enhanced OT security controls,BCP_DRP|INCIDENT_REPORT,False
341,31,NCA-ECC,1.7,DEFENSE,mandatory,medium,3,,,False
342,32,NCA-ECC,2.7,BANKING,mandatory,medium,4,Financial institutions must implement enhanced controls per SAMA requirements,AUDIT_REPORT|RISK_ASSESSMENT,False
343,32,NCA-ECC,2.7,INSURANCE,mandatory,low,4,,,False
344,32,NCA-ECC,2.7,CAPITAL_MARKETS,mandatory,low,4,,,False
345,32,NCA-ECC,2.7,FINTECH,mandatory,medium,4,FinTech companies must meet both SAMA and PCI requirements,PENTEST|SCAN_REPORT,False
346,32,NCA-ECC,2.7,HEALTHCARE,mandatory,medium,4,Healthcare organizations must ensure patient data protection per MOH standards,CERTIFICATE|TRAINING_RECORD,False
347,32,NCA-ECC,2.7,TELECOM,mandatory,low,4,,,False
348,32,NCA-ECC,2.7,ICT,mandatory,low,4,,,False
349,32,NCA-ECC,2.7,CLOUD,mandatory,low,4,,,False
350,32,NCA-ECC,2.7,GOVERNMENT,mandatory,high,4,Government entities must comply with NCA mandatory requirements,ATTESTATION|APPROVAL,False
351,32,NCA-ECC,2.7,ENERGY,mandatory,high,4,Critical infrastructure requires enhanced OT security controls,BCP_DRP|INCIDENT_REPORT,False
352,32,NCA-ECC,2.7,DEFENSE,mandatory,low,4,,,False
353,33,NCA-ECC,3.7,BANKING,mandatory,critical,1,Financial institutions must implement enhanced controls per SAMA requirements,AUDIT_REPORT|RISK_ASSESSMENT,False
354,33,NCA-ECC,3.7,INSURANCE,mandatory,critical,1,,,False
355,33,NCA-ECC,3.7,CAPITAL_MARKETS,mandatory,critical,1,,,False
356,33,NCA-ECC,3.7,FINTECH,mandatory,critical,1,FinTech companies must meet both SAMA and PCI requirements,PENTEST|SCAN_REPORT,False
357,33,NCA-ECC,3.7,HEALTHCARE,mandatory,critical,1,Healthcare organizations must ensure patient data protection per MOH standards,CERTIFICATE|TRAINING_RECORD,False
358,33,NCA-ECC,3.7,TELECOM,mandatory,critical,1,,,False
359,33,NCA-ECC,3.7,ICT,mandatory,critical,1,,,False
360,33,NCA-ECC,3.7,CLOUD,mandatory,critical,1,,,False
361,33,NCA-ECC,3.7,GOVERNMENT,mandatory,critical,1,Government entities must comply with NCA mandatory requirements,ATTESTATION|APPROVAL,False
362,33,NCA-ECC,3.7,ENERGY,mandatory,critical,1,Critical infrastructure requires enhanced OT security controls,BCP_DRP|INCIDENT_REPORT,False
363,33,NCA-ECC,3.7,DEFENSE,mandatory,critical,1,,,False
364,34,NCA-ECC,4.7,BANKING,mandatory,critical,2,Financial institutions must implement enhanced controls per SAMA requirements,AUDIT_REPORT|RISK_ASSESSMENT,False
365,34,NCA-ECC,4.7,INSURANCE,mandatory,high,2,,,False
366,34,NCA-ECC,4.7,CAPITAL_MARKETS,mandatory,high,2,,,False
367,34,NCA-ECC,4.7,FINTECH,mandatory,critical,2,FinTech companies must meet both SAMA and PCI requirements,PENTEST|SCAN_REPORT,False
368,34,NCA-ECC,4.7,HEALTHCARE,mandatory,critical,2,Healthcare organizations must ensure patient data protection per MOH standards,CERTIFICATE|TRAINING_RECORD,False
369,34,NCA-ECC,4.7,TELECOM,mandatory,high,2,,,False
370,34,NCA-ECC,4.7,ICT,mandatory,high,2,,,False
371,34,NCA-ECC,4.7,CLOUD,mandatory,high,2,,,False
372,34,NCA-ECC,4.7,GOVERNMENT,mandatory,critical,2,Government entities must comply with NCA mandatory requirements,ATTESTATION|APPROVAL,False
373,34,NCA-ECC,4.7,ENERGY,mandatory,critical,2,Critical infrastructure requires enhanced OT security controls,BCP_DRP|INCIDENT_REPORT,False
374,34,NCA-ECC,4.7,DEFENSE,mandatory,high,2,,,False
375,35,NCA-ECC,5.7,BANKING,mandatory,high,3,Financial institutions must implement enhanced controls per SAMA requirements,AUDIT_REPORT|RISK_ASSESSMENT,False
376,35,NCA-ECC,5.7,INSURANCE,mandatory,medium,3,,,False
377,35,NCA-ECC,5.7,CAPITAL_MARKETS,mandatory,medium,3,,,False
378,35,NCA-ECC,5.7,FINTECH,mandatory,high,3,FinTech companies must meet both SAMA and PCI requirements,PENTEST|SCAN_REPORT,False
379,35,NCA-ECC,5.7,HEALTHCARE,mandatory,high,3,Healthcare organizations must ensure patient data protection per MOH standards,CERTIFICATE|TRAINING_RECORD,False
380,35,NCA-ECC,5.7,TELECOM,mandatory,medium,3,,,False
381,35,NCA-ECC,5.7,ICT,mandatory,medium,3,,,False
382,35,NCA-ECC,5.7,CLOUD,mandatory,medium,3,,,False
383,35,NCA-ECC,5.7,GOVERNMENT,mandatory,critical,3,Government entities must comply with NCA mandatory requirements,ATTESTATION|APPROVAL,False
384,35,NCA-ECC,5.7,ENERGY,mandatory,critical,3,Critical infrastructure requires enhanced OT security controls,BCP_DRP|INCIDENT_REPORT,False
385,35,NCA-ECC,5.7,DEFENSE,mandatory,medium,3,,,False
386,36,NCA-ECC,1.8,BANKING,mandatory,medium,4,Financial institutions must implement enhanced controls per SAMA requirements,AUDIT_REPORT|RISK_ASSESSMENT,False
387,36,NCA-ECC,1.8,INSURANCE,mandatory,low,4,,,False
388,36,NCA-ECC,1.8,CAPITAL_MARKETS,mandatory,low,4,,,False
389,36,NCA-ECC,1.8,FINTECH,mandatory,medium,4,FinTech companies must meet both SAMA and PCI requirements,PENTEST|SCAN_REPORT,False
390,36,NCA-ECC,1.8,HEALTHCARE,mandatory,medium,4,Healthcare organizations must ensure patient data protection per MOH standards,CERTIFICATE|TRAINING_RECORD,False
391,36,NCA-ECC,1.8,TELECOM,mandatory,low,4,,,False
392,36,NCA-ECC,1.8,ICT,mandatory,low,4,,,False
393,36,NCA-ECC,1.8,CLOUD,mandatory,low,4,,,False
394,36,NCA-ECC,1.8,GOVERNMENT,mandatory,high,4,Government entities must comply with NCA mandatory requirements,ATTESTATION|APPROVAL,False
395,36,NCA-ECC,1.8,ENERGY,mandatory,high,4,Critical infrastructure requires enhanced OT security controls,BCP_DRP|INCIDENT_REPORT,False
396,36,NCA-ECC,1.8,DEFENSE,mandatory,low,4,,,False
397,37,NCA-ECC,2.8,BANKING,mandatory,critical,1,Financial institutions must implement enhanced controls per SAMA requirements,AUDIT_REPORT|RISK_ASSESSMENT,False
398,37,NCA-ECC,2.8,INSURANCE,mandatory,critical,1,,,False
399,37,NCA-ECC,2.8,CAPITAL_MARKETS,mandatory,critical,1,,,False
400,37,NCA-ECC,2.8,FINTECH,mandatory,critical,1,FinTech companies must meet both SAMA and PCI requirements,PENTEST|SCAN_REPORT,False
401,37,NCA-ECC,2.8,HEALTHCARE,mandatory,critical,1,Healthcare organizations must ensure patient data protection per MOH standards,CERTIFICATE|TRAINING_RECORD,False
402,37,NCA-ECC,2.8,TELECOM,mandatory,critical,1,,,False
403,37,NCA-ECC,2.8,ICT,mandatory,critical,1,,,False
404,37,NCA-ECC,2.8,CLOUD,mandatory,critical,1,,,False
405,37,NCA-ECC,2.8,GOVERNMENT,mandatory,critical,1,Government entities must comply with NCA mandatory requirements,ATTESTATION|APPROVAL,False
406,37,NCA-ECC,2.8,ENERGY,mandatory,critical,1,Critical infrastructure requires enhanced OT security controls,BCP_DRP|INCIDENT_REPORT,False
407,37,NCA-ECC,2.8,DEFENSE,mandatory,critical,1,,,False
408,38,NCA-ECC,3.8,BANKING,mandatory,critical,2,Financial institutions must implement enhanced controls per SAMA requirements,AUDIT_REPORT|RISK_ASSESSMENT,False
409,38,NCA-ECC,3.8,INSURANCE,mandatory,high,2,,,False
410,38,NCA-ECC,3.8,CAPITAL_MARKETS,mandatory,high,2,,,False
411,38,NCA-ECC,3.8,FINTECH,mandatory,critical,2,FinTech companies must meet both SAMA and PCI requirements,PENTEST|SCAN_REPORT,False
412,38,NCA-ECC,3.8,HEALTHCARE,mandatory,critical,2,Healthcare organizations must ensure patient data protection per MOH standards,CERTIFICATE|TRAINING_RECORD,False
413,38,NCA-ECC,3.8,TELECOM,mandatory,high,2,,,False
414,38,NCA-ECC,3.8,ICT,mandatory,high,2,,,False
415,38,NCA-ECC,3.8,CLOUD,mandatory,high,2,,,False
416,38,NCA-ECC,3.8,GOVERNMENT,mandatory,critical,2,Government entities must comply with NCA mandatory requirements,ATTESTATION|APPROVAL,False
417,38,NCA-ECC,3.8,ENERGY,mandatory,critical,2,Critical infrastructure requires enhanced OT security controls,BCP_DRP|INCIDENT_REPORT,False
418,38,NCA-ECC,3.8,DEFENSE,mandatory,high,2,,,False
419,39,NCA-ECC,4.8,BANKING,mandatory,high,3,Financial institutions must implement enhanced controls per SAMA requirements,AUDIT_REPORT|RISK_ASSESSMENT,False
420,39,NCA-ECC,4.8,INSURANCE,mandatory,medium,3,,,False
421,39,NCA-ECC,4.8,CAPITAL_MARKETS,mandatory,medium,3,,,False
422,39,NCA-ECC,4.8,FINTECH,mandatory,high,3,FinTech companies must meet both SAMA and PCI requirements,PENTEST|SCAN_REPORT,False
423,39,NCA-ECC,4.8,HEALTHCARE,mandatory,high,3,Healthcare organizations must ensure patient data protection per MOH standards,CERTIFICATE|TRAINING_RECORD,False
424,39,NCA-ECC,4.8,TELECOM,mandatory,medium,3,,,False
425,39,NCA-ECC,4.8,ICT,mandatory,medium,3,,,False
426,39,NCA-ECC,4.8,CLOUD,mandatory,medium,3,,,False
427,39,NCA-ECC,4.8,GOVERNMENT,mandatory,critical,3,Government entities must comply with NCA mandatory requirements,ATTESTATION|APPROVAL,False
428,39,NCA-ECC,4.8,ENERGY,mandatory,critical,3,Critical infrastructure requires enhanced OT security controls,BCP_DRP|INCIDENT_REPORT,False
429,39,NCA-ECC,4.8,DEFENSE,mandatory,medium,3,,,False
430,40,NCA-ECC,5.8,BANKING,mandatory,medium,4,Financial institutions must implement enhanced controls per SAMA requirements,AUDIT_REPORT|RISK_ASSESSMENT,False
431,40,NCA-ECC,5.8,INSURANCE,mandatory,low,4,,,False
432,40,NCA-ECC,5.8,CAPITAL_MARKETS,mandatory,low,4,,,False
433,40,NCA-ECC,5.8,FINTECH,mandatory,medium,4,FinTech companies must meet both SAMA and PCI requirements,PENTEST|SCAN_REPORT,False
434,40,NCA-ECC,5.8,HEALTHCARE,mandatory,medium,4,Healthcare organizations must ensure patient data protection per MOH standards,CERTIFICATE|TRAINING_RECORD,False
435,40,NCA-ECC,5.8,TELECOM,mandatory,low,4,,,False
436,40,NCA-ECC,5.8,ICT,mandatory,low,4,,,False
437,40,NCA-ECC,5.8,CLOUD,mandatory,low,4,,,False
438,40,NCA-ECC,5.8,GOVERNMENT,mandatory,high,4,Government entities must comply with NCA mandatory requirements,ATTESTATION|APPROVAL,False
439,40,NCA-ECC,5.8,ENERGY,mandatory,high,4,Critical infrastructure requires enhanced OT security controls,BCP_DRP|INCIDENT_REPORT,False
440,40,NCA-ECC,5.8,DEFENSE,mandatory,low,4,,,False
441,41,NCA-ECC,1.9,BANKING,mandatory,critical,1,Financial institutions must implement enhanced controls per SAMA requirements,AUDIT_REPORT|RISK_ASSESSMENT,False
442,41,NCA-ECC,1.9,INSURANCE,mandatory,critical,1,,,False
443,41,NCA-ECC,1.9,CAPITAL_MARKETS,mandatory,critical,1,,,False
444,41,NCA-ECC,1.9,FINTECH,mandatory,critical,1,FinTech companies must meet both SAMA and PCI requirements,PENTEST|SCAN_REPORT,False
445,41,NCA-ECC,1.9,HEALTHCARE,mandatory,critical,1,Healthcare organizations must ensure patient data protection per MOH standards,CERTIFICATE|TRAINING_RECORD,False
446,41,NCA-ECC,1.9,TELECOM,mandatory,critical,1,,,False
447,41,NCA-ECC,1.9,ICT,mandatory,critical,1,,,False
448,41,NCA-ECC,1.9,CLOUD,mandatory,critical,1,,,False
449,41,NCA-ECC,1.9,GOVERNMENT,mandatory,critical,1,Government entities must comply with NCA mandatory requirements,ATTESTATION|APPROVAL,False
450,41,NCA-ECC,1.9,ENERGY,mandatory,critical,1,Critical infrastructure requires enhanced OT security controls,BCP_DRP|INCIDENT_REPORT,False
451,41,NCA-ECC,1.9,DEFENSE,mandatory,critical,1,,,False
452,42,NCA-ECC,2.9,BANKING,mandatory,critical,2,Financial institutions must implement enhanced controls per SAMA requirements,AUDIT_REPORT|RISK_ASSESSMENT,False
453,42,NCA-ECC,2.9,INSURANCE,mandatory,high,2,,,False
454,42,NCA-ECC,2.9,CAPITAL_MARKETS,mandatory,high,2,,,False
455,42,NCA-ECC,2.9,FINTECH,mandatory,critical,2,FinTech companies must meet both SAMA and PCI requirements,PENTEST|SCAN_REPORT,False
456,42,NCA-ECC,2.9,HEALTHCARE,mandatory,critical,2,Healthcare organizations must ensure patient data protection per MOH standards,CERTIFICATE|TRAINING_RECORD,False
457,42,NCA-ECC,2.9,TELECOM,mandatory,high,2,,,False
458,42,NCA-ECC,2.9,ICT,mandatory,high,2,,,False
459,42,NCA-ECC,2.9,CLOUD,mandatory,high,2,,,False
460,42,NCA-ECC,2.9,GOVERNMENT,mandatory,critical,2,Government entities must comply with NCA mandatory requirements,ATTESTATION|APPROVAL,False
461,42,NCA-ECC,2.9,ENERGY,mandatory,critical,2,Critical infrastructure requires enhanced OT security controls,BCP_DRP|INCIDENT_REPORT,False
462,42,NCA-ECC,2.9,DEFENSE,mandatory,high,2,,,False
463,43,NCA-ECC,3.9,BANKING,mandatory,high,3,Financial institutions must implement enhanced controls per SAMA requirements,AUDIT_REPORT|RISK_ASSESSMENT,False
464,43,NCA-ECC,3.9,INSURANCE,mandatory,medium,3,,,False
465,43,NCA-ECC,3.9,CAPITAL_MARKETS,mandatory,medium,3,,,False
466,43,NCA-ECC,3.9,FINTECH,mandatory,high,3,FinTech companies must meet both SAMA and PCI requirements,PENTEST|SCAN_REPORT,False
467,43,NCA-ECC,3.9,HEALTHCARE,mandatory,high,3,Healthcare organizations must ensure patient data protection per MOH standards,CERTIFICATE|TRAINING_RECORD,False
468,43,NCA-ECC,3.9,TELECOM,mandatory,medium,3,,,False
469,43,NCA-ECC,3.9,ICT,mandatory,medium,3,,,False
470,43,NCA-ECC,3.9,CLOUD,mandatory,medium,3,,,False
471,43,NCA-ECC,3.9,GOVERNMENT,mandatory,critical,3,Government entities must comply with NCA mandatory requirements,ATTESTATION|APPROVAL,False
472,43,NCA-ECC,3.9,ENERGY,mandatory,critical,3,Critical infrastructure requires enhanced OT security controls,BCP_DRP|INCIDENT_REPORT,False
473,43,NCA-ECC,3.9,DEFENSE,mandatory,medium,3,,,False
474,44,NCA-ECC,4.9,BANKING,mandatory,medium,4,Financial institutions must implement enhanced controls per SAMA requirements,AUDIT_REPORT|RISK_ASSESSMENT,False
475,44,NCA-ECC,4.9,INSURANCE,mandatory,low,4,,,False
476,44,NCA-ECC,4.9,CAPITAL_MARKETS,mandatory,low,4,,,False
477,44,NCA-ECC,4.9,FINTECH,mandatory,medium,4,FinTech companies must meet both SAMA and PCI requirements,PENTEST|SCAN_REPORT,False
478,44,NCA-ECC,4.9,HEALTHCARE,mandatory,medium,4,Healthcare organizations must ensure patient data protection per MOH standards,CERTIFICATE|TRAINING_RECORD,False
479,44,NCA-ECC,4.9,TELECOM,mandatory,low,4,,,False
480,44,NCA-ECC,4.9,ICT,mandatory,low,4,,,False
481,44,NCA-ECC,4.9,CLOUD,mandatory,low,4,,,False
482,44,NCA-ECC,4.9,GOVERNMENT,mandatory,high,4,Government entities must comply with NCA mandatory requirements,ATTESTATION|APPROVAL,False
483,44,NCA-ECC,4.9,ENERGY,mandatory,high,4,Critical infrastructure requires enhanced OT security controls,BCP_DRP|INCIDENT_REPORT,False
484,44,NCA-ECC,4.9,DEFENSE,mandatory,low,4,,,False
485,45,NCA-ECC,5.9,BANKING,mandatory,critical,1,Financial institutions must implement enhanced controls per SAMA requirements,AUDIT_REPORT|RISK_ASSESSMENT,False
486,45,NCA-ECC,5.9,INSURANCE,mandatory,critical,1,,,False
487,45,NCA-ECC,5.9,CAPITAL_MARKETS,mandatory,critical,1,,,False
488,45,NCA-ECC,5.9,FINTECH,mandatory,critical,1,FinTech companies must meet both SAMA and PCI requirements,PENTEST|SCAN_REPORT,False
489,45,NCA-ECC,5.9,HEALTHCARE,mandatory,critical,1,Healthcare organizations must ensure patient data protection per MOH standards,CERTIFICATE|TRAINING_RECORD,False
490,45,NCA-ECC,5.9,TELECOM,mandatory,critical,1,,,False
491,45,NCA-ECC,5.9,ICT,mandatory,critical,1,,,False
492,45,NCA-ECC,5.9,CLOUD,mandatory,critical,1,,,False
493,45,NCA-ECC,5.9,GOVERNMENT,mandatory,critical,1,Government entities must comply with NCA mandatory requirements,ATTESTATION|APPROVAL,False
494,45,NCA-ECC,5.9,ENERGY,mandatory,critical,1,Critical infrastructure requires enhanced OT security controls,BCP_DRP|INCIDENT_REPORT,False
495,45,NCA-ECC,5.9,DEFENSE,mandatory,critical,1,,,False
496,46,NCA-ECC,1.10,BANKING,mandatory,critical,2,Financial institutions must implement enhanced controls per SAMA requirements,AUDIT_REPORT|RISK_ASSESSMENT,False
497,46,NCA-ECC,1.10,INSURANCE,mandatory,high,2,,,False
498,46,NCA-ECC,1.10,CAPITAL_MARKETS,mandatory,high,2,,,False
499,46,NCA-ECC,1.10,FINTECH,mandatory,critical,2,FinTech companies must meet both SAMA and PCI requirements,PENTEST|SCAN_REPORT,False
500,46,NCA-ECC,1.10,HEALTHCARE,mandatory,critical,2,Healthcare organizations must ensure patient data protection per MOH standards,CERTIFICATE|TRAINING_RECORD,False
501,46,NCA-ECC,1.10,TELECOM,mandatory,high,2,,,False
502,46,NCA-ECC,1.10,ICT,mandatory,high,2,,,False
503,46,NCA-ECC,1.10,CLOUD,mandatory,high,2,,,False
504,46,NCA-ECC,1.10,GOVERNMENT,mandatory,critical,2,Government entities must comply with NCA mandatory requirements,ATTESTATION|APPROVAL,False
505,46,NCA-ECC,1.10,ENERGY,mandatory,critical,2,Critical infrastructure requires enhanced OT security controls,BCP_DRP|INCIDENT_REPORT,False
506,46,NCA-ECC,1.10,DEFENSE,mandatory,high,2,,,False
507,47,NCA-ECC,2.10,BANKING,mandatory,high,3,Financial institutions must implement enhanced controls per SAMA requirements,AUDIT_REPORT|RISK_ASSESSMENT,False
508,47,NCA-ECC,2.10,INSURANCE,mandatory,medium,3,,,False
509,47,NCA-ECC,2.10,CAPITAL_MARKETS,mandatory,medium,3,,,False
510,47,NCA-ECC,2.10,FINTECH,mandatory,high,3,FinTech companies must meet both SAMA and PCI requirements,PENTEST|SCAN_REPORT,False
511,47,NCA-ECC,2.10,HEALTHCARE,mandatory,high,3,Healthcare organizations must ensure patient data protection per MOH standards,CERTIFICATE|TRAINING_RECORD,False
512,47,NCA-ECC,2.10,TELECOM,mandatory,medium,3,,,False
513,47,NCA-ECC,2.10,ICT,mandatory,medium,3,,,False
514,47,NCA-ECC,2.10,CLOUD,mandatory,medium,3,,,False
515,47,NCA-ECC,2.10,GOVERNMENT,mandatory,critical,3,Government entities must comply with NCA mandatory requirements,ATTESTATION|APPROVAL,False
516,47,NCA-ECC,2.10,ENERGY,mandatory,critical,3,Critical infrastructure requires enhanced OT security controls,BCP_DRP|INCIDENT_REPORT,False
517,47,NCA-ECC,2.10,DEFENSE,mandatory,medium,3,,,False
518,48,NCA-ECC,3.10,BANKING,mandatory,medium,4,Financial institutions must implement enhanced controls per SAMA requirements,AUDIT_REPORT|RISK_ASSESSMENT,False
519,48,NCA-ECC,3.10,INSURANCE,mandatory,low,4,,,False
520,48,NCA-ECC,3.10,CAPITAL_MARKETS,mandatory,low,4,,,False
521,48,NCA-ECC,3.10,FINTECH,mandatory,medium,4,FinTech companies must meet both SAMA and PCI requirements,PENTEST|SCAN_REPORT,False
522,48,NCA-ECC,3.10,HEALTHCARE,mandatory,medium,4,Healthcare organizations must ensure patient data protection per MOH standards,CERTIFICATE|TRAINING_RECORD,False
523,48,NCA-ECC,3.10,TELECOM,mandatory,low,4,,,False
524,48,NCA-ECC,3.10,ICT,mandatory,low,4,,,False
525,48,NCA-ECC,3.10,CLOUD,mandatory,low,4,,,False
526,48,NCA-ECC,3.10,GOVERNMENT,mandatory,high,4,Government entities must comply with NCA mandatory requirements,ATTESTATION|APPROVAL,False
527,48,NCA-ECC,3.10,ENERGY,mandatory,high,4,Critical infrastructure requires enhanced OT security controls,BCP_DRP|INCIDENT_REPORT,False
528,48,NCA-ECC,3.10,DEFENSE,mandatory,low,4,,,False
529,49,NCA-ECC,4.10,BANKING,mandatory,critical,1,Financial institutions must implement enhanced controls per SAMA requirements,AUDIT_REPORT|RISK_ASSESSMENT,False
530,49,NCA-ECC,4.10,INSURANCE,mandatory,critical,1,,,False
531,49,NCA-ECC,4.10,CAPITAL_MARKETS,mandatory,critical,1,,,False
532,49,NCA-ECC,4.10,FINTECH,mandatory,critical,1,FinTech companies must meet both SAMA and PCI requirements,PENTEST|SCAN_REPORT,False
533,49,NCA-ECC,4.10,HEALTHCARE,mandatory,critical,1,Healthcare organizations must ensure patient data protection per MOH standards,CERTIFICATE|TRAINING_RECORD,False
534,49,NCA-ECC,4.10,TELECOM,mandatory,critical,1,,,False
535,49,NCA-ECC,4.10,ICT,mandatory,critical,1,,,False
536,49,NCA-ECC,4.10,CLOUD,mandatory,critical,1,,,False
537,49,NCA-ECC,4.10,GOVERNMENT,mandatory,critical,1,Government entities must comply with NCA mandatory requirements,ATTESTATION|APPROVAL,False
538,49,NCA-ECC,4.10,ENERGY,mandatory,critical,1,Critical infrastructure requires enhanced OT security controls,BCP_DRP|INCIDENT_REPORT,False
539,49,NCA-ECC,4.10,DEFENSE,mandatory,critical,1,,,False
540,50,NCA-ECC,5.10,BANKING,mandatory,critical,2,Financial institutions must implement enhanced controls per SAMA requirements,AUDIT_REPORT|RISK_ASSESSMENT,False
541,50,NCA-ECC,5.10,INSURANCE,mandatory,high,2,,,False
542,50,NCA-ECC,5.10,CAPITAL_MARKETS,mandatory,high,2,,,False
543,50,NCA-ECC,5.10,FINTECH,mandatory,critical,2,FinTech companies must meet both SAMA and PCI requirements,PENTEST|SCAN_REPORT,False
544,50,NCA-ECC,5.10,HEALTHCARE,mandatory,critical,2,Healthcare organizations must ensure patient data protection per MOH standards,CERTIFICATE|TRAINING_RECORD,False
545,50,NCA-ECC,5.10,TELECOM,mandatory,high,2,,,False
546,50,NCA-ECC,5.10,ICT,mandatory,high,2,,,False
547,50,NCA-ECC,5.10,CLOUD,mandatory,high,2,,,False
548,50,NCA-ECC,5.10,GOVERNMENT,mandatory,critical,2,Government entities must comply with NCA mandatory requirements,ATTESTATION|APPROVAL,False
549,50,NCA-ECC,5.10,ENERGY,mandatory,critical,2,Critical infrastructure requires enhanced OT security controls,BCP_DRP|INCIDENT_REPORT,False
550,50,NCA-ECC,5.10,DEFENSE,mandatory,high,2,,,False
551,51,NCA-ECC,1.11,BANKING,mandatory,high,3,Financial institutions must implement enhanced controls per SAMA requirements,AUDIT_REPORT|RISK_ASSESSMENT,False
552,51,NCA-ECC,1.11,INSURANCE,mandatory,medium,3,,,False
553,51,NCA-ECC,1.11,CAPITAL_MARKETS,mandatory,medium,3,,,False
554,51,NCA-ECC,1.11,FINTECH,mandatory,high,3,FinTech companies must meet both SAMA and PCI requirements,PENTEST|SCAN_REPORT,False
555,51,NCA-ECC,1.11,HEALTHCARE,mandatory,high,3,Healthcare organizations must ensure patient data protection per MOH standards,CERTIFICATE|TRAINING_RECORD,False
556,51,NCA-ECC,1.11,TELECOM,mandatory,medium,3,,,False
557,51,NCA-ECC,1.11,ICT,mandatory,medium,3,,,False
558,51,NCA-ECC,1.11,CLOUD,mandatory,medium,3,,,False
559,51,NCA-ECC,1.11,GOVERNMENT,mandatory,critical,3,Government entities must comply with NCA mandatory requirements,ATTESTATION|APPROVAL,False
560,51,NCA-ECC,1.11,ENERGY,mandatory,critical,3,Critical infrastructure requires enhanced OT security controls,BCP_DRP|INCIDENT_REPORT,False
561,51,NCA-ECC,1.11,DEFENSE,mandatory,medium,3,,,False
562,52,NCA-ECC,2.11,BANKING,mandatory,medium,4,Financial institutions must implement enhanced controls per SAMA requirements,AUDIT_REPORT|RISK_ASSESSMENT,False
563,52,NCA-ECC,2.11,INSURANCE,mandatory,low,4,,,False
564,52,NCA-ECC,2.11,CAPITAL_MARKETS,mandatory,low,4,,,False
565,52,NCA-ECC,2.11,FINTECH,mandatory,medium,4,FinTech companies must meet both SAMA and PCI requirements,PENTEST|SCAN_REPORT,False
566,52,NCA-ECC,2.11,HEALTHCARE,mandatory,medium,4,Healthcare organizations must ensure patient data protection per MOH standards,CERTIFICATE|TRAINING_RECORD,False
567,52,NCA-ECC,2.11,TELECOM,mandatory,low,4,,,False
568,52,NCA-ECC,2.11,ICT,mandatory,low,4,,,False
569,52,NCA-ECC,2.11,CLOUD,mandatory,low,4,,,False
570,52,NCA-ECC,2.11,GOVERNMENT,mandatory,high,4,Government entities must comply with NCA mandatory requirements,ATTESTATION|APPROVAL,False
571,52,NCA-ECC,2.11,ENERGY,mandatory,high,4,Critical infrastructure requires enhanced OT security controls,BCP_DRP|INCIDENT_REPORT,False
572,52,NCA-ECC,2.11,DEFENSE,mandatory,low,4,,,False
573,53,NCA-ECC,3.11,BANKING,mandatory,critical,1,Financial institutions must implement enhanced controls per SAMA requirements,AUDIT_REPORT|RISK_ASSESSMENT,False
574,53,NCA-ECC,3.11,INSURANCE,mandatory,critical,1,,,False
575,53,NCA-ECC,3.11,CAPITAL_MARKETS,mandatory,critical,1,,,False
576,53,NCA-ECC,3.11,FINTECH,mandatory,critical,1,FinTech companies must meet both SAMA and PCI requirements,PENTEST|SCAN_REPORT,False
577,53,NCA-ECC,3.11,HEALTHCARE,mandatory,critical,1,Healthcare organizations must ensure patient data protection per MOH standards,CERTIFICATE|TRAINING_RECORD,False
578,53,NCA-ECC,3.11,TELECOM,mandatory,critical,1,,,False
579,53,NCA-ECC,3.11,ICT,mandatory,critical,1,,,False
580,53,NCA-ECC,3.11,CLOUD,mandatory,critical,1,,,False
581,53,NCA-ECC,3.11,GOVERNMENT,mandatory,critical,1,Government entities must comply with NCA mandatory requirements,ATTESTATION|APPROVAL,False
582,53,NCA-ECC,3.11,ENERGY,mandatory,critical,1,Critical infrastructure requires enhanced OT security controls,BCP_DRP|INCIDENT_REPORT,False
583,53,NCA-ECC,3.11,DEFENSE,mandatory,critical,1,,,False
584,54,NCA-ECC,4.11,BANKING,mandatory,critical,2,Financial institutions must implement enhanced controls per SAMA requirements,AUDIT_REPORT|RISK_ASSESSMENT,False
585,54,NCA-ECC,4.11,INSURANCE,mandatory,high,2,,,False
586,54,NCA-ECC,4.11,CAPITAL_MARKETS,mandatory,high,2,,,False
587,54,NCA-ECC,4.11,FINTECH,mandatory,critical,2,FinTech companies must meet both SAMA and PCI requirements,PENTEST|SCAN_REPORT,False
588,54,NCA-ECC,4.11,HEALTHCARE,mandatory,critical,2,Healthcare organizations must ensure patient data protection per MOH standards,CERTIFICATE|TRAINING_RECORD,False
589,54,NCA-ECC,4.11,TELECOM,mandatory,high,2,,,False
590,54,NCA-ECC,4.11,ICT,mandatory,high,2,,,False
591,54,NCA-ECC,4.11,CLOUD,mandatory,high,2,,,False
592,54,NCA-ECC,4.11,GOVERNMENT,mandatory,critical,2,Government entities must comply with NCA mandatory requirements,ATTESTATION|APPROVAL,False
593,54,NCA-ECC,4.11,ENERGY,mandatory,critical,2,Critical infrastructure requires enhanced OT security controls,BCP_DRP|INCIDENT_REPORT,False
594,54,NCA-ECC,4.11,DEFENSE,mandatory,high,2,,,False
595,55,NCA-ECC,5.11,BANKING,mandatory,high,3,Financial institutions must implement enhanced controls per SAMA requirements,AUDIT_REPORT|RISK_ASSESSMENT,False
596,55,NCA-ECC,5.11,INSURANCE,mandatory,medium,3,,,False
597,55,NCA-ECC,5.11,CAPITAL_MARKETS,mandatory,medium,3,,,False
598,55,NCA-ECC,5.11,FINTECH,mandatory,high,3,FinTech companies must meet both SAMA and PCI requirements,PENTEST|SCAN_REPORT,False
599,55,NCA-ECC,5.11,HEALTHCARE,mandatory,high,3,Healthcare organizations must ensure patient data protection per MOH standards,CERTIFICATE|TRAINING_RECORD,False
600,55,NCA-ECC,5.11,TELECOM,mandatory,medium,3,,,False
601,55,NCA-ECC,5.11,ICT,mandatory,medium,3,,,False
602,55,NCA-ECC,5.11,CLOUD,mandatory,medium,3,,,False
603,55,NCA-ECC,5.11,GOVERNMENT,mandatory,critical,3,Government entities must comply with NCA mandatory requirements,ATTESTATION|APPROVAL,False
604,55,NCA-ECC,5.11,ENERGY,mandatory,critical,3,Critical infrastructure requires enhanced OT security controls,BCP_DRP|INCIDENT_REPORT,False
605,55,NCA-ECC,5.11,DEFENSE,mandatory,medium,3,,,False
606,56,NCA-ECC,1.12,BANKING,mandatory,medium,4,Financial institutions must implement enhanced controls per SAMA requirements,AUDIT_REPORT|RISK_ASSESSMENT,False
607,56,NCA-ECC,1.12,INSURANCE,mandatory,low,4,,,False
608,56,NCA-ECC,1.12,CAPITAL_MARKETS,mandatory,low,4,,,False
609,56,NCA-ECC,1.12,FINTECH,mandatory,medium,4,FinTech companies must meet both SAMA and PCI requirements,PENTEST|SCAN_REPORT,False
610,56,NCA-ECC,1.12,HEALTHCARE,mandatory,medium,4,Healthcare organizations must ensure patient data protection per MOH standards,CERTIFICATE|TRAINING_RECORD,False
611,56,NCA-ECC,1.12,TELECOM,mandatory,low,4,,,False
612,56,NCA-ECC,1.12,ICT,mandatory,low,4,,,False
613,56,NCA-ECC,1.12,CLOUD,mandatory,low,4,,,False
614,56,NCA-ECC,1.12,GOVERNMENT,mandatory,high,4,Government entities must comply with NCA mandatory requirements,ATTESTATION|APPROVAL,False
615,56,NCA-ECC,1.12,ENERGY,mandatory,high,4,Critical infrastructure requires enhanced OT security controls,BCP_DRP|INCIDENT_REPORT,False
616,56,NCA-ECC,1.12,DEFENSE,mandatory,low,4,,,False
617,57,NCA-ECC,2.12,BANKING,mandatory,critical,1,Financial institutions must implement enhanced controls per SAMA requirements,AUDIT_REPORT|RISK_ASSESSMENT,False
618,57,NCA-ECC,2.12,INSURANCE,mandatory,critical,1,,,False
619,57,NCA-ECC,2.12,CAPITAL_MARKETS,mandatory,critical,1,,,False
620,57,NCA-ECC,2.12,FINTECH,mandatory,critical,1,FinTech companies must meet both SAMA and PCI requirements,PENTEST|SCAN_REPORT,False
621,57,NCA-ECC,2.12,HEALTHCARE,mandatory,critical,1,Healthcare organizations must ensure patient data protection per MOH standards,CERTIFICATE|TRAINING_RECORD,False
622,57,NCA-ECC,2.12,TELECOM,mandatory,critical,1,,,False
623,57,NCA-ECC,2.12,ICT,mandatory,critical,1,,,False
624,57,NCA-ECC,2.12,CLOUD,mandatory,critical,1,,,False
625,57,NCA-ECC,2.12,GOVERNMENT,mandatory,critical,1,Government entities must comply with NCA mandatory requirements,ATTESTATION|APPROVAL,False
626,57,NCA-ECC,2.12,ENERGY,mandatory,critical,1,Critical infrastructure requires enhanced OT security controls,BCP_DRP|INCIDENT_REPORT,False
627,57,NCA-ECC,2.12,DEFENSE,mandatory,critical,1,,,False
628,58,NCA-ECC,3.12,BANKING,mandatory,critical,2,Financial institutions must implement enhanced controls per SAMA requirements,AUDIT_REPORT|RISK_ASSESSMENT,False
629,58,NCA-ECC,3.12,INSURANCE,mandatory,high,2,,,False
630,58,NCA-ECC,3.12,CAPITAL_MARKETS,mandatory,high,2,,,False
631,58,NCA-ECC,3.12,FINTECH,mandatory,critical,2,FinTech companies must meet both SAMA and PCI requirements,PENTEST|SCAN_REPORT,False
632,58,NCA-ECC,3.12,HEALTHCARE,mandatory,critical,2,Healthcare organizations must ensure patient data protection per MOH standards,CERTIFICATE|TRAINING_RECORD,False
633,58,NCA-ECC,3.12,TELECOM,mandatory,high,2,,,False
634,58,NCA-ECC,3.12,ICT,mandatory,high,2,,,False
635,58,NCA-ECC,3.12,CLOUD,mandatory,high,2,,,False
636,58,NCA-ECC,3.12,GOVERNMENT,mandatory,critical,2,Government entities must comply with NCA mandatory requirements,ATTESTATION|APPROVAL,False
637,58,NCA-ECC,3.12,ENERGY,mandatory,critical,2,Critical infrastructure requires enhanced OT security controls,BCP_DRP|INCIDENT_REPORT,False
638,58,NCA-ECC,3.12,DEFENSE,mandatory,high,2,,,False
639,59,NCA-ECC,4.12,BANKING,mandatory,high,3,Financial institutions must implement enhanced controls per SAMA requirements,AUDIT_REPORT|RISK_ASSESSMENT,False
640,59,NCA-ECC,4.12,INSURANCE,mandatory,medium,3,,,False
641,59,NCA-ECC,4.12,CAPITAL_MARKETS,mandatory,medium,3,,,False
642,59,NCA-ECC,4.12,FINTECH,mandatory,high,3,FinTech companies must meet both SAMA and PCI requirements,PENTEST|SCAN_REPORT,False
643,59,NCA-ECC,4.12,HEALTHCARE,mandatory,high,3,Healthcare organizations must ensure patient data protection per MOH standards,CERTIFICATE|TRAINING_RECORD,False
644,59,NCA-ECC,4.12,TELECOM,mandatory,medium,3,,,False
645,59,NCA-ECC,4.12,ICT,mandatory,medium,3,,,False
646,59,NCA-ECC,4.12,CLOUD,mandatory,medium,3,,,False
647,59,NCA-ECC,4.12,GOVERNMENT,mandatory,critical,3,Government entities must comply with NCA mandatory requirements,ATTESTATION|APPROVAL,False
648,59,NCA-ECC,4.12,ENERGY,mandatory,critical,3,Critical infrastructure requires enhanced OT security controls,BCP_DRP|INCIDENT_REPORT,False
649,59,NCA-ECC,4.12,DEFENSE,mandatory,medium,3,,,False
650,60,NCA-ECC,5.12,BANKING,mandatory,medium,4,Financial institutions must implement enhanced controls per SAMA requirements,AUDIT_REPORT|RISK_ASSESSMENT,False
651,60,NCA-ECC,5.12,INSURANCE,mandatory,low,4,,,False
652,60,NCA-ECC,5.12,CAPITAL_MARKETS,mandatory,low,4,,,False
653,60,NCA-ECC,5.12,FINTECH,mandatory,medium,4,FinTech companies must meet both SAMA and PCI requirements,PENTEST|SCAN_REPORT,False
654,60,NCA-ECC,5.12,HEALTHCARE,mandatory,medium,4,Healthcare organizations must ensure patient data protection per MOH standards,CERTIFICATE|TRAINING_RECORD,False
655,60,NCA-ECC,5.12,TELECOM,mandatory,low,4,,,False
656,60,NCA-ECC,5.12,ICT,mandatory,low,4,,,False
657,60,NCA-ECC,5.12,CLOUD,mandatory,low,4,,,False
658,60,NCA-ECC,5.12,GOVERNMENT,mandatory,high,4,Government entities must comply with NCA mandatory requirements,ATTESTATION|APPROVAL,False
659,60,NCA-ECC,5.12,ENERGY,mandatory,high,4,Critical infrastructure requires enhanced OT security controls,BCP_DRP|INCIDENT_REPORT,False
660,60,NCA-ECC,5.12,DEFENSE,mandatory,low,4,,,False
661,61,NCA-ECC,1.13,BANKING,mandatory,critical,1,Financial institutions must implement enhanced controls per SAMA requirements,AUDIT_REPORT|RISK_ASSESSMENT,False
662,61,NCA-ECC,1.13,INSURANCE,mandatory,critical,1,,,False
663,61,NCA-ECC,1.13,CAPITAL_MARKETS,mandatory,critical,1,,,False
664,61,NCA-ECC,1.13,FINTECH,mandatory,critical,1,FinTech companies must meet both SAMA and PCI requirements,PENTEST|SCAN_REPORT,False
665,61,NCA-ECC,1.13,HEALTHCARE,mandatory,critical,1,Healthcare organizations must ensure patient data protection per MOH standards,CERTIFICATE|TRAINING_RECORD,False
666,61,NCA-ECC,1.13,TELECOM,mandatory,critical,1,,,False
667,61,NCA-ECC,1.13,ICT,mandatory,critical,1,,,False
668,61,NCA-ECC,1.13,CLOUD,mandatory,critical,1,,,False
669,61,NCA-ECC,1.13,GOVERNMENT,mandatory,critical,1,Government entities must comply with NCA mandatory requirements,ATTESTATION|APPROVAL,False
670,61,NCA-ECC,1.13,ENERGY,mandatory,critical,1,Critical infrastructure requires enhanced OT security controls,BCP_DRP|INCIDENT_REPORT,False
671,61,NCA-ECC,1.13,DEFENSE,mandatory,critical,1,,,False
672,62,NCA-ECC,2.13,BANKING,mandatory,critical,2,Financial institutions must implement enhanced controls per SAMA requirements,AUDIT_REPORT|RISK_ASSESSMENT,False
673,62,NCA-ECC,2.13,INSURANCE,mandatory,high,2,,,False
674,62,NCA-ECC,2.13,CAPITAL_MARKETS,mandatory,high,2,,,False
675,62,NCA-ECC,2.13,FINTECH,mandatory,critical,2,FinTech companies must meet both SAMA and PCI requirements,PENTEST|SCAN_REPORT,False
676,62,NCA-ECC,2.13,HEALTHCARE,mandatory,critical,2,Healthcare organizations must ensure patient data protection per MOH standards,CERTIFICATE|TRAINING_RECORD,False
677,62,NCA-ECC,2.13,TELECOM,mandatory,high,2,,,False
678,62,NCA-ECC,2.13,ICT,mandatory,high,2,,,False
679,62,NCA-ECC,2.13,CLOUD,mandatory,high,2,,,False
680,62,NCA-ECC,2.13,GOVERNMENT,mandatory,critical,2,Government entities must comply with NCA mandatory requirements,ATTESTATION|APPROVAL,False
681,62,NCA-ECC,2.13,ENERGY,mandatory,critical,2,Critical infrastructure requires enhanced OT security controls,BCP_DRP|INCIDENT_REPORT,False
682,62,NCA-ECC,2.13,DEFENSE,mandatory,high,2,,,False
683,63,NCA-ECC,3.13,BANKING,mandatory,high,3,Financial institutions must implement enhanced controls per SAMA requirements,AUDIT_REPORT|RISK_ASSESSMENT,False
684,63,NCA-ECC,3.13,INSURANCE,mandatory,medium,3,,,False
685,63,NCA-ECC,3.13,CAPITAL_MARKETS,mandatory,medium,3,,,False
686,63,NCA-ECC,3.13,FINTECH,mandatory,high,3,FinTech companies must meet both SAMA and PCI requirements,PENTEST|SCAN_REPORT,False
687,63,NCA-ECC,3.13,HEALTHCARE,mandatory,high,3,Healthcare organizations must ensure patient data protection per MOH standards,CERTIFICATE|TRAINING_RECORD,False
688,63,NCA-ECC,3.13,TELECOM,mandatory,medium,3,,,False
689,63,NCA-ECC,3.13,ICT,mandatory,medium,3,,,False
690,63,NCA-ECC,3.13,CLOUD,mandatory,medium,3,,,False
691,63,NCA-ECC,3.13,GOVERNMENT,mandatory,critical,3,Government entities must comply with NCA mandatory requirements,ATTESTATION|APPROVAL,False
692,63,NCA-ECC,3.13,ENERGY,mandatory,critical,3,Critical infrastructure requires enhanced OT security controls,BCP_DRP|INCIDENT_REPORT,False
693,63,NCA-ECC,3.13,DEFENSE,mandatory,medium,3,,,False
694,64,NCA-ECC,4.13,BANKING,mandatory,medium,4,Financial institutions must implement enhanced controls per SAMA requirements,AUDIT_REPORT|RISK_ASSESSMENT,False
695,64,NCA-ECC,4.13,INSURANCE,mandatory,low,4,,,False
696,64,NCA-ECC,4.13,CAPITAL_MARKETS,mandatory,low,4,,,False
697,64,NCA-ECC,4.13,FINTECH,mandatory,medium,4,FinTech companies must meet both SAMA and PCI requirements,PENTEST|SCAN_REPORT,False
698,64,NCA-ECC,4.13,HEALTHCARE,mandatory,medium,4,Healthcare organizations must ensure patient data protection per MOH standards,CERTIFICATE|TRAINING_RECORD,False
699,64,NCA-ECC,4.13,TELECOM,mandatory,low,4,,,False
700,64,NCA-ECC,4.13,ICT,mandatory,low,4,,,False
701,64,NCA-ECC,4.13,CLOUD,mandatory,low,4,,,False
702,64,NCA-ECC,4.13,GOVERNMENT,mandatory,high,4,Government entities must comply with NCA mandatory requirements,ATTESTATION|APPROVAL,False
703,64,NCA-ECC,4.13,ENERGY,mandatory,high,4,Critical infrastructure requires enhanced OT security controls,BCP_DRP|INCIDENT_REPORT,False
704,64,NCA-ECC,4.13,DEFENSE,mandatory,low,4,,,False
705,65,NCA-ECC,5.13,BANKING,mandatory,critical,1,Financial institutions must implement enhanced controls per SAMA requirements,AUDIT_REPORT|RISK_ASSESSMENT,False
706,65,NCA-ECC,5.13,INSURANCE,mandatory,critical,1,,,False
707,65,NCA-ECC,5.13,CAPITAL_MARKETS,mandatory,critical,1,,,False
708,65,NCA-ECC,5.13,FINTECH,mandatory,critical,1,FinTech companies must meet both SAMA and PCI requirements,PENTEST|SCAN_REPORT,False
709,65,NCA-ECC,5.13,HEALTHCARE,mandatory,critical,1,Healthcare organizations must ensure patient data protection per MOH standards,CERTIFICATE|TRAINING_RECORD,False
710,65,NCA-ECC,5.13,TELECOM,mandatory,critical,1,,,False
711,65,NCA-ECC,5.13,ICT,mandatory,critical,1,,,False
712,65,NCA-ECC,5.13,CLOUD,mandatory,critical,1,,,False
713,65,NCA-ECC,5.13,GOVERNMENT,mandatory,critical,1,Government entities must comply with NCA mandatory requirements,ATTESTATION|APPROVAL,False
714,65,NCA-ECC,5.13,ENERGY,mandatory,critical,1,Critical infrastructure requires enhanced OT security controls,BCP_DRP|INCIDENT_REPORT,False
715,65,NCA-ECC,5.13,DEFENSE,mandatory,critical,1,,,False
716,66,NCA-ECC,1.14,BANKING,mandatory,critical,2,Financial institutions must implement enhanced controls per SAMA requirements,AUDIT_REPORT|RISK_ASSESSMENT,False
717,66,NCA-ECC,1.14,INSURANCE,mandatory,high,2,,,False
718,66,NCA-ECC,1.14,CAPITAL_MARKETS,mandatory,high,2,,,False
719,66,NCA-ECC,1.14,FINTECH,mandatory,critical,2,FinTech companies must meet both SAMA and PCI requirements,PENTEST|SCAN_REPORT,False
720,66,NCA-ECC,1.14,HEALTHCARE,mandatory,critical,2,Healthcare organizations must ensure patient data protection per MOH standards,CERTIFICATE|TRAINING_RECORD,False
721,66,NCA-ECC,1.14,TELECOM,mandatory,high,2,,,False
722,66,NCA-ECC,1.14,ICT,mandatory,high,2,,,False
723,66,NCA-ECC,1.14,CLOUD,mandatory,high,2,,,False
724,66,NCA-ECC,1.14,GOVERNMENT,mandatory,critical,2,Government entities must comply with NCA mandatory requirements,ATTESTATION|APPROVAL,False
725,66,NCA-ECC,1.14,ENERGY,mandatory,critical,2,Critical infrastructure requires enhanced OT security controls,BCP_DRP|INCIDENT_REPORT,False
726,66,NCA-ECC,1.14,DEFENSE,mandatory,high,2,,,False
727,67,NCA-ECC,2.14,BANKING,mandatory,high,3,Financial institutions must implement enhanced controls per SAMA requirements,AUDIT_REPORT|RISK_ASSESSMENT,False
728,67,NCA-ECC,2.14,INSURANCE,mandatory,medium,3,,,False
729,67,NCA-ECC,2.14,CAPITAL_MARKETS,mandatory,medium,3,,,False
730,67,NCA-ECC,2.14,FINTECH,mandatory,high,3,FinTech companies must meet both SAMA and PCI requirements,PENTEST|SCAN_REPORT,False
731,67,NCA-ECC,2.14,HEALTHCARE,mandatory,high,3,Healthcare organizations must ensure patient data protection per MOH standards,CERTIFICATE|TRAINING_RECORD,False
732,67,NCA-ECC,2.14,TELECOM,mandatory,medium,3,,,False
733,67,NCA-ECC,2.14,ICT,mandatory,medium,3,,,False
734,67,NCA-ECC,2.14,CLOUD,mandatory,medium,3,,,False
735,67,NCA-ECC,2.14,GOVERNMENT,mandatory,critical,3,Government entities must comply with NCA mandatory requirements,ATTESTATION|APPROVAL,False
736,67,NCA-ECC,2.14,ENERGY,mandatory,critical,3,Critical infrastructure requires enhanced OT security controls,BCP_DRP|INCIDENT_REPORT,False
737,67,NCA-ECC,2.14,DEFENSE,mandatory,medium,3,,,False
738,68,NCA-ECC,3.14,BANKING,mandatory,medium,4,Financial institutions must implement enhanced controls per SAMA requirements,AUDIT_REPORT|RISK_ASSESSMENT,False
739,68,NCA-ECC,3.14,INSURANCE,mandatory,low,4,,,False
740,68,NCA-ECC,3.14,CAPITAL_MARKETS,mandatory,low,4,,,False
741,68,NCA-ECC,3.14,FINTECH,mandatory,medium,4,FinTech companies must meet both SAMA and PCI requirements,PENTEST|SCAN_REPORT,False
742,68,NCA-ECC,3.14,HEALTHCARE,mandatory,medium,4,Healthcare organizations must ensure patient data protection per MOH standards,CERTIFICATE|TRAINING_RECORD,False
743,68,NCA-ECC,3.14,TELECOM,mandatory,low,4,,,False
744,68,NCA-ECC,3.14,ICT,mandatory,low,4,,,False
745,68,NCA-ECC,3.14,CLOUD,mandatory,low,4,,,False
746,68,NCA-ECC,3.14,GOVERNMENT,mandatory,high,4,Government entities must comply with NCA mandatory requirements,ATTESTATION|APPROVAL,False
747,68,NCA-ECC,3.14,ENERGY,mandatory,high,4,Critical infrastructure requires enhanced OT security controls,BCP_DRP|INCIDENT_REPORT,False
748,68,NCA-ECC,3.14,DEFENSE,mandatory,low,4,,,False
749,69,NCA-ECC,4.14,BANKING,mandatory,critical,1,Financial institutions must implement enhanced controls per SAMA requirements,AUDIT_REPORT|RISK_ASSESSMENT,False
750,69,NCA-ECC,4.14,INSURANCE,mandatory,critical,1,,,False
751,69,NCA-ECC,4.14,CAPITAL_MARKETS,mandatory,critical,1,,,False
752,69,NCA-ECC,4.14,FINTECH,mandatory,critical,1,FinTech companies must meet both SAMA and PCI requirements,PENTEST|SCAN_REPORT,False
753,69,NCA-ECC,4.14,HEALTHCARE,mandatory,critical,1,Healthcare organizations must ensure patient data protection per MOH standards,CERTIFICATE|TRAINING_RECORD,False
754,69,NCA-ECC,4.14,TELECOM,mandatory,critical,1,,,False
755,69,NCA-ECC,4.14,ICT,mandatory,critical,1,,,False
756,69,NCA-ECC,4.14,CLOUD,mandatory,critical,1,,,False
757,69,NCA-ECC,4.14,GOVERNMENT,mandatory,critical,1,Government entities must comply with NCA mandatory requirements,ATTESTATION|APPROVAL,False
758,69,NCA-ECC,4.14,ENERGY,mandatory,critical,1,Critical infrastructure requires enhanced OT security controls,BCP_DRP|INCIDENT_REPORT,False
759,69,NCA-ECC,4.14,DEFENSE,mandatory,critical,1,,,False
760,70,NCA-ECC,5.14,BANKING,mandatory,critical,2,Financial institutions must implement enhanced controls per SAMA requirements,AUDIT_REPORT|RISK_ASSESSMENT,False
761,70,NCA-ECC,5.14,INSURANCE,mandatory,high,2,,,False
762,70,NCA-ECC,5.14,CAPITAL_MARKETS,mandatory,high,2,,,False
763,70,NCA-ECC,5.14,FINTECH,mandatory,critical,2,FinTech companies must meet both SAMA and PCI requirements,PENTEST|SCAN_REPORT,False
764,70,NCA-ECC,5.14,HEALTHCARE,mandatory,critical,2,Healthcare organizations must ensure patient data protection per MOH standards,CERTIFICATE|TRAINING_RECORD,False
765,70,NCA-ECC,5.14,TELECOM,mandatory,high,2,,,False
766,70,NCA-ECC,5.14,ICT,mandatory,high,2,,,False
767,70,NCA-ECC,5.14,CLOUD,mandatory,high,2,,,False
768,70,NCA-ECC,5.14,GOVERNMENT,mandatory,critical,2,Government entities must comply with NCA mandatory requirements,ATTESTATION|APPROVAL,False
769,70,NCA-ECC,5.14,ENERGY,mandatory,critical,2,Critical infrastructure requires enhanced OT security controls,BCP_DRP|INCIDENT_REPORT,False
770,70,NCA-ECC,5.14,DEFENSE,mandatory,high,2,,,False
771,71,NCA-ECC,1.15,BANKING,mandatory,high,3,Financial institutions must implement enhanced controls per SAMA requirements,AUDIT_REPORT|RISK_ASSESSMENT,False
772,71,NCA-ECC,1.15,INSURANCE,mandatory,medium,3,,,False
773,71,NCA-ECC,1.15,CAPITAL_MARKETS,mandatory,medium,3,,,False
774,71,NCA-ECC,1.15,FINTECH,mandatory,high,3,FinTech companies must meet both SAMA and PCI requirements,PENTEST|SCAN_REPORT,False
775,71,NCA-ECC,1.15,HEALTHCARE,mandatory,high,3,Healthcare organizations must ensure patient data protection per MOH standards,CERTIFICATE|TRAINING_RECORD,False
776,71,NCA-ECC,1.15,TELECOM,mandatory,medium,3,,,False
777,71,NCA-ECC,1.15,ICT,mandatory,medium,3,,,False
778,71,NCA-ECC,1.15,CLOUD,mandatory,medium,3,,,False
779,71,NCA-ECC,1.15,GOVERNMENT,mandatory,critical,3,Government entities must comply with NCA mandatory requirements,ATTESTATION|APPROVAL,False
780,71,NCA-ECC,1.15,ENERGY,mandatory,critical,3,Critical infrastructure requires enhanced OT security controls,BCP_DRP|INCIDENT_REPORT,False
781,71,NCA-ECC,1.15,DEFENSE,mandatory,medium,3,,,False
782,72,NCA-ECC,2.15,BANKING,mandatory,medium,4,Financial institutions must implement enhanced controls per SAMA requirements,AUDIT_REPORT|RISK_ASSESSMENT,False
783,72,NCA-ECC,2.15,INSURANCE,mandatory,low,4,,,False
784,72,NCA-ECC,2.15,CAPITAL_MARKETS,mandatory,low,4,,,False
785,72,NCA-ECC,2.15,FINTECH,mandatory,medium,4,FinTech companies must meet both SAMA and PCI requirements,PENTEST|SCAN_REPORT,False
786,72,NCA-ECC,2.15,HEALTHCARE,mandatory,medium,4,Healthcare organizations must ensure patient data protection per MOH standards,CERTIFICATE|TRAINING_RECORD,False
787,72,NCA-ECC,2.15,TELECOM,mandatory,low,4,,,False
788,72,NCA-ECC,2.15,ICT,mandatory,low,4,,,False
789,72,NCA-ECC,2.15,CLOUD,mandatory,low,4,,,False
790,72,NCA-ECC,2.15,GOVERNMENT,mandatory,high,4,Government entities must comply with NCA mandatory requirements,ATTESTATION|APPROVAL,False
791,72,NCA-ECC,2.15,ENERGY,mandatory,high,4,Critical infrastructure requires enhanced OT security controls,BCP_DRP|INCIDENT_REPORT,False
792,72,NCA-ECC,2.15,DEFENSE,mandatory,low,4,,,False
793,73,NCA-ECC,3.15,BANKING,mandatory,critical,1,Financial institutions must implement enhanced controls per SAMA requirements,AUDIT_REPORT|RISK_ASSESSMENT,False
794,73,NCA-ECC,3.15,INSURANCE,mandatory,critical,1,,,False
795,73,NCA-ECC,3.15,CAPITAL_MARKETS,mandatory,critical,1,,,False
796,73,NCA-ECC,3.15,FINTECH,mandatory,critical,1,FinTech companies must meet both SAMA and PCI requirements,PENTEST|SCAN_REPORT,False
797,73,NCA-ECC,3.15,HEALTHCARE,mandatory,critical,1,Healthcare organizations must ensure patient data protection per MOH standards,CERTIFICATE|TRAINING_RECORD,False
798,73,NCA-ECC,3.15,TELECOM,mandatory,critical,1,,,False
799,73,NCA-ECC,3.15,ICT,mandatory,critical,1,,,False
800,73,NCA-ECC,3.15,CLOUD,mandatory,critical,1,,,False
801,73,NCA-ECC,3.15,GOVERNMENT,mandatory,critical,1,Government entities must comply with NCA mandatory requirements,ATTESTATION|APPROVAL,False
802,73,NCA-ECC,3.15,ENERGY,mandatory,critical,1,Critical infrastructure requires enhanced OT security controls,BCP_DRP|INCIDENT_REPORT,False
803,73,NCA-ECC,3.15,DEFENSE,mandatory,critical,1,,,False
804,74,NCA-ECC,4.15,BANKING,mandatory,critical,2,Financial institutions must implement enhanced controls per SAMA requirements,AUDIT_REPORT|RISK_ASSESSMENT,False
805,74,NCA-ECC,4.15,INSURANCE,mandatory,high,2,,,False
806,74,NCA-ECC,4.15,CAPITAL_MARKETS,mandatory,high,2,,,False
807,74,NCA-ECC,4.15,FINTECH,mandatory,critical,2,FinTech companies must meet both SAMA and PCI requirements,PENTEST|SCAN_REPORT,False
808,74,NCA-ECC,4.15,HEALTHCARE,mandatory,critical,2,Healthcare organizations must ensure patient data protection per MOH standards,CERTIFICATE|TRAINING_RECORD,False
809,74,NCA-ECC,4.15,TELECOM,mandatory,high,2,,,False
810,74,NCA-ECC,4.15,ICT,mandatory,high,2,,,False
811,74,NCA-ECC,4.15,CLOUD,mandatory,high,2,,,False
812,74,NCA-ECC,4.15,GOVERNMENT,mandatory,critical,2,Government entities must comply with NCA mandatory requirements,ATTESTATION|APPROVAL,False
813,74,NCA-ECC,4.15,ENERGY,mandatory,critical,2,Critical infrastructure requires enhanced OT security controls,BCP_DRP|INCIDENT_REPORT,False
814,74,NCA-ECC,4.15,DEFENSE,mandatory,high,2,,,False
815,75,NCA-ECC,5.15,BANKING,mandatory,high,3,Financial institutions must implement enhanced controls per SAMA requirements,AUDIT_REPORT|RISK_ASSESSMENT,False
816,75,NCA-ECC,5.15,INSURANCE,mandatory,medium,3,,,False
817,75,NCA-ECC,5.15,CAPITAL_MARKETS,mandatory,medium,3,,,False
818,75,NCA-ECC,5.15,FINTECH,mandatory,high,3,FinTech companies must meet both SAMA and PCI requirements,PENTEST|SCAN_REPORT,False
819,75,NCA-ECC,5.15,HEALTHCARE,mandatory,high,3,Healthcare organizations must ensure patient data protection per MOH standards,CERTIFICATE|TRAINING_RECORD,False
820,75,NCA-ECC,5.15,TELECOM,mandatory,medium,3,,,False
821,75,NCA-ECC,5.15,ICT,mandatory,medium,3,,,False
822,75,NCA-ECC,5.15,CLOUD,mandatory,medium,3,,,False
823,75,NCA-ECC,5.15,GOVERNMENT,mandatory,critical,3,Government entities must comply with NCA mandatory requirements,ATTESTATION|APPROVAL,False
824,75,NCA-ECC,5.15,ENERGY,mandatory,critical,3,Critical infrastructure requires enhanced OT security controls,BCP_DRP|INCIDENT_REPORT,False
825,75,NCA-ECC,5.15,DEFENSE,mandatory,medium,3,,,False
826,76,NCA-ECC,1.16,BANKING,mandatory,medium,4,Financial institutions must implement enhanced controls per SAMA requirements,AUDIT_REPORT|RISK_ASSESSMENT,False
827,76,NCA-ECC,1.16,INSURANCE,mandatory,low,4,,,False
828,76,NCA-ECC,1.16,CAPITAL_MARKETS,mandatory,low,4,,,False
829,76,NCA-ECC,1.16,FINTECH,mandatory,medium,4,FinTech companies must meet both SAMA and PCI requirements,PENTEST|SCAN_REPORT,False
830,76,NCA-ECC,1.16,HEALTHCARE,mandatory,medium,4,Healthcare organizations must ensure patient data protection per MOH standards,CERTIFICATE|TRAINING_RECORD,False
831,76,NCA-ECC,1.16,TELECOM,mandatory,low,4,,,False
832,76,NCA-ECC,1.16,ICT,mandatory,low,4,,,False
833,76,NCA-ECC,1.16,CLOUD,mandatory,low,4,,,False
834,76,NCA-ECC,1.16,GOVERNMENT,mandatory,high,4,Government entities must comply with NCA mandatory requirements,ATTESTATION|APPROVAL,False
835,76,NCA-ECC,1.16,ENERGY,mandatory,high,4,Critical infrastructure requires enhanced OT security controls,BCP_DRP|INCIDENT_REPORT,False
836,76,NCA-ECC,1.16,DEFENSE,mandatory,low,4,,,False
837,77,NCA-ECC,2.16,BANKING,mandatory,critical,1,Financial institutions must implement enhanced controls per SAMA requirements,AUDIT_REPORT|RISK_ASSESSMENT,False
838,77,NCA-ECC,2.16,INSURANCE,mandatory,critical,1,,,False
839,77,NCA-ECC,2.16,CAPITAL_MARKETS,mandatory,critical,1,,,False
840,77,NCA-ECC,2.16,FINTECH,mandatory,critical,1,FinTech companies must meet both SAMA and PCI requirements,PENTEST|SCAN_REPORT,False
841,77,NCA-ECC,2.16,HEALTHCARE,mandatory,critical,1,Healthcare organizations must ensure patient data protection per MOH standards,CERTIFICATE|TRAINING_RECORD,False
842,77,NCA-ECC,2.16,TELECOM,mandatory,critical,1,,,False
843,77,NCA-ECC,2.16,ICT,mandatory,critical,1,,,False
844,77,NCA-ECC,2.16,CLOUD,mandatory,critical,1,,,False
845,77,NCA-ECC,2.16,GOVERNMENT,mandatory,critical,1,Government entities must comply with NCA mandatory requirements,ATTESTATION|APPROVAL,False
846,77,NCA-ECC,2.16,ENERGY,mandatory,critical,1,Critical infrastructure requires enhanced OT security controls,BCP_DRP|INCIDENT_REPORT,False
847,77,NCA-ECC,2.16,DEFENSE,mandatory,critical,1,,,False
848,78,NCA-ECC,3.16,BANKING,mandatory,critical,2,Financial institutions must implement enhanced controls per SAMA requirements,AUDIT_REPORT|RISK_ASSESSMENT,False
849,78,NCA-ECC,3.16,INSURANCE,mandatory,high,2,,,False
850,78,NCA-ECC,3.16,CAPITAL_MARKETS,mandatory,high,2,,,False
851,78,NCA-ECC,3.16,FINTECH,mandatory,critical,2,FinTech companies must meet both SAMA and PCI requirements,PENTEST|SCAN_REPORT,False
852,78,NCA-ECC,3.16,HEALTHCARE,mandatory,critical,2,Healthcare organizations must ensure patient data protection per MOH standards,CERTIFICATE|TRAINING_RECORD,False
853,78,NCA-ECC,3.16,TELECOM,mandatory,high,2,,,False
854,78,NCA-ECC,3.16,ICT,mandatory,high,2,,,False
855,78,NCA-ECC,3.16,CLOUD,mandatory,high,2,,,False
856,78,NCA-ECC,3.16,GOVERNMENT,mandatory,critical,2,Government entities must comply with NCA mandatory requirements,ATTESTATION|APPROVAL,False
857,78,NCA-ECC,3.16,ENERGY,mandatory,critical,2,Critical infrastructure requires enhanced OT security controls,BCP_DRP|INCIDENT_REPORT,False
858,78,NCA-ECC,3.16,DEFENSE,mandatory,high,2,,,False
859,79,NCA-ECC,4.16,BANKING,mandatory,high,3,Financial institutions must implement enhanced controls per SAMA requirements,AUDIT_REPORT|RISK_ASSESSMENT,False
860,79,NCA-ECC,4.16,INSURANCE,mandatory,medium,3,,,False
861,79,NCA-ECC,4.16,CAPITAL_MARKETS,mandatory,medium,3,,,False
862,79,NCA-ECC,4.16,FINTECH,mandatory,high,3,FinTech companies must meet both SAMA and PCI requirements,PENTEST|SCAN_REPORT,False
863,79,NCA-ECC,4.16,HEALTHCARE,mandatory,high,3,Healthcare organizations must ensure patient data protection per MOH standards,CERTIFICATE|TRAINING_RECORD,False
864,79,NCA-ECC,4.16,TELECOM,mandatory,medium,3,,,False
865,79,NCA-ECC,4.16,ICT,mandatory,medium,3,,,False
866,79,NCA-ECC,4.16,CLOUD,mandatory,medium,3,,,False
867,79,NCA-ECC,4.16,GOVERNMENT,mandatory,critical,3,Government entities must comply with NCA mandatory requirements,ATTESTATION|APPROVAL,False
868,79,NCA-ECC,4.16,ENERGY,mandatory,critical,3,Critical infrastructure requires enhanced OT security controls,BCP_DRP|INCIDENT_REPORT,False
869,79,NCA-ECC,4.16,DEFENSE,mandatory,medium,3,,,False
870,80,NCA-ECC,5.16,BANKING,mandatory,medium,4,Financial institutions must implement enhanced controls per SAMA requirements,AUDIT_REPORT|RISK_ASSESSMENT,False
871,80,NCA-ECC,5.16,INSURANCE,mandatory,low,4,,,False
872,80,NCA-ECC,5.16,CAPITAL_MARKETS,mandatory,low,4,,,False
873,80,NCA-ECC,5.16,FINTECH,mandatory,medium,4,FinTech companies must meet both SAMA and PCI requirements,PENTEST|SCAN_REPORT,False
874,80,NCA-ECC,5.16,HEALTHCARE,mandatory,medium,4,Healthcare organizations must ensure patient data protection per MOH standards,CERTIFICATE|TRAINING_RECORD,False
875,80,NCA-ECC,5.16,TELECOM,mandatory,low,4,,,False
876,80,NCA-ECC,5.16,ICT,mandatory,low,4,,,False
877,80,NCA-ECC,5.16,CLOUD,mandatory,low,4,,,False
878,80,NCA-ECC,5.16,GOVERNMENT,mandatory,high,4,Government entities must comply with NCA mandatory requirements,ATTESTATION|APPROVAL,False
879,80,NCA-ECC,5.16,ENERGY,mandatory,high,4,Critical infrastructure requires enhanced OT security controls,BCP_DRP|INCIDENT_REPORT,False
880,80,NCA-ECC,5.16,DEFENSE,mandatory,low,4,,,False
881,81,NCA-ECC,1.17,BANKING,mandatory,critical,1,Financial institutions must implement enhanced controls per SAMA requirements,AUDIT_REPORT|RISK_ASSESSMENT,False
882,81,NCA-ECC,1.17,INSURANCE,mandatory,critical,1,,,False
883,81,NCA-ECC,1.17,CAPITAL_MARKETS,mandatory,critical,1,,,False
884,81,NCA-ECC,1.17,FINTECH,mandatory,critical,1,FinTech companies must meet both SAMA and PCI requirements,PENTEST|SCAN_REPORT,False
885,81,NCA-ECC,1.17,HEALTHCARE,mandatory,critical,1,Healthcare organizations must ensure patient data protection per MOH standards,CERTIFICATE|TRAINING_RECORD,False
886,81,NCA-ECC,1.17,TELECOM,mandatory,critical,1,,,False
887,81,NCA-ECC,1.17,ICT,mandatory,critical,1,,,False
888,81,NCA-ECC,1.17,CLOUD,mandatory,critical,1,,,False
889,81,NCA-ECC,1.17,GOVERNMENT,mandatory,critical,1,Government entities must comply with NCA mandatory requirements,ATTESTATION|APPROVAL,False
890,81,NCA-ECC,1.17,ENERGY,mandatory,critical,1,Critical infrastructure requires enhanced OT security controls,BCP_DRP|INCIDENT_REPORT,False
891,81,NCA-ECC,1.17,DEFENSE,mandatory,critical,1,,,False
892,82,NCA-ECC,2.17,BANKING,mandatory,critical,2,Financial institutions must implement enhanced controls per SAMA requirements,AUDIT_REPORT|RISK_ASSESSMENT,False
893,82,NCA-ECC,2.17,INSURANCE,mandatory,high,2,,,False
894,82,NCA-ECC,2.17,CAPITAL_MARKETS,mandatory,high,2,,,False
895,82,NCA-ECC,2.17,FINTECH,mandatory,critical,2,FinTech companies must meet both SAMA and PCI requirements,PENTEST|SCAN_REPORT,False
896,82,NCA-ECC,2.17,HEALTHCARE,mandatory,critical,2,Healthcare organizations must ensure patient data protection per MOH standards,CERTIFICATE|TRAINING_RECORD,False
897,82,NCA-ECC,2.17,TELECOM,mandatory,high,2,,,False
898,82,NCA-ECC,2.17,ICT,mandatory,high,2,,,False
899,82,NCA-ECC,2.17,CLOUD,mandatory,high,2,,,False
900,82,NCA-ECC,2.17,GOVERNMENT,mandatory,critical,2,Government entities must comply with NCA mandatory requirements,ATTESTATION|APPROVAL,False
901,82,NCA-ECC,2.17,ENERGY,mandatory,critical,2,Critical infrastructure requires enhanced OT security controls,BCP_DRP|INCIDENT_REPORT,False
902,82,NCA-ECC,2.17,DEFENSE,mandatory,high,2,,,False
903,83,NCA-ECC,3.17,BANKING,mandatory,high,3,Financial institutions must implement enhanced controls per SAMA requirements,AUDIT_REPORT|RISK_ASSESSMENT,False
904,83,NCA-ECC,3.17,INSURANCE,mandatory,medium,3,,,False
905,83,NCA-ECC,3.17,CAPITAL_MARKETS,mandatory,medium,3,,,False
906,83,NCA-ECC,3.17,FINTECH,mandatory,high,3,FinTech companies must meet both SAMA and PCI requirements,PENTEST|SCAN_REPORT,False
907,83,NCA-ECC,3.17,HEALTHCARE,mandatory,high,3,Healthcare organizations must ensure patient data protection per MOH standards,CERTIFICATE|TRAINING_RECORD,False
908,83,NCA-ECC,3.17,TELECOM,mandatory,medium,3,,,False
909,83,NCA-ECC,3.17,ICT,mandatory,medium,3,,,False
910,83,NCA-ECC,3.17,CLOUD,mandatory,medium,3,,,False
911,83,NCA-ECC,3.17,GOVERNMENT,mandatory,critical,3,Government entities must comply with NCA mandatory requirements,ATTESTATION|APPROVAL,False
912,83,NCA-ECC,3.17,ENERGY,mandatory,critical,3,Critical infrastructure requires enhanced OT security controls,BCP_DRP|INCIDENT_REPORT,False
913,83,NCA-ECC,3.17,DEFENSE,mandatory,medium,3,,,False
914,84,NCA-ECC,4.17,BANKING,mandatory,medium,4,Financial institutions must implement enhanced controls per SAMA requirements,AUDIT_REPORT|RISK_ASSESSMENT,False
915,84,NCA-ECC,4.17,INSURANCE,mandatory,low,4,,,False
916,84,NCA-ECC,4.17,CAPITAL_MARKETS,mandatory,low,4,,,False
917,84,NCA-ECC,4.17,FINTECH,mandatory,medium,4,FinTech companies must meet both SAMA and PCI requirements,PENTEST|SCAN_REPORT,False
918,84,NCA-ECC,4.17,HEALTHCARE,mandatory,medium,4,Healthcare organizations must ensure patient data protection per MOH standards,CERTIFICATE|TRAINING_RECORD,False
919,84,NCA-ECC,4.17,TELECOM,mandatory,low,4,,,False
920,84,NCA-ECC,4.17,ICT,mandatory,low,4,,,False
921,84,NCA-ECC,4.17,CLOUD,mandatory,low,4,,,False
922,84,NCA-ECC,4.17,GOVERNMENT,mandatory,high,4,Government entities must comply with NCA mandatory requirements,ATTESTATION|APPROVAL,False
923,84,NCA-ECC,4.17,ENERGY,mandatory,high,4,Critical infrastructure requires enhanced OT security controls,BCP_DRP|INCIDENT_REPORT,False
924,84,NCA-ECC,4.17,DEFENSE,mandatory,low,4,,,False
925,85,NCA-ECC,5.17,BANKING,mandatory,critical,1,Financial institutions must implement enhanced controls per SAMA requirements,AUDIT_REPORT|RISK_ASSESSMENT,False
926,85,NCA-ECC,5.17,INSURANCE,mandatory,critical,1,,,False
927,85,NCA-ECC,5.17,CAPITAL_MARKETS,mandatory,critical,1,,,False
928,85,NCA-ECC,5.17,FINTECH,mandatory,critical,1,FinTech companies must meet both SAMA and PCI requirements,PENTEST|SCAN_REPORT,False
929,85,NCA-ECC,5.17,HEALTHCARE,mandatory,critical,1,Healthcare organizations must ensure patient data protection per MOH standards,CERTIFICATE|TRAINING_RECORD,False
930,85,NCA-ECC,5.17,TELECOM,mandatory,critical,1,,,False
931,85,NCA-ECC,5.17,ICT,mandatory,critical,1,,,False
932,85,NCA-ECC,5.17,CLOUD,mandatory,critical,1,,,False
933,85,NCA-ECC,5.17,GOVERNMENT,mandatory,critical,1,Government entities must comply with NCA mandatory requirements,ATTESTATION|APPROVAL,False
934,85,NCA-ECC,5.17,ENERGY,mandatory,critical,1,Critical infrastructure requires enhanced OT security controls,BCP_DRP|INCIDENT_REPORT,False
935,85,NCA-ECC,5.17,DEFENSE,mandatory,critical,1,,,False
936,86,NCA-ECC,1.18,BANKING,mandatory,critical,2,Financial institutions must implement enhanced controls per SAMA requirements,AUDIT_REPORT|RISK_ASSESSMENT,False
937,86,NCA-ECC,1.18,INSURANCE,mandatory,high,2,,,False
938,86,NCA-ECC,1.18,CAPITAL_MARKETS,mandatory,high,2,,,False
939,86,NCA-ECC,1.18,FINTECH,mandatory,critical,2,FinTech companies must meet both SAMA and PCI requirements,PENTEST|SCAN_REPORT,False
940,86,NCA-ECC,1.18,HEALTHCARE,mandatory,critical,2,Healthcare organizations must ensure patient data protection per MOH standards,CERTIFICATE|TRAINING_RECORD,False
941,86,NCA-ECC,1.18,TELECOM,mandatory,high,2,,,False
942,86,NCA-ECC,1.18,ICT,mandatory,high,2,,,False
943,86,NCA-ECC,1.18,CLOUD,mandatory,high,2,,,False
944,86,NCA-ECC,1.18,GOVERNMENT,mandatory,critical,2,Government entities must comply with NCA mandatory requirements,ATTESTATION|APPROVAL,False
945,86,NCA-ECC,1.18,ENERGY,mandatory,critical,2,Critical infrastructure requires enhanced OT security controls,BCP_DRP|INCIDENT_REPORT,False
946,86,NCA-ECC,1.18,DEFENSE,mandatory,high,2,,,False
947,87,NCA-ECC,2.18,BANKING,mandatory,high,3,Financial institutions must implement enhanced controls per SAMA requirements,AUDIT_REPORT|RISK_ASSESSMENT,False
948,87,NCA-ECC,2.18,INSURANCE,mandatory,medium,3,,,False
949,87,NCA-ECC,2.18,CAPITAL_MARKETS,mandatory,medium,3,,,False
950,87,NCA-ECC,2.18,FINTECH,mandatory,high,3,FinTech companies must meet both SAMA and PCI requirements,PENTEST|SCAN_REPORT,False
951,87,NCA-ECC,2.18,HEALTHCARE,mandatory,high,3,Healthcare organizations must ensure patient data protection per MOH standards,CERTIFICATE|TRAINING_RECORD,False
952,87,NCA-ECC,2.18,TELECOM,mandatory,medium,3,,,False
953,87,NCA-ECC,2.18,ICT,mandatory,medium,3,,,False
954,87,NCA-ECC,2.18,CLOUD,mandatory,medium,3,,,False
955,87,NCA-ECC,2.18,GOVERNMENT,mandatory,critical,3,Government entities must comply with NCA mandatory requirements,ATTESTATION|APPROVAL,False
956,87,NCA-ECC,2.18,ENERGY,mandatory,critical,3,Critical infrastructure requires enhanced OT security controls,BCP_DRP|INCIDENT_REPORT,False
957,87,NCA-ECC,2.18,DEFENSE,mandatory,medium,3,,,False
958,88,NCA-ECC,3.18,BANKING,mandatory,medium,4,Financial institutions must implement enhanced controls per SAMA requirements,AUDIT_REPORT|RISK_ASSESSMENT,False
959,88,NCA-ECC,3.18,INSURANCE,mandatory,low,4,,,False
960,88,NCA-ECC,3.18,CAPITAL_MARKETS,mandatory,low,4,,,False
961,88,NCA-ECC,3.18,FINTECH,mandatory,medium,4,FinTech companies must meet both SAMA and PCI requirements,PENTEST|SCAN_REPORT,False
962,88,NCA-ECC,3.18,HEALTHCARE,mandatory,medium,4,Healthcare organizations must ensure patient data protection per MOH standards,CERTIFICATE|TRAINING_RECORD,False
963,88,NCA-ECC,3.18,TELECOM,mandatory,low,4,,,False
964,88,NCA-ECC,3.18,ICT,mandatory,low,4,,,False
965,88,NCA-ECC,3.18,CLOUD,mandatory,low,4,,,False
966,88,NCA-ECC,3.18,GOVERNMENT,mandatory,high,4,Government entities must comply with NCA mandatory requirements,ATTESTATION|APPROVAL,False
967,88,NCA-ECC,3.18,ENERGY,mandatory,high,4,Critical infrastructure requires enhanced OT security controls,BCP_DRP|INCIDENT_REPORT,False
968,88,NCA-ECC,3.18,DEFENSE,mandatory,low,4,,,False
969,89,NCA-ECC,4.18,BANKING,mandatory,critical,1,Financial institutions must implement enhanced controls per SAMA requirements,AUDIT_REPORT|RISK_ASSESSMENT,False
970,89,NCA-ECC,4.18,INSURANCE,mandatory,critical,1,,,False
971,89,NCA-ECC,4.18,CAPITAL_MARKETS,mandatory,critical,1,,,False
972,89,NCA-ECC,4.18,FINTECH,mandatory,critical,1,FinTech companies must meet both SAMA and PCI requirements,PENTEST|SCAN_REPORT,False
973,89,NCA-ECC,4.18,HEALTHCARE,mandatory,critical,1,Healthcare organizations must ensure patient data protection per MOH standards,CERTIFICATE|TRAINING_RECORD,False
974,89,NCA-ECC,4.18,TELECOM,mandatory,critical,1,,,False
975,89,NCA-ECC,4.18,ICT,mandatory,critical,1,,,False
976,89,NCA-ECC,4.18,CLOUD,mandatory,critical,1,,,False
977,89,NCA-ECC,4.18,GOVERNMENT,mandatory,critical,1,Government entities must comply with NCA mandatory requirements,ATTESTATION|APPROVAL,False
978,89,NCA-ECC,4.18,ENERGY,mandatory,critical,1,Critical infrastructure requires enhanced OT security controls,BCP_DRP|INCIDENT_REPORT,False
979,89,NCA-ECC,4.18,DEFENSE,mandatory,critical,1,,,False
980,90,NCA-ECC,5.18,BANKING,mandatory,critical,2,Financial institutions must implement enhanced controls per SAMA requirements,AUDIT_REPORT|RISK_ASSESSMENT,False
981,90,NCA-ECC,5.18,INSURANCE,mandatory,high,2,,,False
982,90,NCA-ECC,5.18,CAPITAL_MARKETS,mandatory,high,2,,,False
983,90,NCA-ECC,5.18,FINTECH,mandatory,critical,2,FinTech companies must meet both SAMA and PCI requirements,PENTEST|SCAN_REPORT,False
984,90,NCA-ECC,5.18,HEALTHCARE,mandatory,critical,2,Healthcare organizations must ensure patient data protection per MOH standards,CERTIFICATE|TRAINING_RECORD,False
985,90,NCA-ECC,5.18,TELECOM,mandatory,high,2,,,False
986,90,NCA-ECC,5.18,ICT,mandatory,high,2,,,False
987,90,NCA-ECC,5.18,CLOUD,mandatory,high,2,,,False
988,90,NCA-ECC,5.18,GOVERNMENT,mandatory,critical,2,Government entities must comply with NCA mandatory requirements,ATTESTATION|APPROVAL,False
989,90,NCA-ECC,5.18,ENERGY,mandatory,critical,2,Critical infrastructure requires enhanced OT security controls,BCP_DRP|INCIDENT_REPORT,False
990,90,NCA-ECC,5.18,DEFENSE,mandatory,high,2,,,False
991,91,NCA-ECC,1.19,BANKING,mandatory,high,3,Financial institutions must implement enhanced controls per SAMA requirements,AUDIT_REPORT|RISK_ASSESSMENT,False
992,91,NCA-ECC,1.19,INSURANCE,mandatory,medium,3,,,False
993,91,NCA-ECC,1.19,CAPITAL_MARKETS,mandatory,medium,3,,,False
994,91,NCA-ECC,1.19,FINTECH,mandatory,high,3,FinTech companies must meet both SAMA and PCI requirements,PENTEST|SCAN_REPORT,False
995,91,NCA-ECC,1.19,HEALTHCARE,mandatory,high,3,Healthcare organizations must ensure patient data protection per MOH standards,CERTIFICATE|TRAINING_RECORD,False
996,91,NCA-ECC,1.19,TELECOM,mandatory,medium,3,,,False
997,91,NCA-ECC,1.19,ICT,mandatory,medium,3,,,False
998,91,NCA-ECC,1.19,CLOUD,mandatory,medium,3,,,False
999,91,NCA-ECC,1.19,GOVERNMENT,mandatory,critical,3,Government entities must comply with NCA mandatory requirements,ATTESTATION|APPROVAL,False
1000,91,NCA-ECC,1.19,ENERGY,mandatory,critical,3,Critical infrastructure requires enhanced OT security controls,BCP_DRP|INCIDENT_REPORT,False
1001,91,NCA-ECC,1.19,DEFENSE,mandatory,medium,3,,,False
1002,92,NCA-ECC,2.19,BANKING,mandatory,medium,4,Financial institutions must implement enhanced controls per SAMA requirements,AUDIT_REPORT|RISK_ASSESSMENT,False
1003,92,NCA-ECC,2.19,INSURANCE,mandatory,low,4,,,False
1004,92,NCA-ECC,2.19,CAPITAL_MARKETS,mandatory,low,4,,,False
1005,92,NCA-ECC,2.19,FINTECH,mandatory,medium,4,FinTech companies must meet both SAMA and PCI requirements,PENTEST|SCAN_REPORT,False
1006,92,NCA-ECC,2.19,HEALTHCARE,mandatory,medium,4,Healthcare organizations must ensure patient data protection per MOH standards,CERTIFICATE|TRAINING_RECORD,False
1007,92,NCA-ECC,2.19,TELECOM,mandatory,low,4,,,False
1008,92,NCA-ECC,2.19,ICT,mandatory,low,4,,,False
1009,92,NCA-ECC,2.19,CLOUD,mandatory,low,4,,,False
1010,92,NCA-ECC,2.19,GOVERNMENT,mandatory,high,4,Government entities must comply with NCA mandatory requirements,ATTESTATION|APPROVAL,False
1011,92,NCA-ECC,2.19,ENERGY,mandatory,high,4,Critical infrastructure requires enhanced OT security controls,BCP_DRP|INCIDENT_REPORT,False
1012,92,NCA-ECC,2.19,DEFENSE,mandatory,low,4,,,False
1013,93,NCA-ECC,3.19,BANKING,mandatory,critical,1,Financial institutions must implement enhanced controls per SAMA requirements,AUDIT_REPORT|RISK_ASSESSMENT,False
1014,93,NCA-ECC,3.19,INSURANCE,mandatory,critical,1,,,False
1015,93,NCA-ECC,3.19,CAPITAL_MARKETS,mandatory,critical,1,,,False
1016,93,NCA-ECC,3.19,FINTECH,mandatory,critical,1,FinTech companies must meet both SAMA and PCI requirements,PENTEST|SCAN_REPORT,False
1017,93,NCA-ECC,3.19,HEALTHCARE,mandatory,critical,1,Healthcare organizations must ensure patient data protection per MOH standards,CERTIFICATE|TRAINING_RECORD,False
1018,93,NCA-ECC,3.19,TELECOM,mandatory,critical,1,,,False
1019,93,NCA-ECC,3.19,ICT,mandatory,critical,1,,,False
1020,93,NCA-ECC,3.19,CLOUD,mandatory,critical,1,,,False
1021,93,NCA-ECC,3.19,GOVERNMENT,mandatory,critical,1,Government entities must comply with NCA mandatory requirements,ATTESTATION|APPROVAL,False
1022,93,NCA-ECC,3.19,ENERGY,mandatory,critical,1,Critical infrastructure requires enhanced OT security controls,BCP_DRP|INCIDENT_REPORT,False
1023,93,NCA-ECC,3.19,DEFENSE,mandatory,critical,1,,,False
1024,94,NCA-ECC,4.19,BANKING,mandatory,critical,2,Financial institutions must implement enhanced controls per SAMA requirements,AUDIT_REPORT|RISK_ASSESSMENT,False
1025,94,NCA-ECC,4.19,INSURANCE,mandatory,high,2,,,False
1026,94,NCA-ECC,4.19,CAPITAL_MARKETS,mandatory,high,2,,,False
1027,94,NCA-ECC,4.19,FINTECH,mandatory,critical,2,FinTech companies must meet both SAMA and PCI requirements,PENTEST|SCAN_REPORT,False
1028,94,NCA-ECC,4.19,HEALTHCARE,mandatory,critical,2,Healthcare organizations must ensure patient data protection per MOH standards,CERTIFICATE|TRAINING_RECORD,False
1029,94,NCA-ECC,4.19,TELECOM,mandatory,high,2,,,False
1030,94,NCA-ECC,4.19,ICT,mandatory,high,2,,,False
1031,94,NCA-ECC,4.19,CLOUD,mandatory,high,2,,,False
1032,94,NCA-ECC,4.19,GOVERNMENT,mandatory,critical,2,Government entities must comply with NCA mandatory requirements,ATTESTATION|APPROVAL,False
1033,94,NCA-ECC,4.19,ENERGY,mandatory,critical,2,Critical infrastructure requires enhanced OT security controls,BCP_DRP|INCIDENT_REPORT,False
1034,94,NCA-ECC,4.19,DEFENSE,mandatory,high,2,,,False
1035,95,NCA-ECC,5.19,BANKING,mandatory,high,3,Financial institutions must implement enhanced controls per SAMA requirements,AUDIT_REPORT|RISK_ASSESSMENT,False
1036,95,NCA-ECC,5.19,INSURANCE,mandatory,medium,3,,,False
1037,95,NCA-ECC,5.19,CAPITAL_MARKETS,mandatory,medium,3,,,False
1038,95,NCA-ECC,5.19,FINTECH,mandatory,high,3,FinTech companies must meet both SAMA and PCI requirements,PENTEST|SCAN_REPORT,False
1039,95,NCA-ECC,5.19,HEALTHCARE,mandatory,high,3,Healthcare organizations must ensure patient data protection per MOH standards,CERTIFICATE|TRAINING_RECORD,False
1040,95,NCA-ECC,5.19,TELECOM,mandatory,medium,3,,,False
1041,95,NCA-ECC,5.19,ICT,mandatory,medium,3,,,False
1042,95,NCA-ECC,5.19,CLOUD,mandatory,medium,3,,,False
1043,95,NCA-ECC,5.19,GOVERNMENT,mandatory,critical,3,Government entities must comply with NCA mandatory requirements,ATTESTATION|APPROVAL,False
1044,95,NCA-ECC,5.19,ENERGY,mandatory,critical,3,Critical infrastructure requires enhanced OT security controls,BCP_DRP|INCIDENT_REPORT,False
1045,95,NCA-ECC,5.19,DEFENSE,mandatory,medium,3,,,False
1046,96,NCA-ECC,1.20,BANKING,mandatory,medium,4,Financial institutions must implement enhanced controls per SAMA requirements,AUDIT_REPORT|RISK_ASSESSMENT,False
1047,96,NCA-ECC,1.20,INSURANCE,mandatory,low,4,,,False
1048,96,NCA-ECC,1.20,CAPITAL_MARKETS,mandatory,low,4,,,False
1049,96,NCA-ECC,1.20,FINTECH,mandatory,medium,4,FinTech companies must meet both SAMA and PCI requirements,PENTEST|SCAN_REPORT,False
1050,96,NCA-ECC,1.20,HEALTHCARE,mandatory,medium,4,Healthcare organizations must ensure patient data protection per MOH standards,CERTIFICATE|TRAINING_RECORD,False
1051,96,NCA-ECC,1.20,TELECOM,mandatory,low,4,,,False
1052,96,NCA-ECC,1.20,ICT,mandatory,low,4,,,False
1053,96,NCA-ECC,1.20,CLOUD,mandatory,low,4,,,False
1054,96,NCA-ECC,1.20,GOVERNMENT,mandatory,high,4,Government entities must comply with NCA mandatory requirements,ATTESTATION|APPROVAL,False
1055,96,NCA-ECC,1.20,ENERGY,mandatory,high,4,Critical infrastructure requires enhanced OT security controls,BCP_DRP|INCIDENT_REPORT,False
1056,96,NCA-ECC,1.20,DEFENSE,mandatory,low,4,,,False
1057,97,NCA-ECC,2.20,BANKING,mandatory,critical,1,Financial institutions must implement enhanced controls per SAMA requirements,AUDIT_REPORT|RISK_ASSESSMENT,False
1058,97,NCA-ECC,2.20,INSURANCE,mandatory,critical,1,,,False
1059,97,NCA-ECC,2.20,CAPITAL_MARKETS,mandatory,critical,1,,,False
1060,97,NCA-ECC,2.20,FINTECH,mandatory,critical,1,FinTech companies must meet both SAMA and PCI requirements,PENTEST|SCAN_REPORT,False
1061,97,NCA-ECC,2.20,HEALTHCARE,mandatory,critical,1,Healthcare organizations must ensure patient data protection per MOH standards,CERTIFICATE|TRAINING_RECORD,False
1062,97,NCA-ECC,2.20,TELECOM,mandatory,critical,1,,,False
1063,97,NCA-ECC,2.20,ICT,mandatory,critical,1,,,False
1064,97,NCA-ECC,2.20,CLOUD,mandatory,critical,1,,,False
1065,97,NCA-ECC,2.20,GOVERNMENT,mandatory,critical,1,Government entities must comply with NCA mandatory requirements,ATTESTATION|APPROVAL,False
1066,97,NCA-ECC,2.20,ENERGY,mandatory,critical,1,Critical infrastructure requires enhanced OT security controls,BCP_DRP|INCIDENT_REPORT,False
1067,97,NCA-ECC,2.20,DEFENSE,mandatory,critical,1,,,False
1068,98,NCA-ECC,3.20,BANKING,mandatory,critical,2,Financial institutions must implement enhanced controls per SAMA requirements,AUDIT_REPORT|RISK_ASSESSMENT,False
1069,98,NCA-ECC,3.20,INSURANCE,mandatory,high,2,,,False
1070,98,NCA-ECC,3.20,CAPITAL_MARKETS,mandatory,high,2,,,False
1071,98,NCA-ECC,3.20,FINTECH,mandatory,critical,2,FinTech companies must meet both SAMA and PCI requirements,PENTEST|SCAN_REPORT,False
1072,98,NCA-ECC,3.20,HEALTHCARE,mandatory,critical,2,Healthcare organizations must ensure patient data protection per MOH standards,CERTIFICATE|TRAINING_RECORD,False
1073,98,NCA-ECC,3.20,TELECOM,mandatory,high,2,,,False
1074,98,NCA-ECC,3.20,ICT,mandatory,high,2,,,False
1075,98,NCA-ECC,3.20,CLOUD,mandatory,high,2,,,False
1076,98,NCA-ECC,3.20,GOVERNMENT,mandatory,critical,2,Government entities must comply with NCA mandatory requirements,ATTESTATION|APPROVAL,False
1077,98,NCA-ECC,3.20,ENERGY,mandatory,critical,2,Critical infrastructure requires enhanced OT security controls,BCP_DRP|INCIDENT_REPORT,False
1078,98,NCA-ECC,3.20,DEFENSE,mandatory,high,2,,,False
1079,99,NCA-ECC,4.20,BANKING,mandatory,high,3,Financial institutions must implement enhanced controls per SAMA requirements,AUDIT_REPORT|RISK_ASSESSMENT,False
1080,99,NCA-ECC,4.20,INSURANCE,mandatory,medium,3,,,False
1081,99,NCA-ECC,4.20,CAPITAL_MARKETS,mandatory,medium,3,,,False
1082,99,NCA-ECC,4.20,FINTECH,mandatory,high,3,FinTech companies must meet both SAMA and PCI requirements,PENTEST|SCAN_REPORT,False
1083,99,NCA-ECC,4.20,HEALTHCARE,mandatory,high,3,Healthcare organizations must ensure patient data protection per MOH standards,CERTIFICATE|TRAINING_RECORD,False
1084,99,NCA-ECC,4.20,TELECOM,mandatory,medium,3,,,False
1085,99,NCA-ECC,4.20,ICT,mandatory,medium,3,,,False
1086,99,NCA-ECC,4.20,CLOUD,mandatory,medium,3,,,False
1087,99,NCA-ECC,4.20,GOVERNMENT,mandatory,critical,3,Government entities must comply with NCA mandatory requirements,ATTESTATION|APPROVAL,False
1088,99,NCA-ECC,4.20,ENERGY,mandatory,critical,3,Critical infrastructure requires enhanced OT security controls,BCP_DRP|INCIDENT_REPORT,False
1089,99,NCA-ECC,4.20,DEFENSE,mandatory,medium,3,,,False
1090,100,NCA-ECC,5.20,BANKING,mandatory,medium,4,Financial institutions must implement enhanced controls per SAMA requirements,AUDIT_REPORT|RISK_ASSESSMENT,False
1091,100,NCA-ECC,5.20,INSURANCE,mandatory,low,4,,,False
1092,100,NCA-ECC,5.20,CAPITAL_MARKETS,mandatory,low,4,,,False
1093,100,NCA-ECC,5.20,FINTECH,mandatory,medium,4,FinTech companies must meet both SAMA and PCI requirements,PENTEST|SCAN_REPORT,False
1094,100,NCA-ECC,5.20,HEALTHCARE,mandatory,medium,4,Healthcare organizations must ensure patient data protection per MOH standards,CERTIFICATE|TRAINING_RECORD,False
1095,100,NCA-ECC,5.20,TELECOM,mandatory,low,4,,,False
1096,100,NCA-ECC,5.20,ICT,mandatory,low,4,,,False
1097,100,NCA-ECC,5.20,CLOUD,mandatory,low,4,,,False
1098,100,NCA-ECC,5.20,GOVERNMENT,mandatory,high,4,Government entities must comply with NCA mandatory requirements,ATTESTATION|APPROVAL,False
1099,100,NCA-ECC,5.20,ENERGY,mandatory,high,4,Critical infrastructure requires enhanced OT security controls,BCP_DRP|INCIDENT_REPORT,False
1100,100,NCA-ECC,5.20,DEFENSE,mandatory,low,4,,,False
1101,101,NCA-ECC,1.21,BANKING,mandatory,critical,1,Financial institutions must implement enhanced controls per SAMA requirements,AUDIT_REPORT|RISK_ASSESSMENT,False
1102,101,NCA-ECC,1.21,INSURANCE,mandatory,critical,1,,,False
1103,101,NCA-ECC,1.21,CAPITAL_MARKETS,mandatory,critical,1,,,False
1104,101,NCA-ECC,1.21,FINTECH,mandatory,critical,1,FinTech companies must meet both SAMA and PCI requirements,PENTEST|SCAN_REPORT,False
1105,101,NCA-ECC,1.21,HEALTHCARE,mandatory,critical,1,Healthcare organizations must ensure patient data protection per MOH standards,CERTIFICATE|TRAINING_RECORD,False
1106,101,NCA-ECC,1.21,TELECOM,mandatory,critical,1,,,False
1107,101,NCA-ECC,1.21,ICT,mandatory,critical,1,,,False
1108,101,NCA-ECC,1.21,CLOUD,mandatory,critical,1,,,False
1109,101,NCA-ECC,1.21,GOVERNMENT,mandatory,critical,1,Government entities must comply with NCA mandatory requirements,ATTESTATION|APPROVAL,False
1110,101,NCA-ECC,1.21,ENERGY,mandatory,critical,1,Critical infrastructure requires enhanced OT security controls,BCP_DRP|INCIDENT_REPORT,False
1111,101,NCA-ECC,1.21,DEFENSE,mandatory,critical,1,,,False
1112,102,NCA-ECC,2.21,BANKING,mandatory,critical,2,Financial institutions must implement enhanced controls per SAMA requirements,AUDIT_REPORT|RISK_ASSESSMENT,False
1113,102,NCA-ECC,2.21,INSURANCE,mandatory,high,2,,,False
1114,102,NCA-ECC,2.21,CAPITAL_MARKETS,mandatory,high,2,,,False
1115,102,NCA-ECC,2.21,FINTECH,mandatory,critical,2,FinTech companies must meet both SAMA and PCI requirements,PENTEST|SCAN_REPORT,False
1116,102,NCA-ECC,2.21,HEALTHCARE,mandatory,critical,2,Healthcare organizations must ensure patient data protection per MOH standards,CERTIFICATE|TRAINING_RECORD,False
1117,102,NCA-ECC,2.21,TELECOM,mandatory,high,2,,,False
1118,102,NCA-ECC,2.21,ICT,mandatory,high,2,,,False
1119,102,NCA-ECC,2.21,CLOUD,mandatory,high,2,,,False
1120,102,NCA-ECC,2.21,GOVERNMENT,mandatory,critical,2,Government entities must comply with NCA mandatory requirements,ATTESTATION|APPROVAL,False
1121,102,NCA-ECC,2.21,ENERGY,mandatory,critical,2,Critical infrastructure requires enhanced OT security controls,BCP_DRP|INCIDENT_REPORT,False
1122,102,NCA-ECC,2.21,DEFENSE,mandatory,high,2,,,False
1123,103,NCA-ECC,3.21,BANKING,mandatory,high,3,Financial institutions must implement enhanced controls per SAMA requirements,AUDIT_REPORT|RISK_ASSESSMENT,False
1124,103,NCA-ECC,3.21,INSURANCE,mandatory,medium,3,,,False
1125,103,NCA-ECC,3.21,CAPITAL_MARKETS,mandatory,medium,3,,,False
1126,103,NCA-ECC,3.21,FINTECH,mandatory,high,3,FinTech companies must meet both SAMA and PCI requirements,PENTEST|SCAN_REPORT,False
1127,103,NCA-ECC,3.21,HEALTHCARE,mandatory,high,3,Healthcare organizations must ensure patient data protection per MOH standards,CERTIFICATE|TRAINING_RECORD,False
1128,103,NCA-ECC,3.21,TELECOM,mandatory,medium,3,,,False
1129,103,NCA-ECC,3.21,ICT,mandatory,medium,3,,,False
1130,103,NCA-ECC,3.21,CLOUD,mandatory,medium,3,,,False
1131,103,NCA-ECC,3.21,GOVERNMENT,mandatory,critical,3,Government entities must comply with NCA mandatory requirements,ATTESTATION|APPROVAL,False
1132,103,NCA-ECC,3.21,ENERGY,mandatory,critical,3,Critical infrastructure requires enhanced OT security controls,BCP_DRP|INCIDENT_REPORT,False
1133,103,NCA-ECC,3.21,DEFENSE,mandatory,medium,3,,,False
1134,104,NCA-ECC,4.21,BANKING,mandatory,medium,4,Financial institutions must implement enhanced controls per SAMA requirements,AUDIT_REPORT|RISK_ASSESSMENT,False
1135,104,NCA-ECC,4.21,INSURANCE,mandatory,low,4,,,False
1136,104,NCA-ECC,4.21,CAPITAL_MARKETS,mandatory,low,4,,,False
1137,104,NCA-ECC,4.21,FINTECH,mandatory,medium,4,FinTech companies must meet both SAMA and PCI requirements,PENTEST|SCAN_REPORT,False
1138,104,NCA-ECC,4.21,HEALTHCARE,mandatory,medium,4,Healthcare organizations must ensure patient data protection per MOH standards,CERTIFICATE|TRAINING_RECORD,False
1139,104,NCA-ECC,4.21,TELECOM,mandatory,low,4,,,False
1140,104,NCA-ECC,4.21,ICT,mandatory,low,4,,,False
1141,104,NCA-ECC,4.21,CLOUD,mandatory,low,4,,,False
1142,104,NCA-ECC,4.21,GOVERNMENT,mandatory,high,4,Government entities must comply with NCA mandatory requirements,ATTESTATION|APPROVAL,False
1143,104,NCA-ECC,4.21,ENERGY,mandatory,high,4,Critical infrastructure requires enhanced OT security controls,BCP_DRP|INCIDENT_REPORT,False
1144,104,NCA-ECC,4.21,DEFENSE,mandatory,low,4,,,False
1145,105,NCA-ECC,5.21,BANKING,mandatory,critical,1,Financial institutions must implement enhanced controls per SAMA requirements,AUDIT_REPORT|RISK_ASSESSMENT,False
1146,105,NCA-ECC,5.21,INSURANCE,mandatory,critical,1,,,False
1147,105,NCA-ECC,5.21,CAPITAL_MARKETS,mandatory,critical,1,,,False
1148,105,NCA-ECC,5.21,FINTECH,mandatory,critical,1,FinTech companies must meet both SAMA and PCI requirements,PENTEST|SCAN_REPORT,False
1149,105,NCA-ECC,5.21,HEALTHCARE,mandatory,critical,1,Healthcare organizations must ensure patient data protection per MOH standards,CERTIFICATE|TRAINING_RECORD,False
1150,105,NCA-ECC,5.21,TELECOM,mandatory,critical,1,,,False
1151,105,NCA-ECC,5.21,ICT,mandatory,critical,1,,,False
1152,105,NCA-ECC,5.21,CLOUD,mandatory,critical,1,,,False
1153,105,NCA-ECC,5.21,GOVERNMENT,mandatory,critical,1,Government entities must comply with NCA mandatory requirements,ATTESTATION|APPROVAL,False
1154,105,NCA-ECC,5.21,ENERGY,mandatory,critical,1,Critical infrastructure requires enhanced OT security controls,BCP_DRP|INCIDENT_REPORT,False
1155,105,NCA-ECC,5.21,DEFENSE,mandatory,critical,1,,,False
1156,106,NCA-ECC,1.22,BANKING,mandatory,critical,2,Financial institutions must implement enhanced controls per SAMA requirements,AUDIT_REPORT|RISK_ASSESSMENT,False
1157,106,NCA-ECC,1.22,INSURANCE,mandatory,high,2,,,False
1158,106,NCA-ECC,1.22,CAPITAL_MARKETS,mandatory,high,2,,,False
1159,106,NCA-ECC,1.22,FINTECH,mandatory,critical,2,FinTech companies must meet both SAMA and PCI requirements,PENTEST|SCAN_REPORT,False
1160,106,NCA-ECC,1.22,HEALTHCARE,mandatory,critical,2,Healthcare organizations must ensure patient data protection per MOH standards,CERTIFICATE|TRAINING_RECORD,False
1161,106,NCA-ECC,1.22,TELECOM,mandatory,high,2,,,False
1162,106,NCA-ECC,1.22,ICT,mandatory,high,2,,,False
1163,106,NCA-ECC,1.22,CLOUD,mandatory,high,2,,,False
1164,106,NCA-ECC,1.22,GOVERNMENT,mandatory,critical,2,Government entities must comply with NCA mandatory requirements,ATTESTATION|APPROVAL,False
1165,106,NCA-ECC,1.22,ENERGY,mandatory,critical,2,Critical infrastructure requires enhanced OT security controls,BCP_DRP|INCIDENT_REPORT,False
1166,106,NCA-ECC,1.22,DEFENSE,mandatory,high,2,,,False
1167,107,NCA-ECC,2.22,BANKING,mandatory,high,3,Financial institutions must implement enhanced controls per SAMA requirements,AUDIT_REPORT|RISK_ASSESSMENT,False
1168,107,NCA-ECC,2.22,INSURANCE,mandatory,medium,3,,,False
1169,107,NCA-ECC,2.22,CAPITAL_MARKETS,mandatory,medium,3,,,False
1170,107,NCA-ECC,2.22,FINTECH,mandatory,high,3,FinTech companies must meet both SAMA and PCI requirements,PENTEST|SCAN_REPORT,False
1171,107,NCA-ECC,2.22,HEALTHCARE,mandatory,high,3,Healthcare organizations must ensure patient data protection per MOH standards,CERTIFICATE|TRAINING_RECORD,False
1172,107,NCA-ECC,2.22,TELECOM,mandatory,medium,3,,,False
1173,107,NCA-ECC,2.22,ICT,mandatory,medium,3,,,False
1174,107,NCA-ECC,2.22,CLOUD,mandatory,medium,3,,,False
1175,107,NCA-ECC,2.22,GOVERNMENT,mandatory,critical,3,Government entities must comply with NCA mandatory requirements,ATTESTATION|APPROVAL,False
1176,107,NCA-ECC,2.22,ENERGY,mandatory,critical,3,Critical infrastructure requires enhanced OT security controls,BCP_DRP|INCIDENT_REPORT,False
1177,107,NCA-ECC,2.22,DEFENSE,mandatory,medium,3,,,False
1178,108,NCA-ECC,3.22,BANKING,mandatory,medium,4,Financial institutions must implement enhanced controls per SAMA requirements,AUDIT_REPORT|RISK_ASSESSMENT,False
1179,108,NCA-ECC,3.22,INSURANCE,mandatory,low,4,,,False
1180,108,NCA-ECC,3.22,CAPITAL_MARKETS,mandatory,low,4,,,False
1181,108,NCA-ECC,3.22,FINTECH,mandatory,medium,4,FinTech companies must meet both SAMA and PCI requirements,PENTEST|SCAN_REPORT,False
1182,108,NCA-ECC,3.22,HEALTHCARE,mandatory,medium,4,Healthcare organizations must ensure patient data protection per MOH standards,CERTIFICATE|TRAINING_RECORD,False
1183,108,NCA-ECC,3.22,TELECOM,mandatory,low,4,,,False
1184,108,NCA-ECC,3.22,ICT,mandatory,low,4,,,False
1185,108,NCA-ECC,3.22,CLOUD,mandatory,low,4,,,False
1186,108,NCA-ECC,3.22,GOVERNMENT,mandatory,high,4,Government entities must comply with NCA mandatory requirements,ATTESTATION|APPROVAL,False
1187,108,NCA-ECC,3.22,ENERGY,mandatory,high,4,Critical infrastructure requires enhanced OT security controls,BCP_DRP|INCIDENT_REPORT,False
1188,108,NCA-ECC,3.22,DEFENSE,mandatory,low,4,,,False
1189,109,NCA-ECC,4.22,BANKING,mandatory,critical,1,Financial institutions must implement enhanced controls per SAMA requirements,AUDIT_REPORT|RISK_ASSESSMENT,False
1190,109,NCA-ECC,4.22,INSURANCE,mandatory,critical,1,,,False
1191,109,NCA-ECC,4.22,CAPITAL_MARKETS,mandatory,critical,1,,,False
1192,109,NCA-ECC,4.22,FINTECH,mandatory,critical,1,FinTech companies must meet both SAMA and PCI requirements,PENTEST|SCAN_REPORT,False
1193,109,NCA-ECC,4.22,HEALTHCARE,mandatory,critical,1,Healthcare organizations must ensure patient data protection per MOH standards,CERTIFICATE|TRAINING_RECORD,False
1194,109,NCA-ECC,4.22,TELECOM,mandatory,critical,1,,,False
1195,109,NCA-ECC,4.22,ICT,mandatory,critical,1,,,False
1196,109,NCA-ECC,4.22,CLOUD,mandatory,critical,1,,,False
1197,109,NCA-ECC,4.22,GOVERNMENT,mandatory,critical,1,Government entities must comply with NCA mandatory requirements,ATTESTATION|APPROVAL,False
1198,109,NCA-ECC,4.22,ENERGY,mandatory,critical,1,Critical infrastructure requires enhanced OT security controls,BCP_DRP|INCIDENT_REPORT,False
1199,109,NCA-ECC,4.22,DEFENSE,mandatory,critical,1,,,False
1200,110,NCA-ECC,5.22,BANKING,mandatory,critical,2,Financial institutions must implement enhanced controls per SAMA requirements,AUDIT_REPORT|RISK_ASSESSMENT,False
1201,110,NCA-ECC,5.22,INSURANCE,mandatory,high,2,,,False
1202,110,NCA-ECC,5.22,CAPITAL_MARKETS,mandatory,high,2,,,False
1203,110,NCA-ECC,5.22,FINTECH,mandatory,critical,2,FinTech companies must meet both SAMA and PCI requirements,PENTEST|SCAN_REPORT,False
1204,110,NCA-ECC,5.22,HEALTHCARE,mandatory,critical,2,Healthcare organizations must ensure patient data protection per MOH standards,CERTIFICATE|TRAINING_RECORD,False
1205,110,NCA-ECC,5.22,TELECOM,mandatory,high,2,,,False
1206,110,NCA-ECC,5.22,ICT,mandatory,high,2,,,False
1207,110,NCA-ECC,5.22,CLOUD,mandatory,high,2,,,False
1208,110,NCA-ECC,5.22,GOVERNMENT,mandatory,critical,2,Government entities must comply with NCA mandatory requirements,ATTESTATION|APPROVAL,False
1209,110,NCA-ECC,5.22,ENERGY,mandatory,critical,2,Critical infrastructure requires enhanced OT security controls,BCP_DRP|INCIDENT_REPORT,False
1210,110,NCA-ECC,5.22,DEFENSE,mandatory,high,2,,,False
1211,111,NCA-ECC,1.23,BANKING,mandatory,high,3,Financial institutions must implement enhanced controls per SAMA requirements,AUDIT_REPORT|RISK_ASSESSMENT,False
1212,111,NCA-ECC,1.23,INSURANCE,mandatory,medium,3,,,False
1213,111,NCA-ECC,1.23,CAPITAL_MARKETS,mandatory,medium,3,,,False
1214,111,NCA-ECC,1.23,FINTECH,mandatory,high,3,FinTech companies must meet both SAMA and PCI requirements,PENTEST|SCAN_REPORT,False
1215,111,NCA-ECC,1.23,HEALTHCARE,mandatory,high,3,Healthcare organizations must ensure patient data protection per MOH standards,CERTIFICATE|TRAINING_RECORD,False
1216,111,NCA-ECC,1.23,TELECOM,mandatory,medium,3,,,False
1217,111,NCA-ECC,1.23,ICT,mandatory,medium,3,,,False
1218,111,NCA-ECC,1.23,CLOUD,mandatory,medium,3,,,False
1219,111,NCA-ECC,1.23,GOVERNMENT,mandatory,critical,3,Government entities must comply with NCA mandatory requirements,ATTESTATION|APPROVAL,False
1220,111,NCA-ECC,1.23,ENERGY,mandatory,critical,3,Critical infrastructure requires enhanced OT security controls,BCP_DRP|INCIDENT_REPORT,False
1221,111,NCA-ECC,1.23,DEFENSE,mandatory,medium,3,,,False
1222,112,NCA-ECC,2.23,BANKING,mandatory,medium,4,Financial institutions must implement enhanced controls per SAMA requirements,AUDIT_REPORT|RISK_ASSESSMENT,False
1223,112,NCA-ECC,2.23,INSURANCE,mandatory,low,4,,,False
1224,112,NCA-ECC,2.23,CAPITAL_MARKETS,mandatory,low,4,,,False
1225,112,NCA-ECC,2.23,FINTECH,mandatory,medium,4,FinTech companies must meet both SAMA and PCI requirements,PENTEST|SCAN_REPORT,False
1226,112,NCA-ECC,2.23,HEALTHCARE,mandatory,medium,4,Healthcare organizations must ensure patient data protection per MOH standards,CERTIFICATE|TRAINING_RECORD,False
1227,112,NCA-ECC,2.23,TELECOM,mandatory,low,4,,,False
1228,112,NCA-ECC,2.23,ICT,mandatory,low,4,,,False
1229,112,NCA-ECC,2.23,CLOUD,mandatory,low,4,,,False
1230,112,NCA-ECC,2.23,GOVERNMENT,mandatory,high,4,Government entities must comply with NCA mandatory requirements,ATTESTATION|APPROVAL,False
1231,112,NCA-ECC,2.23,ENERGY,mandatory,high,4,Critical infrastructure requires enhanced OT security controls,BCP_DRP|INCIDENT_REPORT,False
1232,112,NCA-ECC,2.23,DEFENSE,mandatory,low,4,,,False
1233,113,NCA-ECC,3.23,BANKING,mandatory,critical,1,Financial institutions must implement enhanced controls per SAMA requirements,AUDIT_REPORT|RISK_ASSESSMENT,False
1234,113,NCA-ECC,3.23,INSURANCE,mandatory,critical,1,,,False
1235,113,NCA-ECC,3.23,CAPITAL_MARKETS,mandatory,critical,1,,,False
1236,113,NCA-ECC,3.23,FINTECH,mandatory,critical,1,FinTech companies must meet both SAMA and PCI requirements,PENTEST|SCAN_REPORT,False
1237,113,NCA-ECC,3.23,HEALTHCARE,mandatory,critical,1,Healthcare organizations must ensure patient data protection per MOH standards,CERTIFICATE|TRAINING_RECORD,False
1238,113,NCA-ECC,3.23,TELECOM,mandatory,critical,1,,,False
1239,113,NCA-ECC,3.23,ICT,mandatory,critical,1,,,False
1240,113,NCA-ECC,3.23,CLOUD,mandatory,critical,1,,,False
1241,113,NCA-ECC,3.23,GOVERNMENT,mandatory,critical,1,Government entities must comply with NCA mandatory requirements,ATTESTATION|APPROVAL,False
1242,113,NCA-ECC,3.23,ENERGY,mandatory,critical,1,Critical infrastructure requires enhanced OT security controls,BCP_DRP|INCIDENT_REPORT,False
1243,113,NCA-ECC,3.23,DEFENSE,mandatory,critical,1,,,False
1244,114,NCA-ECC,4.23,BANKING,mandatory,critical,2,Financial institutions must implement enhanced controls per SAMA requirements,AUDIT_REPORT|RISK_ASSESSMENT,False
1245,114,NCA-ECC,4.23,INSURANCE,mandatory,high,2,,,False
1246,114,NCA-ECC,4.23,CAPITAL_MARKETS,mandatory,high,2,,,False
1247,114,NCA-ECC,4.23,FINTECH,mandatory,critical,2,FinTech companies must meet both SAMA and PCI requirements,PENTEST|SCAN_REPORT,False
1248,114,NCA-ECC,4.23,HEALTHCARE,mandatory,critical,2,Healthcare organizations must ensure patient data protection per MOH standards,CERTIFICATE|TRAINING_RECORD,False
1249,114,NCA-ECC,4.23,TELECOM,mandatory,high,2,,,False
1250,114,NCA-ECC,4.23,ICT,mandatory,high,2,,,False
1251,114,NCA-ECC,4.23,CLOUD,mandatory,high,2,,,False
1252,114,NCA-ECC,4.23,GOVERNMENT,mandatory,critical,2,Government entities must comply with NCA mandatory requirements,ATTESTATION|APPROVAL,False
1253,114,NCA-ECC,4.23,ENERGY,mandatory,critical,2,Critical infrastructure requires enhanced OT security controls,BCP_DRP|INCIDENT_REPORT,False
1254,114,NCA-ECC,4.23,DEFENSE,mandatory,high,2,,,False
1255,115,NCA-CCC,1.1,ICT,mandatory,critical,1,,,False
1256,115,NCA-CCC,1.1,CLOUD,mandatory,critical,1,,,False
1257,115,NCA-CCC,1.1,FINTECH,mandatory,critical,1,FinTech companies must meet both SAMA and PCI requirements,PENTEST|SCAN_REPORT,False
1258,115,NCA-CCC,1.1,GOVERNMENT,mandatory,critical,1,Government entities must comply with NCA mandatory requirements,ATTESTATION|APPROVAL,False
1259,115,NCA-CCC,1.1,HEALTHCARE,mandatory,critical,1,Healthcare organizations must ensure patient data protection per MOH standards,CERTIFICATE|TRAINING_RECORD,False
1260,116,NCA-CCC,2.1,ICT,mandatory,high,2,,,False
1261,116,NCA-CCC,2.1,CLOUD,mandatory,high,2,,,False
1262,116,NCA-CCC,2.1,FINTECH,mandatory,critical,2,FinTech companies must meet both SAMA and PCI requirements,PENTEST|SCAN_REPORT,False
1263,116,NCA-CCC,2.1,GOVERNMENT,mandatory,critical,2,Government entities must comply with NCA mandatory requirements,ATTESTATION|APPROVAL,False
1264,116,NCA-CCC,2.1,HEALTHCARE,mandatory,critical,2,Healthcare organizations must ensure patient data protection per MOH standards,CERTIFICATE|TRAINING_RECORD,False
1265,117,NCA-CCC,3.1,ICT,mandatory,medium,3,,,False
1266,117,NCA-CCC,3.1,CLOUD,mandatory,medium,3,,,False
1267,117,NCA-CCC,3.1,FINTECH,mandatory,high,3,FinTech companies must meet both SAMA and PCI requirements,PENTEST|SCAN_REPORT,False
1268,117,NCA-CCC,3.1,GOVERNMENT,mandatory,critical,3,Government entities must comply with NCA mandatory requirements,ATTESTATION|APPROVAL,False
1269,117,NCA-CCC,3.1,HEALTHCARE,mandatory,high,3,Healthcare organizations must ensure patient data protection per MOH standards,CERTIFICATE|TRAINING_RECORD,False
1270,118,NCA-CCC,4.1,ICT,mandatory,low,4,,,False
1271,118,NCA-CCC,4.1,CLOUD,mandatory,low,4,,,False
1272,118,NCA-CCC,4.1,FINTECH,mandatory,medium,4,FinTech companies must meet both SAMA and PCI requirements,PENTEST|SCAN_REPORT,False
1273,118,NCA-CCC,4.1,GOVERNMENT,mandatory,high,4,Government entities must comply with NCA mandatory requirements,ATTESTATION|APPROVAL,False
1274,118,NCA-CCC,4.1,HEALTHCARE,mandatory,medium,4,Healthcare organizations must ensure patient data protection per MOH standards,CERTIFICATE|TRAINING_RECORD,False
1275,119,NCA-CCC,5.1,ICT,mandatory,critical,1,,,False
1276,119,NCA-CCC,5.1,CLOUD,mandatory,critical,1,,,False
1277,119,NCA-CCC,5.1,FINTECH,mandatory,critical,1,FinTech companies must meet both SAMA and PCI requirements,PENTEST|SCAN_REPORT,False
1278,119,NCA-CCC,5.1,GOVERNMENT,mandatory,critical,1,Government entities must comply with NCA mandatory requirements,ATTESTATION|APPROVAL,False
1279,119,NCA-CCC,5.1,HEALTHCARE,mandatory,critical,1,Healthcare organizations must ensure patient data protection per MOH standards,CERTIFICATE|TRAINING_RECORD,False
1280,120,NCA-CCC,1.2,ICT,mandatory,high,2,,,False
1281,120,NCA-CCC,1.2,CLOUD,mandatory,high,2,,,False
1282,120,NCA-CCC,1.2,FINTECH,mandatory,critical,2,FinTech companies must meet both SAMA and PCI requirements,PENTEST|SCAN_REPORT,False
1283,120,NCA-CCC,1.2,GOVERNMENT,mandatory,critical,2,Government entities must comply with NCA mandatory requirements,ATTESTATION|APPROVAL,False
1284,120,NCA-CCC,1.2,HEALTHCARE,mandatory,critical,2,Healthcare organizations must ensure patient data protection per MOH standards,CERTIFICATE|TRAINING_RECORD,False
1285,121,NCA-CCC,2.2,ICT,mandatory,medium,3,,,False
1286,121,NCA-CCC,2.2,CLOUD,mandatory,medium,3,,,False
1287,121,NCA-CCC,2.2,FINTECH,mandatory,high,3,FinTech companies must meet both SAMA and PCI requirements,PENTEST|SCAN_REPORT,False
1288,121,NCA-CCC,2.2,GOVERNMENT,mandatory,critical,3,Government entities must comply with NCA mandatory requirements,ATTESTATION|APPROVAL,False
1289,121,NCA-CCC,2.2,HEALTHCARE,mandatory,high,3,Healthcare organizations must ensure patient data protection per MOH standards,CERTIFICATE|TRAINING_RECORD,False
1290,122,NCA-CCC,3.2,ICT,mandatory,low,4,,,False
1291,122,NCA-CCC,3.2,CLOUD,mandatory,low,4,,,False
1292,122,NCA-CCC,3.2,FINTECH,mandatory,medium,4,FinTech companies must meet both SAMA and PCI requirements,PENTEST|SCAN_REPORT,False
1293,122,NCA-CCC,3.2,GOVERNMENT,mandatory,high,4,Government entities must comply with NCA mandatory requirements,ATTESTATION|APPROVAL,False
1294,122,NCA-CCC,3.2,HEALTHCARE,mandatory,medium,4,Healthcare organizations must ensure patient data protection per MOH standards,CERTIFICATE|TRAINING_RECORD,False
1295,123,NCA-CCC,4.2,ICT,mandatory,critical,1,,,False
1296,123,NCA-CCC,4.2,CLOUD,mandatory,critical,1,,,False
1297,123,NCA-CCC,4.2,FINTECH,mandatory,critical,1,FinTech companies must meet both SAMA and PCI requirements,PENTEST|SCAN_REPORT,False
1298,123,NCA-CCC,4.2,GOVERNMENT,mandatory,critical,1,Government entities must comply with NCA mandatory requirements,ATTESTATION|APPROVAL,False
1299,123,NCA-CCC,4.2,HEALTHCARE,mandatory,critical,1,Healthcare organizations must ensure patient data protection per MOH standards,CERTIFICATE|TRAINING_RECORD,False
1300,124,NCA-CCC,5.2,ICT,mandatory,high,2,,,False
1301,124,NCA-CCC,5.2,CLOUD,mandatory,high,2,,,False
1302,124,NCA-CCC,5.2,FINTECH,mandatory,critical,2,FinTech companies must meet both SAMA and PCI requirements,PENTEST|SCAN_REPORT,False
1303,124,NCA-CCC,5.2,GOVERNMENT,mandatory,critical,2,Government entities must comply with NCA mandatory requirements,ATTESTATION|APPROVAL,False
1304,124,NCA-CCC,5.2,HEALTHCARE,mandatory,critical,2,Healthcare organizations must ensure patient data protection per MOH standards,CERTIFICATE|TRAINING_RECORD,False
1305,125,NCA-CCC,1.3,ICT,mandatory,medium,3,,,False
1306,125,NCA-CCC,1.3,CLOUD,mandatory,medium,3,,,False
1307,125,NCA-CCC,1.3,FINTECH,mandatory,high,3,FinTech companies must meet both SAMA and PCI requirements,PENTEST|SCAN_REPORT,False
1308,125,NCA-CCC,1.3,GOVERNMENT,mandatory,critical,3,Government entities must comply with NCA mandatory requirements,ATTESTATION|APPROVAL,False
1309,125,NCA-CCC,1.3,HEALTHCARE,mandatory,high,3,Healthcare organizations must ensure patient data protection per MOH standards,CERTIFICATE|TRAINING_RECORD,False
1310,126,NCA-CCC,2.3,ICT,mandatory,low,4,,,False
1311,126,NCA-CCC,2.3,CLOUD,mandatory,low,4,,,False
1312,126,NCA-CCC,2.3,FINTECH,mandatory,medium,4,FinTech companies must meet both SAMA and PCI requirements,PENTEST|SCAN_REPORT,False
1313,126,NCA-CCC,2.3,GOVERNMENT,mandatory,high,4,Government entities must comply with NCA mandatory requirements,ATTESTATION|APPROVAL,False
1314,126,NCA-CCC,2.3,HEALTHCARE,mandatory,medium,4,Healthcare organizations must ensure patient data protection per MOH standards,CERTIFICATE|TRAINING_RECORD,False
1315,127,NCA-CCC,3.3,ICT,mandatory,critical,1,,,False
1316,127,NCA-CCC,3.3,CLOUD,mandatory,critical,1,,,False
1317,127,NCA-CCC,3.3,FINTECH,mandatory,critical,1,FinTech companies must meet both SAMA and PCI requirements,PENTEST|SCAN_REPORT,False
1318,127,NCA-CCC,3.3,GOVERNMENT,mandatory,critical,1,Government entities must comply with NCA mandatory requirements,ATTESTATION|APPROVAL,False
1319,127,NCA-CCC,3.3,HEALTHCARE,mandatory,critical,1,Healthcare organizations must ensure patient data protection per MOH standards,CERTIFICATE|TRAINING_RECORD,False
1320,128,NCA-CCC,4.3,ICT,mandatory,high,2,,,False
1321,128,NCA-CCC,4.3,CLOUD,mandatory,high,2,,,False
1322,128,NCA-CCC,4.3,FINTECH,mandatory,critical,2,FinTech companies must meet both SAMA and PCI requirements,PENTEST|SCAN_REPORT,False
1323,128,NCA-CCC,4.3,GOVERNMENT,mandatory,critical,2,Government entities must comply with NCA mandatory requirements,ATTESTATION|APPROVAL,False
1324,128,NCA-CCC,4.3,HEALTHCARE,mandatory,critical,2,Healthcare organizations must ensure patient data protection per MOH standards,CERTIFICATE|TRAINING_RECORD,False
1325,129,NCA-CCC,5.3,ICT,mandatory,medium,3,,,False
1326,129,NCA-CCC,5.3,CLOUD,mandatory,medium,3,,,False
1327,129,NCA-CCC,5.3,FINTECH,mandatory,high,3,FinTech companies must meet both SAMA and PCI requirements,PENTEST|SCAN_REPORT,False
1328,129,NCA-CCC,5.3,GOVERNMENT,mandatory,critical,3,Government entities must comply with NCA mandatory requirements,ATTESTATION|APPROVAL,False
1329,129,NCA-CCC,5.3,HEALTHCARE,mandatory,high,3,Healthcare organizations must ensure patient data protection per MOH standards,CERTIFICATE|TRAINING_RECORD,False
1330,130,NCA-CCC,1.4,ICT,mandatory,low,4,,,False
1331,130,NCA-CCC,1.4,CLOUD,mandatory,low,4,,,False
1332,130,NCA-CCC,1.4,FINTECH,mandatory,medium,4,FinTech companies must meet both SAMA and PCI requirements,PENTEST|SCAN_REPORT,False
1333,130,NCA-CCC,1.4,GOVERNMENT,mandatory,high,4,Government entities must comply with NCA mandatory requirements,ATTESTATION|APPROVAL,False
1334,130,NCA-CCC,1.4,HEALTHCARE,mandatory,medium,4,Healthcare organizations must ensure patient data protection per MOH standards,CERTIFICATE|TRAINING_RECORD,False
1335,131,NCA-CCC,2.4,ICT,mandatory,critical,1,,,False
1336,131,NCA-CCC,2.4,CLOUD,mandatory,critical,1,,,False
1337,131,NCA-CCC,2.4,FINTECH,mandatory,critical,1,FinTech companies must meet both SAMA and PCI requirements,PENTEST|SCAN_REPORT,False
1338,131,NCA-CCC,2.4,GOVERNMENT,mandatory,critical,1,Government entities must comply with NCA mandatory requirements,ATTESTATION|APPROVAL,False
1339,131,NCA-CCC,2.4,HEALTHCARE,mandatory,critical,1,Healthcare organizations must ensure patient data protection per MOH standards,CERTIFICATE|TRAINING_RECORD,False
1340,132,NCA-CCC,3.4,ICT,mandatory,high,2,,,False
1341,132,NCA-CCC,3.4,CLOUD,mandatory,high,2,,,False
1342,132,NCA-CCC,3.4,FINTECH,mandatory,critical,2,FinTech companies must meet both SAMA and PCI requirements,PENTEST|SCAN_REPORT,False
1343,132,NCA-CCC,3.4,GOVERNMENT,mandatory,critical,2,Government entities must comply with NCA mandatory requirements,ATTESTATION|APPROVAL,False
1344,132,NCA-CCC,3.4,HEALTHCARE,mandatory,critical,2,Healthcare organizations must ensure patient data protection per MOH standards,CERTIFICATE|TRAINING_RECORD,False
1345,133,NCA-CCC,4.4,ICT,mandatory,medium,3,,,False
1346,133,NCA-CCC,4.4,CLOUD,mandatory,medium,3,,,False
1347,133,NCA-CCC,4.4,FINTECH,mandatory,high,3,FinTech companies must meet both SAMA and PCI requirements,PENTEST|SCAN_REPORT,False
1348,133,NCA-CCC,4.4,GOVERNMENT,mandatory,critical,3,Government entities must comply with NCA mandatory requirements,ATTESTATION|APPROVAL,False
1349,133,NCA-CCC,4.4,HEALTHCARE,mandatory,high,3,Healthcare organizations must ensure patient data protection per MOH standards,CERTIFICATE|TRAINING_RECORD,False
1350,134,NCA-CCC,5.4,ICT,mandatory,low,4,,,False
1351,134,NCA-CCC,5.4,CLOUD,mandatory,low,4,,,False
1352,134,NCA-CCC,5.4,FINTECH,mandatory,medium,4,FinTech companies must meet both SAMA and PCI requirements,PENTEST|SCAN_REPORT,False
1353,134,NCA-CCC,5.4,GOVERNMENT,mandatory,high,4,Government entities must comply with NCA mandatory requirements,ATTESTATION|APPROVAL,False
1354,134,NCA-CCC,5.4,HEALTHCARE,mandatory,medium,4,Healthcare organizations must ensure patient data protection per MOH standards,CERTIFICATE|TRAINING_RECORD,False
1355,135,NCA-CCC,1.5,ICT,mandatory,critical,1,,,False
1356,135,NCA-CCC,1.5,CLOUD,mandatory,critical,1,,,False
1357,135,NCA-CCC,1.5,FINTECH,mandatory,critical,1,FinTech companies must meet both SAMA and PCI requirements,PENTEST|SCAN_REPORT,False
1358,135,NCA-CCC,1.5,GOVERNMENT,mandatory,critical,1,Government entities must comply with NCA mandatory requirements,ATTESTATION|APPROVAL,False
1359,135,NCA-CCC,1.5,HEALTHCARE,mandatory,critical,1,Healthcare organizations must ensure patient data protection per MOH standards,CERTIFICATE|TRAINING_RECORD,False
1360,136,NCA-CCC,2.5,ICT,mandatory,high,2,,,False
1361,136,NCA-CCC,2.5,CLOUD,mandatory,high,2,,,False
1362,136,NCA-CCC,2.5,FINTECH,mandatory,critical,2,FinTech companies must meet both SAMA and PCI requirements,PENTEST|SCAN_REPORT,False
1363,136,NCA-CCC,2.5,GOVERNMENT,mandatory,critical,2,Government entities must comply with NCA mandatory requirements,ATTESTATION|APPROVAL,False
1364,136,NCA-CCC,2.5,HEALTHCARE,mandatory,critical,2,Healthcare organizations must ensure patient data protection per MOH standards,CERTIFICATE|TRAINING_RECORD,False
1365,137,NCA-CCC,3.5,ICT,mandatory,medium,3,,,False
1366,137,NCA-CCC,3.5,CLOUD,mandatory,medium,3,,,False
1367,137,NCA-CCC,3.5,FINTECH,mandatory,high,3,FinTech companies must meet both SAMA and PCI requirements,PENTEST|SCAN_REPORT,False
1368,137,NCA-CCC,3.5,GOVERNMENT,mandatory,critical,3,Government entities must comply with NCA mandatory requirements,ATTESTATION|APPROVAL,False
1369,137,NCA-CCC,3.5,HEALTHCARE,mandatory,high,3,Healthcare organizations must ensure patient data protection per MOH standards,CERTIFICATE|TRAINING_RECORD,False
1370,138,NCA-CCC,4.5,ICT,mandatory,low,4,,,False
1371,138,NCA-CCC,4.5,CLOUD,mandatory,low,4,,,False
1372,138,NCA-CCC,4.5,FINTECH,mandatory,medium,4,FinTech companies must meet both SAMA and PCI requirements,PENTEST|SCAN_REPORT,False
1373,138,NCA-CCC,4.5,GOVERNMENT,mandatory,high,4,Government entities must comply with NCA mandatory requirements,ATTESTATION|APPROVAL,False
1374,138,NCA-CCC,4.5,HEALTHCARE,mandatory,medium,4,Healthcare organizations must ensure patient data protection per MOH standards,CERTIFICATE|TRAINING_RECORD,False
1375,139,NCA-CCC,5.5,ICT,mandatory,critical,1,,,False
1376,139,NCA-CCC,5.5,CLOUD,mandatory,critical,1,,,False
1377,139,NCA-CCC,5.5,FINTECH,mandatory,critical,1,FinTech companies must meet both SAMA and PCI requirements,PENTEST|SCAN_REPORT,False
1378,139,NCA-CCC,5.5,GOVERNMENT,mandatory,critical,1,Government entities must comply with NCA mandatory requirements,ATTESTATION|APPROVAL,False
1379,139,NCA-CCC,5.5,HEALTHCARE,mandatory,critical,1,Healthcare organizations must ensure patient data protection per MOH standards,CERTIFICATE|TRAINING_RECORD,False
1380,140,NCA-CCC,1.6,ICT,mandatory,high,2,,,False
1381,140,NCA-CCC,1.6,CLOUD,mandatory,high,2,,,False
1382,140,NCA-CCC,1.6,FINTECH,mandatory,critical,2,FinTech companies must meet both SAMA and PCI requirements,PENTEST|SCAN_REPORT,False
1383,140,NCA-CCC,1.6,GOVERNMENT,mandatory,critical,2,Government entities must comply with NCA mandatory requirements,ATTESTATION|APPROVAL,False
1384,140,NCA-CCC,1.6,HEALTHCARE,mandatory,critical,2,Healthcare organizations must ensure patient data protection per MOH standards,CERTIFICATE|TRAINING_RECORD,False
1385,141,NCA-CCC,2.6,ICT,mandatory,medium,3,,,False
1386,141,NCA-CCC,2.6,CLOUD,mandatory,medium,3,,,False
1387,141,NCA-CCC,2.6,FINTECH,mandatory,high,3,FinTech companies must meet both SAMA and PCI requirements,PENTEST|SCAN_REPORT,False
1388,141,NCA-CCC,2.6,GOVERNMENT,mandatory,critical,3,Government entities must comply with NCA mandatory requirements,ATTESTATION|APPROVAL,False
1389,141,NCA-CCC,2.6,HEALTHCARE,mandatory,high,3,Healthcare organizations must ensure patient data protection per MOH standards,CERTIFICATE|TRAINING_RECORD,False
1390,142,NCA-CCC,3.6,ICT,mandatory,low,4,,,False
1391,142,NCA-CCC,3.6,CLOUD,mandatory,low,4,,,False
1392,142,NCA-CCC,3.6,FINTECH,mandatory,medium,4,FinTech companies must meet both SAMA and PCI requirements,PENTEST|SCAN_REPORT,False
1393,142,NCA-CCC,3.6,GOVERNMENT,mandatory,high,4,Government entities must comply with NCA mandatory requirements,ATTESTATION|APPROVAL,False
1394,142,NCA-CCC,3.6,HEALTHCARE,mandatory,medium,4,Healthcare organizations must ensure patient data protection per MOH standards,CERTIFICATE|TRAINING_RECORD,False
1395,143,NCA-CCC,4.6,ICT,mandatory,critical,1,,,False
1396,143,NCA-CCC,4.6,CLOUD,mandatory,critical,1,,,False
1397,143,NCA-CCC,4.6,FINTECH,mandatory,critical,1,FinTech companies must meet both SAMA and PCI requirements,PENTEST|SCAN_REPORT,False
1398,143,NCA-CCC,4.6,GOVERNMENT,mandatory,critical,1,Government entities must comply with NCA mandatory requirements,ATTESTATION|APPROVAL,False
1399,143,NCA-CCC,4.6,HEALTHCARE,mandatory,critical,1,Healthcare organizations must ensure patient data protection per MOH standards,CERTIFICATE|TRAINING_RECORD,False
1400,144,NCA-CCC,5.6,ICT,mandatory,high,2,,,False
1401,144,NCA-CCC,5.6,CLOUD,mandatory,high,2,,,False
1402,144,NCA-CCC,5.6,FINTECH,mandatory,critical,2,FinTech companies must meet both SAMA and PCI requirements,PENTEST|SCAN_REPORT,False
1403,144,NCA-CCC,5.6,GOVERNMENT,mandatory,critical,2,Government entities must comply with NCA mandatory requirements,ATTESTATION|APPROVAL,False
1404,144,NCA-CCC,5.6,HEALTHCARE,mandatory,critical,2,Healthcare organizations must ensure patient data protection per MOH standards,CERTIFICATE|TRAINING_RECORD,False
1405,145,NCA-CCC,1.7,ICT,mandatory,medium,3,,,False
1406,145,NCA-CCC,1.7,CLOUD,mandatory,medium,3,,,False
1407,145,NCA-CCC,1.7,FINTECH,mandatory,high,3,FinTech companies must meet both SAMA and PCI requirements,PENTEST|SCAN_REPORT,False
1408,145,NCA-CCC,1.7,GOVERNMENT,mandatory,critical,3,Government entities must comply with NCA mandatory requirements,ATTESTATION|APPROVAL,False
1409,145,NCA-CCC,1.7,HEALTHCARE,mandatory,high,3,Healthcare organizations must ensure patient data protection per MOH standards,CERTIFICATE|TRAINING_RECORD,False
1410,146,NCA-CCC,2.7,ICT,mandatory,low,4,,,False
1411,146,NCA-CCC,2.7,CLOUD,mandatory,low,4,,,False
1412,146,NCA-CCC,2.7,FINTECH,mandatory,medium,4,FinTech companies must meet both SAMA and PCI requirements,PENTEST|SCAN_REPORT,False
1413,146,NCA-CCC,2.7,GOVERNMENT,mandatory,high,4,Government entities must comply with NCA mandatory requirements,ATTESTATION|APPROVAL,False
1414,146,NCA-CCC,2.7,HEALTHCARE,mandatory,medium,4,Healthcare organizations must ensure patient data protection per MOH standards,CERTIFICATE|TRAINING_RECORD,False
1415,147,NCA-CCC,3.7,ICT,mandatory,critical,1,,,False
1416,147,NCA-CCC,3.7,CLOUD,mandatory,critical,1,,,False
1417,147,NCA-CCC,3.7,FINTECH,mandatory,critical,1,FinTech companies must meet both SAMA and PCI requirements,PENTEST|SCAN_REPORT,False
1418,147,NCA-CCC,3.7,GOVERNMENT,mandatory,critical,1,Government entities must comply with NCA mandatory requirements,ATTESTATION|APPROVAL,False
1419,147,NCA-CCC,3.7,HEALTHCARE,mandatory,critical,1,Healthcare organizations must ensure patient data protection per MOH standards,CERTIFICATE|TRAINING_RECORD,False
1420,148,NCA-CCC,4.7,ICT,mandatory,high,2,,,False
1421,148,NCA-CCC,4.7,CLOUD,mandatory,high,2,,,False
1422,148,NCA-CCC,4.7,FINTECH,mandatory,critical,2,FinTech companies must meet both SAMA and PCI requirements,PENTEST|SCAN_REPORT,False
1423,148,NCA-CCC,4.7,GOVERNMENT,mandatory,critical,2,Government entities must comply with NCA mandatory requirements,ATTESTATION|APPROVAL,False
1424,148,NCA-CCC,4.7,HEALTHCARE,mandatory,critical,2,Healthcare organizations must ensure patient data protection per MOH standards,CERTIFICATE|TRAINING_RECORD,False
1425,149,NCA-CCC,5.7,ICT,mandatory,medium,3,,,False
1426,149,NCA-CCC,5.7,CLOUD,mandatory,medium,3,,,False
1427,149,NCA-CCC,5.7,FINTECH,mandatory,high,3,FinTech companies must meet both SAMA and PCI requirements,PENTEST|SCAN_REPORT,False
1428,149,NCA-CCC,5.7,GOVERNMENT,mandatory,critical,3,Government entities must comply with NCA mandatory requirements,ATTESTATION|APPROVAL,False
1429,149,NCA-CCC,5.7,HEALTHCARE,mandatory,high,3,Healthcare organizations must ensure patient data protection per MOH standards,CERTIFICATE|TRAINING_RECORD,False
1430,150,NCA-CCC,1.8,ICT,mandatory,low,4,,,False
1431,150,NCA-CCC,1.8,CLOUD,mandatory,low,4,,,False
1432,150,NCA-CCC,1.8,FINTECH,mandatory,medium,4,FinTech companies must meet both SAMA and PCI requirements,PENTEST|SCAN_REPORT,False
1433,150,NCA-CCC,1.8,GOVERNMENT,mandatory,high,4,Government entities must comply with NCA mandatory requirements,ATTESTATION|APPROVAL,False
1434,150,NCA-CCC,1.8,HEALTHCARE,mandatory,medium,4,Healthcare organizations must ensure patient data protection per MOH standards,CERTIFICATE|TRAINING_RECORD,False
1435,151,NCA-CCC,2.8,ICT,mandatory,critical,1,,,False
1436,151,NCA-CCC,2.8,CLOUD,mandatory,critical,1,,,False
1437,151,NCA-CCC,2.8,FINTECH,mandatory,critical,1,FinTech companies must meet both SAMA and PCI requirements,PENTEST|SCAN_REPORT,False
1438,151,NCA-CCC,2.8,GOVERNMENT,mandatory,critical,1,Government entities must comply with NCA mandatory requirements,ATTESTATION|APPROVAL,False
1439,151,NCA-CCC,2.8,HEALTHCARE,mandatory,critical,1,Healthcare organizations must ensure patient data protection per MOH standards,CERTIFICATE|TRAINING_RECORD,False
1440,152,NCA-CCC,3.8,ICT,mandatory,high,2,,,False
1441,152,NCA-CCC,3.8,CLOUD,mandatory,high,2,,,False
1442,152,NCA-CCC,3.8,FINTECH,mandatory,critical,2,FinTech companies must meet both SAMA and PCI requirements,PENTEST|SCAN_REPORT,False
1443,152,NCA-CCC,3.8,GOVERNMENT,mandatory,critical,2,Government entities must comply with NCA mandatory requirements,ATTESTATION|APPROVAL,False
1444,152,NCA-CCC,3.8,HEALTHCARE,mandatory,critical,2,Healthcare organizations must ensure patient data protection per MOH standards,CERTIFICATE|TRAINING_RECORD,False
1445,153,NCA-CCC,4.8,ICT,mandatory,medium,3,,,False
1446,153,NCA-CCC,4.8,CLOUD,mandatory,medium,3,,,False
1447,153,NCA-CCC,4.8,FINTECH,mandatory,high,3,FinTech companies must meet both SAMA and PCI requirements,PENTEST|SCAN_REPORT,False
1448,153,NCA-CCC,4.8,GOVERNMENT,mandatory,critical,3,Government entities must comply with NCA mandatory requirements,ATTESTATION|APPROVAL,False
1449,153,NCA-CCC,4.8,HEALTHCARE,mandatory,high,3,Healthcare organizations must ensure patient data protection per MOH standards,CERTIFICATE|TRAINING_RECORD,False
1450,154,NCA-CCC,5.8,ICT,mandatory,low,4,,,False
1451,154,NCA-CCC,5.8,CLOUD,mandatory,low,4,,,False
1452,154,NCA-CCC,5.8,FINTECH,mandatory,medium,4,FinTech companies must meet both SAMA and PCI requirements,PENTEST|SCAN_REPORT,False
1453,154,NCA-CCC,5.8,GOVERNMENT,mandatory,high,4,Government entities must comply with NCA mandatory requirements,ATTESTATION|APPROVAL,False
1454,154,NCA-CCC,5.8,HEALTHCARE,mandatory,medium,4,Healthcare organizations must ensure patient data protection per MOH standards,CERTIFICATE|TRAINING_RECORD,False
1455,155,NCA-CCC,1.9,ICT,mandatory,critical,1,,,False
1456,155,NCA-CCC,1.9,CLOUD,mandatory,critical,1,,,False
1457,155,NCA-CCC,1.9,FINTECH,mandatory,critical,1,FinTech companies must meet both SAMA and PCI requirements,PENTEST|SCAN_REPORT,False
1458,155,NCA-CCC,1.9,GOVERNMENT,mandatory,critical,1,Government entities must comply with NCA mandatory requirements,ATTESTATION|APPROVAL,False
1459,155,NCA-CCC,1.9,HEALTHCARE,mandatory,critical,1,Healthcare organizations must ensure patient data protection per MOH standards,CERTIFICATE|TRAINING_RECORD,False
1460,156,NCA-CCC,2.9,ICT,mandatory,high,2,,,False
1461,156,NCA-CCC,2.9,CLOUD,mandatory,high,2,,,False
1462,156,NCA-CCC,2.9,FINTECH,mandatory,critical,2,FinTech companies must meet both SAMA and PCI requirements,PENTEST|SCAN_REPORT,False
1463,156,NCA-CCC,2.9,GOVERNMENT,mandatory,critical,2,Government entities must comply with NCA mandatory requirements,ATTESTATION|APPROVAL,False
1464,156,NCA-CCC,2.9,HEALTHCARE,mandatory,critical,2,Healthcare organizations must ensure patient data protection per MOH standards,CERTIFICATE|TRAINING_RECORD,False
1465,157,NCA-CCC,3.9,ICT,mandatory,medium,3,,,False
1466,157,NCA-CCC,3.9,CLOUD,mandatory,medium,3,,,False
1467,157,NCA-CCC,3.9,FINTECH,mandatory,high,3,FinTech companies must meet both SAMA and PCI requirements,PENTEST|SCAN_REPORT,False
1468,157,NCA-CCC,3.9,GOVERNMENT,mandatory,critical,3,Government entities must comply with NCA mandatory requirements,ATTESTATION|APPROVAL,False
1469,157,NCA-CCC,3.9,HEALTHCARE,mandatory,high,3,Healthcare organizations must ensure patient data protection per MOH standards,CERTIFICATE|TRAINING_RECORD,False
1470,158,NCA-CCC,4.9,ICT,mandatory,low,4,,,False
1471,158,NCA-CCC,4.9,CLOUD,mandatory,low,4,,,False
1472,158,NCA-CCC,4.9,FINTECH,mandatory,medium,4,FinTech companies must meet both SAMA and PCI requirements,PENTEST|SCAN_REPORT,False
1473,158,NCA-CCC,4.9,GOVERNMENT,mandatory,high,4,Government entities must comply with NCA mandatory requirements,ATTESTATION|APPROVAL,False
1474,158,NCA-CCC,4.9,HEALTHCARE,mandatory,medium,4,Healthcare organizations must ensure patient data protection per MOH standards,CERTIFICATE|TRAINING_RECORD,False
1475,159,NCA-CCC,5.9,ICT,mandatory,critical,1,,,False
1476,159,NCA-CCC,5.9,CLOUD,mandatory,critical,1,,,False
1477,159,NCA-CCC,5.9,FINTECH,mandatory,critical,1,FinTech companies must meet both SAMA and PCI requirements,PENTEST|SCAN_REPORT,False
1478,159,NCA-CCC,5.9,GOVERNMENT,mandatory,critical,1,Government entities must comply with NCA mandatory requirements,ATTESTATION|APPROVAL,False
1479,159,NCA-CCC,5.9,HEALTHCARE,mandatory,critical,1,Healthcare organizations must ensure patient data protection per MOH standards,CERTIFICATE|TRAINING_RECORD,False
1480,160,NCA-CCC,1.10,ICT,mandatory,high,2,,,False
1481,160,NCA-CCC,1.10,CLOUD,mandatory,high,2,,,False
1482,160,NCA-CCC,1.10,FINTECH,mandatory,critical,2,FinTech companies must meet both SAMA and PCI requirements,PENTEST|SCAN_REPORT,False
1483,160,NCA-CCC,1.10,GOVERNMENT,mandatory,critical,2,Government entities must comply with NCA mandatory requirements,ATTESTATION|APPROVAL,False
1484,160,NCA-CCC,1.10,HEALTHCARE,mandatory,critical,2,Healthcare organizations must ensure patient data protection per MOH standards,CERTIFICATE|TRAINING_RECORD,False
1485,161,NCA-CCC,2.10,ICT,mandatory,medium,3,,,False
1486,161,NCA-CCC,2.10,CLOUD,mandatory,medium,3,,,False
1487,161,NCA-CCC,2.10,FINTECH,mandatory,high,3,FinTech companies must meet both SAMA and PCI requirements,PENTEST|SCAN_REPORT,False
1488,161,NCA-CCC,2.10,GOVERNMENT,mandatory,critical,3,Government entities must comply with NCA mandatory requirements,ATTESTATION|APPROVAL,False
1489,161,NCA-CCC,2.10,HEALTHCARE,mandatory,high,3,Healthcare organizations must ensure patient data protection per MOH standards,CERTIFICATE|TRAINING_RECORD,False
1490,162,NCA-CCC,3.10,ICT,mandatory,low,4,,,False
1491,162,NCA-CCC,3.10,CLOUD,mandatory,low,4,,,False
1492,162,NCA-CCC,3.10,FINTECH,mandatory,medium,4,FinTech companies must meet both SAMA and PCI requirements,PENTEST|SCAN_REPORT,False
1493,162,NCA-CCC,3.10,GOVERNMENT,mandatory,high,4,Government entities must comply with NCA mandatory requirements,ATTESTATION|APPROVAL,False
1494,162,NCA-CCC,3.10,HEALTHCARE,mandatory,medium,4,Healthcare organizations must ensure patient data protection per MOH standards,CERTIFICATE|TRAINING_RECORD,False
1495,163,NCA-CCC,4.10,ICT,mandatory,critical,1,,,False
1496,163,NCA-CCC,4.10,CLOUD,mandatory,critical,1,,,False
1497,163,NCA-CCC,4.10,FINTECH,mandatory,critical,1,FinTech companies must meet both SAMA and PCI requirements,PENTEST|SCAN_REPORT,False
1498,163,NCA-CCC,4.10,GOVERNMENT,mandatory,critical,1,Government entities must comply with NCA mandatory requirements,ATTESTATION|APPROVAL,False
1499,163,NCA-CCC,4.10,HEALTHCARE,mandatory,critical,1,Healthcare organizations must ensure patient data protection per MOH standards,CERTIFICATE|TRAINING_RECORD,False
1500,164,NCA-CCC,5.10,ICT,mandatory,high,2,,,False
1501,164,NCA-CCC,5.10,CLOUD,mandatory,high,2,,,False
1502,164,NCA-CCC,5.10,FINTECH,mandatory,critical,2,FinTech companies must meet both SAMA and PCI requirements,PENTEST|SCAN_REPORT,False
1503,164,NCA-CCC,5.10,GOVERNMENT,mandatory,critical,2,Government entities must comply with NCA mandatory requirements,ATTESTATION|APPROVAL,False
1504,164,NCA-CCC,5.10,HEALTHCARE,mandatory,critical,2,Healthcare organizations must ensure patient data protection per MOH standards,CERTIFICATE|TRAINING_RECORD,False
1505,165,NCA-CCC,1.11,ICT,mandatory,medium,3,,,False
1506,165,NCA-CCC,1.11,CLOUD,mandatory,medium,3,,,False
1507,165,NCA-CCC,1.11,FINTECH,mandatory,high,3,FinTech companies must meet both SAMA and PCI requirements,PENTEST|SCAN_REPORT,False
1508,165,NCA-CCC,1.11,GOVERNMENT,mandatory,critical,3,Government entities must comply with NCA mandatory requirements,ATTESTATION|APPROVAL,False
1509,165,NCA-CCC,1.11,HEALTHCARE,mandatory,high,3,Healthcare organizations must ensure patient data protection per MOH standards,CERTIFICATE|TRAINING_RECORD,False
1510,166,NCA-CCC,2.11,ICT,mandatory,low,4,,,False
1511,166,NCA-CCC,2.11,CLOUD,mandatory,low,4,,,False
1512,166,NCA-CCC,2.11,FINTECH,mandatory,medium,4,FinTech companies must meet both SAMA and PCI requirements,PENTEST|SCAN_REPORT,False
1513,166,NCA-CCC,2.11,GOVERNMENT,mandatory,high,4,Government entities must comply with NCA mandatory requirements,ATTESTATION|APPROVAL,False
1514,166,NCA-CCC,2.11,HEALTHCARE,mandatory,medium,4,Healthcare organizations must ensure patient data protection per MOH standards,CERTIFICATE|TRAINING_RECORD,False
1515,167,NCA-CCC,3.11,ICT,mandatory,critical,1,,,False
1516,167,NCA-CCC,3.11,CLOUD,mandatory,critical,1,,,False
1517,167,NCA-CCC,3.11,FINTECH,mandatory,critical,1,FinTech companies must meet both SAMA and PCI requirements,PENTEST|SCAN_REPORT,False
1518,167,NCA-CCC,3.11,GOVERNMENT,mandatory,critical,1,Government entities must comply with NCA mandatory requirements,ATTESTATION|APPROVAL,False
1519,167,NCA-CCC,3.11,HEALTHCARE,mandatory,critical,1,Healthcare organizations must ensure patient data protection per MOH standards,CERTIFICATE|TRAINING_RECORD,False
1520,168,NCA-CCC,4.11,ICT,mandatory,high,2,,,False
1521,168,NCA-CCC,4.11,CLOUD,mandatory,high,2,,,False
1522,168,NCA-CCC,4.11,FINTECH,mandatory,critical,2,FinTech companies must meet both SAMA and PCI requirements,PENTEST|SCAN_REPORT,False
1523,168,NCA-CCC,4.11,GOVERNMENT,mandatory,critical,2,Government entities must comply with NCA mandatory requirements,ATTESTATION|APPROVAL,False
1524,168,NCA-CCC,4.11,HEALTHCARE,mandatory,critical,2,Healthcare organizations must ensure patient data protection per MOH standards,CERTIFICATE|TRAINING_RECORD,False
1525,169,NCA-CCC,5.11,ICT,mandatory,medium,3,,,False
1526,169,NCA-CCC,5.11,CLOUD,mandatory,medium,3,,,False
1527,169,NCA-CCC,5.11,FINTECH,mandatory,high,3,FinTech companies must meet both SAMA and PCI requirements,PENTEST|SCAN_REPORT,False
1528,169,NCA-CCC,5.11,GOVERNMENT,mandatory,critical,3,Government entities must comply with NCA mandatory requirements,ATTESTATION|APPROVAL,False
1529,169,NCA-CCC,5.11,HEALTHCARE,mandatory,high,3,Healthcare organizations must ensure patient data protection per MOH standards,CERTIFICATE|TRAINING_RECORD,False
1530,170,NCA-CCC,1.12,ICT,mandatory,low,4,,,False
1531,170,NCA-CCC,1.12,CLOUD,mandatory,low,4,,,False
1532,170,NCA-CCC,1.12,FINTECH,mandatory,medium,4,FinTech companies must meet both SAMA and PCI requirements,PENTEST|SCAN_REPORT,False
1533,170,NCA-CCC,1.12,GOVERNMENT,mandatory,high,4,Government entities must comply with NCA mandatory requirements,ATTESTATION|APPROVAL,False
1534,170,NCA-CCC,1.12,HEALTHCARE,mandatory,medium,4,Healthcare organizations must ensure patient data protection per MOH standards,CERTIFICATE|TRAINING_RECORD,False
1535,171,NCA-CCC,2.12,ICT,mandatory,critical,1,,,False
1536,171,NCA-CCC,2.12,CLOUD,mandatory,critical,1,,,False
1537,171,NCA-CCC,2.12,FINTECH,mandatory,critical,1,FinTech companies must meet both SAMA and PCI requirements,PENTEST|SCAN_REPORT,False
1538,171,NCA-CCC,2.12,GOVERNMENT,mandatory,critical,1,Government entities must comply with NCA mandatory requirements,ATTESTATION|APPROVAL,False
1539,171,NCA-CCC,2.12,HEALTHCARE,mandatory,critical,1,Healthcare organizations must ensure patient data protection per MOH standards,CERTIFICATE|TRAINING_RECORD,False
1540,172,NCA-CCC,3.12,ICT,mandatory,high,2,,,False
1541,172,NCA-CCC,3.12,CLOUD,mandatory,high,2,,,False
1542,172,NCA-CCC,3.12,FINTECH,mandatory,critical,2,FinTech companies must meet both SAMA and PCI requirements,PENTEST|SCAN_REPORT,False
1543,172,NCA-CCC,3.12,GOVERNMENT,mandatory,critical,2,Government entities must comply with NCA mandatory requirements,ATTESTATION|APPROVAL,False
1544,172,NCA-CCC,3.12,HEALTHCARE,mandatory,critical,2,Healthcare organizations must ensure patient data protection per MOH standards,CERTIFICATE|TRAINING_RECORD,False
1545,173,NCA-CCC,4.12,ICT,mandatory,medium,3,,,False
1546,173,NCA-CCC,4.12,CLOUD,mandatory,medium,3,,,False
1547,173,NCA-CCC,4.12,FINTECH,mandatory,high,3,FinTech companies must meet both SAMA and PCI requirements,PENTEST|SCAN_REPORT,False
1548,173,NCA-CCC,4.12,GOVERNMENT,mandatory,critical,3,Government entities must comply with NCA mandatory requirements,ATTESTATION|APPROVAL,False
1549,173,NCA-CCC,4.12,HEALTHCARE,mandatory,high,3,Healthcare organizations must ensure patient data protection per MOH standards,CERTIFICATE|TRAINING_RECORD,False
1550,174,NCA-CCC,5.12,ICT,mandatory,low,4,,,False
1551,174,NCA-CCC,5.12,CLOUD,mandatory,low,4,,,False
1552,174,NCA-CCC,5.12,FINTECH,mandatory,medium,4,FinTech companies must meet both SAMA and PCI requirements,PENTEST|SCAN_REPORT,False
1553,174,NCA-CCC,5.12,GOVERNMENT,mandatory,high,4,Government entities must comply with NCA mandatory requirements,ATTESTATION|APPROVAL,False
1554,174,NCA-CCC,5.12,HEALTHCARE,mandatory,medium,4,Healthcare organizations must ensure patient data protection per MOH standards,CERTIFICATE|TRAINING_RECORD,False
1555,175,NCA-CCC,1.13,ICT,mandatory,critical,1,,,False
1556,175,NCA-CCC,1.13,CLOUD,mandatory,critical,1,,,False
1557,175,NCA-CCC,1.13,FINTECH,mandatory,critical,1,FinTech companies must meet both SAMA and PCI requirements,PENTEST|SCAN_REPORT,False
1558,175,NCA-CCC,1.13,GOVERNMENT,mandatory,critical,1,Government entities must comply with NCA mandatory requirements,ATTESTATION|APPROVAL,False
1559,175,NCA-CCC,1.13,HEALTHCARE,mandatory,critical,1,Healthcare organizations must ensure patient data protection per MOH standards,CERTIFICATE|TRAINING_RECORD,False
1560,176,NCA-CCC,2.13,ICT,mandatory,high,2,,,False
1561,176,NCA-CCC,2.13,CLOUD,mandatory,high,2,,,False
1562,176,NCA-CCC,2.13,FINTECH,mandatory,critical,2,FinTech companies must meet both SAMA and PCI requirements,PENTEST|SCAN_REPORT,False
1563,176,NCA-CCC,2.13,GOVERNMENT,mandatory,critical,2,Government entities must comply with NCA mandatory requirements,ATTESTATION|APPROVAL,False
1564,176,NCA-CCC,2.13,HEALTHCARE,mandatory,critical,2,Healthcare organizations must ensure patient data protection per MOH standards,CERTIFICATE|TRAINING_RECORD,False
1565,177,NCA-CCC,3.13,ICT,mandatory,medium,3,,,False
1566,177,NCA-CCC,3.13,CLOUD,mandatory,medium,3,,,False
1567,177,NCA-CCC,3.13,FINTECH,mandatory,high,3,FinTech companies must meet both SAMA and PCI requirements,PENTEST|SCAN_REPORT,False
1568,177,NCA-CCC,3.13,GOVERNMENT,mandatory,critical,3,Government entities must comply with NCA mandatory requirements,ATTESTATION|APPROVAL,False
1569,177,NCA-CCC,3.13,HEALTHCARE,mandatory,high,3,Healthcare organizations must ensure patient data protection per MOH standards,CERTIFICATE|TRAINING_RECORD,False
1570,178,NCA-CCC,4.13,ICT,mandatory,low,4,,,False
1571,178,NCA-CCC,4.13,CLOUD,mandatory,low,4,,,False
1572,178,NCA-CCC,4.13,FINTECH,mandatory,medium,4,FinTech companies must meet both SAMA and PCI requirements,PENTEST|SCAN_REPORT,False
1573,178,NCA-CCC,4.13,GOVERNMENT,mandatory,high,4,Government entities must comply with NCA mandatory requirements,ATTESTATION|APPROVAL,False
1574,178,NCA-CCC,4.13,HEALTHCARE,mandatory,medium,4,Healthcare organizations must ensure patient data protection per MOH standards,CERTIFICATE|TRAINING_RECORD,False
1575,179,NCA-CCC,5.13,ICT,mandatory,critical,1,,,False
1576,179,NCA-CCC,5.13,CLOUD,mandatory,critical,1,,,False
1577,179,NCA-CCC,5.13,FINTECH,mandatory,critical,1,FinTech companies must meet both SAMA and PCI requirements,PENTEST|SCAN_REPORT,False
1578,179,NCA-CCC,5.13,GOVERNMENT,mandatory,critical,1,Government entities must comply with NCA mandatory requirements,ATTESTATION|APPROVAL,False
1579,179,NCA-CCC,5.13,HEALTHCARE,mandatory,critical,1,Healthcare organizations must ensure patient data protection per MOH standards,CERTIFICATE|TRAINING_RECORD,False
1580,180,NCA-CCC,1.14,ICT,mandatory,high,2,,,False
1581,180,NCA-CCC,1.14,CLOUD,mandatory,high,2,,,False
1582,180,NCA-CCC,1.14,FINTECH,mandatory,critical,2,FinTech companies must meet both SAMA and PCI requirements,PENTEST|SCAN_REPORT,False
1583,180,NCA-CCC,1.14,GOVERNMENT,mandatory,critical,2,Government entities must comply with NCA mandatory requirements,ATTESTATION|APPROVAL,False
1584,180,NCA-CCC,1.14,HEALTHCARE,mandatory,critical,2,Healthcare organizations must ensure patient data protection per MOH standards,CERTIFICATE|TRAINING_RECORD,False
1585,181,NCA-CCC,2.14,ICT,mandatory,medium,3,,,False
1586,181,NCA-CCC,2.14,CLOUD,mandatory,medium,3,,,False
1587,181,NCA-CCC,2.14,FINTECH,mandatory,high,3,FinTech companies must meet both SAMA and PCI requirements,PENTEST|SCAN_REPORT,False
1588,181,NCA-CCC,2.14,GOVERNMENT,mandatory,critical,3,Government entities must comply with NCA mandatory requirements,ATTESTATION|APPROVAL,False
1589,181,NCA-CCC,2.14,HEALTHCARE,mandatory,high,3,Healthcare organizations must ensure patient data protection per MOH standards,CERTIFICATE|TRAINING_RECORD,False
1590,182,NCA-OTCC,1.1,ENERGY,mandatory,critical,1,Critical infrastructure requires enhanced OT security controls,BCP_DRP|INCIDENT_REPORT,False
1591,182,NCA-OTCC,1.1,MANUFACTURING,mandatory,critical,1,,,False
1592,182,NCA-OTCC,1.1,TRANSPORT,mandatory,critical,1,,,False
1593,182,NCA-OTCC,1.1,MINING,mandatory,critical,1,,,False
1594,183,NCA-OTCC,2.1,ENERGY,mandatory,critical,2,Critical infrastructure requires enhanced OT security controls,BCP_DRP|INCIDENT_REPORT,False
1595,183,NCA-OTCC,2.1,MANUFACTURING,mandatory,high,2,,,False
1596,183,NCA-OTCC,2.1,TRANSPORT,mandatory,high,2,,,False
1597,183,NCA-OTCC,2.1,MINING,mandatory,high,2,,,False
1598,184,NCA-OTCC,3.1,ENERGY,mandatory,critical,3,Critical infrastructure requires enhanced OT security controls,BCP_DRP|INCIDENT_REPORT,False
1599,184,NCA-OTCC,3.1,MANUFACTURING,mandatory,medium,3,,,False
1600,184,NCA-OTCC,3.1,TRANSPORT,mandatory,medium,3,,,False
1601,184,NCA-OTCC,3.1,MINING,mandatory,medium,3,,,False
1602,185,NCA-OTCC,4.1,ENERGY,mandatory,high,4,Critical infrastructure requires enhanced OT security controls,BCP_DRP|INCIDENT_REPORT,False
1603,185,NCA-OTCC,4.1,MANUFACTURING,mandatory,low,4,,,False
1604,185,NCA-OTCC,4.1,TRANSPORT,mandatory,low,4,,,False
1605,185,NCA-OTCC,4.1,MINING,mandatory,low,4,,,False
1606,186,NCA-OTCC,1.2,ENERGY,mandatory,critical,1,Critical infrastructure requires enhanced OT security controls,BCP_DRP|INCIDENT_REPORT,False
1607,186,NCA-OTCC,1.2,MANUFACTURING,mandatory,critical,1,,,False
1608,186,NCA-OTCC,1.2,TRANSPORT,mandatory,critical,1,,,False
1609,186,NCA-OTCC,1.2,MINING,mandatory,critical,1,,,False
1610,187,NCA-OTCC,2.2,ENERGY,mandatory,critical,2,Critical infrastructure requires enhanced OT security controls,BCP_DRP|INCIDENT_REPORT,False
1611,187,NCA-OTCC,2.2,MANUFACTURING,mandatory,high,2,,,False
1612,187,NCA-OTCC,2.2,TRANSPORT,mandatory,high,2,,,False
1613,187,NCA-OTCC,2.2,MINING,mandatory,high,2,,,False
1614,188,NCA-OTCC,3.2,ENERGY,mandatory,critical,3,Critical infrastructure requires enhanced OT security controls,BCP_DRP|INCIDENT_REPORT,False
1615,188,NCA-OTCC,3.2,MANUFACTURING,mandatory,medium,3,,,False
1616,188,NCA-OTCC,3.2,TRANSPORT,mandatory,medium,3,,,False
1617,188,NCA-OTCC,3.2,MINING,mandatory,medium,3,,,False
1618,189,NCA-OTCC,4.2,ENERGY,mandatory,high,4,Critical infrastructure requires enhanced OT security controls,BCP_DRP|INCIDENT_REPORT,False
1619,189,NCA-OTCC,4.2,MANUFACTURING,mandatory,low,4,,,False
1620,189,NCA-OTCC,4.2,TRANSPORT,mandatory,low,4,,,False
1621,189,NCA-OTCC,4.2,MINING,mandatory,low,4,,,False
1622,190,NCA-OTCC,1.3,ENERGY,mandatory,critical,1,Critical infrastructure requires enhanced OT security controls,BCP_DRP|INCIDENT_REPORT,False
1623,190,NCA-OTCC,1.3,MANUFACTURING,mandatory,critical,1,,,False
1624,190,NCA-OTCC,1.3,TRANSPORT,mandatory,critical,1,,,False
1625,190,NCA-OTCC,1.3,MINING,mandatory,critical,1,,,False
1626,191,NCA-OTCC,2.3,ENERGY,mandatory,critical,2,Critical infrastructure requires enhanced OT security controls,BCP_DRP|INCIDENT_REPORT,False
1627,191,NCA-OTCC,2.3,MANUFACTURING,mandatory,high,2,,,False
1628,191,NCA-OTCC,2.3,TRANSPORT,mandatory,high,2,,,False
1629,191,NCA-OTCC,2.3,MINING,mandatory,high,2,,,False
1630,192,NCA-OTCC,3.3,ENERGY,mandatory,critical,3,Critical infrastructure requires enhanced OT security controls,BCP_DRP|INCIDENT_REPORT,False
1631,192,NCA-OTCC,3.3,MANUFACTURING,mandatory,medium,3,,,False
1632,192,NCA-OTCC,3.3,TRANSPORT,mandatory,medium,3,,,False
1633,192,NCA-OTCC,3.3,MINING,mandatory,medium,3,,,False
1634,193,NCA-OTCC,4.3,ENERGY,mandatory,high,4,Critical infrastructure requires enhanced OT security controls,BCP_DRP|INCIDENT_REPORT,False
1635,193,NCA-OTCC,4.3,MANUFACTURING,mandatory,low,4,,,False
1636,193,NCA-OTCC,4.3,TRANSPORT,mandatory,low,4,,,False
1637,193,NCA-OTCC,4.3,MINING,mandatory,low,4,,,False
1638,194,NCA-OTCC,1.4,ENERGY,mandatory,critical,1,Critical infrastructure requires enhanced OT security controls,BCP_DRP|INCIDENT_REPORT,False
1639,194,NCA-OTCC,1.4,MANUFACTURING,mandatory,critical,1,,,False
1640,194,NCA-OTCC,1.4,TRANSPORT,mandatory,critical,1,,,False
1641,194,NCA-OTCC,1.4,MINING,mandatory,critical,1,,,False
1642,195,NCA-OTCC,2.4,ENERGY,mandatory,critical,2,Critical infrastructure requires enhanced OT security controls,BCP_DRP|INCIDENT_REPORT,False
1643,195,NCA-OTCC,2.4,MANUFACTURING,mandatory,high,2,,,False
1644,195,NCA-OTCC,2.4,TRANSPORT,mandatory,high,2,,,False
1645,195,NCA-OTCC,2.4,MINING,mandatory,high,2,,,False
1646,196,NCA-OTCC,3.4,ENERGY,mandatory,critical,3,Critical infrastructure requires enhanced OT security controls,BCP_DRP|INCIDENT_REPORT,False
1647,196,NCA-OTCC,3.4,MANUFACTURING,mandatory,medium,3,,,False
1648,196,NCA-OTCC,3.4,TRANSPORT,mandatory,medium,3,,,False
1649,196,NCA-OTCC,3.4,MINING,mandatory,medium,3,,,False
1650,197,NCA-OTCC,4.4,ENERGY,mandatory,high,4,Critical infrastructure requires enhanced OT security controls,BCP_DRP|INCIDENT_REPORT,False
1651,197,NCA-OTCC,4.4,MANUFACTURING,mandatory,low,4,,,False
1652,197,NCA-OTCC,4.4,TRANSPORT,mandatory,low,4,,,False
1653,197,NCA-OTCC,4.4,MINING,mandatory,low,4,,,False
1654,198,NCA-OTCC,1.5,ENERGY,mandatory,critical,1,Critical infrastructure requires enhanced OT security controls,BCP_DRP|INCIDENT_REPORT,False
1655,198,NCA-OTCC,1.5,MANUFACTURING,mandatory,critical,1,,,False
1656,198,NCA-OTCC,1.5,TRANSPORT,mandatory,critical,1,,,False
1657,198,NCA-OTCC,1.5,MINING,mandatory,critical,1,,,False
1658,199,NCA-OTCC,2.5,ENERGY,mandatory,critical,2,Critical infrastructure requires enhanced OT security controls,BCP_DRP|INCIDENT_REPORT,False
1659,199,NCA-OTCC,2.5,MANUFACTURING,mandatory,high,2,,,False
1660,199,NCA-OTCC,2.5,TRANSPORT,mandatory,high,2,,,False
1661,199,NCA-OTCC,2.5,MINING,mandatory,high,2,,,False
1662,200,NCA-OTCC,3.5,ENERGY,mandatory,critical,3,Critical infrastructure requires enhanced OT security controls,BCP_DRP|INCIDENT_REPORT,False
1663,200,NCA-OTCC,3.5,MANUFACTURING,mandatory,medium,3,,,False
1664,200,NCA-OTCC,3.5,TRANSPORT,mandatory,medium,3,,,False
1665,200,NCA-OTCC,3.5,MINING,mandatory,medium,3,,,False
1666,201,NCA-OTCC,4.5,ENERGY,mandatory,high,4,Critical infrastructure requires enhanced OT security controls,BCP_DRP|INCIDENT_REPORT,False
1667,201,NCA-OTCC,4.5,MANUFACTURING,mandatory,low,4,,,False
1668,201,NCA-OTCC,4.5,TRANSPORT,mandatory,low,4,,,False
1669,201,NCA-OTCC,4.5,MINING,mandatory,low,4,,,False
1670,202,NCA-OTCC,1.6,ENERGY,mandatory,critical,1,Critical infrastructure requires enhanced OT security controls,BCP_DRP|INCIDENT_REPORT,False
1671,202,NCA-OTCC,1.6,MANUFACTURING,mandatory,critical,1,,,False
1672,202,NCA-OTCC,1.6,TRANSPORT,mandatory,critical,1,,,False
1673,202,NCA-OTCC,1.6,MINING,mandatory,critical,1,,,False
1674,203,NCA-OTCC,2.6,ENERGY,mandatory,critical,2,Critical infrastructure requires enhanced OT security controls,BCP_DRP|INCIDENT_REPORT,False
1675,203,NCA-OTCC,2.6,MANUFACTURING,mandatory,high,2,,,False
1676,203,NCA-OTCC,2.6,TRANSPORT,mandatory,high,2,,,False
1677,203,NCA-OTCC,2.6,MINING,mandatory,high,2,,,False
1678,204,NCA-OTCC,3.6,ENERGY,mandatory,critical,3,Critical infrastructure requires enhanced OT security controls,BCP_DRP|INCIDENT_REPORT,False
1679,204,NCA-OTCC,3.6,MANUFACTURING,mandatory,medium,3,,,False
1680,204,NCA-OTCC,3.6,TRANSPORT,mandatory,medium,3,,,False
1681,204,NCA-OTCC,3.6,MINING,mandatory,medium,3,,,False
1682,205,NCA-OTCC,4.6,ENERGY,mandatory,high,4,Critical infrastructure requires enhanced OT security controls,BCP_DRP|INCIDENT_REPORT,False
1683,205,NCA-OTCC,4.6,MANUFACTURING,mandatory,low,4,,,False
1684,205,NCA-OTCC,4.6,TRANSPORT,mandatory,low,4,,,False
1685,205,NCA-OTCC,4.6,MINING,mandatory,low,4,,,False
1686,206,NCA-OTCC,1.7,ENERGY,mandatory,critical,1,Critical infrastructure requires enhanced OT security controls,BCP_DRP|INCIDENT_REPORT,False
1687,206,NCA-OTCC,1.7,MANUFACTURING,mandatory,critical,1,,,False
1688,206,NCA-OTCC,1.7,TRANSPORT,mandatory,critical,1,,,False
1689,206,NCA-OTCC,1.7,MINING,mandatory,critical,1,,,False
1690,207,NCA-OTCC,2.7,ENERGY,mandatory,critical,2,Critical infrastructure requires enhanced OT security controls,BCP_DRP|INCIDENT_REPORT,False
1691,207,NCA-OTCC,2.7,MANUFACTURING,mandatory,high,2,,,False
1692,207,NCA-OTCC,2.7,TRANSPORT,mandatory,high,2,,,False
1693,207,NCA-OTCC,2.7,MINING,mandatory,high,2,,,False
1694,208,NCA-OTCC,3.7,ENERGY,mandatory,critical,3,Critical infrastructure requires enhanced OT security controls,BCP_DRP|INCIDENT_REPORT,False
1695,208,NCA-OTCC,3.7,MANUFACTURING,mandatory,medium,3,,,False
1696,208,NCA-OTCC,3.7,TRANSPORT,mandatory,medium,3,,,False
1697,208,NCA-OTCC,3.7,MINING,mandatory,medium,3,,,False
1698,209,NCA-OTCC,4.7,ENERGY,mandatory,high,4,Critical infrastructure requires enhanced OT security controls,BCP_DRP|INCIDENT_REPORT,False
1699,209,NCA-OTCC,4.7,MANUFACTURING,mandatory,low,4,,,False
1700,209,NCA-OTCC,4.7,TRANSPORT,mandatory,low,4,,,False
1701,209,NCA-OTCC,4.7,MINING,mandatory,low,4,,,False
1702,210,NCA-OTCC,1.8,ENERGY,mandatory,critical,1,Critical infrastructure requires enhanced OT security controls,BCP_DRP|INCIDENT_REPORT,False
1703,210,NCA-OTCC,1.8,MANUFACTURING,mandatory,critical,1,,,False
1704,210,NCA-OTCC,1.8,TRANSPORT,mandatory,critical,1,,,False
1705,210,NCA-OTCC,1.8,MINING,mandatory,critical,1,,,False
1706,211,NCA-OTCC,2.8,ENERGY,mandatory,critical,2,Critical infrastructure requires enhanced OT security controls,BCP_DRP|INCIDENT_REPORT,False
1707,211,NCA-OTCC,2.8,MANUFACTURING,mandatory,high,2,,,False
1708,211,NCA-OTCC,2.8,TRANSPORT,mandatory,high,2,,,False
1709,211,NCA-OTCC,2.8,MINING,mandatory,high,2,,,False
1710,212,NCA-OTCC,3.8,ENERGY,mandatory,critical,3,Critical infrastructure requires enhanced OT security controls,BCP_DRP|INCIDENT_REPORT,False
1711,212,NCA-OTCC,3.8,MANUFACTURING,mandatory,medium,3,,,False
1712,212,NCA-OTCC,3.8,TRANSPORT,mandatory,medium,3,,,False
1713,212,NCA-OTCC,3.8,MINING,mandatory,medium,3,,,False
1714,213,NCA-OTCC,4.8,ENERGY,mandatory,high,4,Critical infrastructure requires enhanced OT security controls,BCP_DRP|INCIDENT_REPORT,False
1715,213,NCA-OTCC,4.8,MANUFACTURING,mandatory,low,4,,,False
1716,213,NCA-OTCC,4.8,TRANSPORT,mandatory,low,4,,,False
1717,213,NCA-OTCC,4.8,MINING,mandatory,low,4,,,False
1718,214,NCA-OTCC,1.9,ENERGY,mandatory,critical,1,Critical infrastructure requires enhanced OT security controls,BCP_DRP|INCIDENT_REPORT,False
1719,214,NCA-OTCC,1.9,MANUFACTURING,mandatory,critical,1,,,False
1720,214,NCA-OTCC,1.9,TRANSPORT,mandatory,critical,1,,,False
1721,214,NCA-OTCC,1.9,MINING,mandatory,critical,1,,,False
1722,215,NCA-OTCC,2.9,ENERGY,mandatory,critical,2,Critical infrastructure requires enhanced OT security controls,BCP_DRP|INCIDENT_REPORT,False
1723,215,NCA-OTCC,2.9,MANUFACTURING,mandatory,high,2,,,False
1724,215,NCA-OTCC,2.9,TRANSPORT,mandatory,high,2,,,False
1725,215,NCA-OTCC,2.9,MINING,mandatory,high,2,,,False
1726,216,NCA-OTCC,3.9,ENERGY,mandatory,critical,3,Critical infrastructure requires enhanced OT security controls,BCP_DRP|INCIDENT_REPORT,False
1727,216,NCA-OTCC,3.9,MANUFACTURING,mandatory,medium,3,,,False
1728,216,NCA-OTCC,3.9,TRANSPORT,mandatory,medium,3,,,False
1729,216,NCA-OTCC,3.9,MINING,mandatory,medium,3,,,False
1730,217,NCA-OTCC,4.9,ENERGY,mandatory,high,4,Critical infrastructure requires enhanced OT security controls,BCP_DRP|INCIDENT_REPORT,False
1731,217,NCA-OTCC,4.9,MANUFACTURING,mandatory,low,4,,,False
1732,217,NCA-OTCC,4.9,TRANSPORT,mandatory,low,4,,,False
1733,217,NCA-OTCC,4.9,MINING,mandatory,low,4,,,False
1734,218,NCA-OTCC,1.10,ENERGY,mandatory,critical,1,Critical infrastructure requires enhanced OT security controls,BCP_DRP|INCIDENT_REPORT,False
1735,218,NCA-OTCC,1.10,MANUFACTURING,mandatory,critical,1,,,False
1736,218,NCA-OTCC,1.10,TRANSPORT,mandatory,critical,1,,,False
1737,218,NCA-OTCC,1.10,MINING,mandatory,critical,1,,,False
1738,219,NCA-OTCC,2.10,ENERGY,mandatory,critical,2,Critical infrastructure requires enhanced OT security controls,BCP_DRP|INCIDENT_REPORT,False
1739,219,NCA-OTCC,2.10,MANUFACTURING,mandatory,high,2,,,False
1740,219,NCA-OTCC,2.10,TRANSPORT,mandatory,high,2,,,False
1741,219,NCA-OTCC,2.10,MINING,mandatory,high,2,,,False
1742,220,NCA-OTCC,3.10,ENERGY,mandatory,critical,3,Critical infrastructure requires enhanced OT security controls,BCP_DRP|INCIDENT_REPORT,False
1743,220,NCA-OTCC,3.10,MANUFACTURING,mandatory,medium,3,,,False
1744,220,NCA-OTCC,3.10,TRANSPORT,mandatory,medium,3,,,False
1745,220,NCA-OTCC,3.10,MINING,mandatory,medium,3,,,False
1746,221,NCA-OTCC,4.10,ENERGY,mandatory,high,4,Critical infrastructure requires enhanced OT security controls,BCP_DRP|INCIDENT_REPORT,False
1747,221,NCA-OTCC,4.10,MANUFACTURING,mandatory,low,4,,,False
1748,221,NCA-OTCC,4.10,TRANSPORT,mandatory,low,4,,,False
1749,221,NCA-OTCC,4.10,MINING,mandatory,low,4,,,False
1750,222,NCA-OTCC,1.11,ENERGY,mandatory,critical,1,Critical infrastructure requires enhanced OT security controls,BCP_DRP|INCIDENT_REPORT,False
1751,222,NCA-OTCC,1.11,MANUFACTURING,mandatory,critical,1,,,False
1752,222,NCA-OTCC,1.11,TRANSPORT,mandatory,critical,1,,,False
1753,222,NCA-OTCC,1.11,MINING,mandatory,critical,1,,,False
1754,223,NCA-OTCC,2.11,ENERGY,mandatory,critical,2,Critical infrastructure requires enhanced OT security controls,BCP_DRP|INCIDENT_REPORT,False
1755,223,NCA-OTCC,2.11,MANUFACTURING,mandatory,high,2,,,False
1756,223,NCA-OTCC,2.11,TRANSPORT,mandatory,high,2,,,False
1757,223,NCA-OTCC,2.11,MINING,mandatory,high,2,,,False
1758,224,NCA-OTCC,3.11,ENERGY,mandatory,critical,3,Critical infrastructure requires enhanced OT security controls,BCP_DRP|INCIDENT_REPORT,False
1759,224,NCA-OTCC,3.11,MANUFACTURING,mandatory,medium,3,,,False
1760,224,NCA-OTCC,3.11,TRANSPORT,mandatory,medium,3,,,False
1761,224,NCA-OTCC,3.11,MINING,mandatory,medium,3,,,False
1762,225,NCA-OTCC,4.11,ENERGY,mandatory,high,4,Critical infrastructure requires enhanced OT security controls,BCP_DRP|INCIDENT_REPORT,False
1763,225,NCA-OTCC,4.11,MANUFACTURING,mandatory,low,4,,,False
1764,225,NCA-OTCC,4.11,TRANSPORT,mandatory,low,4,,,False
1765,225,NCA-OTCC,4.11,MINING,mandatory,low,4,,,False
1766,226,NCA-OTCC,1.12,ENERGY,mandatory,critical,1,Critical infrastructure requires enhanced OT security controls,BCP_DRP|INCIDENT_REPORT,False
1767,226,NCA-OTCC,1.12,MANUFACTURING,mandatory,critical,1,,,False
1768,226,NCA-OTCC,1.12,TRANSPORT,mandatory,critical,1,,,False
1769,226,NCA-OTCC,1.12,MINING,mandatory,critical,1,,,False
1770,227,NCA-OTCC,2.12,ENERGY,mandatory,critical,2,Critical infrastructure requires enhanced OT security controls,BCP_DRP|INCIDENT_REPORT,False
1771,227,NCA-OTCC,2.12,MANUFACTURING,mandatory,high,2,,,False
1772,227,NCA-OTCC,2.12,TRANSPORT,mandatory,high,2,,,False
1773,227,NCA-OTCC,2.12,MINING,mandatory,high,2,,,False
1774,228,NCA-OTCC,3.12,ENERGY,mandatory,critical,3,Critical infrastructure requires enhanced OT security controls,BCP_DRP|INCIDENT_REPORT,False
1775,228,NCA-OTCC,3.12,MANUFACTURING,mandatory,medium,3,,,False
1776,228,NCA-OTCC,3.12,TRANSPORT,mandatory,medium,3,,,False
1777,228,NCA-OTCC,3.12,MINING,mandatory,medium,3,,,False
1778,229,NCA-OTCC,4.12,ENERGY,mandatory,high,4,Critical infrastructure requires enhanced OT security controls,BCP_DRP|INCIDENT_REPORT,False
1779,229,NCA-OTCC,4.12,MANUFACTURING,mandatory,low,4,,,False
1780,229,NCA-OTCC,4.12,TRANSPORT,mandatory,low,4,,,False
1781,229,NCA-OTCC,4.12,MINING,mandatory,low,4,,,False
1782,230,NCA-OTCC,1.13,ENERGY,mandatory,critical,1,Critical infrastructure requires enhanced OT security controls,BCP_DRP|INCIDENT_REPORT,False
1783,230,NCA-OTCC,1.13,MANUFACTURING,mandatory,critical,1,,,False
1784,230,NCA-OTCC,1.13,TRANSPORT,mandatory,critical,1,,,False
1785,230,NCA-OTCC,1.13,MINING,mandatory,critical,1,,,False
1786,231,NCA-OTCC,2.13,ENERGY,mandatory,critical,2,Critical infrastructure requires enhanced OT security controls,BCP_DRP|INCIDENT_REPORT,False
1787,231,NCA-OTCC,2.13,MANUFACTURING,mandatory,high,2,,,False
1788,231,NCA-OTCC,2.13,TRANSPORT,mandatory,high,2,,,False
1789,231,NCA-OTCC,2.13,MINING,mandatory,high,2,,,False
1790,232,NCA-OTCC,3.13,ENERGY,mandatory,critical,3,Critical infrastructure requires enhanced OT security controls,BCP_DRP|INCIDENT_REPORT,False
1791,232,NCA-OTCC,3.13,MANUFACTURING,mandatory,medium,3,,,False
1792,232,NCA-OTCC,3.13,TRANSPORT,mandatory,medium,3,,,False
1793,232,NCA-OTCC,3.13,MINING,mandatory,medium,3,,,False
1794,233,NCA-OTCC,4.13,ENERGY,mandatory,high,4,Critical infrastructure requires enhanced OT security controls,BCP_DRP|INCIDENT_REPORT,False
1795,233,NCA-OTCC,4.13,MANUFACTURING,mandatory,low,4,,,False
1796,233,NCA-OTCC,4.13,TRANSPORT,mandatory,low,4,,,False
1797,233,NCA-OTCC,4.13,MINING,mandatory,low,4,,,False
1798,234,NCA-OTCC,1.14,ENERGY,mandatory,critical,1,Critical infrastructure requires enhanced OT security controls,BCP_DRP|INCIDENT_REPORT,False
1799,234,NCA-OTCC,1.14,MANUFACTURING,mandatory,critical,1,,,False
1800,234,NCA-OTCC,1.14,TRANSPORT,mandatory,critical,1,,,False
1801,234,NCA-OTCC,1.14,MINING,mandatory,critical,1,,,False
1802,235,SAMA-CSF,1.1,BANKING,mandatory,critical,1,Financial institutions must implement enhanced controls per SAMA requirements,AUDIT_REPORT|RISK_ASSESSMENT,False
1803,235,SAMA-CSF,1.1,INSURANCE,mandatory,critical,1,,,False
1804,235,SAMA-CSF,1.1,FINTECH,mandatory,critical,1,FinTech companies must meet both SAMA and PCI requirements,PENTEST|SCAN_REPORT,False
1805,236,SAMA-CSF,2.1,BANKING,mandatory,critical,2,Financial institutions must implement enhanced controls per SAMA requirements,AUDIT_REPORT|RISK_ASSESSMENT,False
1806,236,SAMA-CSF,2.1,INSURANCE,mandatory,high,2,,,False
1807,236,SAMA-CSF,2.1,FINTECH,mandatory,critical,2,FinTech companies must meet both SAMA and PCI requirements,PENTEST|SCAN_REPORT,False
1808,237,SAMA-CSF,3.1,BANKING,mandatory,high,3,Financial institutions must implement enhanced controls per SAMA requirements,AUDIT_REPORT|RISK_ASSESSMENT,False
1809,237,SAMA-CSF,3.1,INSURANCE,mandatory,medium,3,,,False
1810,237,SAMA-CSF,3.1,FINTECH,mandatory,high,3,FinTech companies must meet both SAMA and PCI requirements,PENTEST|SCAN_REPORT,False
1811,238,SAMA-CSF,4.1,BANKING,mandatory,medium,4,Financial institutions must implement enhanced controls per SAMA requirements,AUDIT_REPORT|RISK_ASSESSMENT,False
1812,238,SAMA-CSF,4.1,INSURANCE,mandatory,low,4,,,False
1813,238,SAMA-CSF,4.1,FINTECH,mandatory,medium,4,FinTech companies must meet both SAMA and PCI requirements,PENTEST|SCAN_REPORT,False
1814,239,SAMA-CSF,5.1,BANKING,mandatory,critical,1,Financial institutions must implement enhanced controls per SAMA requirements,AUDIT_REPORT|RISK_ASSESSMENT,False
1815,239,SAMA-CSF,5.1,INSURANCE,mandatory,critical,1,,,False
1816,239,SAMA-CSF,5.1,FINTECH,mandatory,critical,1,FinTech companies must meet both SAMA and PCI requirements,PENTEST|SCAN_REPORT,False
1817,240,SAMA-CSF,6.1,BANKING,mandatory,critical,2,Financial institutions must implement enhanced controls per SAMA requirements,AUDIT_REPORT|RISK_ASSESSMENT,False
1818,240,SAMA-CSF,6.1,INSURANCE,mandatory,high,2,,,False
1819,240,SAMA-CSF,6.1,FINTECH,mandatory,critical,2,FinTech companies must meet both SAMA and PCI requirements,PENTEST|SCAN_REPORT,False
1820,241,SAMA-CSF,1.2,BANKING,mandatory,high,3,Financial institutions must implement enhanced controls per SAMA requirements,AUDIT_REPORT|RISK_ASSESSMENT,False
1821,241,SAMA-CSF,1.2,INSURANCE,mandatory,medium,3,,,False
1822,241,SAMA-CSF,1.2,FINTECH,mandatory,high,3,FinTech companies must meet both SAMA and PCI requirements,PENTEST|SCAN_REPORT,False
1823,242,SAMA-CSF,2.2,BANKING,mandatory,medium,4,Financial institutions must implement enhanced controls per SAMA requirements,AUDIT_REPORT|RISK_ASSESSMENT,False
1824,242,SAMA-CSF,2.2,INSURANCE,mandatory,low,4,,,False
1825,242,SAMA-CSF,2.2,FINTECH,mandatory,medium,4,FinTech companies must meet both SAMA and PCI requirements,PENTEST|SCAN_REPORT,False
1826,243,SAMA-CSF,3.2,BANKING,mandatory,critical,1,Financial institutions must implement enhanced controls per SAMA requirements,AUDIT_REPORT|RISK_ASSESSMENT,False
1827,243,SAMA-CSF,3.2,INSURANCE,mandatory,critical,1,,,False
1828,243,SAMA-CSF,3.2,FINTECH,mandatory,critical,1,FinTech companies must meet both SAMA and PCI requirements,PENTEST|SCAN_REPORT,False
1829,244,SAMA-CSF,4.2,BANKING,mandatory,critical,2,Financial institutions must implement enhanced controls per SAMA requirements,AUDIT_REPORT|RISK_ASSESSMENT,False
1830,244,SAMA-CSF,4.2,INSURANCE,mandatory,high,2,,,False
1831,244,SAMA-CSF,4.2,FINTECH,mandatory,critical,2,FinTech companies must meet both SAMA and PCI requirements,PENTEST|SCAN_REPORT,False
1832,245,SAMA-CSF,5.2,BANKING,mandatory,high,3,Financial institutions must implement enhanced controls per SAMA requirements,AUDIT_REPORT|RISK_ASSESSMENT,False
1833,245,SAMA-CSF,5.2,INSURANCE,mandatory,medium,3,,,False
1834,245,SAMA-CSF,5.2,FINTECH,mandatory,high,3,FinTech companies must meet both SAMA and PCI requirements,PENTEST|SCAN_REPORT,False
1835,246,SAMA-CSF,6.2,BANKING,mandatory,medium,4,Financial institutions must implement enhanced controls per SAMA requirements,AUDIT_REPORT|RISK_ASSESSMENT,False
1836,246,SAMA-CSF,6.2,INSURANCE,mandatory,low,4,,,False
1837,246,SAMA-CSF,6.2,FINTECH,mandatory,medium,4,FinTech companies must meet both SAMA and PCI requirements,PENTEST|SCAN_REPORT,False
1838,247,SAMA-CSF,1.3,BANKING,mandatory,critical,1,Financial institutions must implement enhanced controls per SAMA requirements,AUDIT_REPORT|RISK_ASSESSMENT,False
1839,247,SAMA-CSF,1.3,INSURANCE,mandatory,critical,1,,,False
1840,247,SAMA-CSF,1.3,FINTECH,mandatory,critical,1,FinTech companies must meet both SAMA and PCI requirements,PENTEST|SCAN_REPORT,False
1841,248,SAMA-CSF,2.3,BANKING,mandatory,critical,2,Financial institutions must implement enhanced controls per SAMA requirements,AUDIT_REPORT|RISK_ASSESSMENT,False
1842,248,SAMA-CSF,2.3,INSURANCE,mandatory,high,2,,,False
1843,248,SAMA-CSF,2.3,FINTECH,mandatory,critical,2,FinTech companies must meet both SAMA and PCI requirements,PENTEST|SCAN_REPORT,False
1844,249,SAMA-CSF,3.3,BANKING,mandatory,high,3,Financial institutions must implement enhanced controls per SAMA requirements,AUDIT_REPORT|RISK_ASSESSMENT,False
1845,249,SAMA-CSF,3.3,INSURANCE,mandatory,medium,3,,,False
1846,249,SAMA-CSF,3.3,FINTECH,mandatory,high,3,FinTech companies must meet both SAMA and PCI requirements,PENTEST|SCAN_REPORT,False
1847,250,SAMA-CSF,4.3,BANKING,mandatory,medium,4,Financial institutions must implement enhanced controls per SAMA requirements,AUDIT_REPORT|RISK_ASSESSMENT,False
1848,250,SAMA-CSF,4.3,INSURANCE,mandatory,low,4,,,False
1849,250,SAMA-CSF,4.3,FINTECH,mandatory,medium,4,FinTech companies must meet both SAMA and PCI requirements,PENTEST|SCAN_REPORT,False
1850,251,SAMA-CSF,5.3,BANKING,mandatory,critical,1,Financial institutions must implement enhanced controls per SAMA requirements,AUDIT_REPORT|RISK_ASSESSMENT,False
1851,251,SAMA-CSF,5.3,INSURANCE,mandatory,critical,1,,,False
1852,251,SAMA-CSF,5.3,FINTECH,mandatory,critical,1,FinTech companies must meet both SAMA and PCI requirements,PENTEST|SCAN_REPORT,False
1853,252,SAMA-CSF,6.3,BANKING,mandatory,critical,2,Financial institutions must implement enhanced controls per SAMA requirements,AUDIT_REPORT|RISK_ASSESSMENT,False
1854,252,SAMA-CSF,6.3,INSURANCE,mandatory,high,2,,,False
1855,252,SAMA-CSF,6.3,FINTECH,mandatory,critical,2,FinTech companies must meet both SAMA and PCI requirements,PENTEST|SCAN_REPORT,False
1856,253,SAMA-CSF,1.4,BANKING,mandatory,high,3,Financial institutions must implement enhanced controls per SAMA requirements,AUDIT_REPORT|RISK_ASSESSMENT,False
1857,253,SAMA-CSF,1.4,INSURANCE,mandatory,medium,3,,,False
1858,253,SAMA-CSF,1.4,FINTECH,mandatory,high,3,FinTech companies must meet both SAMA and PCI requirements,PENTEST|SCAN_REPORT,False
1859,254,SAMA-CSF,2.4,BANKING,mandatory,medium,4,Financial institutions must implement enhanced controls per SAMA requirements,AUDIT_REPORT|RISK_ASSESSMENT,False
1860,254,SAMA-CSF,2.4,INSURANCE,mandatory,low,4,,,False
1861,254,SAMA-CSF,2.4,FINTECH,mandatory,medium,4,FinTech companies must meet both SAMA and PCI requirements,PENTEST|SCAN_REPORT,False
1862,255,SAMA-CSF,3.4,BANKING,mandatory,critical,1,Financial institutions must implement enhanced controls per SAMA requirements,AUDIT_REPORT|RISK_ASSESSMENT,False
1863,255,SAMA-CSF,3.4,INSURANCE,mandatory,critical,1,,,False
1864,255,SAMA-CSF,3.4,FINTECH,mandatory,critical,1,FinTech companies must meet both SAMA and PCI requirements,PENTEST|SCAN_REPORT,False
1865,256,SAMA-CSF,4.4,BANKING,mandatory,critical,2,Financial institutions must implement enhanced controls per SAMA requirements,AUDIT_REPORT|RISK_ASSESSMENT,False
1866,256,SAMA-CSF,4.4,INSURANCE,mandatory,high,2,,,False
1867,256,SAMA-CSF,4.4,FINTECH,mandatory,critical,2,FinTech companies must meet both SAMA and PCI requirements,PENTEST|SCAN_REPORT,False
1868,257,SAMA-CSF,5.4,BANKING,mandatory,high,3,Financial institutions must implement enhanced controls per SAMA requirements,AUDIT_REPORT|RISK_ASSESSMENT,False
1869,257,SAMA-CSF,5.4,INSURANCE,mandatory,medium,3,,,False
1870,257,SAMA-CSF,5.4,FINTECH,mandatory,high,3,FinTech companies must meet both SAMA and PCI requirements,PENTEST|SCAN_REPORT,False
1871,258,SAMA-CSF,6.4,BANKING,mandatory,medium,4,Financial institutions must implement enhanced controls per SAMA requirements,AUDIT_REPORT|RISK_ASSESSMENT,False
1872,258,SAMA-CSF,6.4,INSURANCE,mandatory,low,4,,,False
1873,258,SAMA-CSF,6.4,FINTECH,mandatory,medium,4,FinTech companies must meet both SAMA and PCI requirements,PENTEST|SCAN_REPORT,False
1874,259,SAMA-CSF,1.5,BANKING,mandatory,critical,1,Financial institutions must implement enhanced controls per SAMA requirements,AUDIT_REPORT|RISK_ASSESSMENT,False
1875,259,SAMA-CSF,1.5,INSURANCE,mandatory,critical,1,,,False
1876,259,SAMA-CSF,1.5,FINTECH,mandatory,critical,1,FinTech companies must meet both SAMA and PCI requirements,PENTEST|SCAN_REPORT,False
1877,260,SAMA-CSF,2.5,BANKING,mandatory,critical,2,Financial institutions must implement enhanced controls per SAMA requirements,AUDIT_REPORT|RISK_ASSESSMENT,False
1878,260,SAMA-CSF,2.5,INSURANCE,mandatory,high,2,,,False
1879,260,SAMA-CSF,2.5,FINTECH,mandatory,critical,2,FinTech companies must meet both SAMA and PCI requirements,PENTEST|SCAN_REPORT,False
1880,261,SAMA-CSF,3.5,BANKING,mandatory,high,3,Financial institutions must implement enhanced controls per SAMA requirements,AUDIT_REPORT|RISK_ASSESSMENT,False
1881,261,SAMA-CSF,3.5,INSURANCE,mandatory,medium,3,,,False
1882,261,SAMA-CSF,3.5,FINTECH,mandatory,high,3,FinTech companies must meet both SAMA and PCI requirements,PENTEST|SCAN_REPORT,False
1883,262,SAMA-CSF,4.5,BANKING,mandatory,medium,4,Financial institutions must implement enhanced controls per SAMA requirements,AUDIT_REPORT|RISK_ASSESSMENT,False
1884,262,SAMA-CSF,4.5,INSURANCE,mandatory,low,4,,,False
1885,262,SAMA-CSF,4.5,FINTECH,mandatory,medium,4,FinTech companies must meet both SAMA and PCI requirements,PENTEST|SCAN_REPORT,False
1886,263,SAMA-CSF,5.5,BANKING,mandatory,critical,1,Financial institutions must implement enhanced controls per SAMA requirements,AUDIT_REPORT|RISK_ASSESSMENT,False
1887,263,SAMA-CSF,5.5,INSURANCE,mandatory,critical,1,,,False
1888,263,SAMA-CSF,5.5,FINTECH,mandatory,critical,1,FinTech companies must meet both SAMA and PCI requirements,PENTEST|SCAN_REPORT,False
1889,264,SAMA-CSF,6.5,BANKING,mandatory,critical,2,Financial institutions must implement enhanced controls per SAMA requirements,AUDIT_REPORT|RISK_ASSESSMENT,False
1890,264,SAMA-CSF,6.5,INSURANCE,mandatory,high,2,,,False
1891,264,SAMA-CSF,6.5,FINTECH,mandatory,critical,2,FinTech companies must meet both SAMA and PCI requirements,PENTEST|SCAN_REPORT,False
1892,265,SAMA-CSF,1.6,BANKING,mandatory,high,3,Financial institutions must implement enhanced controls per SAMA requirements,AUDIT_REPORT|RISK_ASSESSMENT,False
1893,265,SAMA-CSF,1.6,INSURANCE,mandatory,medium,3,,,False
1894,265,SAMA-CSF,1.6,FINTECH,mandatory,high,3,FinTech companies must meet both SAMA and PCI requirements,PENTEST|SCAN_REPORT,False
1895,266,SAMA-CSF,2.6,BANKING,mandatory,medium,4,Financial institutions must implement enhanced controls per SAMA requirements,AUDIT_REPORT|RISK_ASSESSMENT,False
1896,266,SAMA-CSF,2.6,INSURANCE,mandatory,low,4,,,False
1897,266,SAMA-CSF,2.6,FINTECH,mandatory,medium,4,FinTech companies must meet both SAMA and PCI requirements,PENTEST|SCAN_REPORT,False
1898,267,SAMA-CSF,3.6,BANKING,mandatory,critical,1,Financial institutions must implement enhanced controls per SAMA requirements,AUDIT_REPORT|RISK_ASSESSMENT,False
1899,267,SAMA-CSF,3.6,INSURANCE,mandatory,critical,1,,,False
1900,267,SAMA-CSF,3.6,FINTECH,mandatory,critical,1,FinTech companies must meet both SAMA and PCI requirements,PENTEST|SCAN_REPORT,False
1901,268,SAMA-CSF,4.6,BANKING,mandatory,critical,2,Financial institutions must implement enhanced controls per SAMA requirements,AUDIT_REPORT|RISK_ASSESSMENT,False
1902,268,SAMA-CSF,4.6,INSURANCE,mandatory,high,2,,,False
1903,268,SAMA-CSF,4.6,FINTECH,mandatory,critical,2,FinTech companies must meet both SAMA and PCI requirements,PENTEST|SCAN_REPORT,False
1904,269,SAMA-CSF,5.6,BANKING,mandatory,high,3,Financial institutions must implement enhanced controls per SAMA requirements,AUDIT_REPORT|RISK_ASSESSMENT,False
1905,269,SAMA-CSF,5.6,INSURANCE,mandatory,medium,3,,,False
1906,269,SAMA-CSF,5.6,FINTECH,mandatory,high,3,FinTech companies must meet both SAMA and PCI requirements,PENTEST|SCAN_REPORT,False
1907,270,SAMA-CSF,6.6,BANKING,mandatory,medium,4,Financial institutions must implement enhanced controls per SAMA requirements,AUDIT_REPORT|RISK_ASSESSMENT,False
1908,270,SAMA-CSF,6.6,INSURANCE,mandatory,low,4,,,False
1909,270,SAMA-CSF,6.6,FINTECH,mandatory,medium,4,FinTech companies must meet both SAMA and PCI requirements,PENTEST|SCAN_REPORT,False
1910,271,SAMA-CSF,1.7,BANKING,mandatory,critical,1,Financial institutions must implement enhanced controls per SAMA requirements,AUDIT_REPORT|RISK_ASSESSMENT,False
1911,271,SAMA-CSF,1.7,INSURANCE,mandatory,critical,1,,,False
1912,271,SAMA-CSF,1.7,FINTECH,mandatory,critical,1,FinTech companies must meet both SAMA and PCI requirements,PENTEST|SCAN_REPORT,False
1913,272,SAMA-CSF,2.7,BANKING,mandatory,critical,2,Financial institutions must implement enhanced controls per SAMA requirements,AUDIT_REPORT|RISK_ASSESSMENT,False
1914,272,SAMA-CSF,2.7,INSURANCE,mandatory,high,2,,,False
1915,272,SAMA-CSF,2.7,FINTECH,mandatory,critical,2,FinTech companies must meet both SAMA and PCI requirements,PENTEST|SCAN_REPORT,False
1916,273,SAMA-CSF,3.7,BANKING,mandatory,high,3,Financial institutions must implement enhanced controls per SAMA requirements,AUDIT_REPORT|RISK_ASSESSMENT,False
1917,273,SAMA-CSF,3.7,INSURANCE,mandatory,medium,3,,,False
1918,273,SAMA-CSF,3.7,FINTECH,mandatory,high,3,FinTech companies must meet both SAMA and PCI requirements,PENTEST|SCAN_REPORT,False
1919,274,SAMA-CSF,4.7,BANKING,mandatory,medium,4,Financial institutions must implement enhanced controls per SAMA requirements,AUDIT_REPORT|RISK_ASSESSMENT,False
1920,274,SAMA-CSF,4.7,INSURANCE,mandatory,low,4,,,False
1921,274,SAMA-CSF,4.7,FINTECH,mandatory,medium,4,FinTech companies must meet both SAMA and PCI requirements,PENTEST|SCAN_REPORT,False
1922,275,SAMA-CSF,5.7,BANKING,mandatory,critical,1,Financial institutions must implement enhanced controls per SAMA requirements,AUDIT_REPORT|RISK_ASSESSMENT,False
1923,275,SAMA-CSF,5.7,INSURANCE,mandatory,critical,1,,,False
1924,275,SAMA-CSF,5.7,FINTECH,mandatory,critical,1,FinTech companies must meet both SAMA and PCI requirements,PENTEST|SCAN_REPORT,False
1925,276,SAMA-CSF,6.7,BANKING,mandatory,critical,2,Financial institutions must implement enhanced controls per SAMA requirements,AUDIT_REPORT|RISK_ASSESSMENT,False
1926,276,SAMA-CSF,6.7,INSURANCE,mandatory,high,2,,,False
1927,276,SAMA-CSF,6.7,FINTECH,mandatory,critical,2,FinTech companies must meet both SAMA and PCI requirements,PENTEST|SCAN_REPORT,False
1928,277,SAMA-CSF,1.8,BANKING,mandatory,high,3,Financial institutions must implement enhanced controls per SAMA requirements,AUDIT_REPORT|RISK_ASSESSMENT,False
1929,277,SAMA-CSF,1.8,INSURANCE,mandatory,medium,3,,,False
1930,277,SAMA-CSF,1.8,FINTECH,mandatory,high,3,FinTech companies must meet both SAMA and PCI requirements,PENTEST|SCAN_REPORT,False
1931,278,SAMA-CSF,2.8,BANKING,mandatory,medium,4,Financial institutions must implement enhanced controls per SAMA requirements,AUDIT_REPORT|RISK_ASSESSMENT,False
1932,278,SAMA-CSF,2.8,INSURANCE,mandatory,low,4,,,False
1933,278,SAMA-CSF,2.8,FINTECH,mandatory,medium,4,FinTech companies must meet both SAMA and PCI requirements,PENTEST|SCAN_REPORT,False
1934,279,SAMA-CSF,3.8,BANKING,mandatory,critical,1,Financial institutions must implement enhanced controls per SAMA requirements,AUDIT_REPORT|RISK_ASSESSMENT,False
1935,279,SAMA-CSF,3.8,INSURANCE,mandatory,critical,1,,,False
1936,279,SAMA-CSF,3.8,FINTECH,mandatory,critical,1,FinTech companies must meet both SAMA and PCI requirements,PENTEST|SCAN_REPORT,False
1937,280,SAMA-CSF,4.8,BANKING,mandatory,critical,2,Financial institutions must implement enhanced controls per SAMA requirements,AUDIT_REPORT|RISK_ASSESSMENT,False
1938,280,SAMA-CSF,4.8,INSURANCE,mandatory,high,2,,,False
1939,280,SAMA-CSF,4.8,FINTECH,mandatory,critical,2,FinTech companies must meet both SAMA and PCI requirements,PENTEST|SCAN_REPORT,False
1940,281,SAMA-CSF,5.8,BANKING,mandatory,high,3,Financial institutions must implement enhanced controls per SAMA requirements,AUDIT_REPORT|RISK_ASSESSMENT,False
1941,281,SAMA-CSF,5.8,INSURANCE,mandatory,medium,3,,,False
1942,281,SAMA-CSF,5.8,FINTECH,mandatory,high,3,FinTech companies must meet both SAMA and PCI requirements,PENTEST|SCAN_REPORT,False
1943,282,SAMA-CSF,6.8,BANKING,mandatory,medium,4,Financial institutions must implement enhanced controls per SAMA requirements,AUDIT_REPORT|RISK_ASSESSMENT,False
1944,282,SAMA-CSF,6.8,INSURANCE,mandatory,low,4,,,False
1945,282,SAMA-CSF,6.8,FINTECH,mandatory,medium,4,FinTech companies must meet both SAMA and PCI requirements,PENTEST|SCAN_REPORT,False
1946,283,SAMA-CSF,1.9,BANKING,mandatory,critical,1,Financial institutions must implement enhanced controls per SAMA requirements,AUDIT_REPORT|RISK_ASSESSMENT,False
1947,283,SAMA-CSF,1.9,INSURANCE,mandatory,critical,1,,,False
1948,283,SAMA-CSF,1.9,FINTECH,mandatory,critical,1,FinTech companies must meet both SAMA and PCI requirements,PENTEST|SCAN_REPORT,False
1949,284,SAMA-CSF,2.9,BANKING,mandatory,critical,2,Financial institutions must implement enhanced controls per SAMA requirements,AUDIT_REPORT|RISK_ASSESSMENT,False
1950,284,SAMA-CSF,2.9,INSURANCE,mandatory,high,2,,,False
1951,284,SAMA-CSF,2.9,FINTECH,mandatory,critical,2,FinTech companies must meet both SAMA and PCI requirements,PENTEST|SCAN_REPORT,False
1952,285,SAMA-CSF,3.9,BANKING,mandatory,high,3,Financial institutions must implement enhanced controls per SAMA requirements,AUDIT_REPORT|RISK_ASSESSMENT,False
1953,285,SAMA-CSF,3.9,INSURANCE,mandatory,medium,3,,,False
1954,285,SAMA-CSF,3.9,FINTECH,mandatory,high,3,FinTech companies must meet both SAMA and PCI requirements,PENTEST|SCAN_REPORT,False
1955,286,SAMA-CSF,4.9,BANKING,mandatory,medium,4,Financial institutions must implement enhanced controls per SAMA requirements,AUDIT_REPORT|RISK_ASSESSMENT,False
1956,286,SAMA-CSF,4.9,INSURANCE,mandatory,low,4,,,False
1957,286,SAMA-CSF,4.9,FINTECH,mandatory,medium,4,FinTech companies must meet both SAMA and PCI requirements,PENTEST|SCAN_REPORT,False
1958,287,SAMA-CSF,5.9,BANKING,mandatory,critical,1,Financial institutions must implement enhanced controls per SAMA requirements,AUDIT_REPORT|RISK_ASSESSMENT,False
1959,287,SAMA-CSF,5.9,INSURANCE,mandatory,critical,1,,,False
1960,287,SAMA-CSF,5.9,FINTECH,mandatory,critical,1,FinTech companies must meet both SAMA and PCI requirements,PENTEST|SCAN_REPORT,False
1961,288,SAMA-CSF,6.9,BANKING,mandatory,critical,2,Financial institutions must implement enhanced controls per SAMA requirements,AUDIT_REPORT|RISK_ASSESSMENT,False
1962,288,SAMA-CSF,6.9,INSURANCE,mandatory,high,2,,,False
1963,288,SAMA-CSF,6.9,FINTECH,mandatory,critical,2,FinTech companies must meet both SAMA and PCI requirements,PENTEST|SCAN_REPORT,False
1964,289,SAMA-CSF,1.10,BANKING,mandatory,high,3,Financial institutions must implement enhanced controls per SAMA requirements,AUDIT_REPORT|RISK_ASSESSMENT,False
1965,289,SAMA-CSF,1.10,INSURANCE,mandatory,medium,3,,,False
1966,289,SAMA-CSF,1.10,FINTECH,mandatory,high,3,FinTech companies must meet both SAMA and PCI requirements,PENTEST|SCAN_REPORT,False
1967,290,SAMA-CSF,2.10,BANKING,mandatory,medium,4,Financial institutions must implement enhanced controls per SAMA requirements,AUDIT_REPORT|RISK_ASSESSMENT,False
1968,290,SAMA-CSF,2.10,INSURANCE,mandatory,low,4,,,False
1969,290,SAMA-CSF,2.10,FINTECH,mandatory,medium,4,FinTech companies must meet both SAMA and PCI requirements,PENTEST|SCAN_REPORT,False
1970,291,SAMA-CSF,3.10,BANKING,mandatory,critical,1,Financial institutions must implement enhanced controls per SAMA requirements,AUDIT_REPORT|RISK_ASSESSMENT,False
1971,291,SAMA-CSF,3.10,INSURANCE,mandatory,critical,1,,,False
1972,291,SAMA-CSF,3.10,FINTECH,mandatory,critical,1,FinTech companies must meet both SAMA and PCI requirements,PENTEST|SCAN_REPORT,False
1973,292,SAMA-CSF,4.10,BANKING,mandatory,critical,2,Financial institutions must implement enhanced controls per SAMA requirements,AUDIT_REPORT|RISK_ASSESSMENT,False
1974,292,SAMA-CSF,4.10,INSURANCE,mandatory,high,2,,,False
1975,292,SAMA-CSF,4.10,FINTECH,mandatory,critical,2,FinTech companies must meet both SAMA and PCI requirements,PENTEST|SCAN_REPORT,False
1976,293,SAMA-CSF,5.10,BANKING,mandatory,high,3,Financial institutions must implement enhanced controls per SAMA requirements,AUDIT_REPORT|RISK_ASSESSMENT,False
1977,293,SAMA-CSF,5.10,INSURANCE,mandatory,medium,3,,,False
1978,293,SAMA-CSF,5.10,FINTECH,mandatory,high,3,FinTech companies must meet both SAMA and PCI requirements,PENTEST|SCAN_REPORT,False
1979,294,SAMA-CSF,6.10,BANKING,mandatory,medium,4,Financial institutions must implement enhanced controls per SAMA requirements,AUDIT_REPORT|RISK_ASSESSMENT,False
1980,294,SAMA-CSF,6.10,INSURANCE,mandatory,low,4,,,False
1981,294,SAMA-CSF,6.10,FINTECH,mandatory,medium,4,FinTech companies must meet both SAMA and PCI requirements,PENTEST|SCAN_REPORT,False
1982,295,SAMA-CSF,1.11,BANKING,mandatory,critical,1,Financial institutions must implement enhanced controls per SAMA requirements,AUDIT_REPORT|RISK_ASSESSMENT,False
1983,295,SAMA-CSF,1.11,INSURANCE,mandatory,critical,1,,,False
1984,295,SAMA-CSF,1.11,FINTECH,mandatory,critical,1,FinTech companies must meet both SAMA and PCI requirements,PENTEST|SCAN_REPORT,False
1985,296,SAMA-CSF,2.11,BANKING,mandatory,critical,2,Financial institutions must implement enhanced controls per SAMA requirements,AUDIT_REPORT|RISK_ASSESSMENT,False
1986,296,SAMA-CSF,2.11,INSURANCE,mandatory,high,2,,,False
1987,296,SAMA-CSF,2.11,FINTECH,mandatory,critical,2,FinTech companies must meet both SAMA and PCI requirements,PENTEST|SCAN_REPORT,False
1988,297,SAMA-CSF,3.11,BANKING,mandatory,high,3,Financial institutions must implement enhanced controls per SAMA requirements,AUDIT_REPORT|RISK_ASSESSMENT,False
1989,297,SAMA-CSF,3.11,INSURANCE,mandatory,medium,3,,,False
1990,297,SAMA-CSF,3.11,FINTECH,mandatory,high,3,FinTech companies must meet both SAMA and PCI requirements,PENTEST|SCAN_REPORT,False
1991,298,SAMA-CSF,4.11,BANKING,mandatory,medium,4,Financial institutions must implement enhanced controls per SAMA requirements,AUDIT_REPORT|RISK_ASSESSMENT,False
1992,298,SAMA-CSF,4.11,INSURANCE,mandatory,low,4,,,False
1993,298,SAMA-CSF,4.11,FINTECH,mandatory,medium,4,FinTech companies must meet both SAMA and PCI requirements,PENTEST|SCAN_REPORT,False
1994,299,SAMA-CSF,5.11,BANKING,mandatory,critical,1,Financial institutions must implement enhanced controls per SAMA requirements,AUDIT_REPORT|RISK_ASSESSMENT,False
1995,299,SAMA-CSF,5.11,INSURANCE,mandatory,critical,1,,,False
1996,299,SAMA-CSF,5.11,FINTECH,mandatory,critical,1,FinTech companies must meet both SAMA and PCI requirements,PENTEST|SCAN_REPORT,False
1997,300,SAMA-CSF,6.11,BANKING,mandatory,critical,2,Financial institutions must implement enhanced controls per SAMA requirements,AUDIT_REPORT|RISK_ASSESSMENT,False
1998,300,SAMA-CSF,6.11,INSURANCE,mandatory,high,2,,,False
1999,300,SAMA-CSF,6.11,FINTECH,mandatory,critical,2,FinTech companies must meet both SAMA and PCI requirements,PENTEST|SCAN_REPORT,False
2000,301,SAMA-CSF,1.12,BANKING,mandatory,high,3,Financial institutions must implement enhanced controls per SAMA requirements,AUDIT_REPORT|RISK_ASSESSMENT,False
2001,301,SAMA-CSF,1.12,INSURANCE,mandatory,medium,3,,,False
2002,301,SAMA-CSF,1.12,FINTECH,mandatory,high,3,FinTech companies must meet both SAMA and PCI requirements,PENTEST|SCAN_REPORT,False
2003,302,SAMA-CSF,2.12,BANKING,mandatory,medium,4,Financial institutions must implement enhanced controls per SAMA requirements,AUDIT_REPORT|RISK_ASSESSMENT,False
2004,302,SAMA-CSF,2.12,INSURANCE,mandatory,low,4,,,False
2005,302,SAMA-CSF,2.12,FINTECH,mandatory,medium,4,FinTech companies must meet both SAMA and PCI requirements,PENTEST|SCAN_REPORT,False
2006,303,SAMA-CSF,3.12,BANKING,mandatory,critical,1,Financial institutions must implement enhanced controls per SAMA requirements,AUDIT_REPORT|RISK_ASSESSMENT,False
2007,303,SAMA-CSF,3.12,INSURANCE,mandatory,critical,1,,,False
2008,303,SAMA-CSF,3.12,FINTECH,mandatory,critical,1,FinTech companies must meet both SAMA and PCI requirements,PENTEST|SCAN_REPORT,False
2009,304,SAMA-CSF,4.12,BANKING,mandatory,critical,2,Financial institutions must implement enhanced controls per SAMA requirements,AUDIT_REPORT|RISK_ASSESSMENT,False
2010,304,SAMA-CSF,4.12,INSURANCE,mandatory,high,2,,,False
2011,304,SAMA-CSF,4.12,FINTECH,mandatory,critical,2,FinTech companies must meet both SAMA and PCI requirements,PENTEST|SCAN_REPORT,False
2012,305,SAMA-CSF,5.12,BANKING,mandatory,high,3,Financial institutions must implement enhanced controls per SAMA requirements,AUDIT_REPORT|RISK_ASSESSMENT,False
2013,305,SAMA-CSF,5.12,INSURANCE,mandatory,medium,3,,,False
2014,305,SAMA-CSF,5.12,FINTECH,mandatory,high,3,FinTech companies must meet both SAMA and PCI requirements,PENTEST|SCAN_REPORT,False
2015,306,SAMA-CSF,6.12,BANKING,mandatory,medium,4,Financial institutions must implement enhanced controls per SAMA requirements,AUDIT_REPORT|RISK_ASSESSMENT,False
2016,306,SAMA-CSF,6.12,INSURANCE,mandatory,low,4,,,False
2017,306,SAMA-CSF,6.12,FINTECH,mandatory,medium,4,FinTech companies must meet both SAMA and PCI requirements,PENTEST|SCAN_REPORT,False
2018,307,SAMA-CSF,1.13,BANKING,mandatory,critical,1,Financial institutions must implement enhanced controls per SAMA requirements,AUDIT_REPORT|RISK_ASSESSMENT,False
2019,307,SAMA-CSF,1.13,INSURANCE,mandatory,critical,1,,,False
2020,307,SAMA-CSF,1.13,FINTECH,mandatory,critical,1,FinTech companies must meet both SAMA and PCI requirements,PENTEST|SCAN_REPORT,False
2021,308,SAMA-CSF,2.13,BANKING,mandatory,critical,2,Financial institutions must implement enhanced controls per SAMA requirements,AUDIT_REPORT|RISK_ASSESSMENT,False
2022,308,SAMA-CSF,2.13,INSURANCE,mandatory,high,2,,,False
2023,308,SAMA-CSF,2.13,FINTECH,mandatory,critical,2,FinTech companies must meet both SAMA and PCI requirements,PENTEST|SCAN_REPORT,False
2024,309,SAMA-CSF,3.13,BANKING,mandatory,high,3,Financial institutions must implement enhanced controls per SAMA requirements,AUDIT_REPORT|RISK_ASSESSMENT,False
2025,309,SAMA-CSF,3.13,INSURANCE,mandatory,medium,3,,,False
2026,309,SAMA-CSF,3.13,FINTECH,mandatory,high,3,FinTech companies must meet both SAMA and PCI requirements,PENTEST|SCAN_REPORT,False
2027,310,SAMA-CSF,4.13,BANKING,mandatory,medium,4,Financial institutions must implement enhanced controls per SAMA requirements,AUDIT_REPORT|RISK_ASSESSMENT,False
2028,310,SAMA-CSF,4.13,INSURANCE,mandatory,low,4,,,False
2029,310,SAMA-CSF,4.13,FINTECH,mandatory,medium,4,FinTech companies must meet both SAMA and PCI requirements,PENTEST|SCAN_REPORT,False
2030,311,SAMA-CSF,5.13,BANKING,mandatory,critical,1,Financial institutions must implement enhanced controls per SAMA requirements,AUDIT_REPORT|RISK_ASSESSMENT,False
2031,311,SAMA-CSF,5.13,INSURANCE,mandatory,critical,1,,,False
2032,311,SAMA-CSF,5.13,FINTECH,mandatory,critical,1,FinTech companies must meet both SAMA and PCI requirements,PENTEST|SCAN_REPORT,False
2033,312,SAMA-CSF,6.13,BANKING,mandatory,critical,2,Financial institutions must implement enhanced controls per SAMA requirements,AUDIT_REPORT|RISK_ASSESSMENT,False
2034,312,SAMA-CSF,6.13,INSURANCE,mandatory,high,2,,,False
2035,312,SAMA-CSF,6.13,FINTECH,mandatory,critical,2,FinTech companies must meet both SAMA and PCI requirements,PENTEST|SCAN_REPORT,False
2036,313,SAMA-CSF,1.14,BANKING,mandatory,high,3,Financial institutions must implement enhanced controls per SAMA requirements,AUDIT_REPORT|RISK_ASSESSMENT,False
2037,313,SAMA-CSF,1.14,INSURANCE,mandatory,medium,3,,,False
2038,313,SAMA-CSF,1.14,FINTECH,mandatory,high,3,FinTech companies must meet both SAMA and PCI requirements,PENTEST|SCAN_REPORT,False
2039,314,SAMA-CSF,2.14,BANKING,mandatory,medium,4,Financial institutions must implement enhanced controls per SAMA requirements,AUDIT_REPORT|RISK_ASSESSMENT,False
2040,314,SAMA-CSF,2.14,INSURANCE,mandatory,low,4,,,False
2041,314,SAMA-CSF,2.14,FINTECH,mandatory,medium,4,FinTech companies must meet both SAMA and PCI requirements,PENTEST|SCAN_REPORT,False
2042,315,SAMA-CSF,3.14,BANKING,mandatory,critical,1,Financial institutions must implement enhanced controls per SAMA requirements,AUDIT_REPORT|RISK_ASSESSMENT,False
2043,315,SAMA-CSF,3.14,INSURANCE,mandatory,critical,1,,,False
2044,315,SAMA-CSF,3.14,FINTECH,mandatory,critical,1,FinTech companies must meet both SAMA and PCI requirements,PENTEST|SCAN_REPORT,False
2045,316,SAMA-CSF,4.14,BANKING,mandatory,critical,2,Financial institutions must implement enhanced controls per SAMA requirements,AUDIT_REPORT|RISK_ASSESSMENT,False
2046,316,SAMA-CSF,4.14,INSURANCE,mandatory,high,2,,,False
2047,316,SAMA-CSF,4.14,FINTECH,mandatory,critical,2,FinTech companies must meet both SAMA and PCI requirements,PENTEST|SCAN_REPORT,False
2048,317,SAMA-CSF,5.14,BANKING,mandatory,high,3,Financial institutions must implement enhanced controls per SAMA requirements,AUDIT_REPORT|RISK_ASSESSMENT,False
2049,317,SAMA-CSF,5.14,INSURANCE,mandatory,medium,3,,,False
2050,317,SAMA-CSF,5.14,FINTECH,mandatory,high,3,FinTech companies must meet both SAMA and PCI requirements,PENTEST|SCAN_REPORT,False
2051,318,SAMA-CSF,6.14,BANKING,mandatory,medium,4,Financial institutions must implement enhanced controls per SAMA requirements,AUDIT_REPORT|RISK_ASSESSMENT,False
2052,318,SAMA-CSF,6.14,INSURANCE,mandatory,low,4,,,False
2053,318,SAMA-CSF,6.14,FINTECH,mandatory,medium,4,FinTech companies must meet both SAMA and PCI requirements,PENTEST|SCAN_REPORT,False
2054,319,SAMA-CSF,1.15,BANKING,mandatory,critical,1,Financial institutions must implement enhanced controls per SAMA requirements,AUDIT_REPORT|RISK_ASSESSMENT,False
2055,319,SAMA-CSF,1.15,INSURANCE,mandatory,critical,1,,,False
2056,319,SAMA-CSF,1.15,FINTECH,mandatory,critical,1,FinTech companies must meet both SAMA and PCI requirements,PENTEST|SCAN_REPORT,False
2057,320,SAMA-CSF,2.15,BANKING,mandatory,critical,2,Financial institutions must implement enhanced controls per SAMA requirements,AUDIT_REPORT|RISK_ASSESSMENT,False
2058,320,SAMA-CSF,2.15,INSURANCE,mandatory,high,2,,,False
2059,320,SAMA-CSF,2.15,FINTECH,mandatory,critical,2,FinTech companies must meet both SAMA and PCI requirements,PENTEST|SCAN_REPORT,False
2060,321,SAMA-CSF,3.15,BANKING,mandatory,high,3,Financial institutions must implement enhanced controls per SAMA requirements,AUDIT_REPORT|RISK_ASSESSMENT,False
2061,321,SAMA-CSF,3.15,INSURANCE,mandatory,medium,3,,,False
2062,321,SAMA-CSF,3.15,FINTECH,mandatory,high,3,FinTech companies must meet both SAMA and PCI requirements,PENTEST|SCAN_REPORT,False
2063,322,SAMA-CSF,4.15,BANKING,mandatory,medium,4,Financial institutions must implement enhanced controls per SAMA requirements,AUDIT_REPORT|RISK_ASSESSMENT,False
2064,322,SAMA-CSF,4.15,INSURANCE,mandatory,low,4,,,False
2065,322,SAMA-CSF,4.15,FINTECH,mandatory,medium,4,FinTech companies must meet both SAMA and PCI requirements,PENTEST|SCAN_REPORT,False
2066,323,SAMA-CSF,5.15,BANKING,mandatory,critical,1,Financial institutions must implement enhanced controls per SAMA requirements,AUDIT_REPORT|RISK_ASSESSMENT,False
2067,323,SAMA-CSF,5.15,INSURANCE,mandatory,critical,1,,,False
2068,323,SAMA-CSF,5.15,FINTECH,mandatory,critical,1,FinTech companies must meet both SAMA and PCI requirements,PENTEST|SCAN_REPORT,False
2069,324,SAMA-CSF,6.15,BANKING,mandatory,critical,2,Financial institutions must implement enhanced controls per SAMA requirements,AUDIT_REPORT|RISK_ASSESSMENT,False
2070,324,SAMA-CSF,6.15,INSURANCE,mandatory,high,2,,,False
2071,324,SAMA-CSF,6.15,FINTECH,mandatory,critical,2,FinTech companies must meet both SAMA and PCI requirements,PENTEST|SCAN_REPORT,False
2072,325,SAMA-CSF,1.16,BANKING,mandatory,high,3,Financial institutions must implement enhanced controls per SAMA requirements,AUDIT_REPORT|RISK_ASSESSMENT,False
2073,325,SAMA-CSF,1.16,INSURANCE,mandatory,medium,3,,,False
2074,325,SAMA-CSF,1.16,FINTECH,mandatory,high,3,FinTech companies must meet both SAMA and PCI requirements,PENTEST|SCAN_REPORT,False
2075,326,SAMA-CSF,2.16,BANKING,mandatory,medium,4,Financial institutions must implement enhanced controls per SAMA requirements,AUDIT_REPORT|RISK_ASSESSMENT,False
2076,326,SAMA-CSF,2.16,INSURANCE,mandatory,low,4,,,False
2077,326,SAMA-CSF,2.16,FINTECH,mandatory,medium,4,FinTech companies must meet both SAMA and PCI requirements,PENTEST|SCAN_REPORT,False
2078,327,SAMA-CSF,3.16,BANKING,mandatory,critical,1,Financial institutions must implement enhanced controls per SAMA requirements,AUDIT_REPORT|RISK_ASSESSMENT,False
2079,327,SAMA-CSF,3.16,INSURANCE,mandatory,critical,1,,,False
2080,327,SAMA-CSF,3.16,FINTECH,mandatory,critical,1,FinTech companies must meet both SAMA and PCI requirements,PENTEST|SCAN_REPORT,False
2081,328,SAMA-CSF,4.16,BANKING,mandatory,critical,2,Financial institutions must implement enhanced controls per SAMA requirements,AUDIT_REPORT|RISK_ASSESSMENT,False
2082,328,SAMA-CSF,4.16,INSURANCE,mandatory,high,2,,,False
2083,328,SAMA-CSF,4.16,FINTECH,mandatory,critical,2,FinTech companies must meet both SAMA and PCI requirements,PENTEST|SCAN_REPORT,False
2084,329,SAMA-CSF,5.16,BANKING,mandatory,high,3,Financial institutions must implement enhanced controls per SAMA requirements,AUDIT_REPORT|RISK_ASSESSMENT,False
2085,329,SAMA-CSF,5.16,INSURANCE,mandatory,medium,3,,,False
2086,329,SAMA-CSF,5.16,FINTECH,mandatory,high,3,FinTech companies must meet both SAMA and PCI requirements,PENTEST|SCAN_REPORT,False
2087,330,SAMA-CSF,6.16,BANKING,mandatory,medium,4,Financial institutions must implement enhanced controls per SAMA requirements,AUDIT_REPORT|RISK_ASSESSMENT,False
2088,330,SAMA-CSF,6.16,INSURANCE,mandatory,low,4,,,False
2089,330,SAMA-CSF,6.16,FINTECH,mandatory,medium,4,FinTech companies must meet both SAMA and PCI requirements,PENTEST|SCAN_REPORT,False
2090,331,SAMA-CSF,1.17,BANKING,mandatory,critical,1,Financial institutions must implement enhanced controls per SAMA requirements,AUDIT_REPORT|RISK_ASSESSMENT,False
2091,331,SAMA-CSF,1.17,INSURANCE,mandatory,critical,1,,,False
2092,331,SAMA-CSF,1.17,FINTECH,mandatory,critical,1,FinTech companies must meet both SAMA and PCI requirements,PENTEST|SCAN_REPORT,False
2093,332,SAMA-CSF,2.17,BANKING,mandatory,critical,2,Financial institutions must implement enhanced controls per SAMA requirements,AUDIT_REPORT|RISK_ASSESSMENT,False
2094,332,SAMA-CSF,2.17,INSURANCE,mandatory,high,2,,,False
2095,332,SAMA-CSF,2.17,FINTECH,mandatory,critical,2,FinTech companies must meet both SAMA and PCI requirements,PENTEST|SCAN_REPORT,False
2096,333,SAMA-CSF,3.17,BANKING,mandatory,high,3,Financial institutions must implement enhanced controls per SAMA requirements,AUDIT_REPORT|RISK_ASSESSMENT,False
2097,333,SAMA-CSF,3.17,INSURANCE,mandatory,medium,3,,,False
2098,333,SAMA-CSF,3.17,FINTECH,mandatory,high,3,FinTech companies must meet both SAMA and PCI requirements,PENTEST|SCAN_REPORT,False
2099,334,SAMA-CSF,4.17,BANKING,mandatory,medium,4,Financial institutions must implement enhanced controls per SAMA requirements,AUDIT_REPORT|RISK_ASSESSMENT,False
2100,334,SAMA-CSF,4.17,INSURANCE,mandatory,low,4,,,False
2101,334,SAMA-CSF,4.17,FINTECH,mandatory,medium,4,FinTech companies must meet both SAMA and PCI requirements,PENTEST|SCAN_REPORT,False
2102,335,SAMA-CSF,5.17,BANKING,mandatory,critical,1,Financial institutions must implement enhanced controls per SAMA requirements,AUDIT_REPORT|RISK_ASSESSMENT,False
2103,335,SAMA-CSF,5.17,INSURANCE,mandatory,critical,1,,,False
2104,335,SAMA-CSF,5.17,FINTECH,mandatory,critical,1,FinTech companies must meet both SAMA and PCI requirements,PENTEST|SCAN_REPORT,False
2105,336,SAMA-CSF,6.17,BANKING,mandatory,critical,2,Financial institutions must implement enhanced controls per SAMA requirements,AUDIT_REPORT|RISK_ASSESSMENT,False
2106,336,SAMA-CSF,6.17,INSURANCE,mandatory,high,2,,,False
2107,336,SAMA-CSF,6.17,FINTECH,mandatory,critical,2,FinTech companies must meet both SAMA and PCI requirements,PENTEST|SCAN_REPORT,False
2108,337,SAMA-CSF,1.18,BANKING,mandatory,high,3,Financial institutions must implement enhanced controls per SAMA requirements,AUDIT_REPORT|RISK_ASSESSMENT,False
2109,337,SAMA-CSF,1.18,INSURANCE,mandatory,medium,3,,,False
2110,337,SAMA-CSF,1.18,FINTECH,mandatory,high,3,FinTech companies must meet both SAMA and PCI requirements,PENTEST|SCAN_REPORT,False
2111,338,SAMA-CSF,2.18,BANKING,mandatory,medium,4,Financial institutions must implement enhanced controls per SAMA requirements,AUDIT_REPORT|RISK_ASSESSMENT,False
2112,338,SAMA-CSF,2.18,INSURANCE,mandatory,low,4,,,False
2113,338,SAMA-CSF,2.18,FINTECH,mandatory,medium,4,FinTech companies must meet both SAMA and PCI requirements,PENTEST|SCAN_REPORT,False
2114,339,SAMA-CSF,3.18,BANKING,mandatory,critical,1,Financial institutions must implement enhanced controls per SAMA requirements,AUDIT_REPORT|RISK_ASSESSMENT,False
2115,339,SAMA-CSF,3.18,INSURANCE,mandatory,critical,1,,,False
2116,339,SAMA-CSF,3.18,FINTECH,mandatory,critical,1,FinTech companies must meet both SAMA and PCI requirements,PENTEST|SCAN_REPORT,False
2117,340,SAMA-CSF,4.18,BANKING,mandatory,critical,2,Financial institutions must implement enhanced controls per SAMA requirements,AUDIT_REPORT|RISK_ASSESSMENT,False
2118,340,SAMA-CSF,4.18,INSURANCE,mandatory,high,2,,,False
2119,340,SAMA-CSF,4.18,FINTECH,mandatory,critical,2,FinTech companies must meet both SAMA and PCI requirements,PENTEST|SCAN_REPORT,False
2120,341,SAMA-CSF,5.18,BANKING,mandatory,high,3,Financial institutions must implement enhanced controls per SAMA requirements,AUDIT_REPORT|RISK_ASSESSMENT,False
2121,341,SAMA-CSF,5.18,INSURANCE,mandatory,medium,3,,,False
2122,341,SAMA-CSF,5.18,FINTECH,mandatory,high,3,FinTech companies must meet both SAMA and PCI requirements,PENTEST|SCAN_REPORT,False
2123,342,SAMA-CSF,6.18,BANKING,mandatory,medium,4,Financial institutions must implement enhanced controls per SAMA requirements,AUDIT_REPORT|RISK_ASSESSMENT,False
2124,342,SAMA-CSF,6.18,INSURANCE,mandatory,low,4,,,False
2125,342,SAMA-CSF,6.18,FINTECH,mandatory,medium,4,FinTech companies must meet both SAMA and PCI requirements,PENTEST|SCAN_REPORT,False
2126,343,SAMA-CSF,1.19,BANKING,mandatory,critical,1,Financial institutions must implement enhanced controls per SAMA requirements,AUDIT_REPORT|RISK_ASSESSMENT,False
2127,343,SAMA-CSF,1.19,INSURANCE,mandatory,critical,1,,,False
2128,343,SAMA-CSF,1.19,FINTECH,mandatory,critical,1,FinTech companies must meet both SAMA and PCI requirements,PENTEST|SCAN_REPORT,False
2129,344,SAMA-CSF,2.19,BANKING,mandatory,critical,2,Financial institutions must implement enhanced controls per SAMA requirements,AUDIT_REPORT|RISK_ASSESSMENT,False
2130,344,SAMA-CSF,2.19,INSURANCE,mandatory,high,2,,,False
2131,344,SAMA-CSF,2.19,FINTECH,mandatory,critical,2,FinTech companies must meet both SAMA and PCI requirements,PENTEST|SCAN_REPORT,False
2132,345,SAMA-CSF,3.19,BANKING,mandatory,high,3,Financial institutions must implement enhanced controls per SAMA requirements,AUDIT_REPORT|RISK_ASSESSMENT,False
2133,345,SAMA-CSF,3.19,INSURANCE,mandatory,medium,3,,,False
2134,345,SAMA-CSF,3.19,FINTECH,mandatory,high,3,FinTech companies must meet both SAMA and PCI requirements,PENTEST|SCAN_REPORT,False
2135,346,SAMA-CSF,4.19,BANKING,mandatory,medium,4,Financial institutions must implement enhanced controls per SAMA requirements,AUDIT_REPORT|RISK_ASSESSMENT,False
2136,346,SAMA-CSF,4.19,INSURANCE,mandatory,low,4,,,False
2137,346,SAMA-CSF,4.19,FINTECH,mandatory,medium,4,FinTech companies must meet both SAMA and PCI requirements,PENTEST|SCAN_REPORT,False
2138,347,SAMA-CSF,5.19,BANKING,mandatory,critical,1,Financial institutions must implement enhanced controls per SAMA requirements,AUDIT_REPORT|RISK_ASSESSMENT,False
2139,347,SAMA-CSF,5.19,INSURANCE,mandatory,critical,1,,,False
2140,347,SAMA-CSF,5.19,FINTECH,mandatory,critical,1,FinTech companies must meet both SAMA and PCI requirements,PENTEST|SCAN_REPORT,False
2141,348,SAMA-CSF,6.19,BANKING,mandatory,critical,2,Financial institutions must implement enhanced controls per SAMA requirements,AUDIT_REPORT|RISK_ASSESSMENT,False
2142,348,SAMA-CSF,6.19,INSURANCE,mandatory,high,2,,,False
2143,348,SAMA-CSF,6.19,FINTECH,mandatory,critical,2,FinTech companies must meet both SAMA and PCI requirements,PENTEST|SCAN_REPORT,False
2144,349,SAMA-CSF,1.20,BANKING,mandatory,high,3,Financial institutions must implement enhanced controls per SAMA requirements,AUDIT_REPORT|RISK_ASSESSMENT,False
2145,349,SAMA-CSF,1.20,INSURANCE,mandatory,medium,3,,,False
2146,349,SAMA-CSF,1.20,FINTECH,mandatory,high,3,FinTech companies must meet both SAMA and PCI requirements,PENTEST|SCAN_REPORT,False
2147,350,SAMA-CSF,2.20,BANKING,mandatory,medium,4,Financial institutions must implement enhanced controls per SAMA requirements,AUDIT_REPORT|RISK_ASSESSMENT,False
2148,350,SAMA-CSF,2.20,INSURANCE,mandatory,low,4,,,False
2149,350,SAMA-CSF,2.20,FINTECH,mandatory,medium,4,FinTech companies must meet both SAMA and PCI requirements,PENTEST|SCAN_REPORT,False
2150,351,SAMA-CSF,3.20,BANKING,mandatory,critical,1,Financial institutions must implement enhanced controls per SAMA requirements,AUDIT_REPORT|RISK_ASSESSMENT,False
2151,351,SAMA-CSF,3.20,INSURANCE,mandatory,critical,1,,,False
2152,351,SAMA-CSF,3.20,FINTECH,mandatory,critical,1,FinTech companies must meet both SAMA and PCI requirements,PENTEST|SCAN_REPORT,False
2153,352,SAMA-CSF,4.20,BANKING,mandatory,critical,2,Financial institutions must implement enhanced controls per SAMA requirements,AUDIT_REPORT|RISK_ASSESSMENT,False
2154,352,SAMA-CSF,4.20,INSURANCE,mandatory,high,2,,,False
2155,352,SAMA-CSF,4.20,FINTECH,mandatory,critical,2,FinTech companies must meet both SAMA and PCI requirements,PENTEST|SCAN_REPORT,False
2156,353,SAMA-CSF,5.20,BANKING,mandatory,high,3,Financial institutions must implement enhanced controls per SAMA requirements,AUDIT_REPORT|RISK_ASSESSMENT,False
2157,353,SAMA-CSF,5.20,INSURANCE,mandatory,medium,3,,,False
2158,353,SAMA-CSF,5.20,FINTECH,mandatory,high,3,FinTech companies must meet both SAMA and PCI requirements,PENTEST|SCAN_REPORT,False
2159,354,SAMA-CSF,6.20,BANKING,mandatory,medium,4,Financial institutions must implement enhanced controls per SAMA requirements,AUDIT_REPORT|RISK_ASSESSMENT,False
2160,354,SAMA-CSF,6.20,INSURANCE,mandatory,low,4,,,False
2161,354,SAMA-CSF,6.20,FINTECH,mandatory,medium,4,FinTech companies must meet both SAMA and PCI requirements,PENTEST|SCAN_REPORT,False
2162,355,SAMA-CSF,1.21,BANKING,mandatory,critical,1,Financial institutions must implement enhanced controls per SAMA requirements,AUDIT_REPORT|RISK_ASSESSMENT,False
2163,355,SAMA-CSF,1.21,INSURANCE,mandatory,critical,1,,,False
2164,355,SAMA-CSF,1.21,FINTECH,mandatory,critical,1,FinTech companies must meet both SAMA and PCI requirements,PENTEST|SCAN_REPORT,False
2165,356,SAMA-CSF,2.21,BANKING,mandatory,critical,2,Financial institutions must implement enhanced controls per SAMA requirements,AUDIT_REPORT|RISK_ASSESSMENT,False
2166,356,SAMA-CSF,2.21,INSURANCE,mandatory,high,2,,,False
2167,356,SAMA-CSF,2.21,FINTECH,mandatory,critical,2,FinTech companies must meet both SAMA and PCI requirements,PENTEST|SCAN_REPORT,False
2168,357,SAMA-CSF,3.21,BANKING,mandatory,high,3,Financial institutions must implement enhanced controls per SAMA requirements,AUDIT_REPORT|RISK_ASSESSMENT,False
2169,357,SAMA-CSF,3.21,INSURANCE,mandatory,medium,3,,,False
2170,357,SAMA-CSF,3.21,FINTECH,mandatory,high,3,FinTech companies must meet both SAMA and PCI requirements,PENTEST|SCAN_REPORT,False
2171,358,SAMA-CSF,4.21,BANKING,mandatory,medium,4,Financial institutions must implement enhanced controls per SAMA requirements,AUDIT_REPORT|RISK_ASSESSMENT,False
2172,358,SAMA-CSF,4.21,INSURANCE,mandatory,low,4,,,False
2173,358,SAMA-CSF,4.21,FINTECH,mandatory,medium,4,FinTech companies must meet both SAMA and PCI requirements,PENTEST|SCAN_REPORT,False
2174,359,SAMA-CSF,5.21,BANKING,mandatory,critical,1,Financial institutions must implement enhanced controls per SAMA requirements,AUDIT_REPORT|RISK_ASSESSMENT,False
2175,359,SAMA-CSF,5.21,INSURANCE,mandatory,critical,1,,,False
2176,359,SAMA-CSF,5.21,FINTECH,mandatory,critical,1,FinTech companies must meet both SAMA and PCI requirements,PENTEST|SCAN_REPORT,False
2177,360,SAMA-CSF,6.21,BANKING,mandatory,critical,2,Financial institutions must implement enhanced controls per SAMA requirements,AUDIT_REPORT|RISK_ASSESSMENT,False
2178,360,SAMA-CSF,6.21,INSURANCE,mandatory,high,2,,,False
2179,360,SAMA-CSF,6.21,FINTECH,mandatory,critical,2,FinTech companies must meet both SAMA and PCI requirements,PENTEST|SCAN_REPORT,False
2180,361,SAMA-CSF,1.22,BANKING,mandatory,high,3,Financial institutions must implement enhanced controls per SAMA requirements,AUDIT_REPORT|RISK_ASSESSMENT,False
2181,361,SAMA-CSF,1.22,INSURANCE,mandatory,medium,3,,,False
2182,361,SAMA-CSF,1.22,FINTECH,mandatory,high,3,FinTech companies must meet both SAMA and PCI requirements,PENTEST|SCAN_REPORT,False
2183,362,SAMA-CSF,2.22,BANKING,mandatory,medium,4,Financial institutions must implement enhanced controls per SAMA requirements,AUDIT_REPORT|RISK_ASSESSMENT,False
2184,362,SAMA-CSF,2.22,INSURANCE,mandatory,low,4,,,False
2185,362,SAMA-CSF,2.22,FINTECH,mandatory,medium,4,FinTech companies must meet both SAMA and PCI requirements,PENTEST|SCAN_REPORT,False
2186,363,SAMA-CSF,3.22,BANKING,mandatory,critical,1,Financial institutions must implement enhanced controls per SAMA requirements,AUDIT_REPORT|RISK_ASSESSMENT,False
2187,363,SAMA-CSF,3.22,INSURANCE,mandatory,critical,1,,,False
2188,363,SAMA-CSF,3.22,FINTECH,mandatory,critical,1,FinTech companies must meet both SAMA and PCI requirements,PENTEST|SCAN_REPORT,False
2189,364,SAMA-CSF,4.22,BANKING,mandatory,critical,2,Financial institutions must implement enhanced controls per SAMA requirements,AUDIT_REPORT|RISK_ASSESSMENT,False
2190,364,SAMA-CSF,4.22,INSURANCE,mandatory,high,2,,,False
2191,364,SAMA-CSF,4.22,FINTECH,mandatory,critical,2,FinTech companies must meet both SAMA and PCI requirements,PENTEST|SCAN_REPORT,False
2192,365,SAMA-CSF,5.22,BANKING,mandatory,high,3,Financial institutions must implement enhanced controls per SAMA requirements,AUDIT_REPORT|RISK_ASSESSMENT,False
2193,365,SAMA-CSF,5.22,INSURANCE,mandatory,medium,3,,,False
2194,365,SAMA-CSF,5.22,FINTECH,mandatory,high,3,FinTech companies must meet both SAMA and PCI requirements,PENTEST|SCAN_REPORT,False
2195,366,SAMA-CSF,6.22,BANKING,mandatory,medium,4,Financial institutions must implement enhanced controls per SAMA requirements,AUDIT_REPORT|RISK_ASSESSMENT,False
2196,366,SAMA-CSF,6.22,INSURANCE,mandatory,low,4,,,False
2197,366,SAMA-CSF,6.22,FINTECH,mandatory,medium,4,FinTech companies must meet both SAMA and PCI requirements,PENTEST|SCAN_REPORT,False
2198,367,SAMA-CSF,1.23,BANKING,mandatory,critical,1,Financial institutions must implement enhanced controls per SAMA requirements,AUDIT_REPORT|RISK_ASSESSMENT,False
2199,367,SAMA-CSF,1.23,INSURANCE,mandatory,critical,1,,,False
2200,367,SAMA-CSF,1.23,FINTECH,mandatory,critical,1,FinTech companies must meet both SAMA and PCI requirements,PENTEST|SCAN_REPORT,False
2201,368,SAMA-CSF,2.23,BANKING,mandatory,critical,2,Financial institutions must implement enhanced controls per SAMA requirements,AUDIT_REPORT|RISK_ASSESSMENT,False
2202,368,SAMA-CSF,2.23,INSURANCE,mandatory,high,2,,,False
2203,368,SAMA-CSF,2.23,FINTECH,mandatory,critical,2,FinTech companies must meet both SAMA and PCI requirements,PENTEST|SCAN_REPORT,False
2204,369,SAMA-CSF,3.23,BANKING,mandatory,high,3,Financial institutions must implement enhanced controls per SAMA requirements,AUDIT_REPORT|RISK_ASSESSMENT,False
2205,369,SAMA-CSF,3.23,INSURANCE,mandatory,medium,3,,,False
2206,369,SAMA-CSF,3.23,FINTECH,mandatory,high,3,FinTech companies must meet both SAMA and PCI requirements,PENTEST|SCAN_REPORT,False
2207,370,SAMA-CSF,4.23,BANKING,mandatory,medium,4,Financial institutions must implement enhanced controls per SAMA requirements,AUDIT_REPORT|RISK_ASSESSMENT,False
2208,370,SAMA-CSF,4.23,INSURANCE,mandatory,low,4,,,False
2209,370,SAMA-CSF,4.23,FINTECH,mandatory,medium,4,FinTech companies must meet both SAMA and PCI requirements,PENTEST|SCAN_REPORT,False
2210,371,SAMA-CSF,5.23,BANKING,mandatory,critical,1,Financial institutions must implement enhanced controls per SAMA requirements,AUDIT_REPORT|RISK_ASSESSMENT,False
2211,371,SAMA-CSF,5.23,INSURANCE,mandatory,critical,1,,,False
2212,371,SAMA-CSF,5.23,FINTECH,mandatory,critical,1,FinTech companies must meet both SAMA and PCI requirements,PENTEST|SCAN_REPORT,False
2213,372,SAMA-CSF,6.23,BANKING,mandatory,critical,2,Financial institutions must implement enhanced controls per SAMA requirements,AUDIT_REPORT|RISK_ASSESSMENT,False
2214,372,SAMA-CSF,6.23,INSURANCE,mandatory,high,2,,,False
2215,372,SAMA-CSF,6.23,FINTECH,mandatory,critical,2,FinTech companies must meet both SAMA and PCI requirements,PENTEST|SCAN_REPORT,False
2216,373,SAMA-CSF,1.24,BANKING,mandatory,high,3,Financial institutions must implement enhanced controls per SAMA requirements,AUDIT_REPORT|RISK_ASSESSMENT,False
2217,373,SAMA-CSF,1.24,INSURANCE,mandatory,medium,3,,,False
2218,373,SAMA-CSF,1.24,FINTECH,mandatory,high,3,FinTech companies must meet both SAMA and PCI requirements,PENTEST|SCAN_REPORT,False
2219,374,SAMA-CSF,2.24,BANKING,mandatory,medium,4,Financial institutions must implement enhanced controls per SAMA requirements,AUDIT_REPORT|RISK_ASSESSMENT,False
2220,374,SAMA-CSF,2.24,INSURANCE,mandatory,low,4,,,False
2221,374,SAMA-CSF,2.24,FINTECH,mandatory,medium,4,FinTech companies must meet both SAMA and PCI requirements,PENTEST|SCAN_REPORT,False
2222,375,SAMA-CSF,3.24,BANKING,mandatory,critical,1,Financial institutions must implement enhanced controls per SAMA requirements,AUDIT_REPORT|RISK_ASSESSMENT,False
2223,375,SAMA-CSF,3.24,INSURANCE,mandatory,critical,1,,,False
2224,375,SAMA-CSF,3.24,FINTECH,mandatory,critical,1,FinTech companies must meet both SAMA and PCI requirements,PENTEST|SCAN_REPORT,False
2225,376,SAMA-CSF,4.24,BANKING,mandatory,critical,2,Financial institutions must implement enhanced controls per SAMA requirements,AUDIT_REPORT|RISK_ASSESSMENT,False
2226,376,SAMA-CSF,4.24,INSURANCE,mandatory,high,2,,,False
2227,376,SAMA-CSF,4.24,FINTECH,mandatory,critical,2,FinTech companies must meet both SAMA and PCI requirements,PENTEST|SCAN_REPORT,False
2228,377,SAMA-CSF,5.24,BANKING,mandatory,high,3,Financial institutions must implement enhanced controls per SAMA requirements,AUDIT_REPORT|RISK_ASSESSMENT,False
2229,377,SAMA-CSF,5.24,INSURANCE,mandatory,medium,3,,,False
2230,377,SAMA-CSF,5.24,FINTECH,mandatory,high,3,FinTech companies must meet both SAMA and PCI requirements,PENTEST|SCAN_REPORT,False
2231,378,SAMA-CSF,6.24,BANKING,mandatory,medium,4,Financial institutions must implement enhanced controls per SAMA requirements,AUDIT_REPORT|RISK_ASSESSMENT,False
2232,378,SAMA-CSF,6.24,INSURANCE,mandatory,low,4,,,False
2233,378,SAMA-CSF,6.24,FINTECH,mandatory,medium,4,FinTech companies must meet both SAMA and PCI requirements,PENTEST|SCAN_REPORT,False
2234,379,SAMA-CSF,1.25,BANKING,mandatory,critical,1,Financial institutions must implement enhanced controls per SAMA requirements,AUDIT_REPORT|RISK_ASSESSMENT,False
2235,379,SAMA-CSF,1.25,INSURANCE,mandatory,critical,1,,,False
2236,379,SAMA-CSF,1.25,FINTECH,mandatory,critical,1,FinTech companies must meet both SAMA and PCI requirements,PENTEST|SCAN_REPORT,False
2237,380,SAMA-CSF,2.25,BANKING,mandatory,critical,2,Financial institutions must implement enhanced controls per SAMA requirements,AUDIT_REPORT|RISK_ASSESSMENT,False
2238,380,SAMA-CSF,2.25,INSURANCE,mandatory,high,2,,,False
2239,380,SAMA-CSF,2.25,FINTECH,mandatory,critical,2,FinTech companies must meet both SAMA and PCI requirements,PENTEST|SCAN_REPORT,False
2240,381,SAMA-CSF,3.25,BANKING,mandatory,high,3,Financial institutions must implement enhanced controls per SAMA requirements,AUDIT_REPORT|RISK_ASSESSMENT,False
2241,381,SAMA-CSF,3.25,INSURANCE,mandatory,medium,3,,,False
2242,381,SAMA-CSF,3.25,FINTECH,mandatory,high,3,FinTech companies must meet both SAMA and PCI requirements,PENTEST|SCAN_REPORT,False
2243,382,SAMA-CSF,4.25,BANKING,mandatory,medium,4,Financial institutions must implement enhanced controls per SAMA requirements,AUDIT_REPORT|RISK_ASSESSMENT,False
2244,382,SAMA-CSF,4.25,INSURANCE,mandatory,low,4,,,False
2245,382,SAMA-CSF,4.25,FINTECH,mandatory,medium,4,FinTech companies must meet both SAMA and PCI requirements,PENTEST|SCAN_REPORT,False
2246,383,SAMA-CSF,5.25,BANKING,mandatory,critical,1,Financial institutions must implement enhanced controls per SAMA requirements,AUDIT_REPORT|RISK_ASSESSMENT,False
2247,383,SAMA-CSF,5.25,INSURANCE,mandatory,critical,1,,,False
2248,383,SAMA-CSF,5.25,FINTECH,mandatory,critical,1,FinTech companies must meet both SAMA and PCI requirements,PENTEST|SCAN_REPORT,False
2249,384,SAMA-CSF,6.25,BANKING,mandatory,critical,2,Financial institutions must implement enhanced controls per SAMA requirements,AUDIT_REPORT|RISK_ASSESSMENT,False
2250,384,SAMA-CSF,6.25,INSURANCE,mandatory,high,2,,,False
2251,384,SAMA-CSF,6.25,FINTECH,mandatory,critical,2,FinTech companies must meet both SAMA and PCI requirements,PENTEST|SCAN_REPORT,False
2252,385,SAMA-CSF,1.26,BANKING,mandatory,high,3,Financial institutions must implement enhanced controls per SAMA requirements,AUDIT_REPORT|RISK_ASSESSMENT,False
2253,385,SAMA-CSF,1.26,INSURANCE,mandatory,medium,3,,,False
2254,385,SAMA-CSF,1.26,FINTECH,mandatory,high,3,FinTech companies must meet both SAMA and PCI requirements,PENTEST|SCAN_REPORT,False
2255,386,SAMA-CSF,2.26,BANKING,mandatory,medium,4,Financial institutions must implement enhanced controls per SAMA requirements,AUDIT_REPORT|RISK_ASSESSMENT,False
2256,386,SAMA-CSF,2.26,INSURANCE,mandatory,low,4,,,False
2257,386,SAMA-CSF,2.26,FINTECH,mandatory,medium,4,FinTech companies must meet both SAMA and PCI requirements,PENTEST|SCAN_REPORT,False
2258,387,SAMA-CSF,3.26,BANKING,mandatory,critical,1,Financial institutions must implement enhanced controls per SAMA requirements,AUDIT_REPORT|RISK_ASSESSMENT,False
2259,387,SAMA-CSF,3.26,INSURANCE,mandatory,critical,1,,,False
2260,387,SAMA-CSF,3.26,FINTECH,mandatory,critical,1,FinTech companies must meet both SAMA and PCI requirements,PENTEST|SCAN_REPORT,False
2261,388,SAMA-CSF,4.26,BANKING,mandatory,critical,2,Financial institutions must implement enhanced controls per SAMA requirements,AUDIT_REPORT|RISK_ASSESSMENT,False
2262,388,SAMA-CSF,4.26,INSURANCE,mandatory,high,2,,,False
2263,388,SAMA-CSF,4.26,FINTECH,mandatory,critical,2,FinTech companies must meet both SAMA and PCI requirements,PENTEST|SCAN_REPORT,False
2264,389,SAMA-CSF,5.26,BANKING,mandatory,high,3,Financial institutions must implement enhanced controls per SAMA requirements,AUDIT_REPORT|RISK_ASSESSMENT,False
2265,389,SAMA-CSF,5.26,INSURANCE,mandatory,medium,3,,,False
2266,389,SAMA-CSF,5.26,FINTECH,mandatory,high,3,FinTech companies must meet both SAMA and PCI requirements,PENTEST|SCAN_REPORT,False
2267,390,SAMA-CSF,6.26,BANKING,mandatory,medium,4,Financial institutions must implement enhanced controls per SAMA requirements,AUDIT_REPORT|RISK_ASSESSMENT,False
2268,390,SAMA-CSF,6.26,INSURANCE,mandatory,low,4,,,False
2269,390,SAMA-CSF,6.26,FINTECH,mandatory,medium,4,FinTech companies must meet both SAMA and PCI requirements,PENTEST|SCAN_REPORT,False
2270,391,SAMA-AML,1.1,BANKING,mandatory,critical,1,Financial institutions must implement enhanced controls per SAMA requirements,AUDIT_REPORT|RISK_ASSESSMENT,False
2271,391,SAMA-AML,1.1,INSURANCE,mandatory,critical,1,,,False
2272,391,SAMA-AML,1.1,CAPITAL_MARKETS,mandatory,critical,1,,,False
2273,391,SAMA-AML,1.1,FINTECH,mandatory,critical,1,FinTech companies must meet both SAMA and PCI requirements,PENTEST|SCAN_REPORT,False
2274,392,SAMA-AML,2.1,BANKING,mandatory,critical,2,Financial institutions must implement enhanced controls per SAMA requirements,AUDIT_REPORT|RISK_ASSESSMENT,False
2275,392,SAMA-AML,2.1,INSURANCE,mandatory,high,2,,,False
2276,392,SAMA-AML,2.1,CAPITAL_MARKETS,mandatory,high,2,,,False
2277,392,SAMA-AML,2.1,FINTECH,mandatory,critical,2,FinTech companies must meet both SAMA and PCI requirements,PENTEST|SCAN_REPORT,False
2278,393,SAMA-AML,3.1,BANKING,mandatory,high,3,Financial institutions must implement enhanced controls per SAMA requirements,AUDIT_REPORT|RISK_ASSESSMENT,False
2279,393,SAMA-AML,3.1,INSURANCE,mandatory,medium,3,,,False
2280,393,SAMA-AML,3.1,CAPITAL_MARKETS,mandatory,medium,3,,,False
2281,393,SAMA-AML,3.1,FINTECH,mandatory,high,3,FinTech companies must meet both SAMA and PCI requirements,PENTEST|SCAN_REPORT,False
2282,394,SAMA-AML,4.1,BANKING,mandatory,medium,4,Financial institutions must implement enhanced controls per SAMA requirements,AUDIT_REPORT|RISK_ASSESSMENT,False
2283,394,SAMA-AML,4.1,INSURANCE,mandatory,low,4,,,False
2284,394,SAMA-AML,4.1,CAPITAL_MARKETS,mandatory,low,4,,,False
2285,394,SAMA-AML,4.1,FINTECH,mandatory,medium,4,FinTech companies must meet both SAMA and PCI requirements,PENTEST|SCAN_REPORT,False
2286,395,SAMA-AML,5.1,BANKING,mandatory,critical,1,Financial institutions must implement enhanced controls per SAMA requirements,AUDIT_REPORT|RISK_ASSESSMENT,False
2287,395,SAMA-AML,5.1,INSURANCE,mandatory,critical,1,,,False
2288,395,SAMA-AML,5.1,CAPITAL_MARKETS,mandatory,critical,1,,,False
2289,395,SAMA-AML,5.1,FINTECH,mandatory,critical,1,FinTech companies must meet both SAMA and PCI requirements,PENTEST|SCAN_REPORT,False
2290,396,SAMA-AML,6.1,BANKING,mandatory,critical,2,Financial institutions must implement enhanced controls per SAMA requirements,AUDIT_REPORT|RISK_ASSESSMENT,False
2291,396,SAMA-AML,6.1,INSURANCE,mandatory,high,2,,,False
2292,396,SAMA-AML,6.1,CAPITAL_MARKETS,mandatory,high,2,,,False
2293,396,SAMA-AML,6.1,FINTECH,mandatory,critical,2,FinTech companies must meet both SAMA and PCI requirements,PENTEST|SCAN_REPORT,False
2294,397,SAMA-AML,1.2,BANKING,mandatory,high,3,Financial institutions must implement enhanced controls per SAMA requirements,AUDIT_REPORT|RISK_ASSESSMENT,False
2295,397,SAMA-AML,1.2,INSURANCE,mandatory,medium,3,,,False
2296,397,SAMA-AML,1.2,CAPITAL_MARKETS,mandatory,medium,3,,,False
2297,397,SAMA-AML,1.2,FINTECH,mandatory,high,3,FinTech companies must meet both SAMA and PCI requirements,PENTEST|SCAN_REPORT,False
2298,398,SAMA-AML,2.2,BANKING,mandatory,medium,4,Financial institutions must implement enhanced controls per SAMA requirements,AUDIT_REPORT|RISK_ASSESSMENT,False
2299,398,SAMA-AML,2.2,INSURANCE,mandatory,low,4,,,False
2300,398,SAMA-AML,2.2,CAPITAL_MARKETS,mandatory,low,4,,,False
2301,398,SAMA-AML,2.2,FINTECH,mandatory,medium,4,FinTech companies must meet both SAMA and PCI requirements,PENTEST|SCAN_REPORT,False
2302,399,SAMA-AML,3.2,BANKING,mandatory,critical,1,Financial institutions must implement enhanced controls per SAMA requirements,AUDIT_REPORT|RISK_ASSESSMENT,False
2303,399,SAMA-AML,3.2,INSURANCE,mandatory,critical,1,,,False
2304,399,SAMA-AML,3.2,CAPITAL_MARKETS,mandatory,critical,1,,,False
2305,399,SAMA-AML,3.2,FINTECH,mandatory,critical,1,FinTech companies must meet both SAMA and PCI requirements,PENTEST|SCAN_REPORT,False
2306,400,SAMA-AML,4.2,BANKING,mandatory,critical,2,Financial institutions must implement enhanced controls per SAMA requirements,AUDIT_REPORT|RISK_ASSESSMENT,False
2307,400,SAMA-AML,4.2,INSURANCE,mandatory,high,2,,,False
2308,400,SAMA-AML,4.2,CAPITAL_MARKETS,mandatory,high,2,,,False
2309,400,SAMA-AML,4.2,FINTECH,mandatory,critical,2,FinTech companies must meet both SAMA and PCI requirements,PENTEST|SCAN_REPORT,False
2310,401,SAMA-AML,5.2,BANKING,mandatory,high,3,Financial institutions must implement enhanced controls per SAMA requirements,AUDIT_REPORT|RISK_ASSESSMENT,False
2311,401,SAMA-AML,5.2,INSURANCE,mandatory,medium,3,,,False
2312,401,SAMA-AML,5.2,CAPITAL_MARKETS,mandatory,medium,3,,,False
2313,401,SAMA-AML,5.2,FINTECH,mandatory,high,3,FinTech companies must meet both SAMA and PCI requirements,PENTEST|SCAN_REPORT,False
2314,402,SAMA-AML,6.2,BANKING,mandatory,medium,4,Financial institutions must implement enhanced controls per SAMA requirements,AUDIT_REPORT|RISK_ASSESSMENT,False
2315,402,SAMA-AML,6.2,INSURANCE,mandatory,low,4,,,False
2316,402,SAMA-AML,6.2,CAPITAL_MARKETS,mandatory,low,4,,,False
2317,402,SAMA-AML,6.2,FINTECH,mandatory,medium,4,FinTech companies must meet both SAMA and PCI requirements,PENTEST|SCAN_REPORT,False
2318,403,SAMA-AML,1.3,BANKING,mandatory,critical,1,Financial institutions must implement enhanced controls per SAMA requirements,AUDIT_REPORT|RISK_ASSESSMENT,False
2319,403,SAMA-AML,1.3,INSURANCE,mandatory,critical,1,,,False
2320,403,SAMA-AML,1.3,CAPITAL_MARKETS,mandatory,critical,1,,,False
2321,403,SAMA-AML,1.3,FINTECH,mandatory,critical,1,FinTech companies must meet both SAMA and PCI requirements,PENTEST|SCAN_REPORT,False
2322,404,SAMA-AML,2.3,BANKING,mandatory,critical,2,Financial institutions must implement enhanced controls per SAMA requirements,AUDIT_REPORT|RISK_ASSESSMENT,False
2323,404,SAMA-AML,2.3,INSURANCE,mandatory,high,2,,,False
2324,404,SAMA-AML,2.3,CAPITAL_MARKETS,mandatory,high,2,,,False
2325,404,SAMA-AML,2.3,FINTECH,mandatory,critical,2,FinTech companies must meet both SAMA and PCI requirements,PENTEST|SCAN_REPORT,False
2326,405,SAMA-AML,3.3,BANKING,mandatory,high,3,Financial institutions must implement enhanced controls per SAMA requirements,AUDIT_REPORT|RISK_ASSESSMENT,False
2327,405,SAMA-AML,3.3,INSURANCE,mandatory,medium,3,,,False
2328,405,SAMA-AML,3.3,CAPITAL_MARKETS,mandatory,medium,3,,,False
2329,405,SAMA-AML,3.3,FINTECH,mandatory,high,3,FinTech companies must meet both SAMA and PCI requirements,PENTEST|SCAN_REPORT,False
2330,406,SAMA-AML,4.3,BANKING,mandatory,medium,4,Financial institutions must implement enhanced controls per SAMA requirements,AUDIT_REPORT|RISK_ASSESSMENT,False
2331,406,SAMA-AML,4.3,INSURANCE,mandatory,low,4,,,False
2332,406,SAMA-AML,4.3,CAPITAL_MARKETS,mandatory,low,4,,,False
2333,406,SAMA-AML,4.3,FINTECH,mandatory,medium,4,FinTech companies must meet both SAMA and PCI requirements,PENTEST|SCAN_REPORT,False
2334,407,SAMA-AML,5.3,BANKING,mandatory,critical,1,Financial institutions must implement enhanced controls per SAMA requirements,AUDIT_REPORT|RISK_ASSESSMENT,False
2335,407,SAMA-AML,5.3,INSURANCE,mandatory,critical,1,,,False
2336,407,SAMA-AML,5.3,CAPITAL_MARKETS,mandatory,critical,1,,,False
2337,407,SAMA-AML,5.3,FINTECH,mandatory,critical,1,FinTech companies must meet both SAMA and PCI requirements,PENTEST|SCAN_REPORT,False
2338,408,SAMA-AML,6.3,BANKING,mandatory,critical,2,Financial institutions must implement enhanced controls per SAMA requirements,AUDIT_REPORT|RISK_ASSESSMENT,False
2339,408,SAMA-AML,6.3,INSURANCE,mandatory,high,2,,,False
2340,408,SAMA-AML,6.3,CAPITAL_MARKETS,mandatory,high,2,,,False
2341,408,SAMA-AML,6.3,FINTECH,mandatory,critical,2,FinTech companies must meet both SAMA and PCI requirements,PENTEST|SCAN_REPORT,False
2342,409,SAMA-AML,1.4,BANKING,mandatory,high,3,Financial institutions must implement enhanced controls per SAMA requirements,AUDIT_REPORT|RISK_ASSESSMENT,False
2343,409,SAMA-AML,1.4,INSURANCE,mandatory,medium,3,,,False
2344,409,SAMA-AML,1.4,CAPITAL_MARKETS,mandatory,medium,3,,,False
2345,409,SAMA-AML,1.4,FINTECH,mandatory,high,3,FinTech companies must meet both SAMA and PCI requirements,PENTEST|SCAN_REPORT,False
2346,410,SAMA-AML,2.4,BANKING,mandatory,medium,4,Financial institutions must implement enhanced controls per SAMA requirements,AUDIT_REPORT|RISK_ASSESSMENT,False
2347,410,SAMA-AML,2.4,INSURANCE,mandatory,low,4,,,False
2348,410,SAMA-AML,2.4,CAPITAL_MARKETS,mandatory,low,4,,,False
2349,410,SAMA-AML,2.4,FINTECH,mandatory,medium,4,FinTech companies must meet both SAMA and PCI requirements,PENTEST|SCAN_REPORT,False
2350,411,SAMA-AML,3.4,BANKING,mandatory,critical,1,Financial institutions must implement enhanced controls per SAMA requirements,AUDIT_REPORT|RISK_ASSESSMENT,False
2351,411,SAMA-AML,3.4,INSURANCE,mandatory,critical,1,,,False
2352,411,SAMA-AML,3.4,CAPITAL_MARKETS,mandatory,critical,1,,,False
2353,411,SAMA-AML,3.4,FINTECH,mandatory,critical,1,FinTech companies must meet both SAMA and PCI requirements,PENTEST|SCAN_REPORT,False
2354,412,SAMA-AML,4.4,BANKING,mandatory,critical,2,Financial institutions must implement enhanced controls per SAMA requirements,AUDIT_REPORT|RISK_ASSESSMENT,False
2355,412,SAMA-AML,4.4,INSURANCE,mandatory,high,2,,,False
2356,412,SAMA-AML,4.4,CAPITAL_MARKETS,mandatory,high,2,,,False
2357,412,SAMA-AML,4.4,FINTECH,mandatory,critical,2,FinTech companies must meet both SAMA and PCI requirements,PENTEST|SCAN_REPORT,False
2358,413,SAMA-AML,5.4,BANKING,mandatory,high,3,Financial institutions must implement enhanced controls per SAMA requirements,AUDIT_REPORT|RISK_ASSESSMENT,False
2359,413,SAMA-AML,5.4,INSURANCE,mandatory,medium,3,,,False
2360,413,SAMA-AML,5.4,CAPITAL_MARKETS,mandatory,medium,3,,,False
2361,413,SAMA-AML,5.4,FINTECH,mandatory,high,3,FinTech companies must meet both SAMA and PCI requirements,PENTEST|SCAN_REPORT,False
2362,414,SAMA-AML,6.4,BANKING,mandatory,medium,4,Financial institutions must implement enhanced controls per SAMA requirements,AUDIT_REPORT|RISK_ASSESSMENT,False
2363,414,SAMA-AML,6.4,INSURANCE,mandatory,low,4,,,False
2364,414,SAMA-AML,6.4,CAPITAL_MARKETS,mandatory,low,4,,,False
2365,414,SAMA-AML,6.4,FINTECH,mandatory,medium,4,FinTech companies must meet both SAMA and PCI requirements,PENTEST|SCAN_REPORT,False
2366,415,SAMA-AML,1.5,BANKING,mandatory,critical,1,Financial institutions must implement enhanced controls per SAMA requirements,AUDIT_REPORT|RISK_ASSESSMENT,False
2367,415,SAMA-AML,1.5,INSURANCE,mandatory,critical,1,,,False
2368,415,SAMA-AML,1.5,CAPITAL_MARKETS,mandatory,critical,1,,,False
2369,415,SAMA-AML,1.5,FINTECH,mandatory,critical,1,FinTech companies must meet both SAMA and PCI requirements,PENTEST|SCAN_REPORT,False
2370,416,SAMA-AML,2.5,BANKING,mandatory,critical,2,Financial institutions must implement enhanced controls per SAMA requirements,AUDIT_REPORT|RISK_ASSESSMENT,False
2371,416,SAMA-AML,2.5,INSURANCE,mandatory,high,2,,,False
2372,416,SAMA-AML,2.5,CAPITAL_MARKETS,mandatory,high,2,,,False
2373,416,SAMA-AML,2.5,FINTECH,mandatory,critical,2,FinTech companies must meet both SAMA and PCI requirements,PENTEST|SCAN_REPORT,False
2374,417,SAMA-AML,3.5,BANKING,mandatory,high,3,Financial institutions must implement enhanced controls per SAMA requirements,AUDIT_REPORT|RISK_ASSESSMENT,False
2375,417,SAMA-AML,3.5,INSURANCE,mandatory,medium,3,,,False
2376,417,SAMA-AML,3.5,CAPITAL_MARKETS,mandatory,medium,3,,,False
2377,417,SAMA-AML,3.5,FINTECH,mandatory,high,3,FinTech companies must meet both SAMA and PCI requirements,PENTEST|SCAN_REPORT,False
2378,418,SAMA-AML,4.5,BANKING,mandatory,medium,4,Financial institutions must implement enhanced controls per SAMA requirements,AUDIT_REPORT|RISK_ASSESSMENT,False
2379,418,SAMA-AML,4.5,INSURANCE,mandatory,low,4,,,False
2380,418,SAMA-AML,4.5,CAPITAL_MARKETS,mandatory,low,4,,,False
2381,418,SAMA-AML,4.5,FINTECH,mandatory,medium,4,FinTech companies must meet both SAMA and PCI requirements,PENTEST|SCAN_REPORT,False
2382,419,SAMA-AML,5.5,BANKING,mandatory,critical,1,Financial institutions must implement enhanced controls per SAMA requirements,AUDIT_REPORT|RISK_ASSESSMENT,False
2383,419,SAMA-AML,5.5,INSURANCE,mandatory,critical,1,,,False
2384,419,SAMA-AML,5.5,CAPITAL_MARKETS,mandatory,critical,1,,,False
2385,419,SAMA-AML,5.5,FINTECH,mandatory,critical,1,FinTech companies must meet both SAMA and PCI requirements,PENTEST|SCAN_REPORT,False
2386,420,SAMA-AML,6.5,BANKING,mandatory,critical,2,Financial institutions must implement enhanced controls per SAMA requirements,AUDIT_REPORT|RISK_ASSESSMENT,False
2387,420,SAMA-AML,6.5,INSURANCE,mandatory,high,2,,,False
2388,420,SAMA-AML,6.5,CAPITAL_MARKETS,mandatory,high,2,,,False
2389,420,SAMA-AML,6.5,FINTECH,mandatory,critical,2,FinTech companies must meet both SAMA and PCI requirements,PENTEST|SCAN_REPORT,False
2390,421,SAMA-AML,1.6,BANKING,mandatory,high,3,Financial institutions must implement enhanced controls per SAMA requirements,AUDIT_REPORT|RISK_ASSESSMENT,False
2391,421,SAMA-AML,1.6,INSURANCE,mandatory,medium,3,,,False
2392,421,SAMA-AML,1.6,CAPITAL_MARKETS,mandatory,medium,3,,,False
2393,421,SAMA-AML,1.6,FINTECH,mandatory,high,3,FinTech companies must meet both SAMA and PCI requirements,PENTEST|SCAN_REPORT,False
2394,422,SAMA-AML,2.6,BANKING,mandatory,medium,4,Financial institutions must implement enhanced controls per SAMA requirements,AUDIT_REPORT|RISK_ASSESSMENT,False
2395,422,SAMA-AML,2.6,INSURANCE,mandatory,low,4,,,False
2396,422,SAMA-AML,2.6,CAPITAL_MARKETS,mandatory,low,4,,,False
2397,422,SAMA-AML,2.6,FINTECH,mandatory,medium,4,FinTech companies must meet both SAMA and PCI requirements,PENTEST|SCAN_REPORT,False
2398,423,SAMA-AML,3.6,BANKING,mandatory,critical,1,Financial institutions must implement enhanced controls per SAMA requirements,AUDIT_REPORT|RISK_ASSESSMENT,False
2399,423,SAMA-AML,3.6,INSURANCE,mandatory,critical,1,,,False
2400,423,SAMA-AML,3.6,CAPITAL_MARKETS,mandatory,critical,1,,,False
2401,423,SAMA-AML,3.6,FINTECH,mandatory,critical,1,FinTech companies must meet both SAMA and PCI requirements,PENTEST|SCAN_REPORT,False
2402,424,SAMA-AML,4.6,BANKING,mandatory,critical,2,Financial institutions must implement enhanced controls per SAMA requirements,AUDIT_REPORT|RISK_ASSESSMENT,False
2403,424,SAMA-AML,4.6,INSURANCE,mandatory,high,2,,,False
2404,424,SAMA-AML,4.6,CAPITAL_MARKETS,mandatory,high,2,,,False
2405,424,SAMA-AML,4.6,FINTECH,mandatory,critical,2,FinTech companies must meet both SAMA and PCI requirements,PENTEST|SCAN_REPORT,False
2406,425,SAMA-AML,5.6,BANKING,mandatory,high,3,Financial institutions must implement enhanced controls per SAMA requirements,AUDIT_REPORT|RISK_ASSESSMENT,False
2407,425,SAMA-AML,5.6,INSURANCE,mandatory,medium,3,,,False
2408,425,SAMA-AML,5.6,CAPITAL_MARKETS,mandatory,medium,3,,,False
2409,425,SAMA-AML,5.6,FINTECH,mandatory,high,3,FinTech companies must meet both SAMA and PCI requirements,PENTEST|SCAN_REPORT,False
2410,426,SAMA-AML,6.6,BANKING,mandatory,medium,4,Financial institutions must implement enhanced controls per SAMA requirements,AUDIT_REPORT|RISK_ASSESSMENT,False
2411,426,SAMA-AML,6.6,INSURANCE,mandatory,low,4,,,False
2412,426,SAMA-AML,6.6,CAPITAL_MARKETS,mandatory,low,4,,,False
2413,426,SAMA-AML,6.6,FINTECH,mandatory,medium,4,FinTech companies must meet both SAMA and PCI requirements,PENTEST|SCAN_REPORT,False
2414,427,SAMA-AML,1.7,BANKING,mandatory,critical,1,Financial institutions must implement enhanced controls per SAMA requirements,AUDIT_REPORT|RISK_ASSESSMENT,False
2415,427,SAMA-AML,1.7,INSURANCE,mandatory,critical,1,,,False
2416,427,SAMA-AML,1.7,CAPITAL_MARKETS,mandatory,critical,1,,,False
2417,427,SAMA-AML,1.7,FINTECH,mandatory,critical,1,FinTech companies must meet both SAMA and PCI requirements,PENTEST|SCAN_REPORT,False
2418,428,SAMA-AML,2.7,BANKING,mandatory,critical,2,Financial institutions must implement enhanced controls per SAMA requirements,AUDIT_REPORT|RISK_ASSESSMENT,False
2419,428,SAMA-AML,2.7,INSURANCE,mandatory,high,2,,,False
2420,428,SAMA-AML,2.7,CAPITAL_MARKETS,mandatory,high,2,,,False
2421,428,SAMA-AML,2.7,FINTECH,mandatory,critical,2,FinTech companies must meet both SAMA and PCI requirements,PENTEST|SCAN_REPORT,False
2422,429,SAMA-AML,3.7,BANKING,mandatory,high,3,Financial institutions must implement enhanced controls per SAMA requirements,AUDIT_REPORT|RISK_ASSESSMENT,False
2423,429,SAMA-AML,3.7,INSURANCE,mandatory,medium,3,,,False
2424,429,SAMA-AML,3.7,CAPITAL_MARKETS,mandatory,medium,3,,,False
2425,429,SAMA-AML,3.7,FINTECH,mandatory,high,3,FinTech companies must meet both SAMA and PCI requirements,PENTEST|SCAN_REPORT,False
2426,430,SAMA-AML,4.7,BANKING,mandatory,medium,4,Financial institutions must implement enhanced controls per SAMA requirements,AUDIT_REPORT|RISK_ASSESSMENT,False
2427,430,SAMA-AML,4.7,INSURANCE,mandatory,low,4,,,False
2428,430,SAMA-AML,4.7,CAPITAL_MARKETS,mandatory,low,4,,,False
2429,430,SAMA-AML,4.7,FINTECH,mandatory,medium,4,FinTech companies must meet both SAMA and PCI requirements,PENTEST|SCAN_REPORT,False
2430,431,SAMA-AML,5.7,BANKING,mandatory,critical,1,Financial institutions must implement enhanced controls per SAMA requirements,AUDIT_REPORT|RISK_ASSESSMENT,False
2431,431,SAMA-AML,5.7,INSURANCE,mandatory,critical,1,,,False
2432,431,SAMA-AML,5.7,CAPITAL_MARKETS,mandatory,critical,1,,,False
2433,431,SAMA-AML,5.7,FINTECH,mandatory,critical,1,FinTech companies must meet both SAMA and PCI requirements,PENTEST|SCAN_REPORT,False
2434,432,SAMA-AML,6.7,BANKING,mandatory,critical,2,Financial institutions must implement enhanced controls per SAMA requirements,AUDIT_REPORT|RISK_ASSESSMENT,False
2435,432,SAMA-AML,6.7,INSURANCE,mandatory,high,2,,,False
2436,432,SAMA-AML,6.7,CAPITAL_MARKETS,mandatory,high,2,,,False
2437,432,SAMA-AML,6.7,FINTECH,mandatory,critical,2,FinTech companies must meet both SAMA and PCI requirements,PENTEST|SCAN_REPORT,False
2438,433,SAMA-AML,1.8,BANKING,mandatory,high,3,Financial institutions must implement enhanced controls per SAMA requirements,AUDIT_REPORT|RISK_ASSESSMENT,False
2439,433,SAMA-AML,1.8,INSURANCE,mandatory,medium,3,,,False
2440,433,SAMA-AML,1.8,CAPITAL_MARKETS,mandatory,medium,3,,,False
2441,433,SAMA-AML,1.8,FINTECH,mandatory,high,3,FinTech companies must meet both SAMA and PCI requirements,PENTEST|SCAN_REPORT,False
2442,434,SAMA-AML,2.8,BANKING,mandatory,medium,4,Financial institutions must implement enhanced controls per SAMA requirements,AUDIT_REPORT|RISK_ASSESSMENT,False
2443,434,SAMA-AML,2.8,INSURANCE,mandatory,low,4,,,False
2444,434,SAMA-AML,2.8,CAPITAL_MARKETS,mandatory,low,4,,,False
2445,434,SAMA-AML,2.8,FINTECH,mandatory,medium,4,FinTech companies must meet both SAMA and PCI requirements,PENTEST|SCAN_REPORT,False
2446,435,SAMA-AML,3.8,BANKING,mandatory,critical,1,Financial institutions must implement enhanced controls per SAMA requirements,AUDIT_REPORT|RISK_ASSESSMENT,False
2447,435,SAMA-AML,3.8,INSURANCE,mandatory,critical,1,,,False
2448,435,SAMA-AML,3.8,CAPITAL_MARKETS,mandatory,critical,1,,,False
2449,435,SAMA-AML,3.8,FINTECH,mandatory,critical,1,FinTech companies must meet both SAMA and PCI requirements,PENTEST|SCAN_REPORT,False
2450,436,SAMA-AML,4.8,BANKING,mandatory,critical,2,Financial institutions must implement enhanced controls per SAMA requirements,AUDIT_REPORT|RISK_ASSESSMENT,False
2451,436,SAMA-AML,4.8,INSURANCE,mandatory,high,2,,,False
2452,436,SAMA-AML,4.8,CAPITAL_MARKETS,mandatory,high,2,,,False
2453,436,SAMA-AML,4.8,FINTECH,mandatory,critical,2,FinTech companies must meet both SAMA and PCI requirements,PENTEST|SCAN_REPORT,False
2454,437,SAMA-AML,5.8,BANKING,mandatory,high,3,Financial institutions must implement enhanced controls per SAMA requirements,AUDIT_REPORT|RISK_ASSESSMENT,False
2455,437,SAMA-AML,5.8,INSURANCE,mandatory,medium,3,,,False
2456,437,SAMA-AML,5.8,CAPITAL_MARKETS,mandatory,medium,3,,,False
2457,437,SAMA-AML,5.8,FINTECH,mandatory,high,3,FinTech companies must meet both SAMA and PCI requirements,PENTEST|SCAN_REPORT,False
2458,438,SAMA-AML,6.8,BANKING,mandatory,medium,4,Financial institutions must implement enhanced controls per SAMA requirements,AUDIT_REPORT|RISK_ASSESSMENT,False
2459,438,SAMA-AML,6.8,INSURANCE,mandatory,low,4,,,False
2460,438,SAMA-AML,6.8,CAPITAL_MARKETS,mandatory,low,4,,,False
2461,438,SAMA-AML,6.8,FINTECH,mandatory,medium,4,FinTech companies must meet both SAMA and PCI requirements,PENTEST|SCAN_REPORT,False
2462,439,SAMA-AML,1.9,BANKING,mandatory,critical,1,Financial institutions must implement enhanced controls per SAMA requirements,AUDIT_REPORT|RISK_ASSESSMENT,False
2463,439,SAMA-AML,1.9,INSURANCE,mandatory,critical,1,,,False
2464,439,SAMA-AML,1.9,CAPITAL_MARKETS,mandatory,critical,1,,,False
2465,439,SAMA-AML,1.9,FINTECH,mandatory,critical,1,FinTech companies must meet both SAMA and PCI requirements,PENTEST|SCAN_REPORT,False
2466,440,SAMA-AML,2.9,BANKING,mandatory,critical,2,Financial institutions must implement enhanced controls per SAMA requirements,AUDIT_REPORT|RISK_ASSESSMENT,False
2467,440,SAMA-AML,2.9,INSURANCE,mandatory,high,2,,,False
2468,440,SAMA-AML,2.9,CAPITAL_MARKETS,mandatory,high,2,,,False
2469,440,SAMA-AML,2.9,FINTECH,mandatory,critical,2,FinTech companies must meet both SAMA and PCI requirements,PENTEST|SCAN_REPORT,False
2470,441,SAMA-AML,3.9,BANKING,mandatory,high,3,Financial institutions must implement enhanced controls per SAMA requirements,AUDIT_REPORT|RISK_ASSESSMENT,False
2471,441,SAMA-AML,3.9,INSURANCE,mandatory,medium,3,,,False
2472,441,SAMA-AML,3.9,CAPITAL_MARKETS,mandatory,medium,3,,,False
2473,441,SAMA-AML,3.9,FINTECH,mandatory,high,3,FinTech companies must meet both SAMA and PCI requirements,PENTEST|SCAN_REPORT,False
2474,442,SAMA-AML,4.9,BANKING,mandatory,medium,4,Financial institutions must implement enhanced controls per SAMA requirements,AUDIT_REPORT|RISK_ASSESSMENT,False
2475,442,SAMA-AML,4.9,INSURANCE,mandatory,low,4,,,False
2476,442,SAMA-AML,4.9,CAPITAL_MARKETS,mandatory,low,4,,,False
2477,442,SAMA-AML,4.9,FINTECH,mandatory,medium,4,FinTech companies must meet both SAMA and PCI requirements,PENTEST|SCAN_REPORT,False
2478,443,SAMA-AML,5.9,BANKING,mandatory,critical,1,Financial institutions must implement enhanced controls per SAMA requirements,AUDIT_REPORT|RISK_ASSESSMENT,False
2479,443,SAMA-AML,5.9,INSURANCE,mandatory,critical,1,,,False
2480,443,SAMA-AML,5.9,CAPITAL_MARKETS,mandatory,critical,1,,,False
2481,443,SAMA-AML,5.9,FINTECH,mandatory,critical,1,FinTech companies must meet both SAMA and PCI requirements,PENTEST|SCAN_REPORT,False
2482,444,SAMA-AML,6.9,BANKING,mandatory,critical,2,Financial institutions must implement enhanced controls per SAMA requirements,AUDIT_REPORT|RISK_ASSESSMENT,False
2483,444,SAMA-AML,6.9,INSURANCE,mandatory,high,2,,,False
2484,444,SAMA-AML,6.9,CAPITAL_MARKETS,mandatory,high,2,,,False
2485,444,SAMA-AML,6.9,FINTECH,mandatory,critical,2,FinTech companies must meet both SAMA and PCI requirements,PENTEST|SCAN_REPORT,False
2486,445,SAMA-AML,1.10,BANKING,mandatory,high,3,Financial institutions must implement enhanced controls per SAMA requirements,AUDIT_REPORT|RISK_ASSESSMENT,False
2487,445,SAMA-AML,1.10,INSURANCE,mandatory,medium,3,,,False
2488,445,SAMA-AML,1.10,CAPITAL_MARKETS,mandatory,medium,3,,,False
2489,445,SAMA-AML,1.10,FINTECH,mandatory,high,3,FinTech companies must meet both SAMA and PCI requirements,PENTEST|SCAN_REPORT,False
2490,446,SAMA-AML,2.10,BANKING,mandatory,medium,4,Financial institutions must implement enhanced controls per SAMA requirements,AUDIT_REPORT|RISK_ASSESSMENT,False
2491,446,SAMA-AML,2.10,INSURANCE,mandatory,low,4,,,False
2492,446,SAMA-AML,2.10,CAPITAL_MARKETS,mandatory,low,4,,,False
2493,446,SAMA-AML,2.10,FINTECH,mandatory,medium,4,FinTech companies must meet both SAMA and PCI requirements,PENTEST|SCAN_REPORT,False
2494,447,SAMA-AML,3.10,BANKING,mandatory,critical,1,Financial institutions must implement enhanced controls per SAMA requirements,AUDIT_REPORT|RISK_ASSESSMENT,False
2495,447,SAMA-AML,3.10,INSURANCE,mandatory,critical,1,,,False
2496,447,SAMA-AML,3.10,CAPITAL_MARKETS,mandatory,critical,1,,,False
2497,447,SAMA-AML,3.10,FINTECH,mandatory,critical,1,FinTech companies must meet both SAMA and PCI requirements,PENTEST|SCAN_REPORT,False
2498,448,SAMA-AML,4.10,BANKING,mandatory,critical,2,Financial institutions must implement enhanced controls per SAMA requirements,AUDIT_REPORT|RISK_ASSESSMENT,False
2499,448,SAMA-AML,4.10,INSURANCE,mandatory,high,2,,,False
2500,448,SAMA-AML,4.10,CAPITAL_MARKETS,mandatory,high,2,,,False
2501,448,SAMA-AML,4.10,FINTECH,mandatory,critical,2,FinTech companies must meet both SAMA and PCI requirements,PENTEST|SCAN_REPORT,False
2502,449,SAMA-AML,5.10,BANKING,mandatory,high,3,Financial institutions must implement enhanced controls per SAMA requirements,AUDIT_REPORT|RISK_ASSESSMENT,False
2503,449,SAMA-AML,5.10,INSURANCE,mandatory,medium,3,,,False
2504,449,SAMA-AML,5.10,CAPITAL_MARKETS,mandatory,medium,3,,,False
2505,449,SAMA-AML,5.10,FINTECH,mandatory,high,3,FinTech companies must meet both SAMA and PCI requirements,PENTEST|SCAN_REPORT,False
2506,450,SAMA-AML,6.10,BANKING,mandatory,medium,4,Financial institutions must implement enhanced controls per SAMA requirements,AUDIT_REPORT|RISK_ASSESSMENT,False
2507,450,SAMA-AML,6.10,INSURANCE,mandatory,low,4,,,False
2508,450,SAMA-AML,6.10,CAPITAL_MARKETS,mandatory,low,4,,,False
2509,450,SAMA-AML,6.10,FINTECH,mandatory,medium,4,FinTech companies must meet both SAMA and PCI requirements,PENTEST|SCAN_REPORT,False
2510,451,SAMA-AML,1.11,BANKING,mandatory,critical,1,Financial institutions must implement enhanced controls per SAMA requirements,AUDIT_REPORT|RISK_ASSESSMENT,False
2511,451,SAMA-AML,1.11,INSURANCE,mandatory,critical,1,,,False
2512,451,SAMA-AML,1.11,CAPITAL_MARKETS,mandatory,critical,1,,,False
2513,451,SAMA-AML,1.11,FINTECH,mandatory,critical,1,FinTech companies must meet both SAMA and PCI requirements,PENTEST|SCAN_REPORT,False
2514,452,SAMA-AML,2.11,BANKING,mandatory,critical,2,Financial institutions must implement enhanced controls per SAMA requirements,AUDIT_REPORT|RISK_ASSESSMENT,False
2515,452,SAMA-AML,2.11,INSURANCE,mandatory,high,2,,,False
2516,452,SAMA-AML,2.11,CAPITAL_MARKETS,mandatory,high,2,,,False
2517,452,SAMA-AML,2.11,FINTECH,mandatory,critical,2,FinTech companies must meet both SAMA and PCI requirements,PENTEST|SCAN_REPORT,False
2518,453,SAMA-AML,3.11,BANKING,mandatory,high,3,Financial institutions must implement enhanced controls per SAMA requirements,AUDIT_REPORT|RISK_ASSESSMENT,False
2519,453,SAMA-AML,3.11,INSURANCE,mandatory,medium,3,,,False
2520,453,SAMA-AML,3.11,CAPITAL_MARKETS,mandatory,medium,3,,,False
2521,453,SAMA-AML,3.11,FINTECH,mandatory,high,3,FinTech companies must meet both SAMA and PCI requirements,PENTEST|SCAN_REPORT,False
2522,454,SAMA-AML,4.11,BANKING,mandatory,medium,4,Financial institutions must implement enhanced controls per SAMA requirements,AUDIT_REPORT|RISK_ASSESSMENT,False
2523,454,SAMA-AML,4.11,INSURANCE,mandatory,low,4,,,False
2524,454,SAMA-AML,4.11,CAPITAL_MARKETS,mandatory,low,4,,,False
2525,454,SAMA-AML,4.11,FINTECH,mandatory,medium,4,FinTech companies must meet both SAMA and PCI requirements,PENTEST|SCAN_REPORT,False
2526,455,SAMA-AML,5.11,BANKING,mandatory,critical,1,Financial institutions must implement enhanced controls per SAMA requirements,AUDIT_REPORT|RISK_ASSESSMENT,False
2527,455,SAMA-AML,5.11,INSURANCE,mandatory,critical,1,,,False
2528,455,SAMA-AML,5.11,CAPITAL_MARKETS,mandatory,critical,1,,,False
2529,455,SAMA-AML,5.11,FINTECH,mandatory,critical,1,FinTech companies must meet both SAMA and PCI requirements,PENTEST|SCAN_REPORT,False
2530,456,SAMA-AML,6.11,BANKING,mandatory,critical,2,Financial institutions must implement enhanced controls per SAMA requirements,AUDIT_REPORT|RISK_ASSESSMENT,False
2531,456,SAMA-AML,6.11,INSURANCE,mandatory,high,2,,,False
2532,456,SAMA-AML,6.11,CAPITAL_MARKETS,mandatory,high,2,,,False
2533,456,SAMA-AML,6.11,FINTECH,mandatory,critical,2,FinTech companies must meet both SAMA and PCI requirements,PENTEST|SCAN_REPORT,False
2534,457,SAMA-AML,1.12,BANKING,mandatory,high,3,Financial institutions must implement enhanced controls per SAMA requirements,AUDIT_REPORT|RISK_ASSESSMENT,False
2535,457,SAMA-AML,1.12,INSURANCE,mandatory,medium,3,,,False
2536,457,SAMA-AML,1.12,CAPITAL_MARKETS,mandatory,medium,3,,,False
2537,457,SAMA-AML,1.12,FINTECH,mandatory,high,3,FinTech companies must meet both SAMA and PCI requirements,PENTEST|SCAN_REPORT,False
2538,458,SAMA-AML,2.12,BANKING,mandatory,medium,4,Financial institutions must implement enhanced controls per SAMA requirements,AUDIT_REPORT|RISK_ASSESSMENT,False
2539,458,SAMA-AML,2.12,INSURANCE,mandatory,low,4,,,False
2540,458,SAMA-AML,2.12,CAPITAL_MARKETS,mandatory,low,4,,,False
2541,458,SAMA-AML,2.12,FINTECH,mandatory,medium,4,FinTech companies must meet both SAMA and PCI requirements,PENTEST|SCAN_REPORT,False
2542,459,SAMA-AML,3.12,BANKING,mandatory,critical,1,Financial institutions must implement enhanced controls per SAMA requirements,AUDIT_REPORT|RISK_ASSESSMENT,False
2543,459,SAMA-AML,3.12,INSURANCE,mandatory,critical,1,,,False
2544,459,SAMA-AML,3.12,CAPITAL_MARKETS,mandatory,critical,1,,,False
2545,459,SAMA-AML,3.12,FINTECH,mandatory,critical,1,FinTech companies must meet both SAMA and PCI requirements,PENTEST|SCAN_REPORT,False
2546,460,SAMA-AML,4.12,BANKING,mandatory,critical,2,Financial institutions must implement enhanced controls per SAMA requirements,AUDIT_REPORT|RISK_ASSESSMENT,False
2547,460,SAMA-AML,4.12,INSURANCE,mandatory,high,2,,,False
2548,460,SAMA-AML,4.12,CAPITAL_MARKETS,mandatory,high,2,,,False
2549,460,SAMA-AML,4.12,FINTECH,mandatory,critical,2,FinTech companies must meet both SAMA and PCI requirements,PENTEST|SCAN_REPORT,False
2550,461,SAMA-AML,5.12,BANKING,mandatory,high,3,Financial institutions must implement enhanced controls per SAMA requirements,AUDIT_REPORT|RISK_ASSESSMENT,False
2551,461,SAMA-AML,5.12,INSURANCE,mandatory,medium,3,,,False
2552,461,SAMA-AML,5.12,CAPITAL_MARKETS,mandatory,medium,3,,,False
2553,461,SAMA-AML,5.12,FINTECH,mandatory,high,3,FinTech companies must meet both SAMA and PCI requirements,PENTEST|SCAN_REPORT,False
2554,462,SAMA-AML,6.12,BANKING,mandatory,medium,4,Financial institutions must implement enhanced controls per SAMA requirements,AUDIT_REPORT|RISK_ASSESSMENT,False
2555,462,SAMA-AML,6.12,INSURANCE,mandatory,low,4,,,False
2556,462,SAMA-AML,6.12,CAPITAL_MARKETS,mandatory,low,4,,,False
2557,462,SAMA-AML,6.12,FINTECH,mandatory,medium,4,FinTech companies must meet both SAMA and PCI requirements,PENTEST|SCAN_REPORT,False
2558,463,SAMA-AML,1.13,BANKING,mandatory,critical,1,Financial institutions must implement enhanced controls per SAMA requirements,AUDIT_REPORT|RISK_ASSESSMENT,False
2559,463,SAMA-AML,1.13,INSURANCE,mandatory,critical,1,,,False
2560,463,SAMA-AML,1.13,CAPITAL_MARKETS,mandatory,critical,1,,,False
2561,463,SAMA-AML,1.13,FINTECH,mandatory,critical,1,FinTech companies must meet both SAMA and PCI requirements,PENTEST|SCAN_REPORT,False
2562,464,SAMA-AML,2.13,BANKING,mandatory,critical,2,Financial institutions must implement enhanced controls per SAMA requirements,AUDIT_REPORT|RISK_ASSESSMENT,False
2563,464,SAMA-AML,2.13,INSURANCE,mandatory,high,2,,,False
2564,464,SAMA-AML,2.13,CAPITAL_MARKETS,mandatory,high,2,,,False
2565,464,SAMA-AML,2.13,FINTECH,mandatory,critical,2,FinTech companies must meet both SAMA and PCI requirements,PENTEST|SCAN_REPORT,False
2566,465,SAMA-AML,3.13,BANKING,mandatory,high,3,Financial institutions must implement enhanced controls per SAMA requirements,AUDIT_REPORT|RISK_ASSESSMENT,False
2567,465,SAMA-AML,3.13,INSURANCE,mandatory,medium,3,,,False
2568,465,SAMA-AML,3.13,CAPITAL_MARKETS,mandatory,medium,3,,,False
2569,465,SAMA-AML,3.13,FINTECH,mandatory,high,3,FinTech companies must meet both SAMA and PCI requirements,PENTEST|SCAN_REPORT,False
2570,466,SAMA-AML,4.13,BANKING,mandatory,medium,4,Financial institutions must implement enhanced controls per SAMA requirements,AUDIT_REPORT|RISK_ASSESSMENT,False
2571,466,SAMA-AML,4.13,INSURANCE,mandatory,low,4,,,False
2572,466,SAMA-AML,4.13,CAPITAL_MARKETS,mandatory,low,4,,,False
2573,466,SAMA-AML,4.13,FINTECH,mandatory,medium,4,FinTech companies must meet both SAMA and PCI requirements,PENTEST|SCAN_REPORT,False
2574,467,SAMA-AML,5.13,BANKING,mandatory,critical,1,Financial institutions must implement enhanced controls per SAMA requirements,AUDIT_REPORT|RISK_ASSESSMENT,False
2575,467,SAMA-AML,5.13,INSURANCE,mandatory,critical,1,,,False
2576,467,SAMA-AML,5.13,CAPITAL_MARKETS,mandatory,critical,1,,,False
2577,467,SAMA-AML,5.13,FINTECH,mandatory,critical,1,FinTech companies must meet both SAMA and PCI requirements,PENTEST|SCAN_REPORT,False
2578,468,SAMA-AML,6.13,BANKING,mandatory,critical,2,Financial institutions must implement enhanced controls per SAMA requirements,AUDIT_REPORT|RISK_ASSESSMENT,False
2579,468,SAMA-AML,6.13,INSURANCE,mandatory,high,2,,,False
2580,468,SAMA-AML,6.13,CAPITAL_MARKETS,mandatory,high,2,,,False
2581,468,SAMA-AML,6.13,FINTECH,mandatory,critical,2,FinTech companies must meet both SAMA and PCI requirements,PENTEST|SCAN_REPORT,False
2582,469,SAMA-AML,1.14,BANKING,mandatory,high,3,Financial institutions must implement enhanced controls per SAMA requirements,AUDIT_REPORT|RISK_ASSESSMENT,False
2583,469,SAMA-AML,1.14,INSURANCE,mandatory,medium,3,,,False
2584,469,SAMA-AML,1.14,CAPITAL_MARKETS,mandatory,medium,3,,,False
2585,469,SAMA-AML,1.14,FINTECH,mandatory,high,3,FinTech companies must meet both SAMA and PCI requirements,PENTEST|SCAN_REPORT,False
2586,470,SAMA-AML,2.14,BANKING,mandatory,medium,4,Financial institutions must implement enhanced controls per SAMA requirements,AUDIT_REPORT|RISK_ASSESSMENT,False
2587,470,SAMA-AML,2.14,INSURANCE,mandatory,low,4,,,False
2588,470,SAMA-AML,2.14,CAPITAL_MARKETS,mandatory,low,4,,,False
2589,470,SAMA-AML,2.14,FINTECH,mandatory,medium,4,FinTech companies must meet both SAMA and PCI requirements,PENTEST|SCAN_REPORT,False
2590,471,SAMA-AML,3.14,BANKING,mandatory,critical,1,Financial institutions must implement enhanced controls per SAMA requirements,AUDIT_REPORT|RISK_ASSESSMENT,False
2591,471,SAMA-AML,3.14,INSURANCE,mandatory,critical,1,,,False
2592,471,SAMA-AML,3.14,CAPITAL_MARKETS,mandatory,critical,1,,,False
2593,471,SAMA-AML,3.14,FINTECH,mandatory,critical,1,FinTech companies must meet both SAMA and PCI requirements,PENTEST|SCAN_REPORT,False
2594,472,SAMA-AML,4.14,BANKING,mandatory,critical,2,Financial institutions must implement enhanced controls per SAMA requirements,AUDIT_REPORT|RISK_ASSESSMENT,False
2595,472,SAMA-AML,4.14,INSURANCE,mandatory,high,2,,,False
2596,472,SAMA-AML,4.14,CAPITAL_MARKETS,mandatory,high,2,,,False
2597,472,SAMA-AML,4.14,FINTECH,mandatory,critical,2,FinTech companies must meet both SAMA and PCI requirements,PENTEST|SCAN_REPORT,False
2598,473,SAMA-AML,5.14,BANKING,mandatory,high,3,Financial institutions must implement enhanced controls per SAMA requirements,AUDIT_REPORT|RISK_ASSESSMENT,False
2599,473,SAMA-AML,5.14,INSURANCE,mandatory,medium,3,,,False
2600,473,SAMA-AML,5.14,CAPITAL_MARKETS,mandatory,medium,3,,,False
2601,473,SAMA-AML,5.14,FINTECH,mandatory,high,3,FinTech companies must meet both SAMA and PCI requirements,PENTEST|SCAN_REPORT,False
2602,474,SAMA-AML,6.14,BANKING,mandatory,medium,4,Financial institutions must implement enhanced controls per SAMA requirements,AUDIT_REPORT|RISK_ASSESSMENT,False
2603,474,SAMA-AML,6.14,INSURANCE,mandatory,low,4,,,False
2604,474,SAMA-AML,6.14,CAPITAL_MARKETS,mandatory,low,4,,,False
2605,474,SAMA-AML,6.14,FINTECH,mandatory,medium,4,FinTech companies must meet both SAMA and PCI requirements,PENTEST|SCAN_REPORT,False
2606,475,SAMA-AML,1.15,BANKING,mandatory,critical,1,Financial institutions must implement enhanced controls per SAMA requirements,AUDIT_REPORT|RISK_ASSESSMENT,False
2607,475,SAMA-AML,1.15,INSURANCE,mandatory,critical,1,,,False
2608,475,SAMA-AML,1.15,CAPITAL_MARKETS,mandatory,critical,1,,,False
2609,475,SAMA-AML,1.15,FINTECH,mandatory,critical,1,FinTech companies must meet both SAMA and PCI requirements,PENTEST|SCAN_REPORT,False
2610,476,SAMA-AML,2.15,BANKING,mandatory,critical,2,Financial institutions must implement enhanced controls per SAMA requirements,AUDIT_REPORT|RISK_ASSESSMENT,False
2611,476,SAMA-AML,2.15,INSURANCE,mandatory,high,2,,,False
2612,476,SAMA-AML,2.15,CAPITAL_MARKETS,mandatory,high,2,,,False
2613,476,SAMA-AML,2.15,FINTECH,mandatory,critical,2,FinTech companies must meet both SAMA and PCI requirements,PENTEST|SCAN_REPORT,False
2614,477,SAMA-AML,3.15,BANKING,mandatory,high,3,Financial institutions must implement enhanced controls per SAMA requirements,AUDIT_REPORT|RISK_ASSESSMENT,False
2615,477,SAMA-AML,3.15,INSURANCE,mandatory,medium,3,,,False
2616,477,SAMA-AML,3.15,CAPITAL_MARKETS,mandatory,medium,3,,,False
2617,477,SAMA-AML,3.15,FINTECH,mandatory,high,3,FinTech companies must meet both SAMA and PCI requirements,PENTEST|SCAN_REPORT,False
2618,478,SAMA-AML,4.15,BANKING,mandatory,medium,4,Financial institutions must implement enhanced controls per SAMA requirements,AUDIT_REPORT|RISK_ASSESSMENT,False
2619,478,SAMA-AML,4.15,INSURANCE,mandatory,low,4,,,False
2620,478,SAMA-AML,4.15,CAPITAL_MARKETS,mandatory,low,4,,,False
2621,478,SAMA-AML,4.15,FINTECH,mandatory,medium,4,FinTech companies must meet both SAMA and PCI requirements,PENTEST|SCAN_REPORT,False
2622,479,SAMA-AML,5.15,BANKING,mandatory,critical,1,Financial institutions must implement enhanced controls per SAMA requirements,AUDIT_REPORT|RISK_ASSESSMENT,False
2623,479,SAMA-AML,5.15,INSURANCE,mandatory,critical,1,,,False
2624,479,SAMA-AML,5.15,CAPITAL_MARKETS,mandatory,critical,1,,,False
2625,479,SAMA-AML,5.15,FINTECH,mandatory,critical,1,FinTech companies must meet both SAMA and PCI requirements,PENTEST|SCAN_REPORT,False
2626,480,SAMA-AML,6.15,BANKING,mandatory,critical,2,Financial institutions must implement enhanced controls per SAMA requirements,AUDIT_REPORT|RISK_ASSESSMENT,False
2627,480,SAMA-AML,6.15,INSURANCE,mandatory,high,2,,,False
2628,480,SAMA-AML,6.15,CAPITAL_MARKETS,mandatory,high,2,,,False
2629,480,SAMA-AML,6.15,FINTECH,mandatory,critical,2,FinTech companies must meet both SAMA and PCI requirements,PENTEST|SCAN_REPORT,False
2630,481,SAMA-AML,1.16,BANKING,mandatory,high,3,Financial institutions must implement enhanced controls per SAMA requirements,AUDIT_REPORT|RISK_ASSESSMENT,False
2631,481,SAMA-AML,1.16,INSURANCE,mandatory,medium,3,,,False
2632,481,SAMA-AML,1.16,CAPITAL_MARKETS,mandatory,medium,3,,,False
2633,481,SAMA-AML,1.16,FINTECH,mandatory,high,3,FinTech companies must meet both SAMA and PCI requirements,PENTEST|SCAN_REPORT,False
2634,482,SAMA-AML,2.16,BANKING,mandatory,medium,4,Financial institutions must implement enhanced controls per SAMA requirements,AUDIT_REPORT|RISK_ASSESSMENT,False
2635,482,SAMA-AML,2.16,INSURANCE,mandatory,low,4,,,False
2636,482,SAMA-AML,2.16,CAPITAL_MARKETS,mandatory,low,4,,,False
2637,482,SAMA-AML,2.16,FINTECH,mandatory,medium,4,FinTech companies must meet both SAMA and PCI requirements,PENTEST|SCAN_REPORT,False
2638,483,SAMA-AML,3.16,BANKING,mandatory,critical,1,Financial institutions must implement enhanced controls per SAMA requirements,AUDIT_REPORT|RISK_ASSESSMENT,False
2639,483,SAMA-AML,3.16,INSURANCE,mandatory,critical,1,,,False
2640,483,SAMA-AML,3.16,CAPITAL_MARKETS,mandatory,critical,1,,,False
2641,483,SAMA-AML,3.16,FINTECH,mandatory,critical,1,FinTech companies must meet both SAMA and PCI requirements,PENTEST|SCAN_REPORT,False
2642,484,SAMA-AML,4.16,BANKING,mandatory,critical,2,Financial institutions must implement enhanced controls per SAMA requirements,AUDIT_REPORT|RISK_ASSESSMENT,False
2643,484,SAMA-AML,4.16,INSURANCE,mandatory,high,2,,,False
2644,484,SAMA-AML,4.16,CAPITAL_MARKETS,mandatory,high,2,,,False
2645,484,SAMA-AML,4.16,FINTECH,mandatory,critical,2,FinTech companies must meet both SAMA and PCI requirements,PENTEST|SCAN_REPORT,False
2646,485,SAMA-AML,5.16,BANKING,mandatory,high,3,Financial institutions must implement enhanced controls per SAMA requirements,AUDIT_REPORT|RISK_ASSESSMENT,False
2647,485,SAMA-AML,5.16,INSURANCE,mandatory,medium,3,,,False
2648,485,SAMA-AML,5.16,CAPITAL_MARKETS,mandatory,medium,3,,,False
2649,485,SAMA-AML,5.16,FINTECH,mandatory,high,3,FinTech companies must meet both SAMA and PCI requirements,PENTEST|SCAN_REPORT,False
2650,486,SAMA-AML,6.16,BANKING,mandatory,medium,4,Financial institutions must implement enhanced controls per SAMA requirements,AUDIT_REPORT|RISK_ASSESSMENT,False
2651,486,SAMA-AML,6.16,INSURANCE,mandatory,low,4,,,False
2652,486,SAMA-AML,6.16,CAPITAL_MARKETS,mandatory,low,4,,,False
2653,486,SAMA-AML,6.16,FINTECH,mandatory,medium,4,FinTech companies must meet both SAMA and PCI requirements,PENTEST|SCAN_REPORT,False
2654,487,SAMA-AML,1.17,BANKING,mandatory,critical,1,Financial institutions must implement enhanced controls per SAMA requirements,AUDIT_REPORT|RISK_ASSESSMENT,False
2655,487,SAMA-AML,1.17,INSURANCE,mandatory,critical,1,,,False
2656,487,SAMA-AML,1.17,CAPITAL_MARKETS,mandatory,critical,1,,,False
2657,487,SAMA-AML,1.17,FINTECH,mandatory,critical,1,FinTech companies must meet both SAMA and PCI requirements,PENTEST|SCAN_REPORT,False
2658,488,SAMA-AML,2.17,BANKING,mandatory,critical,2,Financial institutions must implement enhanced controls per SAMA requirements,AUDIT_REPORT|RISK_ASSESSMENT,False
2659,488,SAMA-AML,2.17,INSURANCE,mandatory,high,2,,,False
2660,488,SAMA-AML,2.17,CAPITAL_MARKETS,mandatory,high,2,,,False
2661,488,SAMA-AML,2.17,FINTECH,mandatory,critical,2,FinTech companies must meet both SAMA and PCI requirements,PENTEST|SCAN_REPORT,False
2662,489,SAMA-AML,3.17,BANKING,mandatory,high,3,Financial institutions must implement enhanced controls per SAMA requirements,AUDIT_REPORT|RISK_ASSESSMENT,False
2663,489,SAMA-AML,3.17,INSURANCE,mandatory,medium,3,,,False
2664,489,SAMA-AML,3.17,CAPITAL_MARKETS,mandatory,medium,3,,,False
2665,489,SAMA-AML,3.17,FINTECH,mandatory,high,3,FinTech companies must meet both SAMA and PCI requirements,PENTEST|SCAN_REPORT,False
2666,490,SAMA-AML,4.17,BANKING,mandatory,medium,4,Financial institutions must implement enhanced controls per SAMA requirements,AUDIT_REPORT|RISK_ASSESSMENT,False
2667,490,SAMA-AML,4.17,INSURANCE,mandatory,low,4,,,False
2668,490,SAMA-AML,4.17,CAPITAL_MARKETS,mandatory,low,4,,,False
2669,490,SAMA-AML,4.17,FINTECH,mandatory,medium,4,FinTech companies must meet both SAMA and PCI requirements,PENTEST|SCAN_REPORT,False
2670,491,SAMA-AML,5.17,BANKING,mandatory,critical,1,Financial institutions must implement enhanced controls per SAMA requirements,AUDIT_REPORT|RISK_ASSESSMENT,False
2671,491,SAMA-AML,5.17,INSURANCE,mandatory,critical,1,,,False
2672,491,SAMA-AML,5.17,CAPITAL_MARKETS,mandatory,critical,1,,,False
2673,491,SAMA-AML,5.17,FINTECH,mandatory,critical,1,FinTech companies must meet both SAMA and PCI requirements,PENTEST|SCAN_REPORT,False
2674,492,SAMA-AML,6.17,BANKING,mandatory,critical,2,Financial institutions must implement enhanced controls per SAMA requirements,AUDIT_REPORT|RISK_ASSESSMENT,False
2675,492,SAMA-AML,6.17,INSURANCE,mandatory,high,2,,,False
2676,492,SAMA-AML,6.17,CAPITAL_MARKETS,mandatory,high,2,,,False
2677,492,SAMA-AML,6.17,FINTECH,mandatory,critical,2,FinTech companies must meet both SAMA and PCI requirements,PENTEST|SCAN_REPORT,False
2678,493,SAMA-AML,1.18,BANKING,mandatory,high,3,Financial institutions must implement enhanced controls per SAMA requirements,AUDIT_REPORT|RISK_ASSESSMENT,False
2679,493,SAMA-AML,1.18,INSURANCE,mandatory,medium,3,,,False
2680,493,SAMA-AML,1.18,CAPITAL_MARKETS,mandatory,medium,3,,,False
2681,493,SAMA-AML,1.18,FINTECH,mandatory,high,3,FinTech companies must meet both SAMA and PCI requirements,PENTEST|SCAN_REPORT,False
2682,494,SAMA-AML,2.18,BANKING,mandatory,medium,4,Financial institutions must implement enhanced controls per SAMA requirements,AUDIT_REPORT|RISK_ASSESSMENT,False
2683,494,SAMA-AML,2.18,INSURANCE,mandatory,low,4,,,False
2684,494,SAMA-AML,2.18,CAPITAL_MARKETS,mandatory,low,4,,,False
2685,494,SAMA-AML,2.18,FINTECH,mandatory,medium,4,FinTech companies must meet both SAMA and PCI requirements,PENTEST|SCAN_REPORT,False
2686,495,SAMA-AML,3.18,BANKING,mandatory,critical,1,Financial institutions must implement enhanced controls per SAMA requirements,AUDIT_REPORT|RISK_ASSESSMENT,False
2687,495,SAMA-AML,3.18,INSURANCE,mandatory,critical,1,,,False
2688,495,SAMA-AML,3.18,CAPITAL_MARKETS,mandatory,critical,1,,,False
2689,495,SAMA-AML,3.18,FINTECH,mandatory,critical,1,FinTech companies must meet both SAMA and PCI requirements,PENTEST|SCAN_REPORT,False
2690,496,SAMA-AML,4.18,BANKING,mandatory,critical,2,Financial institutions must implement enhanced controls per SAMA requirements,AUDIT_REPORT|RISK_ASSESSMENT,False
2691,496,SAMA-AML,4.18,INSURANCE,mandatory,high,2,,,False
2692,496,SAMA-AML,4.18,CAPITAL_MARKETS,mandatory,high,2,,,False
2693,496,SAMA-AML,4.18,FINTECH,mandatory,critical,2,FinTech companies must meet both SAMA and PCI requirements,PENTEST|SCAN_REPORT,False
2694,497,SAMA-AML,5.18,BANKING,mandatory,high,3,Financial institutions must implement enhanced controls per SAMA requirements,AUDIT_REPORT|RISK_ASSESSMENT,False
2695,497,SAMA-AML,5.18,INSURANCE,mandatory,medium,3,,,False
2696,497,SAMA-AML,5.18,CAPITAL_MARKETS,mandatory,medium,3,,,False
2697,497,SAMA-AML,5.18,FINTECH,mandatory,high,3,FinTech companies must meet both SAMA and PCI requirements,PENTEST|SCAN_REPORT,False
2698,498,SAMA-AML,6.18,BANKING,mandatory,medium,4,Financial institutions must implement enhanced controls per SAMA requirements,AUDIT_REPORT|RISK_ASSESSMENT,False
2699,498,SAMA-AML,6.18,INSURANCE,mandatory,low,4,,,False
2700,498,SAMA-AML,6.18,CAPITAL_MARKETS,mandatory,low,4,,,False
2701,498,SAMA-AML,6.18,FINTECH,mandatory,medium,4,FinTech companies must meet both SAMA and PCI requirements,PENTEST|SCAN_REPORT,False
2702,499,SAMA-AML,1.19,BANKING,mandatory,critical,1,Financial institutions must implement enhanced controls per SAMA requirements,AUDIT_REPORT|RISK_ASSESSMENT,False
2703,499,SAMA-AML,1.19,INSURANCE,mandatory,critical,1,,,False
2704,499,SAMA-AML,1.19,CAPITAL_MARKETS,mandatory,critical,1,,,False
2705,499,SAMA-AML,1.19,FINTECH,mandatory,critical,1,FinTech companies must meet both SAMA and PCI requirements,PENTEST|SCAN_REPORT,False
2706,500,SAMA-AML,2.19,BANKING,mandatory,critical,2,Financial institutions must implement enhanced controls per SAMA requirements,AUDIT_REPORT|RISK_ASSESSMENT,False
2707,500,SAMA-AML,2.19,INSURANCE,mandatory,high,2,,,False
2708,500,SAMA-AML,2.19,CAPITAL_MARKETS,mandatory,high,2,,,False
2709,500,SAMA-AML,2.19,FINTECH,mandatory,critical,2,FinTech companies must meet both SAMA and PCI requirements,PENTEST|SCAN_REPORT,False
2710,501,SAMA-AML,3.19,BANKING,mandatory,high,3,Financial institutions must implement enhanced controls per SAMA requirements,AUDIT_REPORT|RISK_ASSESSMENT,False
2711,501,SAMA-AML,3.19,INSURANCE,mandatory,medium,3,,,False
2712,501,SAMA-AML,3.19,CAPITAL_MARKETS,mandatory,medium,3,,,False
2713,501,SAMA-AML,3.19,FINTECH,mandatory,high,3,FinTech companies must meet both SAMA and PCI requirements,PENTEST|SCAN_REPORT,False
2714,502,SAMA-AML,4.19,BANKING,mandatory,medium,4,Financial institutions must implement enhanced controls per SAMA requirements,AUDIT_REPORT|RISK_ASSESSMENT,False
2715,502,SAMA-AML,4.19,INSURANCE,mandatory,low,4,,,False
2716,502,SAMA-AML,4.19,CAPITAL_MARKETS,mandatory,low,4,,,False
2717,502,SAMA-AML,4.19,FINTECH,mandatory,medium,4,FinTech companies must meet both SAMA and PCI requirements,PENTEST|SCAN_REPORT,False
2718,503,SAMA-AML,5.19,BANKING,mandatory,critical,1,Financial institutions must implement enhanced controls per SAMA requirements,AUDIT_REPORT|RISK_ASSESSMENT,False
2719,503,SAMA-AML,5.19,INSURANCE,mandatory,critical,1,,,False
2720,503,SAMA-AML,5.19,CAPITAL_MARKETS,mandatory,critical,1,,,False
2721,503,SAMA-AML,5.19,FINTECH,mandatory,critical,1,FinTech companies must meet both SAMA and PCI requirements,PENTEST|SCAN_REPORT,False
2722,504,SAMA-AML,6.19,BANKING,mandatory,critical,2,Financial institutions must implement enhanced controls per SAMA requirements,AUDIT_REPORT|RISK_ASSESSMENT,False
2723,504,SAMA-AML,6.19,INSURANCE,mandatory,high,2,,,False
2724,504,SAMA-AML,6.19,CAPITAL_MARKETS,mandatory,high,2,,,False
2725,504,SAMA-AML,6.19,FINTECH,mandatory,critical,2,FinTech companies must meet both SAMA and PCI requirements,PENTEST|SCAN_REPORT,False
2726,505,SAMA-AML,1.20,BANKING,mandatory,high,3,Financial institutions must implement enhanced controls per SAMA requirements,AUDIT_REPORT|RISK_ASSESSMENT,False
2727,505,SAMA-AML,1.20,INSURANCE,mandatory,medium,3,,,False
2728,505,SAMA-AML,1.20,CAPITAL_MARKETS,mandatory,medium,3,,,False
2729,505,SAMA-AML,1.20,FINTECH,mandatory,high,3,FinTech companies must meet both SAMA and PCI requirements,PENTEST|SCAN_REPORT,False
2730,506,SAMA-AML,2.20,BANKING,mandatory,medium,4,Financial institutions must implement enhanced controls per SAMA requirements,AUDIT_REPORT|RISK_ASSESSMENT,False
2731,506,SAMA-AML,2.20,INSURANCE,mandatory,low,4,,,False
2732,506,SAMA-AML,2.20,CAPITAL_MARKETS,mandatory,low,4,,,False
2733,506,SAMA-AML,2.20,FINTECH,mandatory,medium,4,FinTech companies must meet both SAMA and PCI requirements,PENTEST|SCAN_REPORT,False
2734,507,SAMA-AML,3.20,BANKING,mandatory,critical,1,Financial institutions must implement enhanced controls per SAMA requirements,AUDIT_REPORT|RISK_ASSESSMENT,False
2735,507,SAMA-AML,3.20,INSURANCE,mandatory,critical,1,,,False
2736,507,SAMA-AML,3.20,CAPITAL_MARKETS,mandatory,critical,1,,,False
2737,507,SAMA-AML,3.20,FINTECH,mandatory,critical,1,FinTech companies must meet both SAMA and PCI requirements,PENTEST|SCAN_REPORT,False
2738,508,SAMA-AML,4.20,BANKING,mandatory,critical,2,Financial institutions must implement enhanced controls per SAMA requirements,AUDIT_REPORT|RISK_ASSESSMENT,False
2739,508,SAMA-AML,4.20,INSURANCE,mandatory,high,2,,,False
2740,508,SAMA-AML,4.20,CAPITAL_MARKETS,mandatory,high,2,,,False
2741,508,SAMA-AML,4.20,FINTECH,mandatory,critical,2,FinTech companies must meet both SAMA and PCI requirements,PENTEST|SCAN_REPORT,False
2742,509,SAMA-AML,5.20,BANKING,mandatory,high,3,Financial institutions must implement enhanced controls per SAMA requirements,AUDIT_REPORT|RISK_ASSESSMENT,False
2743,509,SAMA-AML,5.20,INSURANCE,mandatory,medium,3,,,False
2744,509,SAMA-AML,5.20,CAPITAL_MARKETS,mandatory,medium,3,,,False
2745,509,SAMA-AML,5.20,FINTECH,mandatory,high,3,FinTech companies must meet both SAMA and PCI requirements,PENTEST|SCAN_REPORT,False
2746,510,SAMA-AML,6.20,BANKING,mandatory,medium,4,Financial institutions must implement enhanced controls per SAMA requirements,AUDIT_REPORT|RISK_ASSESSMENT,False
2747,510,SAMA-AML,6.20,INSURANCE,mandatory,low,4,,,False
2748,510,SAMA-AML,6.20,CAPITAL_MARKETS,mandatory,low,4,,,False
2749,510,SAMA-AML,6.20,FINTECH,mandatory,medium,4,FinTech companies must meet both SAMA and PCI requirements,PENTEST|SCAN_REPORT,False
2750,511,SAMA-AML,1.21,BANKING,mandatory,critical,1,Financial institutions must implement enhanced controls per SAMA requirements,AUDIT_REPORT|RISK_ASSESSMENT,False
2751,511,SAMA-AML,1.21,INSURANCE,mandatory,critical,1,,,False
2752,511,SAMA-AML,1.21,CAPITAL_MARKETS,mandatory,critical,1,,,False
2753,511,SAMA-AML,1.21,FINTECH,mandatory,critical,1,FinTech companies must meet both SAMA and PCI requirements,PENTEST|SCAN_REPORT,False
2754,512,SAMA-AML,2.21,BANKING,mandatory,critical,2,Financial institutions must implement enhanced controls per SAMA requirements,AUDIT_REPORT|RISK_ASSESSMENT,False
2755,512,SAMA-AML,2.21,INSURANCE,mandatory,high,2,,,False
2756,512,SAMA-AML,2.21,CAPITAL_MARKETS,mandatory,high,2,,,False
2757,512,SAMA-AML,2.21,FINTECH,mandatory,critical,2,FinTech companies must meet both SAMA and PCI requirements,PENTEST|SCAN_REPORT,False
2758,513,SAMA-AML,3.21,BANKING,mandatory,high,3,Financial institutions must implement enhanced controls per SAMA requirements,AUDIT_REPORT|RISK_ASSESSMENT,False
2759,513,SAMA-AML,3.21,INSURANCE,mandatory,medium,3,,,False
2760,513,SAMA-AML,3.21,CAPITAL_MARKETS,mandatory,medium,3,,,False
2761,513,SAMA-AML,3.21,FINTECH,mandatory,high,3,FinTech companies must meet both SAMA and PCI requirements,PENTEST|SCAN_REPORT,False
2762,514,SAMA-AML,4.21,BANKING,mandatory,medium,4,Financial institutions must implement enhanced controls per SAMA requirements,AUDIT_REPORT|RISK_ASSESSMENT,False
2763,514,SAMA-AML,4.21,INSURANCE,mandatory,low,4,,,False
2764,514,SAMA-AML,4.21,CAPITAL_MARKETS,mandatory,low,4,,,False
2765,514,SAMA-AML,4.21,FINTECH,mandatory,medium,4,FinTech companies must meet both SAMA and PCI requirements,PENTEST|SCAN_REPORT,False
2766,515,SAMA-AML,5.21,BANKING,mandatory,critical,1,Financial institutions must implement enhanced controls per SAMA requirements,AUDIT_REPORT|RISK_ASSESSMENT,False
2767,515,SAMA-AML,5.21,INSURANCE,mandatory,critical,1,,,False
2768,515,SAMA-AML,5.21,CAPITAL_MARKETS,mandatory,critical,1,,,False
2769,515,SAMA-AML,5.21,FINTECH,mandatory,critical,1,FinTech companies must meet both SAMA and PCI requirements,PENTEST|SCAN_REPORT,False
2770,516,SAMA-AML,6.21,BANKING,mandatory,critical,2,Financial institutions must implement enhanced controls per SAMA requirements,AUDIT_REPORT|RISK_ASSESSMENT,False
2771,516,SAMA-AML,6.21,INSURANCE,mandatory,high,2,,,False
2772,516,SAMA-AML,6.21,CAPITAL_MARKETS,mandatory,high,2,,,False
2773,516,SAMA-AML,6.21,FINTECH,mandatory,critical,2,FinTech companies must meet both SAMA and PCI requirements,PENTEST|SCAN_REPORT,False
2774,517,SAMA-AML,1.22,BANKING,mandatory,high,3,Financial institutions must implement enhanced controls per SAMA requirements,AUDIT_REPORT|RISK_ASSESSMENT,False
2775,517,SAMA-AML,1.22,INSURANCE,mandatory,medium,3,,,False
2776,517,SAMA-AML,1.22,CAPITAL_MARKETS,mandatory,medium,3,,,False
2777,517,SAMA-AML,1.22,FINTECH,mandatory,high,3,FinTech companies must meet both SAMA and PCI requirements,PENTEST|SCAN_REPORT,False
2778,518,SAMA-AML,2.22,BANKING,mandatory,medium,4,Financial institutions must implement enhanced controls per SAMA requirements,AUDIT_REPORT|RISK_ASSESSMENT,False
2779,518,SAMA-AML,2.22,INSURANCE,mandatory,low,4,,,False
2780,518,SAMA-AML,2.22,CAPITAL_MARKETS,mandatory,low,4,,,False
2781,518,SAMA-AML,2.22,FINTECH,mandatory,medium,4,FinTech companies must meet both SAMA and PCI requirements,PENTEST|SCAN_REPORT,False
2782,519,SAMA-AML,3.22,BANKING,mandatory,critical,1,Financial institutions must implement enhanced controls per SAMA requirements,AUDIT_REPORT|RISK_ASSESSMENT,False
2783,519,SAMA-AML,3.22,INSURANCE,mandatory,critical,1,,,False
2784,519,SAMA-AML,3.22,CAPITAL_MARKETS,mandatory,critical,1,,,False
2785,519,SAMA-AML,3.22,FINTECH,mandatory,critical,1,FinTech companies must meet both SAMA and PCI requirements,PENTEST|SCAN_REPORT,False
2786,520,SAMA-AML,4.22,BANKING,mandatory,critical,2,Financial institutions must implement enhanced controls per SAMA requirements,AUDIT_REPORT|RISK_ASSESSMENT,False
2787,520,SAMA-AML,4.22,INSURANCE,mandatory,high,2,,,False
2788,520,SAMA-AML,4.22,CAPITAL_MARKETS,mandatory,high,2,,,False
2789,520,SAMA-AML,4.22,FINTECH,mandatory,critical,2,FinTech companies must meet both SAMA and PCI requirements,PENTEST|SCAN_REPORT,False
2790,521,SAMA-AML,5.22,BANKING,mandatory,high,3,Financial institutions must implement enhanced controls per SAMA requirements,AUDIT_REPORT|RISK_ASSESSMENT,False
2791,521,SAMA-AML,5.22,INSURANCE,mandatory,medium,3,,,False
2792,521,SAMA-AML,5.22,CAPITAL_MARKETS,mandatory,medium,3,,,False
2793,521,SAMA-AML,5.22,FINTECH,mandatory,high,3,FinTech companies must meet both SAMA and PCI requirements,PENTEST|SCAN_REPORT,False
2794,522,SAMA-AML,6.22,BANKING,mandatory,medium,4,Financial institutions must implement enhanced controls per SAMA requirements,AUDIT_REPORT|RISK_ASSESSMENT,False
2795,522,SAMA-AML,6.22,INSURANCE,mandatory,low,4,,,False
2796,522,SAMA-AML,6.22,CAPITAL_MARKETS,mandatory,low,4,,,False
2797,522,SAMA-AML,6.22,FINTECH,mandatory,medium,4,FinTech companies must meet both SAMA and PCI requirements,PENTEST|SCAN_REPORT,False
2798,523,SAMA-AML,1.23,BANKING,mandatory,critical,1,Financial institutions must implement enhanced controls per SAMA requirements,AUDIT_REPORT|RISK_ASSESSMENT,False
2799,523,SAMA-AML,1.23,INSURANCE,mandatory,critical,1,,,False
2800,523,SAMA-AML,1.23,CAPITAL_MARKETS,mandatory,critical,1,,,False
2801,523,SAMA-AML,1.23,FINTECH,mandatory,critical,1,FinTech companies must meet both SAMA and PCI requirements,PENTEST|SCAN_REPORT,False
2802,524,SAMA-AML,2.23,BANKING,mandatory,critical,2,Financial institutions must implement enhanced controls per SAMA requirements,AUDIT_REPORT|RISK_ASSESSMENT,False
2803,524,SAMA-AML,2.23,INSURANCE,mandatory,high,2,,,False
2804,524,SAMA-AML,2.23,CAPITAL_MARKETS,mandatory,high,2,,,False
2805,524,SAMA-AML,2.23,FINTECH,mandatory,critical,2,FinTech companies must meet both SAMA and PCI requirements,PENTEST|SCAN_REPORT,False
2806,525,SAMA-AML,3.23,BANKING,mandatory,high,3,Financial institutions must implement enhanced controls per SAMA requirements,AUDIT_REPORT|RISK_ASSESSMENT,False
2807,525,SAMA-AML,3.23,INSURANCE,mandatory,medium,3,,,False
2808,525,SAMA-AML,3.23,CAPITAL_MARKETS,mandatory,medium,3,,,False
2809,525,SAMA-AML,3.23,FINTECH,mandatory,high,3,FinTech companies must meet both SAMA and PCI requirements,PENTEST|SCAN_REPORT,False
2810,526,SAMA-AML,4.23,BANKING,mandatory,medium,4,Financial institutions must implement enhanced controls per SAMA requirements,AUDIT_REPORT|RISK_ASSESSMENT,False
2811,526,SAMA-AML,4.23,INSURANCE,mandatory,low,4,,,False
2812,526,SAMA-AML,4.23,CAPITAL_MARKETS,mandatory,low,4,,,False
2813,526,SAMA-AML,4.23,FINTECH,mandatory,medium,4,FinTech companies must meet both SAMA and PCI requirements,PENTEST|SCAN_REPORT,False
2814,527,SAMA-AML,5.23,BANKING,mandatory,critical,1,Financial institutions must implement enhanced controls per SAMA requirements,AUDIT_REPORT|RISK_ASSESSMENT,False
2815,527,SAMA-AML,5.23,INSURANCE,mandatory,critical,1,,,False
2816,527,SAMA-AML,5.23,CAPITAL_MARKETS,mandatory,critical,1,,,False
2817,527,SAMA-AML,5.23,FINTECH,mandatory,critical,1,FinTech companies must meet both SAMA and PCI requirements,PENTEST|SCAN_REPORT,False
2818,528,SAMA-AML,6.23,BANKING,mandatory,critical,2,Financial institutions must implement enhanced controls per SAMA requirements,AUDIT_REPORT|RISK_ASSESSMENT,False
2819,528,SAMA-AML,6.23,INSURANCE,mandatory,high,2,,,False
2820,528,SAMA-AML,6.23,CAPITAL_MARKETS,mandatory,high,2,,,False
2821,528,SAMA-AML,6.23,FINTECH,mandatory,critical,2,FinTech companies must meet both SAMA and PCI requirements,PENTEST|SCAN_REPORT,False
2822,529,SAMA-AML,1.24,BANKING,mandatory,high,3,Financial institutions must implement enhanced controls per SAMA requirements,AUDIT_REPORT|RISK_ASSESSMENT,False
2823,529,SAMA-AML,1.24,INSURANCE,mandatory,medium,3,,,False
2824,529,SAMA-AML,1.24,CAPITAL_MARKETS,mandatory,medium,3,,,False
2825,529,SAMA-AML,1.24,FINTECH,mandatory,high,3,FinTech companies must meet both SAMA and PCI requirements,PENTEST|SCAN_REPORT,False
2826,530,SAMA-AML,2.24,BANKING,mandatory,medium,4,Financial institutions must implement enhanced controls per SAMA requirements,AUDIT_REPORT|RISK_ASSESSMENT,False
2827,530,SAMA-AML,2.24,INSURANCE,mandatory,low,4,,,False
2828,530,SAMA-AML,2.24,CAPITAL_MARKETS,mandatory,low,4,,,False
2829,530,SAMA-AML,2.24,FINTECH,mandatory,medium,4,FinTech companies must meet both SAMA and PCI requirements,PENTEST|SCAN_REPORT,False
2830,531,SAMA-AML,3.24,BANKING,mandatory,critical,1,Financial institutions must implement enhanced controls per SAMA requirements,AUDIT_REPORT|RISK_ASSESSMENT,False
2831,531,SAMA-AML,3.24,INSURANCE,mandatory,critical,1,,,False
2832,531,SAMA-AML,3.24,CAPITAL_MARKETS,mandatory,critical,1,,,False
2833,531,SAMA-AML,3.24,FINTECH,mandatory,critical,1,FinTech companies must meet both SAMA and PCI requirements,PENTEST|SCAN_REPORT,False
2834,532,SAMA-AML,4.24,BANKING,mandatory,critical,2,Financial institutions must implement enhanced controls per SAMA requirements,AUDIT_REPORT|RISK_ASSESSMENT,False
2835,532,SAMA-AML,4.24,INSURANCE,mandatory,high,2,,,False
2836,532,SAMA-AML,4.24,CAPITAL_MARKETS,mandatory,high,2,,,False
2837,532,SAMA-AML,4.24,FINTECH,mandatory,critical,2,FinTech companies must meet both SAMA and PCI requirements,PENTEST|SCAN_REPORT,False
2838,533,SAMA-AML,5.24,BANKING,mandatory,high,3,Financial institutions must implement enhanced controls per SAMA requirements,AUDIT_REPORT|RISK_ASSESSMENT,False
2839,533,SAMA-AML,5.24,INSURANCE,mandatory,medium,3,,,False
2840,533,SAMA-AML,5.24,CAPITAL_MARKETS,mandatory,medium,3,,,False
2841,533,SAMA-AML,5.24,FINTECH,mandatory,high,3,FinTech companies must meet both SAMA and PCI requirements,PENTEST|SCAN_REPORT,False
2842,534,SAMA-AML,6.24,BANKING,mandatory,medium,4,Financial institutions must implement enhanced controls per SAMA requirements,AUDIT_REPORT|RISK_ASSESSMENT,False
2843,534,SAMA-AML,6.24,INSURANCE,mandatory,low,4,,,False
2844,534,SAMA-AML,6.24,CAPITAL_MARKETS,mandatory,low,4,,,False
2845,534,SAMA-AML,6.24,FINTECH,mandatory,medium,4,FinTech companies must meet both SAMA and PCI requirements,PENTEST|SCAN_REPORT,False
2846,535,SAMA-AML,1.25,BANKING,mandatory,critical,1,Financial institutions must implement enhanced controls per SAMA requirements,AUDIT_REPORT|RISK_ASSESSMENT,False
2847,535,SAMA-AML,1.25,INSURANCE,mandatory,critical,1,,,False
2848,535,SAMA-AML,1.25,CAPITAL_MARKETS,mandatory,critical,1,,,False
2849,535,SAMA-AML,1.25,FINTECH,mandatory,critical,1,FinTech companies must meet both SAMA and PCI requirements,PENTEST|SCAN_REPORT,False
2850,536,SAMA-AML,2.25,BANKING,mandatory,critical,2,Financial institutions must implement enhanced controls per SAMA requirements,AUDIT_REPORT|RISK_ASSESSMENT,False
2851,536,SAMA-AML,2.25,INSURANCE,mandatory,high,2,,,False
2852,536,SAMA-AML,2.25,CAPITAL_MARKETS,mandatory,high,2,,,False
2853,536,SAMA-AML,2.25,FINTECH,mandatory,critical,2,FinTech companies must meet both SAMA and PCI requirements,PENTEST|SCAN_REPORT,False
2854,537,SAMA-AML,3.25,BANKING,mandatory,high,3,Financial institutions must implement enhanced controls per SAMA requirements,AUDIT_REPORT|RISK_ASSESSMENT,False
2855,537,SAMA-AML,3.25,INSURANCE,mandatory,medium,3,,,False
2856,537,SAMA-AML,3.25,CAPITAL_MARKETS,mandatory,medium,3,,,False
2857,537,SAMA-AML,3.25,FINTECH,mandatory,high,3,FinTech companies must meet both SAMA and PCI requirements,PENTEST|SCAN_REPORT,False
2858,538,SAMA-AML,4.25,BANKING,mandatory,medium,4,Financial institutions must implement enhanced controls per SAMA requirements,AUDIT_REPORT|RISK_ASSESSMENT,False
2859,538,SAMA-AML,4.25,INSURANCE,mandatory,low,4,,,False
2860,538,SAMA-AML,4.25,CAPITAL_MARKETS,mandatory,low,4,,,False
2861,538,SAMA-AML,4.25,FINTECH,mandatory,medium,4,FinTech companies must meet both SAMA and PCI requirements,PENTEST|SCAN_REPORT,False
2862,539,SAMA-AML,5.25,BANKING,mandatory,critical,1,Financial institutions must implement enhanced controls per SAMA requirements,AUDIT_REPORT|RISK_ASSESSMENT,False
2863,539,SAMA-AML,5.25,INSURANCE,mandatory,critical,1,,,False
2864,539,SAMA-AML,5.25,CAPITAL_MARKETS,mandatory,critical,1,,,False
2865,539,SAMA-AML,5.25,FINTECH,mandatory,critical,1,FinTech companies must meet both SAMA and PCI requirements,PENTEST|SCAN_REPORT,False
2866,540,SAMA-AML,6.25,BANKING,mandatory,critical,2,Financial institutions must implement enhanced controls per SAMA requirements,AUDIT_REPORT|RISK_ASSESSMENT,False
2867,540,SAMA-AML,6.25,INSURANCE,mandatory,high,2,,,False
2868,540,SAMA-AML,6.25,CAPITAL_MARKETS,mandatory,high,2,,,False
2869,540,SAMA-AML,6.25,FINTECH,mandatory,critical,2,FinTech companies must meet both SAMA and PCI requirements,PENTEST|SCAN_REPORT,False
2870,541,SAMA-AML,1.26,BANKING,mandatory,high,3,Financial institutions must implement enhanced controls per SAMA requirements,AUDIT_REPORT|RISK_ASSESSMENT,False
2871,541,SAMA-AML,1.26,INSURANCE,mandatory,medium,3,,,False
2872,541,SAMA-AML,1.26,CAPITAL_MARKETS,mandatory,medium,3,,,False
2873,541,SAMA-AML,1.26,FINTECH,mandatory,high,3,FinTech companies must meet both SAMA and PCI requirements,PENTEST|SCAN_REPORT,False
2874,542,SAMA-AML,2.26,BANKING,mandatory,medium,4,Financial institutions must implement enhanced controls per SAMA requirements,AUDIT_REPORT|RISK_ASSESSMENT,False
2875,542,SAMA-AML,2.26,INSURANCE,mandatory,low,4,,,False
2876,542,SAMA-AML,2.26,CAPITAL_MARKETS,mandatory,low,4,,,False
2877,542,SAMA-AML,2.26,FINTECH,mandatory,medium,4,FinTech companies must meet both SAMA and PCI requirements,PENTEST|SCAN_REPORT,False
2878,543,SAMA-AML,3.26,BANKING,mandatory,critical,1,Financial institutions must implement enhanced controls per SAMA requirements,AUDIT_REPORT|RISK_ASSESSMENT,False
2879,543,SAMA-AML,3.26,INSURANCE,mandatory,critical,1,,,False
2880,543,SAMA-AML,3.26,CAPITAL_MARKETS,mandatory,critical,1,,,False
2881,543,SAMA-AML,3.26,FINTECH,mandatory,critical,1,FinTech companies must meet both SAMA and PCI requirements,PENTEST|SCAN_REPORT,False
2882,544,SAMA-AML,4.26,BANKING,mandatory,critical,2,Financial institutions must implement enhanced controls per SAMA requirements,AUDIT_REPORT|RISK_ASSESSMENT,False
2883,544,SAMA-AML,4.26,INSURANCE,mandatory,high,2,,,False
2884,544,SAMA-AML,4.26,CAPITAL_MARKETS,mandatory,high,2,,,False
2885,544,SAMA-AML,4.26,FINTECH,mandatory,critical,2,FinTech companies must meet both SAMA and PCI requirements,PENTEST|SCAN_REPORT,False
2886,545,SAMA-AML,5.26,BANKING,mandatory,high,3,Financial institutions must implement enhanced controls per SAMA requirements,AUDIT_REPORT|RISK_ASSESSMENT,False
2887,545,SAMA-AML,5.26,INSURANCE,mandatory,medium,3,,,False
2888,545,SAMA-AML,5.26,CAPITAL_MARKETS,mandatory,medium,3,,,False
2889,545,SAMA-AML,5.26,FINTECH,mandatory,high,3,FinTech companies must meet both SAMA and PCI requirements,PENTEST|SCAN_REPORT,False
2890,546,SAMA-AML,6.26,BANKING,mandatory,medium,4,Financial institutions must implement enhanced controls per SAMA requirements,AUDIT_REPORT|RISK_ASSESSMENT,False
2891,546,SAMA-AML,6.26,INSURANCE,mandatory,low,4,,,False
2892,546,SAMA-AML,6.26,CAPITAL_MARKETS,mandatory,low,4,,,False
2893,546,SAMA-AML,6.26,FINTECH,mandatory,medium,4,FinTech companies must meet both SAMA and PCI requirements,PENTEST|SCAN_REPORT,False
2894,547,SAMA-AML,1.27,BANKING,mandatory,critical,1,Financial institutions must implement enhanced controls per SAMA requirements,AUDIT_REPORT|RISK_ASSESSMENT,False
2895,547,SAMA-AML,1.27,INSURANCE,mandatory,critical,1,,,False
2896,547,SAMA-AML,1.27,CAPITAL_MARKETS,mandatory,critical,1,,,False
2897,547,SAMA-AML,1.27,FINTECH,mandatory,critical,1,FinTech companies must meet both SAMA and PCI requirements,PENTEST|SCAN_REPORT,False
2898,548,SAMA-AML,2.27,BANKING,mandatory,critical,2,Financial institutions must implement enhanced controls per SAMA requirements,AUDIT_REPORT|RISK_ASSESSMENT,False
2899,548,SAMA-AML,2.27,INSURANCE,mandatory,high,2,,,False
2900,548,SAMA-AML,2.27,CAPITAL_MARKETS,mandatory,high,2,,,False
2901,548,SAMA-AML,2.27,FINTECH,mandatory,critical,2,FinTech companies must meet both SAMA and PCI requirements,PENTEST|SCAN_REPORT,False
2902,549,SAMA-AML,3.27,BANKING,mandatory,high,3,Financial institutions must implement enhanced controls per SAMA requirements,AUDIT_REPORT|RISK_ASSESSMENT,False
2903,549,SAMA-AML,3.27,INSURANCE,mandatory,medium,3,,,False
2904,549,SAMA-AML,3.27,CAPITAL_MARKETS,mandatory,medium,3,,,False
2905,549,SAMA-AML,3.27,FINTECH,mandatory,high,3,FinTech companies must meet both SAMA and PCI requirements,PENTEST|SCAN_REPORT,False
2906,550,SAMA-AML,4.27,BANKING,mandatory,medium,4,Financial institutions must implement enhanced controls per SAMA requirements,AUDIT_REPORT|RISK_ASSESSMENT,False
2907,550,SAMA-AML,4.27,INSURANCE,mandatory,low,4,,,False
2908,550,SAMA-AML,4.27,CAPITAL_MARKETS,mandatory,low,4,,,False
2909,550,SAMA-AML,4.27,FINTECH,mandatory,medium,4,FinTech companies must meet both SAMA and PCI requirements,PENTEST|SCAN_REPORT,False
2910,551,SAMA-AML,5.27,BANKING,mandatory,critical,1,Financial institutions must implement enhanced controls per SAMA requirements,AUDIT_REPORT|RISK_ASSESSMENT,False
2911,551,SAMA-AML,5.27,INSURANCE,mandatory,critical,1,,,False
2912,551,SAMA-AML,5.27,CAPITAL_MARKETS,mandatory,critical,1,,,False
2913,551,SAMA-AML,5.27,FINTECH,mandatory,critical,1,FinTech companies must meet both SAMA and PCI requirements,PENTEST|SCAN_REPORT,False
2914,552,SAMA-AML,6.27,BANKING,mandatory,critical,2,Financial institutions must implement enhanced controls per SAMA requirements,AUDIT_REPORT|RISK_ASSESSMENT,False
2915,552,SAMA-AML,6.27,INSURANCE,mandatory,high,2,,,False
2916,552,SAMA-AML,6.27,CAPITAL_MARKETS,mandatory,high,2,,,False
2917,552,SAMA-AML,6.27,FINTECH,mandatory,critical,2,FinTech companies must meet both SAMA and PCI requirements,PENTEST|SCAN_REPORT,False
2918,553,SAMA-AML,1.28,BANKING,mandatory,high,3,Financial institutions must implement enhanced controls per SAMA requirements,AUDIT_REPORT|RISK_ASSESSMENT,False
2919,553,SAMA-AML,1.28,INSURANCE,mandatory,medium,3,,,False
2920,553,SAMA-AML,1.28,CAPITAL_MARKETS,mandatory,medium,3,,,False
2921,553,SAMA-AML,1.28,FINTECH,mandatory,high,3,FinTech companies must meet both SAMA and PCI requirements,PENTEST|SCAN_REPORT,False
2922,554,SAMA-AML,2.28,BANKING,mandatory,medium,4,Financial institutions must implement enhanced controls per SAMA requirements,AUDIT_REPORT|RISK_ASSESSMENT,False
2923,554,SAMA-AML,2.28,INSURANCE,mandatory,low,4,,,False
2924,554,SAMA-AML,2.28,CAPITAL_MARKETS,mandatory,low,4,,,False
2925,554,SAMA-AML,2.28,FINTECH,mandatory,medium,4,FinTech companies must meet both SAMA and PCI requirements,PENTEST|SCAN_REPORT,False
2926,555,SAMA-AML,3.28,BANKING,mandatory,critical,1,Financial institutions must implement enhanced controls per SAMA requirements,AUDIT_REPORT|RISK_ASSESSMENT,False
2927,555,SAMA-AML,3.28,INSURANCE,mandatory,critical,1,,,False
2928,555,SAMA-AML,3.28,CAPITAL_MARKETS,mandatory,critical,1,,,False
2929,555,SAMA-AML,3.28,FINTECH,mandatory,critical,1,FinTech companies must meet both SAMA and PCI requirements,PENTEST|SCAN_REPORT,False
2930,556,SAMA-AML,4.28,BANKING,mandatory,critical,2,Financial institutions must implement enhanced controls per SAMA requirements,AUDIT_REPORT|RISK_ASSESSMENT,False
2931,556,SAMA-AML,4.28,INSURANCE,mandatory,high,2,,,False
2932,556,SAMA-AML,4.28,CAPITAL_MARKETS,mandatory,high,2,,,False
2933,556,SAMA-AML,4.28,FINTECH,mandatory,critical,2,FinTech companies must meet both SAMA and PCI requirements,PENTEST|SCAN_REPORT,False
2934,557,SAMA-AML,5.28,BANKING,mandatory,high,3,Financial institutions must implement enhanced controls per SAMA requirements,AUDIT_REPORT|RISK_ASSESSMENT,False
2935,557,SAMA-AML,5.28,INSURANCE,mandatory,medium,3,,,False
2936,557,SAMA-AML,5.28,CAPITAL_MARKETS,mandatory,medium,3,,,False
2937,557,SAMA-AML,5.28,FINTECH,mandatory,high,3,FinTech companies must meet both SAMA and PCI requirements,PENTEST|SCAN_REPORT,False
2938,558,SAMA-PSR,1.1,BANKING,mandatory,critical,1,Financial institutions must implement enhanced controls per SAMA requirements,AUDIT_REPORT|RISK_ASSESSMENT,False
2939,558,SAMA-PSR,1.1,FINTECH,mandatory,critical,1,FinTech companies must meet both SAMA and PCI requirements,PENTEST|SCAN_REPORT,False
2940,559,SAMA-PSR,2.1,BANKING,mandatory,critical,2,Financial institutions must implement enhanced controls per SAMA requirements,AUDIT_REPORT|RISK_ASSESSMENT,False
2941,559,SAMA-PSR,2.1,FINTECH,mandatory,critical,2,FinTech companies must meet both SAMA and PCI requirements,PENTEST|SCAN_REPORT,False
2942,560,SAMA-PSR,3.1,BANKING,mandatory,high,3,Financial institutions must implement enhanced controls per SAMA requirements,AUDIT_REPORT|RISK_ASSESSMENT,False
2943,560,SAMA-PSR,3.1,FINTECH,mandatory,high,3,FinTech companies must meet both SAMA and PCI requirements,PENTEST|SCAN_REPORT,False
2944,561,SAMA-PSR,4.1,BANKING,mandatory,medium,4,Financial institutions must implement enhanced controls per SAMA requirements,AUDIT_REPORT|RISK_ASSESSMENT,False
2945,561,SAMA-PSR,4.1,FINTECH,mandatory,medium,4,FinTech companies must meet both SAMA and PCI requirements,PENTEST|SCAN_REPORT,False
2946,562,SAMA-PSR,5.1,BANKING,mandatory,critical,1,Financial institutions must implement enhanced controls per SAMA requirements,AUDIT_REPORT|RISK_ASSESSMENT,False
2947,562,SAMA-PSR,5.1,FINTECH,mandatory,critical,1,FinTech companies must meet both SAMA and PCI requirements,PENTEST|SCAN_REPORT,False
2948,563,SAMA-PSR,1.2,BANKING,mandatory,critical,2,Financial institutions must implement enhanced controls per SAMA requirements,AUDIT_REPORT|RISK_ASSESSMENT,False
2949,563,SAMA-PSR,1.2,FINTECH,mandatory,critical,2,FinTech companies must meet both SAMA and PCI requirements,PENTEST|SCAN_REPORT,False
2950,564,SAMA-PSR,2.2,BANKING,mandatory,high,3,Financial institutions must implement enhanced controls per SAMA requirements,AUDIT_REPORT|RISK_ASSESSMENT,False
2951,564,SAMA-PSR,2.2,FINTECH,mandatory,high,3,FinTech companies must meet both SAMA and PCI requirements,PENTEST|SCAN_REPORT,False
2952,565,SAMA-PSR,3.2,BANKING,mandatory,medium,4,Financial institutions must implement enhanced controls per SAMA requirements,AUDIT_REPORT|RISK_ASSESSMENT,False
2953,565,SAMA-PSR,3.2,FINTECH,mandatory,medium,4,FinTech companies must meet both SAMA and PCI requirements,PENTEST|SCAN_REPORT,False
2954,566,SAMA-PSR,4.2,BANKING,mandatory,critical,1,Financial institutions must implement enhanced controls per SAMA requirements,AUDIT_REPORT|RISK_ASSESSMENT,False
2955,566,SAMA-PSR,4.2,FINTECH,mandatory,critical,1,FinTech companies must meet both SAMA and PCI requirements,PENTEST|SCAN_REPORT,False
2956,567,SAMA-PSR,5.2,BANKING,mandatory,critical,2,Financial institutions must implement enhanced controls per SAMA requirements,AUDIT_REPORT|RISK_ASSESSMENT,False
2957,567,SAMA-PSR,5.2,FINTECH,mandatory,critical,2,FinTech companies must meet both SAMA and PCI requirements,PENTEST|SCAN_REPORT,False
2958,568,SAMA-PSR,1.3,BANKING,mandatory,high,3,Financial institutions must implement enhanced controls per SAMA requirements,AUDIT_REPORT|RISK_ASSESSMENT,False
2959,568,SAMA-PSR,1.3,FINTECH,mandatory,high,3,FinTech companies must meet both SAMA and PCI requirements,PENTEST|SCAN_REPORT,False
2960,569,SAMA-PSR,2.3,BANKING,mandatory,medium,4,Financial institutions must implement enhanced controls per SAMA requirements,AUDIT_REPORT|RISK_ASSESSMENT,False
2961,569,SAMA-PSR,2.3,FINTECH,mandatory,medium,4,FinTech companies must meet both SAMA and PCI requirements,PENTEST|SCAN_REPORT,False
2962,570,SAMA-PSR,3.3,BANKING,mandatory,critical,1,Financial institutions must implement enhanced controls per SAMA requirements,AUDIT_REPORT|RISK_ASSESSMENT,False
2963,570,SAMA-PSR,3.3,FINTECH,mandatory,critical,1,FinTech companies must meet both SAMA and PCI requirements,PENTEST|SCAN_REPORT,False
2964,571,SAMA-PSR,4.3,BANKING,mandatory,critical,2,Financial institutions must implement enhanced controls per SAMA requirements,AUDIT_REPORT|RISK_ASSESSMENT,False
2965,571,SAMA-PSR,4.3,FINTECH,mandatory,critical,2,FinTech companies must meet both SAMA and PCI requirements,PENTEST|SCAN_REPORT,False
2966,572,SAMA-PSR,5.3,BANKING,mandatory,high,3,Financial institutions must implement enhanced controls per SAMA requirements,AUDIT_REPORT|RISK_ASSESSMENT,False
2967,572,SAMA-PSR,5.3,FINTECH,mandatory,high,3,FinTech companies must meet both SAMA and PCI requirements,PENTEST|SCAN_REPORT,False
2968,573,SAMA-PSR,1.4,BANKING,mandatory,medium,4,Financial institutions must implement enhanced controls per SAMA requirements,AUDIT_REPORT|RISK_ASSESSMENT,False
2969,573,SAMA-PSR,1.4,FINTECH,mandatory,medium,4,FinTech companies must meet both SAMA and PCI requirements,PENTEST|SCAN_REPORT,False
2970,574,SAMA-PSR,2.4,BANKING,mandatory,critical,1,Financial institutions must implement enhanced controls per SAMA requirements,AUDIT_REPORT|RISK_ASSESSMENT,False
2971,574,SAMA-PSR,2.4,FINTECH,mandatory,critical,1,FinTech companies must meet both SAMA and PCI requirements,PENTEST|SCAN_REPORT,False
2972,575,SAMA-PSR,3.4,BANKING,mandatory,critical,2,Financial institutions must implement enhanced controls per SAMA requirements,AUDIT_REPORT|RISK_ASSESSMENT,False
2973,575,SAMA-PSR,3.4,FINTECH,mandatory,critical,2,FinTech companies must meet both SAMA and PCI requirements,PENTEST|SCAN_REPORT,False
2974,576,SAMA-PSR,4.4,BANKING,mandatory,high,3,Financial institutions must implement enhanced controls per SAMA requirements,AUDIT_REPORT|RISK_ASSESSMENT,False
2975,576,SAMA-PSR,4.4,FINTECH,mandatory,high,3,FinTech companies must meet both SAMA and PCI requirements,PENTEST|SCAN_REPORT,False
2976,577,SAMA-PSR,5.4,BANKING,mandatory,medium,4,Financial institutions must implement enhanced controls per SAMA requirements,AUDIT_REPORT|RISK_ASSESSMENT,False
2977,577,SAMA-PSR,5.4,FINTECH,mandatory,medium,4,FinTech companies must meet both SAMA and PCI requirements,PENTEST|SCAN_REPORT,False
2978,578,SAMA-PSR,1.5,BANKING,mandatory,critical,1,Financial institutions must implement enhanced controls per SAMA requirements,AUDIT_REPORT|RISK_ASSESSMENT,False
2979,578,SAMA-PSR,1.5,FINTECH,mandatory,critical,1,FinTech companies must meet both SAMA and PCI requirements,PENTEST|SCAN_REPORT,False
2980,579,SAMA-PSR,2.5,BANKING,mandatory,critical,2,Financial institutions must implement enhanced controls per SAMA requirements,AUDIT_REPORT|RISK_ASSESSMENT,False
2981,579,SAMA-PSR,2.5,FINTECH,mandatory,critical,2,FinTech companies must meet both SAMA and PCI requirements,PENTEST|SCAN_REPORT,False
2982,580,SAMA-PSR,3.5,BANKING,mandatory,high,3,Financial institutions must implement enhanced controls per SAMA requirements,AUDIT_REPORT|RISK_ASSESSMENT,False
2983,580,SAMA-PSR,3.5,FINTECH,mandatory,high,3,FinTech companies must meet both SAMA and PCI requirements,PENTEST|SCAN_REPORT,False
2984,581,SAMA-PSR,4.5,BANKING,mandatory,medium,4,Financial institutions must implement enhanced controls per SAMA requirements,AUDIT_REPORT|RISK_ASSESSMENT,False
2985,581,SAMA-PSR,4.5,FINTECH,mandatory,medium,4,FinTech companies must meet both SAMA and PCI requirements,PENTEST|SCAN_REPORT,False
2986,582,SAMA-PSR,5.5,BANKING,mandatory,critical,1,Financial institutions must implement enhanced controls per SAMA requirements,AUDIT_REPORT|RISK_ASSESSMENT,False
2987,582,SAMA-PSR,5.5,FINTECH,mandatory,critical,1,FinTech companies must meet both SAMA and PCI requirements,PENTEST|SCAN_REPORT,False
2988,583,SAMA-PSR,1.6,BANKING,mandatory,critical,2,Financial institutions must implement enhanced controls per SAMA requirements,AUDIT_REPORT|RISK_ASSESSMENT,False
2989,583,SAMA-PSR,1.6,FINTECH,mandatory,critical,2,FinTech companies must meet both SAMA and PCI requirements,PENTEST|SCAN_REPORT,False
2990,584,SAMA-PSR,2.6,BANKING,mandatory,high,3,Financial institutions must implement enhanced controls per SAMA requirements,AUDIT_REPORT|RISK_ASSESSMENT,False
2991,584,SAMA-PSR,2.6,FINTECH,mandatory,high,3,FinTech companies must meet both SAMA and PCI requirements,PENTEST|SCAN_REPORT,False
2992,585,SAMA-PSR,3.6,BANKING,mandatory,medium,4,Financial institutions must implement enhanced controls per SAMA requirements,AUDIT_REPORT|RISK_ASSESSMENT,False
2993,585,SAMA-PSR,3.6,FINTECH,mandatory,medium,4,FinTech companies must meet both SAMA and PCI requirements,PENTEST|SCAN_REPORT,False
2994,586,SAMA-PSR,4.6,BANKING,mandatory,critical,1,Financial institutions must implement enhanced controls per SAMA requirements,AUDIT_REPORT|RISK_ASSESSMENT,False
2995,586,SAMA-PSR,4.6,FINTECH,mandatory,critical,1,FinTech companies must meet both SAMA and PCI requirements,PENTEST|SCAN_REPORT,False
2996,587,SAMA-PSR,5.6,BANKING,mandatory,critical,2,Financial institutions must implement enhanced controls per SAMA requirements,AUDIT_REPORT|RISK_ASSESSMENT,False
2997,587,SAMA-PSR,5.6,FINTECH,mandatory,critical,2,FinTech companies must meet both SAMA and PCI requirements,PENTEST|SCAN_REPORT,False
2998,588,SAMA-PSR,1.7,BANKING,mandatory,high,3,Financial institutions must implement enhanced controls per SAMA requirements,AUDIT_REPORT|RISK_ASSESSMENT,False
2999,588,SAMA-PSR,1.7,FINTECH,mandatory,high,3,FinTech companies must meet both SAMA and PCI requirements,PENTEST|SCAN_REPORT,False
3000,589,SAMA-PSR,2.7,BANKING,mandatory,medium,4,Financial institutions must implement enhanced controls per SAMA requirements,AUDIT_REPORT|RISK_ASSESSMENT,False
3001,589,SAMA-PSR,2.7,FINTECH,mandatory,medium,4,FinTech companies must meet both SAMA and PCI requirements,PENTEST|SCAN_REPORT,False
3002,590,SAMA-PSR,3.7,BANKING,mandatory,critical,1,Financial institutions must implement enhanced controls per SAMA requirements,AUDIT_REPORT|RISK_ASSESSMENT,False
3003,590,SAMA-PSR,3.7,FINTECH,mandatory,critical,1,FinTech companies must meet both SAMA and PCI requirements,PENTEST|SCAN_REPORT,False
3004,591,SAMA-PSR,4.7,BANKING,mandatory,critical,2,Financial institutions must implement enhanced controls per SAMA requirements,AUDIT_REPORT|RISK_ASSESSMENT,False
3005,591,SAMA-PSR,4.7,FINTECH,mandatory,critical,2,FinTech companies must meet both SAMA and PCI requirements,PENTEST|SCAN_REPORT,False
3006,592,SAMA-PSR,5.7,BANKING,mandatory,high,3,Financial institutions must implement enhanced controls per SAMA requirements,AUDIT_REPORT|RISK_ASSESSMENT,False
3007,592,SAMA-PSR,5.7,FINTECH,mandatory,high,3,FinTech companies must meet both SAMA and PCI requirements,PENTEST|SCAN_REPORT,False
3008,593,SAMA-PSR,1.8,BANKING,mandatory,medium,4,Financial institutions must implement enhanced controls per SAMA requirements,AUDIT_REPORT|RISK_ASSESSMENT,False
3009,593,SAMA-PSR,1.8,FINTECH,mandatory,medium,4,FinTech companies must meet both SAMA and PCI requirements,PENTEST|SCAN_REPORT,False
3010,594,SAMA-PSR,2.8,BANKING,mandatory,critical,1,Financial institutions must implement enhanced controls per SAMA requirements,AUDIT_REPORT|RISK_ASSESSMENT,False
3011,594,SAMA-PSR,2.8,FINTECH,mandatory,critical,1,FinTech companies must meet both SAMA and PCI requirements,PENTEST|SCAN_REPORT,False
3012,595,SAMA-PSR,3.8,BANKING,mandatory,critical,2,Financial institutions must implement enhanced controls per SAMA requirements,AUDIT_REPORT|RISK_ASSESSMENT,False
3013,595,SAMA-PSR,3.8,FINTECH,mandatory,critical,2,FinTech companies must meet both SAMA and PCI requirements,PENTEST|SCAN_REPORT,False
3014,596,SAMA-PSR,4.8,BANKING,mandatory,high,3,Financial institutions must implement enhanced controls per SAMA requirements,AUDIT_REPORT|RISK_ASSESSMENT,False
3015,596,SAMA-PSR,4.8,FINTECH,mandatory,high,3,FinTech companies must meet both SAMA and PCI requirements,PENTEST|SCAN_REPORT,False
3016,597,SAMA-PSR,5.8,BANKING,mandatory,medium,4,Financial institutions must implement enhanced controls per SAMA requirements,AUDIT_REPORT|RISK_ASSESSMENT,False
3017,597,SAMA-PSR,5.8,FINTECH,mandatory,medium,4,FinTech companies must meet both SAMA and PCI requirements,PENTEST|SCAN_REPORT,False
3018,598,SAMA-PSR,1.9,BANKING,mandatory,critical,1,Financial institutions must implement enhanced controls per SAMA requirements,AUDIT_REPORT|RISK_ASSESSMENT,False
3019,598,SAMA-PSR,1.9,FINTECH,mandatory,critical,1,FinTech companies must meet both SAMA and PCI requirements,PENTEST|SCAN_REPORT,False
3020,599,SAMA-PSR,2.9,BANKING,mandatory,critical,2,Financial institutions must implement enhanced controls per SAMA requirements,AUDIT_REPORT|RISK_ASSESSMENT,False
3021,599,SAMA-PSR,2.9,FINTECH,mandatory,critical,2,FinTech companies must meet both SAMA and PCI requirements,PENTEST|SCAN_REPORT,False
3022,600,SAMA-PSR,3.9,BANKING,mandatory,high,3,Financial institutions must implement enhanced controls per SAMA requirements,AUDIT_REPORT|RISK_ASSESSMENT,False
3023,600,SAMA-PSR,3.9,FINTECH,mandatory,high,3,FinTech companies must meet both SAMA and PCI requirements,PENTEST|SCAN_REPORT,False
3024,601,SAMA-PSR,4.9,BANKING,mandatory,medium,4,Financial institutions must implement enhanced controls per SAMA requirements,AUDIT_REPORT|RISK_ASSESSMENT,False
3025,601,SAMA-PSR,4.9,FINTECH,mandatory,medium,4,FinTech companies must meet both SAMA and PCI requirements,PENTEST|SCAN_REPORT,False
3026,602,SAMA-PSR,5.9,BANKING,mandatory,critical,1,Financial institutions must implement enhanced controls per SAMA requirements,AUDIT_REPORT|RISK_ASSESSMENT,False
3027,602,SAMA-PSR,5.9,FINTECH,mandatory,critical,1,FinTech companies must meet both SAMA and PCI requirements,PENTEST|SCAN_REPORT,False
3028,603,SAMA-PSR,1.10,BANKING,mandatory,critical,2,Financial institutions must implement enhanced controls per SAMA requirements,AUDIT_REPORT|RISK_ASSESSMENT,False
3029,603,SAMA-PSR,1.10,FINTECH,mandatory,critical,2,FinTech companies must meet both SAMA and PCI requirements,PENTEST|SCAN_REPORT,False
3030,604,SAMA-PSR,2.10,BANKING,mandatory,high,3,Financial institutions must implement enhanced controls per SAMA requirements,AUDIT_REPORT|RISK_ASSESSMENT,False
3031,604,SAMA-PSR,2.10,FINTECH,mandatory,high,3,FinTech companies must meet both SAMA and PCI requirements,PENTEST|SCAN_REPORT,False
3032,605,SAMA-PSR,3.10,BANKING,mandatory,medium,4,Financial institutions must implement enhanced controls per SAMA requirements,AUDIT_REPORT|RISK_ASSESSMENT,False
3033,605,SAMA-PSR,3.10,FINTECH,mandatory,medium,4,FinTech companies must meet both SAMA and PCI requirements,PENTEST|SCAN_REPORT,False
3034,606,SAMA-PSR,4.10,BANKING,mandatory,critical,1,Financial institutions must implement enhanced controls per SAMA requirements,AUDIT_REPORT|RISK_ASSESSMENT,False
3035,606,SAMA-PSR,4.10,FINTECH,mandatory,critical,1,FinTech companies must meet both SAMA and PCI requirements,PENTEST|SCAN_REPORT,False
3036,607,SAMA-PSR,5.10,BANKING,mandatory,critical,2,Financial institutions must implement enhanced controls per SAMA requirements,AUDIT_REPORT|RISK_ASSESSMENT,False
3037,607,SAMA-PSR,5.10,FINTECH,mandatory,critical,2,FinTech companies must meet both SAMA and PCI requirements,PENTEST|SCAN_REPORT,False
3038,608,SAMA-PSR,1.11,BANKING,mandatory,high,3,Financial institutions must implement enhanced controls per SAMA requirements,AUDIT_REPORT|RISK_ASSESSMENT,False
3039,608,SAMA-PSR,1.11,FINTECH,mandatory,high,3,FinTech companies must meet both SAMA and PCI requirements,PENTEST|SCAN_REPORT,False
3040,609,SAMA-PSR,2.11,BANKING,mandatory,medium,4,Financial institutions must implement enhanced controls per SAMA requirements,AUDIT_REPORT|RISK_ASSESSMENT,False
3041,609,SAMA-PSR,2.11,FINTECH,mandatory,medium,4,FinTech companies must meet both SAMA and PCI requirements,PENTEST|SCAN_REPORT,False
3042,610,SAMA-PSR,3.11,BANKING,mandatory,critical,1,Financial institutions must implement enhanced controls per SAMA requirements,AUDIT_REPORT|RISK_ASSESSMENT,False
3043,610,SAMA-PSR,3.11,FINTECH,mandatory,critical,1,FinTech companies must meet both SAMA and PCI requirements,PENTEST|SCAN_REPORT,False
3044,611,SAMA-PSR,4.11,BANKING,mandatory,critical,2,Financial institutions must implement enhanced controls per SAMA requirements,AUDIT_REPORT|RISK_ASSESSMENT,False
3045,611,SAMA-PSR,4.11,FINTECH,mandatory,critical,2,FinTech companies must meet both SAMA and PCI requirements,PENTEST|SCAN_REPORT,False
3046,612,SAMA-PSR,5.11,BANKING,mandatory,high,3,Financial institutions must implement enhanced controls per SAMA requirements,AUDIT_REPORT|RISK_ASSESSMENT,False
3047,612,SAMA-PSR,5.11,FINTECH,mandatory,high,3,FinTech companies must meet both SAMA and PCI requirements,PENTEST|SCAN_REPORT,False
3048,613,SAMA-PSR,1.12,BANKING,mandatory,medium,4,Financial institutions must implement enhanced controls per SAMA requirements,AUDIT_REPORT|RISK_ASSESSMENT,False
3049,613,SAMA-PSR,1.12,FINTECH,mandatory,medium,4,FinTech companies must meet both SAMA and PCI requirements,PENTEST|SCAN_REPORT,False
3050,614,SAMA-PSR,2.12,BANKING,mandatory,critical,1,Financial institutions must implement enhanced controls per SAMA requirements,AUDIT_REPORT|RISK_ASSESSMENT,False
3051,614,SAMA-PSR,2.12,FINTECH,mandatory,critical,1,FinTech companies must meet both SAMA and PCI requirements,PENTEST|SCAN_REPORT,False
3052,615,SAMA-PSR,3.12,BANKING,mandatory,critical,2,Financial institutions must implement enhanced controls per SAMA requirements,AUDIT_REPORT|RISK_ASSESSMENT,False
3053,615,SAMA-PSR,3.12,FINTECH,mandatory,critical,2,FinTech companies must meet both SAMA and PCI requirements,PENTEST|SCAN_REPORT,False
3054,616,SAMA-PSR,4.12,BANKING,mandatory,high,3,Financial institutions must implement enhanced controls per SAMA requirements,AUDIT_REPORT|RISK_ASSESSMENT,False
3055,616,SAMA-PSR,4.12,FINTECH,mandatory,high,3,FinTech companies must meet both SAMA and PCI requirements,PENTEST|SCAN_REPORT,False
3056,617,SAMA-PSR,5.12,BANKING,mandatory,medium,4,Financial institutions must implement enhanced controls per SAMA requirements,AUDIT_REPORT|RISK_ASSESSMENT,False
3057,617,SAMA-PSR,5.12,FINTECH,mandatory,medium,4,FinTech companies must meet both SAMA and PCI requirements,PENTEST|SCAN_REPORT,False
3058,618,SAMA-PSR,1.13,BANKING,mandatory,critical,1,Financial institutions must implement enhanced controls per SAMA requirements,AUDIT_REPORT|RISK_ASSESSMENT,False
3059,618,SAMA-PSR,1.13,FINTECH,mandatory,critical,1,FinTech companies must meet both SAMA and PCI requirements,PENTEST|SCAN_REPORT,False
3060,619,SAMA-PSR,2.13,BANKING,mandatory,critical,2,Financial institutions must implement enhanced controls per SAMA requirements,AUDIT_REPORT|RISK_ASSESSMENT,False
3061,619,SAMA-PSR,2.13,FINTECH,mandatory,critical,2,FinTech companies must meet both SAMA and PCI requirements,PENTEST|SCAN_REPORT,False
3062,620,SAMA-PSR,3.13,BANKING,mandatory,high,3,Financial institutions must implement enhanced controls per SAMA requirements,AUDIT_REPORT|RISK_ASSESSMENT,False
3063,620,SAMA-PSR,3.13,FINTECH,mandatory,high,3,FinTech companies must meet both SAMA and PCI requirements,PENTEST|SCAN_REPORT,False
3064,621,SAMA-PSR,4.13,BANKING,mandatory,medium,4,Financial institutions must implement enhanced controls per SAMA requirements,AUDIT_REPORT|RISK_ASSESSMENT,False
3065,621,SAMA-PSR,4.13,FINTECH,mandatory,medium,4,FinTech companies must meet both SAMA and PCI requirements,PENTEST|SCAN_REPORT,False
3066,622,SAMA-PSR,5.13,BANKING,mandatory,critical,1,Financial institutions must implement enhanced controls per SAMA requirements,AUDIT_REPORT|RISK_ASSESSMENT,False
3067,622,SAMA-PSR,5.13,FINTECH,mandatory,critical,1,FinTech companies must meet both SAMA and PCI requirements,PENTEST|SCAN_REPORT,False
3068,623,SAMA-PSR,1.14,BANKING,mandatory,critical,2,Financial institutions must implement enhanced controls per SAMA requirements,AUDIT_REPORT|RISK_ASSESSMENT,False
3069,623,SAMA-PSR,1.14,FINTECH,mandatory,critical,2,FinTech companies must meet both SAMA and PCI requirements,PENTEST|SCAN_REPORT,False
3070,624,SAMA-PSR,2.14,BANKING,mandatory,high,3,Financial institutions must implement enhanced controls per SAMA requirements,AUDIT_REPORT|RISK_ASSESSMENT,False
3071,624,SAMA-PSR,2.14,FINTECH,mandatory,high,3,FinTech companies must meet both SAMA and PCI requirements,PENTEST|SCAN_REPORT,False
3072,625,PDPL,1.1,BANKING,mandatory,critical,1,Financial institutions must implement enhanced controls per SAMA requirements,AUDIT_REPORT|RISK_ASSESSMENT,False
3073,625,PDPL,1.1,INSURANCE,mandatory,critical,1,,,False
3074,625,PDPL,1.1,CAPITAL_MARKETS,mandatory,critical,1,,,False
3075,625,PDPL,1.1,FINTECH,mandatory,critical,1,FinTech companies must meet both SAMA and PCI requirements,PENTEST|SCAN_REPORT,False
3076,625,PDPL,1.1,HEALTHCARE,mandatory,critical,1,Healthcare organizations must ensure patient data protection per MOH standards,CERTIFICATE|TRAINING_RECORD,False
3077,625,PDPL,1.1,TELECOM,mandatory,critical,1,,,False
3078,625,PDPL,1.1,ICT,mandatory,critical,1,,,False
3079,625,PDPL,1.1,CLOUD,mandatory,critical,1,,,False
3080,625,PDPL,1.1,RETAIL,mandatory,critical,1,,,False
3081,625,PDPL,1.1,EDUCATION,mandatory,critical,1,,,False
3082,626,PDPL,2.1,BANKING,mandatory,critical,2,Financial institutions must implement enhanced controls per SAMA requirements,AUDIT_REPORT|RISK_ASSESSMENT,False
3083,626,PDPL,2.1,INSURANCE,mandatory,high,2,,,False
3084,626,PDPL,2.1,CAPITAL_MARKETS,mandatory,high,2,,,False
3085,626,PDPL,2.1,FINTECH,mandatory,critical,2,FinTech companies must meet both SAMA and PCI requirements,PENTEST|SCAN_REPORT,False
3086,626,PDPL,2.1,HEALTHCARE,mandatory,critical,2,Healthcare organizations must ensure patient data protection per MOH standards,CERTIFICATE|TRAINING_RECORD,False
3087,626,PDPL,2.1,TELECOM,mandatory,high,2,,,False
3088,626,PDPL,2.1,ICT,mandatory,high,2,,,False
3089,626,PDPL,2.1,CLOUD,mandatory,high,2,,,False
3090,626,PDPL,2.1,RETAIL,mandatory,high,2,,,False
3091,626,PDPL,2.1,EDUCATION,mandatory,high,2,,,False
3092,627,PDPL,3.1,BANKING,mandatory,high,3,Financial institutions must implement enhanced controls per SAMA requirements,AUDIT_REPORT|RISK_ASSESSMENT,False
3093,627,PDPL,3.1,INSURANCE,mandatory,medium,3,,,False
3094,627,PDPL,3.1,CAPITAL_MARKETS,mandatory,medium,3,,,False
3095,627,PDPL,3.1,FINTECH,mandatory,high,3,FinTech companies must meet both SAMA and PCI requirements,PENTEST|SCAN_REPORT,False
3096,627,PDPL,3.1,HEALTHCARE,mandatory,high,3,Healthcare organizations must ensure patient data protection per MOH standards,CERTIFICATE|TRAINING_RECORD,False
3097,627,PDPL,3.1,TELECOM,mandatory,medium,3,,,False
3098,627,PDPL,3.1,ICT,mandatory,medium,3,,,False
3099,627,PDPL,3.1,CLOUD,mandatory,medium,3,,,False
3100,627,PDPL,3.1,RETAIL,mandatory,medium,3,,,False
3101,627,PDPL,3.1,EDUCATION,mandatory,medium,3,,,False
3102,628,PDPL,4.1,BANKING,mandatory,medium,4,Financial institutions must implement enhanced controls per SAMA requirements,AUDIT_REPORT|RISK_ASSESSMENT,False
3103,628,PDPL,4.1,INSURANCE,mandatory,low,4,,,False
3104,628,PDPL,4.1,CAPITAL_MARKETS,mandatory,low,4,,,False
3105,628,PDPL,4.1,FINTECH,mandatory,medium,4,FinTech companies must meet both SAMA and PCI requirements,PENTEST|SCAN_REPORT,False
3106,628,PDPL,4.1,HEALTHCARE,mandatory,medium,4,Healthcare organizations must ensure patient data protection per MOH standards,CERTIFICATE|TRAINING_RECORD,False
3107,628,PDPL,4.1,TELECOM,mandatory,low,4,,,False
3108,628,PDPL,4.1,ICT,mandatory,low,4,,,False
3109,628,PDPL,4.1,CLOUD,mandatory,low,4,,,False
3110,628,PDPL,4.1,RETAIL,mandatory,low,4,,,False
3111,628,PDPL,4.1,EDUCATION,mandatory,low,4,,,False
3112,629,PDPL,5.1,BANKING,mandatory,critical,1,Financial institutions must implement enhanced controls per SAMA requirements,AUDIT_REPORT|RISK_ASSESSMENT,False
3113,629,PDPL,5.1,INSURANCE,mandatory,critical,1,,,False
3114,629,PDPL,5.1,CAPITAL_MARKETS,mandatory,critical,1,,,False
3115,629,PDPL,5.1,FINTECH,mandatory,critical,1,FinTech companies must meet both SAMA and PCI requirements,PENTEST|SCAN_REPORT,False
3116,629,PDPL,5.1,HEALTHCARE,mandatory,critical,1,Healthcare organizations must ensure patient data protection per MOH standards,CERTIFICATE|TRAINING_RECORD,False
3117,629,PDPL,5.1,TELECOM,mandatory,critical,1,,,False
3118,629,PDPL,5.1,ICT,mandatory,critical,1,,,False
3119,629,PDPL,5.1,CLOUD,mandatory,critical,1,,,False
3120,629,PDPL,5.1,RETAIL,mandatory,critical,1,,,False
3121,629,PDPL,5.1,EDUCATION,mandatory,critical,1,,,False
3122,630,PDPL,1.2,BANKING,mandatory,critical,2,Financial institutions must implement enhanced controls per SAMA requirements,AUDIT_REPORT|RISK_ASSESSMENT,False
3123,630,PDPL,1.2,INSURANCE,mandatory,high,2,,,False
3124,630,PDPL,1.2,CAPITAL_MARKETS,mandatory,high,2,,,False
3125,630,PDPL,1.2,FINTECH,mandatory,critical,2,FinTech companies must meet both SAMA and PCI requirements,PENTEST|SCAN_REPORT,False
3126,630,PDPL,1.2,HEALTHCARE,mandatory,critical,2,Healthcare organizations must ensure patient data protection per MOH standards,CERTIFICATE|TRAINING_RECORD,False
3127,630,PDPL,1.2,TELECOM,mandatory,high,2,,,False
3128,630,PDPL,1.2,ICT,mandatory,high,2,,,False
3129,630,PDPL,1.2,CLOUD,mandatory,high,2,,,False
3130,630,PDPL,1.2,RETAIL,mandatory,high,2,,,False
3131,630,PDPL,1.2,EDUCATION,mandatory,high,2,,,False
3132,631,PDPL,2.2,BANKING,mandatory,high,3,Financial institutions must implement enhanced controls per SAMA requirements,AUDIT_REPORT|RISK_ASSESSMENT,False
3133,631,PDPL,2.2,INSURANCE,mandatory,medium,3,,,False
3134,631,PDPL,2.2,CAPITAL_MARKETS,mandatory,medium,3,,,False
3135,631,PDPL,2.2,FINTECH,mandatory,high,3,FinTech companies must meet both SAMA and PCI requirements,PENTEST|SCAN_REPORT,False
3136,631,PDPL,2.2,HEALTHCARE,mandatory,high,3,Healthcare organizations must ensure patient data protection per MOH standards,CERTIFICATE|TRAINING_RECORD,False
3137,631,PDPL,2.2,TELECOM,mandatory,medium,3,,,False
3138,631,PDPL,2.2,ICT,mandatory,medium,3,,,False
3139,631,PDPL,2.2,CLOUD,mandatory,medium,3,,,False
3140,631,PDPL,2.2,RETAIL,mandatory,medium,3,,,False
3141,631,PDPL,2.2,EDUCATION,mandatory,medium,3,,,False
3142,632,PDPL,3.2,BANKING,mandatory,medium,4,Financial institutions must implement enhanced controls per SAMA requirements,AUDIT_REPORT|RISK_ASSESSMENT,False
3143,632,PDPL,3.2,INSURANCE,mandatory,low,4,,,False
3144,632,PDPL,3.2,CAPITAL_MARKETS,mandatory,low,4,,,False
3145,632,PDPL,3.2,FINTECH,mandatory,medium,4,FinTech companies must meet both SAMA and PCI requirements,PENTEST|SCAN_REPORT,False
3146,632,PDPL,3.2,HEALTHCARE,mandatory,medium,4,Healthcare organizations must ensure patient data protection per MOH standards,CERTIFICATE|TRAINING_RECORD,False
3147,632,PDPL,3.2,TELECOM,mandatory,low,4,,,False
3148,632,PDPL,3.2,ICT,mandatory,low,4,,,False
3149,632,PDPL,3.2,CLOUD,mandatory,low,4,,,False
3150,632,PDPL,3.2,RETAIL,mandatory,low,4,,,False
3151,632,PDPL,3.2,EDUCATION,mandatory,low,4,,,False
3152,633,PDPL,4.2,BANKING,mandatory,critical,1,Financial institutions must implement enhanced controls per SAMA requirements,AUDIT_REPORT|RISK_ASSESSMENT,False
3153,633,PDPL,4.2,INSURANCE,mandatory,critical,1,,,False
3154,633,PDPL,4.2,CAPITAL_MARKETS,mandatory,critical,1,,,False
3155,633,PDPL,4.2,FINTECH,mandatory,critical,1,FinTech companies must meet both SAMA and PCI requirements,PENTEST|SCAN_REPORT,False
3156,633,PDPL,4.2,HEALTHCARE,mandatory,critical,1,Healthcare organizations must ensure patient data protection per MOH standards,CERTIFICATE|TRAINING_RECORD,False
3157,633,PDPL,4.2,TELECOM,mandatory,critical,1,,,False
3158,633,PDPL,4.2,ICT,mandatory,critical,1,,,False
3159,633,PDPL,4.2,CLOUD,mandatory,critical,1,,,False
3160,633,PDPL,4.2,RETAIL,mandatory,critical,1,,,False
3161,633,PDPL,4.2,EDUCATION,mandatory,critical,1,,,False
3162,634,PDPL,5.2,BANKING,mandatory,critical,2,Financial institutions must implement enhanced controls per SAMA requirements,AUDIT_REPORT|RISK_ASSESSMENT,False
3163,634,PDPL,5.2,INSURANCE,mandatory,high,2,,,False
3164,634,PDPL,5.2,CAPITAL_MARKETS,mandatory,high,2,,,False
3165,634,PDPL,5.2,FINTECH,mandatory,critical,2,FinTech companies must meet both SAMA and PCI requirements,PENTEST|SCAN_REPORT,False
3166,634,PDPL,5.2,HEALTHCARE,mandatory,critical,2,Healthcare organizations must ensure patient data protection per MOH standards,CERTIFICATE|TRAINING_RECORD,False
3167,634,PDPL,5.2,TELECOM,mandatory,high,2,,,False
3168,634,PDPL,5.2,ICT,mandatory,high,2,,,False
3169,634,PDPL,5.2,CLOUD,mandatory,high,2,,,False
3170,634,PDPL,5.2,RETAIL,mandatory,high,2,,,False
3171,634,PDPL,5.2,EDUCATION,mandatory,high,2,,,False
3172,635,PDPL,1.3,BANKING,mandatory,high,3,Financial institutions must implement enhanced controls per SAMA requirements,AUDIT_REPORT|RISK_ASSESSMENT,False
3173,635,PDPL,1.3,INSURANCE,mandatory,medium,3,,,False
3174,635,PDPL,1.3,CAPITAL_MARKETS,mandatory,medium,3,,,False
3175,635,PDPL,1.3,FINTECH,mandatory,high,3,FinTech companies must meet both SAMA and PCI requirements,PENTEST|SCAN_REPORT,False
3176,635,PDPL,1.3,HEALTHCARE,mandatory,high,3,Healthcare organizations must ensure patient data protection per MOH standards,CERTIFICATE|TRAINING_RECORD,False
3177,635,PDPL,1.3,TELECOM,mandatory,medium,3,,,False
3178,635,PDPL,1.3,ICT,mandatory,medium,3,,,False
3179,635,PDPL,1.3,CLOUD,mandatory,medium,3,,,False
3180,635,PDPL,1.3,RETAIL,mandatory,medium,3,,,False
3181,635,PDPL,1.3,EDUCATION,mandatory,medium,3,,,False
3182,636,PDPL,2.3,BANKING,mandatory,medium,4,Financial institutions must implement enhanced controls per SAMA requirements,AUDIT_REPORT|RISK_ASSESSMENT,False
3183,636,PDPL,2.3,INSURANCE,mandatory,low,4,,,False
3184,636,PDPL,2.3,CAPITAL_MARKETS,mandatory,low,4,,,False
3185,636,PDPL,2.3,FINTECH,mandatory,medium,4,FinTech companies must meet both SAMA and PCI requirements,PENTEST|SCAN_REPORT,False
3186,636,PDPL,2.3,HEALTHCARE,mandatory,medium,4,Healthcare organizations must ensure patient data protection per MOH standards,CERTIFICATE|TRAINING_RECORD,False
3187,636,PDPL,2.3,TELECOM,mandatory,low,4,,,False
3188,636,PDPL,2.3,ICT,mandatory,low,4,,,False
3189,636,PDPL,2.3,CLOUD,mandatory,low,4,,,False
3190,636,PDPL,2.3,RETAIL,mandatory,low,4,,,False
3191,636,PDPL,2.3,EDUCATION,mandatory,low,4,,,False
3192,637,PDPL,3.3,BANKING,mandatory,critical,1,Financial institutions must implement enhanced controls per SAMA requirements,AUDIT_REPORT|RISK_ASSESSMENT,False
3193,637,PDPL,3.3,INSURANCE,mandatory,critical,1,,,False
3194,637,PDPL,3.3,CAPITAL_MARKETS,mandatory,critical,1,,,False
3195,637,PDPL,3.3,FINTECH,mandatory,critical,1,FinTech companies must meet both SAMA and PCI requirements,PENTEST|SCAN_REPORT,False
3196,637,PDPL,3.3,HEALTHCARE,mandatory,critical,1,Healthcare organizations must ensure patient data protection per MOH standards,CERTIFICATE|TRAINING_RECORD,False
3197,637,PDPL,3.3,TELECOM,mandatory,critical,1,,,False
3198,637,PDPL,3.3,ICT,mandatory,critical,1,,,False
3199,637,PDPL,3.3,CLOUD,mandatory,critical,1,,,False
3200,637,PDPL,3.3,RETAIL,mandatory,critical,1,,,False
3201,637,PDPL,3.3,EDUCATION,mandatory,critical,1,,,False
3202,638,PDPL,4.3,BANKING,mandatory,critical,2,Financial institutions must implement enhanced controls per SAMA requirements,AUDIT_REPORT|RISK_ASSESSMENT,False
3203,638,PDPL,4.3,INSURANCE,mandatory,high,2,,,False
3204,638,PDPL,4.3,CAPITAL_MARKETS,mandatory,high,2,,,False
3205,638,PDPL,4.3,FINTECH,mandatory,critical,2,FinTech companies must meet both SAMA and PCI requirements,PENTEST|SCAN_REPORT,False
3206,638,PDPL,4.3,HEALTHCARE,mandatory,critical,2,Healthcare organizations must ensure patient data protection per MOH standards,CERTIFICATE|TRAINING_RECORD,False
3207,638,PDPL,4.3,TELECOM,mandatory,high,2,,,False
3208,638,PDPL,4.3,ICT,mandatory,high,2,,,False
3209,638,PDPL,4.3,CLOUD,mandatory,high,2,,,False
3210,638,PDPL,4.3,RETAIL,mandatory,high,2,,,False
3211,638,PDPL,4.3,EDUCATION,mandatory,high,2,,,False
3212,639,PDPL,5.3,BANKING,mandatory,high,3,Financial institutions must implement enhanced controls per SAMA requirements,AUDIT_REPORT|RISK_ASSESSMENT,False
3213,639,PDPL,5.3,INSURANCE,mandatory,medium,3,,,False
3214,639,PDPL,5.3,CAPITAL_MARKETS,mandatory,medium,3,,,False
3215,639,PDPL,5.3,FINTECH,mandatory,high,3,FinTech companies must meet both SAMA and PCI requirements,PENTEST|SCAN_REPORT,False
3216,639,PDPL,5.3,HEALTHCARE,mandatory,high,3,Healthcare organizations must ensure patient data protection per MOH standards,CERTIFICATE|TRAINING_RECORD,False
3217,639,PDPL,5.3,TELECOM,mandatory,medium,3,,,False
3218,639,PDPL,5.3,ICT,mandatory,medium,3,,,False
3219,639,PDPL,5.3,CLOUD,mandatory,medium,3,,,False
3220,639,PDPL,5.3,RETAIL,mandatory,medium,3,,,False
3221,639,PDPL,5.3,EDUCATION,mandatory,medium,3,,,False
3222,640,PDPL,1.4,BANKING,mandatory,medium,4,Financial institutions must implement enhanced controls per SAMA requirements,AUDIT_REPORT|RISK_ASSESSMENT,False
3223,640,PDPL,1.4,INSURANCE,mandatory,low,4,,,False
3224,640,PDPL,1.4,CAPITAL_MARKETS,mandatory,low,4,,,False
3225,640,PDPL,1.4,FINTECH,mandatory,medium,4,FinTech companies must meet both SAMA and PCI requirements,PENTEST|SCAN_REPORT,False
3226,640,PDPL,1.4,HEALTHCARE,mandatory,medium,4,Healthcare organizations must ensure patient data protection per MOH standards,CERTIFICATE|TRAINING_RECORD,False
3227,640,PDPL,1.4,TELECOM,mandatory,low,4,,,False
3228,640,PDPL,1.4,ICT,mandatory,low,4,,,False
3229,640,PDPL,1.4,CLOUD,mandatory,low,4,,,False
3230,640,PDPL,1.4,RETAIL,mandatory,low,4,,,False
3231,640,PDPL,1.4,EDUCATION,mandatory,low,4,,,False
3232,641,PDPL,2.4,BANKING,mandatory,critical,1,Financial institutions must implement enhanced controls per SAMA requirements,AUDIT_REPORT|RISK_ASSESSMENT,False
3233,641,PDPL,2.4,INSURANCE,mandatory,critical,1,,,False
3234,641,PDPL,2.4,CAPITAL_MARKETS,mandatory,critical,1,,,False
3235,641,PDPL,2.4,FINTECH,mandatory,critical,1,FinTech companies must meet both SAMA and PCI requirements,PENTEST|SCAN_REPORT,False
3236,641,PDPL,2.4,HEALTHCARE,mandatory,critical,1,Healthcare organizations must ensure patient data protection per MOH standards,CERTIFICATE|TRAINING_RECORD,False
3237,641,PDPL,2.4,TELECOM,mandatory,critical,1,,,False
3238,641,PDPL,2.4,ICT,mandatory,critical,1,,,False
3239,641,PDPL,2.4,CLOUD,mandatory,critical,1,,,False
3240,641,PDPL,2.4,RETAIL,mandatory,critical,1,,,False
3241,641,PDPL,2.4,EDUCATION,mandatory,critical,1,,,False
3242,642,PDPL,3.4,BANKING,mandatory,critical,2,Financial institutions must implement enhanced controls per SAMA requirements,AUDIT_REPORT|RISK_ASSESSMENT,False
3243,642,PDPL,3.4,INSURANCE,mandatory,high,2,,,False
3244,642,PDPL,3.4,CAPITAL_MARKETS,mandatory,high,2,,,False
3245,642,PDPL,3.4,FINTECH,mandatory,critical,2,FinTech companies must meet both SAMA and PCI requirements,PENTEST|SCAN_REPORT,False
3246,642,PDPL,3.4,HEALTHCARE,mandatory,critical,2,Healthcare organizations must ensure patient data protection per MOH standards,CERTIFICATE|TRAINING_RECORD,False
3247,642,PDPL,3.4,TELECOM,mandatory,high,2,,,False
3248,642,PDPL,3.4,ICT,mandatory,high,2,,,False
3249,642,PDPL,3.4,CLOUD,mandatory,high,2,,,False
3250,642,PDPL,3.4,RETAIL,mandatory,high,2,,,False
3251,642,PDPL,3.4,EDUCATION,mandatory,high,2,,,False
3252,643,PDPL,4.4,BANKING,mandatory,high,3,Financial institutions must implement enhanced controls per SAMA requirements,AUDIT_REPORT|RISK_ASSESSMENT,False
3253,643,PDPL,4.4,INSURANCE,mandatory,medium,3,,,False
3254,643,PDPL,4.4,CAPITAL_MARKETS,mandatory,medium,3,,,False
3255,643,PDPL,4.4,FINTECH,mandatory,high,3,FinTech companies must meet both SAMA and PCI requirements,PENTEST|SCAN_REPORT,False
3256,643,PDPL,4.4,HEALTHCARE,mandatory,high,3,Healthcare organizations must ensure patient data protection per MOH standards,CERTIFICATE|TRAINING_RECORD,False
3257,643,PDPL,4.4,TELECOM,mandatory,medium,3,,,False
3258,643,PDPL,4.4,ICT,mandatory,medium,3,,,False
3259,643,PDPL,4.4,CLOUD,mandatory,medium,3,,,False
3260,643,PDPL,4.4,RETAIL,mandatory,medium,3,,,False
3261,643,PDPL,4.4,EDUCATION,mandatory,medium,3,,,False
3262,644,PDPL,5.4,BANKING,mandatory,medium,4,Financial institutions must implement enhanced controls per SAMA requirements,AUDIT_REPORT|RISK_ASSESSMENT,False
3263,644,PDPL,5.4,INSURANCE,mandatory,low,4,,,False
3264,644,PDPL,5.4,CAPITAL_MARKETS,mandatory,low,4,,,False
3265,644,PDPL,5.4,FINTECH,mandatory,medium,4,FinTech companies must meet both SAMA and PCI requirements,PENTEST|SCAN_REPORT,False
3266,644,PDPL,5.4,HEALTHCARE,mandatory,medium,4,Healthcare organizations must ensure patient data protection per MOH standards,CERTIFICATE|TRAINING_RECORD,False
3267,644,PDPL,5.4,TELECOM,mandatory,low,4,,,False
3268,644,PDPL,5.4,ICT,mandatory,low,4,,,False
3269,644,PDPL,5.4,CLOUD,mandatory,low,4,,,False
3270,644,PDPL,5.4,RETAIL,mandatory,low,4,,,False
3271,644,PDPL,5.4,EDUCATION,mandatory,low,4,,,False
3272,645,PDPL,1.5,BANKING,mandatory,critical,1,Financial institutions must implement enhanced controls per SAMA requirements,AUDIT_REPORT|RISK_ASSESSMENT,False
3273,645,PDPL,1.5,INSURANCE,mandatory,critical,1,,,False
3274,645,PDPL,1.5,CAPITAL_MARKETS,mandatory,critical,1,,,False
3275,645,PDPL,1.5,FINTECH,mandatory,critical,1,FinTech companies must meet both SAMA and PCI requirements,PENTEST|SCAN_REPORT,False
3276,645,PDPL,1.5,HEALTHCARE,mandatory,critical,1,Healthcare organizations must ensure patient data protection per MOH standards,CERTIFICATE|TRAINING_RECORD,False
3277,645,PDPL,1.5,TELECOM,mandatory,critical,1,,,False
3278,645,PDPL,1.5,ICT,mandatory,critical,1,,,False
3279,645,PDPL,1.5,CLOUD,mandatory,critical,1,,,False
3280,645,PDPL,1.5,RETAIL,mandatory,critical,1,,,False
3281,645,PDPL,1.5,EDUCATION,mandatory,critical,1,,,False
3282,646,PDPL,2.5,BANKING,mandatory,critical,2,Financial institutions must implement enhanced controls per SAMA requirements,AUDIT_REPORT|RISK_ASSESSMENT,False
3283,646,PDPL,2.5,INSURANCE,mandatory,high,2,,,False
3284,646,PDPL,2.5,CAPITAL_MARKETS,mandatory,high,2,,,False
3285,646,PDPL,2.5,FINTECH,mandatory,critical,2,FinTech companies must meet both SAMA and PCI requirements,PENTEST|SCAN_REPORT,False
3286,646,PDPL,2.5,HEALTHCARE,mandatory,critical,2,Healthcare organizations must ensure patient data protection per MOH standards,CERTIFICATE|TRAINING_RECORD,False
3287,646,PDPL,2.5,TELECOM,mandatory,high,2,,,False
3288,646,PDPL,2.5,ICT,mandatory,high,2,,,False
3289,646,PDPL,2.5,CLOUD,mandatory,high,2,,,False
3290,646,PDPL,2.5,RETAIL,mandatory,high,2,,,False
3291,646,PDPL,2.5,EDUCATION,mandatory,high,2,,,False
3292,647,PDPL,3.5,BANKING,mandatory,high,3,Financial institutions must implement enhanced controls per SAMA requirements,AUDIT_REPORT|RISK_ASSESSMENT,False
3293,647,PDPL,3.5,INSURANCE,mandatory,medium,3,,,False
3294,647,PDPL,3.5,CAPITAL_MARKETS,mandatory,medium,3,,,False
3295,647,PDPL,3.5,FINTECH,mandatory,high,3,FinTech companies must meet both SAMA and PCI requirements,PENTEST|SCAN_REPORT,False
3296,647,PDPL,3.5,HEALTHCARE,mandatory,high,3,Healthcare organizations must ensure patient data protection per MOH standards,CERTIFICATE|TRAINING_RECORD,False
3297,647,PDPL,3.5,TELECOM,mandatory,medium,3,,,False
3298,647,PDPL,3.5,ICT,mandatory,medium,3,,,False
3299,647,PDPL,3.5,CLOUD,mandatory,medium,3,,,False
3300,647,PDPL,3.5,RETAIL,mandatory,medium,3,,,False
3301,647,PDPL,3.5,EDUCATION,mandatory,medium,3,,,False
3302,648,PDPL,4.5,BANKING,mandatory,medium,4,Financial institutions must implement enhanced controls per SAMA requirements,AUDIT_REPORT|RISK_ASSESSMENT,False
3303,648,PDPL,4.5,INSURANCE,mandatory,low,4,,,False
3304,648,PDPL,4.5,CAPITAL_MARKETS,mandatory,low,4,,,False
3305,648,PDPL,4.5,FINTECH,mandatory,medium,4,FinTech companies must meet both SAMA and PCI requirements,PENTEST|SCAN_REPORT,False
3306,648,PDPL,4.5,HEALTHCARE,mandatory,medium,4,Healthcare organizations must ensure patient data protection per MOH standards,CERTIFICATE|TRAINING_RECORD,False
3307,648,PDPL,4.5,TELECOM,mandatory,low,4,,,False
3308,648,PDPL,4.5,ICT,mandatory,low,4,,,False
3309,648,PDPL,4.5,CLOUD,mandatory,low,4,,,False
3310,648,PDPL,4.5,RETAIL,mandatory,low,4,,,False
3311,648,PDPL,4.5,EDUCATION,mandatory,low,4,,,False
3312,649,PDPL,5.5,BANKING,mandatory,critical,1,Financial institutions must implement enhanced controls per SAMA requirements,AUDIT_REPORT|RISK_ASSESSMENT,False
3313,649,PDPL,5.5,INSURANCE,mandatory,critical,1,,,False
3314,649,PDPL,5.5,CAPITAL_MARKETS,mandatory,critical,1,,,False
3315,649,PDPL,5.5,FINTECH,mandatory,critical,1,FinTech companies must meet both SAMA and PCI requirements,PENTEST|SCAN_REPORT,False
3316,649,PDPL,5.5,HEALTHCARE,mandatory,critical,1,Healthcare organizations must ensure patient data protection per MOH standards,CERTIFICATE|TRAINING_RECORD,False
3317,649,PDPL,5.5,TELECOM,mandatory,critical,1,,,False
3318,649,PDPL,5.5,ICT,mandatory,critical,1,,,False
3319,649,PDPL,5.5,CLOUD,mandatory,critical,1,,,False
3320,649,PDPL,5.5,RETAIL,mandatory,critical,1,,,False
3321,649,PDPL,5.5,EDUCATION,mandatory,critical,1,,,False
3322,650,PDPL,1.6,BANKING,mandatory,critical,2,Financial institutions must implement enhanced controls per SAMA requirements,AUDIT_REPORT|RISK_ASSESSMENT,False
3323,650,PDPL,1.6,INSURANCE,mandatory,high,2,,,False
3324,650,PDPL,1.6,CAPITAL_MARKETS,mandatory,high,2,,,False
3325,650,PDPL,1.6,FINTECH,mandatory,critical,2,FinTech companies must meet both SAMA and PCI requirements,PENTEST|SCAN_REPORT,False
3326,650,PDPL,1.6,HEALTHCARE,mandatory,critical,2,Healthcare organizations must ensure patient data protection per MOH standards,CERTIFICATE|TRAINING_RECORD,False
3327,650,PDPL,1.6,TELECOM,mandatory,high,2,,,False
3328,650,PDPL,1.6,ICT,mandatory,high,2,,,False
3329,650,PDPL,1.6,CLOUD,mandatory,high,2,,,False
3330,650,PDPL,1.6,RETAIL,mandatory,high,2,,,False
3331,650,PDPL,1.6,EDUCATION,mandatory,high,2,,,False
3332,651,PDPL,2.6,BANKING,mandatory,high,3,Financial institutions must implement enhanced controls per SAMA requirements,AUDIT_REPORT|RISK_ASSESSMENT,False
3333,651,PDPL,2.6,INSURANCE,mandatory,medium,3,,,False
3334,651,PDPL,2.6,CAPITAL_MARKETS,mandatory,medium,3,,,False
3335,651,PDPL,2.6,FINTECH,mandatory,high,3,FinTech companies must meet both SAMA and PCI requirements,PENTEST|SCAN_REPORT,False
3336,651,PDPL,2.6,HEALTHCARE,mandatory,high,3,Healthcare organizations must ensure patient data protection per MOH standards,CERTIFICATE|TRAINING_RECORD,False
3337,651,PDPL,2.6,TELECOM,mandatory,medium,3,,,False
3338,651,PDPL,2.6,ICT,mandatory,medium,3,,,False
3339,651,PDPL,2.6,CLOUD,mandatory,medium,3,,,False
3340,651,PDPL,2.6,RETAIL,mandatory,medium,3,,,False
3341,651,PDPL,2.6,EDUCATION,mandatory,medium,3,,,False
3342,652,PDPL,3.6,BANKING,mandatory,medium,4,Financial institutions must implement enhanced controls per SAMA requirements,AUDIT_REPORT|RISK_ASSESSMENT,False
3343,652,PDPL,3.6,INSURANCE,mandatory,low,4,,,False
3344,652,PDPL,3.6,CAPITAL_MARKETS,mandatory,low,4,,,False
3345,652,PDPL,3.6,FINTECH,mandatory,medium,4,FinTech companies must meet both SAMA and PCI requirements,PENTEST|SCAN_REPORT,False
3346,652,PDPL,3.6,HEALTHCARE,mandatory,medium,4,Healthcare organizations must ensure patient data protection per MOH standards,CERTIFICATE|TRAINING_RECORD,False
3347,652,PDPL,3.6,TELECOM,mandatory,low,4,,,False
3348,652,PDPL,3.6,ICT,mandatory,low,4,,,False
3349,652,PDPL,3.6,CLOUD,mandatory,low,4,,,False
3350,652,PDPL,3.6,RETAIL,mandatory,low,4,,,False
3351,652,PDPL,3.6,EDUCATION,mandatory,low,4,,,False
3352,653,PDPL,4.6,BANKING,mandatory,critical,1,Financial institutions must implement enhanced controls per SAMA requirements,AUDIT_REPORT|RISK_ASSESSMENT,False
3353,653,PDPL,4.6,INSURANCE,mandatory,critical,1,,,False
3354,653,PDPL,4.6,CAPITAL_MARKETS,mandatory,critical,1,,,False
3355,653,PDPL,4.6,FINTECH,mandatory,critical,1,FinTech companies must meet both SAMA and PCI requirements,PENTEST|SCAN_REPORT,False
3356,653,PDPL,4.6,HEALTHCARE,mandatory,critical,1,Healthcare organizations must ensure patient data protection per MOH standards,CERTIFICATE|TRAINING_RECORD,False
3357,653,PDPL,4.6,TELECOM,mandatory,critical,1,,,False
3358,653,PDPL,4.6,ICT,mandatory,critical,1,,,False
3359,653,PDPL,4.6,CLOUD,mandatory,critical,1,,,False
3360,653,PDPL,4.6,RETAIL,mandatory,critical,1,,,False
3361,653,PDPL,4.6,EDUCATION,mandatory,critical,1,,,False
3362,654,PDPL,5.6,BANKING,mandatory,critical,2,Financial institutions must implement enhanced controls per SAMA requirements,AUDIT_REPORT|RISK_ASSESSMENT,False
3363,654,PDPL,5.6,INSURANCE,mandatory,high,2,,,False
3364,654,PDPL,5.6,CAPITAL_MARKETS,mandatory,high,2,,,False
3365,654,PDPL,5.6,FINTECH,mandatory,critical,2,FinTech companies must meet both SAMA and PCI requirements,PENTEST|SCAN_REPORT,False
3366,654,PDPL,5.6,HEALTHCARE,mandatory,critical,2,Healthcare organizations must ensure patient data protection per MOH standards,CERTIFICATE|TRAINING_RECORD,False
3367,654,PDPL,5.6,TELECOM,mandatory,high,2,,,False
3368,654,PDPL,5.6,ICT,mandatory,high,2,,,False
3369,654,PDPL,5.6,CLOUD,mandatory,high,2,,,False
3370,654,PDPL,5.6,RETAIL,mandatory,high,2,,,False
3371,654,PDPL,5.6,EDUCATION,mandatory,high,2,,,False
3372,655,PDPL,1.7,BANKING,mandatory,high,3,Financial institutions must implement enhanced controls per SAMA requirements,AUDIT_REPORT|RISK_ASSESSMENT,False
3373,655,PDPL,1.7,INSURANCE,mandatory,medium,3,,,False
3374,655,PDPL,1.7,CAPITAL_MARKETS,mandatory,medium,3,,,False
3375,655,PDPL,1.7,FINTECH,mandatory,high,3,FinTech companies must meet both SAMA and PCI requirements,PENTEST|SCAN_REPORT,False
3376,655,PDPL,1.7,HEALTHCARE,mandatory,high,3,Healthcare organizations must ensure patient data protection per MOH standards,CERTIFICATE|TRAINING_RECORD,False
3377,655,PDPL,1.7,TELECOM,mandatory,medium,3,,,False
3378,655,PDPL,1.7,ICT,mandatory,medium,3,,,False
3379,655,PDPL,1.7,CLOUD,mandatory,medium,3,,,False
3380,655,PDPL,1.7,RETAIL,mandatory,medium,3,,,False
3381,655,PDPL,1.7,EDUCATION,mandatory,medium,3,,,False
3382,656,PDPL,2.7,BANKING,mandatory,medium,4,Financial institutions must implement enhanced controls per SAMA requirements,AUDIT_REPORT|RISK_ASSESSMENT,False
3383,656,PDPL,2.7,INSURANCE,mandatory,low,4,,,False
3384,656,PDPL,2.7,CAPITAL_MARKETS,mandatory,low,4,,,False
3385,656,PDPL,2.7,FINTECH,mandatory,medium,4,FinTech companies must meet both SAMA and PCI requirements,PENTEST|SCAN_REPORT,False
3386,656,PDPL,2.7,HEALTHCARE,mandatory,medium,4,Healthcare organizations must ensure patient data protection per MOH standards,CERTIFICATE|TRAINING_RECORD,False
3387,656,PDPL,2.7,TELECOM,mandatory,low,4,,,False
3388,656,PDPL,2.7,ICT,mandatory,low,4,,,False
3389,656,PDPL,2.7,CLOUD,mandatory,low,4,,,False
3390,656,PDPL,2.7,RETAIL,mandatory,low,4,,,False
3391,656,PDPL,2.7,EDUCATION,mandatory,low,4,,,False
3392,657,PDPL,3.7,BANKING,mandatory,critical,1,Financial institutions must implement enhanced controls per SAMA requirements,AUDIT_REPORT|RISK_ASSESSMENT,False
3393,657,PDPL,3.7,INSURANCE,mandatory,critical,1,,,False
3394,657,PDPL,3.7,CAPITAL_MARKETS,mandatory,critical,1,,,False
3395,657,PDPL,3.7,FINTECH,mandatory,critical,1,FinTech companies must meet both SAMA and PCI requirements,PENTEST|SCAN_REPORT,False
3396,657,PDPL,3.7,HEALTHCARE,mandatory,critical,1,Healthcare organizations must ensure patient data protection per MOH standards,CERTIFICATE|TRAINING_RECORD,False
3397,657,PDPL,3.7,TELECOM,mandatory,critical,1,,,False
3398,657,PDPL,3.7,ICT,mandatory,critical,1,,,False
3399,657,PDPL,3.7,CLOUD,mandatory,critical,1,,,False
3400,657,PDPL,3.7,RETAIL,mandatory,critical,1,,,False
3401,657,PDPL,3.7,EDUCATION,mandatory,critical,1,,,False
3402,658,PDPL,4.7,BANKING,mandatory,critical,2,Financial institutions must implement enhanced controls per SAMA requirements,AUDIT_REPORT|RISK_ASSESSMENT,False
3403,658,PDPL,4.7,INSURANCE,mandatory,high,2,,,False
3404,658,PDPL,4.7,CAPITAL_MARKETS,mandatory,high,2,,,False
3405,658,PDPL,4.7,FINTECH,mandatory,critical,2,FinTech companies must meet both SAMA and PCI requirements,PENTEST|SCAN_REPORT,False
3406,658,PDPL,4.7,HEALTHCARE,mandatory,critical,2,Healthcare organizations must ensure patient data protection per MOH standards,CERTIFICATE|TRAINING_RECORD,False
3407,658,PDPL,4.7,TELECOM,mandatory,high,2,,,False
3408,658,PDPL,4.7,ICT,mandatory,high,2,,,False
3409,658,PDPL,4.7,CLOUD,mandatory,high,2,,,False
3410,658,PDPL,4.7,RETAIL,mandatory,high,2,,,False
3411,658,PDPL,4.7,EDUCATION,mandatory,high,2,,,False
3412,659,PDPL,5.7,BANKING,mandatory,high,3,Financial institutions must implement enhanced controls per SAMA requirements,AUDIT_REPORT|RISK_ASSESSMENT,False
3413,659,PDPL,5.7,INSURANCE,mandatory,medium,3,,,False
3414,659,PDPL,5.7,CAPITAL_MARKETS,mandatory,medium,3,,,False
3415,659,PDPL,5.7,FINTECH,mandatory,high,3,FinTech companies must meet both SAMA and PCI requirements,PENTEST|SCAN_REPORT,False
3416,659,PDPL,5.7,HEALTHCARE,mandatory,high,3,Healthcare organizations must ensure patient data protection per MOH standards,CERTIFICATE|TRAINING_RECORD,False
3417,659,PDPL,5.7,TELECOM,mandatory,medium,3,,,False
3418,659,PDPL,5.7,ICT,mandatory,medium,3,,,False
3419,659,PDPL,5.7,CLOUD,mandatory,medium,3,,,False
3420,659,PDPL,5.7,RETAIL,mandatory,medium,3,,,False
3421,659,PDPL,5.7,EDUCATION,mandatory,medium,3,,,False
3422,660,PDPL,1.8,BANKING,mandatory,medium,4,Financial institutions must implement enhanced controls per SAMA requirements,AUDIT_REPORT|RISK_ASSESSMENT,False
3423,660,PDPL,1.8,INSURANCE,mandatory,low,4,,,False
3424,660,PDPL,1.8,CAPITAL_MARKETS,mandatory,low,4,,,False
3425,660,PDPL,1.8,FINTECH,mandatory,medium,4,FinTech companies must meet both SAMA and PCI requirements,PENTEST|SCAN_REPORT,False
3426,660,PDPL,1.8,HEALTHCARE,mandatory,medium,4,Healthcare organizations must ensure patient data protection per MOH standards,CERTIFICATE|TRAINING_RECORD,False
3427,660,PDPL,1.8,TELECOM,mandatory,low,4,,,False
3428,660,PDPL,1.8,ICT,mandatory,low,4,,,False
3429,660,PDPL,1.8,CLOUD,mandatory,low,4,,,False
3430,660,PDPL,1.8,RETAIL,mandatory,low,4,,,False
3431,660,PDPL,1.8,EDUCATION,mandatory,low,4,,,False
3432,661,PDPL,2.8,BANKING,mandatory,critical,1,Financial institutions must implement enhanced controls per SAMA requirements,AUDIT_REPORT|RISK_ASSESSMENT,False
3433,661,PDPL,2.8,INSURANCE,mandatory,critical,1,,,False
3434,661,PDPL,2.8,CAPITAL_MARKETS,mandatory,critical,1,,,False
3435,661,PDPL,2.8,FINTECH,mandatory,critical,1,FinTech companies must meet both SAMA and PCI requirements,PENTEST|SCAN_REPORT,False
3436,661,PDPL,2.8,HEALTHCARE,mandatory,critical,1,Healthcare organizations must ensure patient data protection per MOH standards,CERTIFICATE|TRAINING_RECORD,False
3437,661,PDPL,2.8,TELECOM,mandatory,critical,1,,,False
3438,661,PDPL,2.8,ICT,mandatory,critical,1,,,False
3439,661,PDPL,2.8,CLOUD,mandatory,critical,1,,,False
3440,661,PDPL,2.8,RETAIL,mandatory,critical,1,,,False
3441,661,PDPL,2.8,EDUCATION,mandatory,critical,1,,,False
3442,662,PDPL,3.8,BANKING,mandatory,critical,2,Financial institutions must implement enhanced controls per SAMA requirements,AUDIT_REPORT|RISK_ASSESSMENT,False
3443,662,PDPL,3.8,INSURANCE,mandatory,high,2,,,False
3444,662,PDPL,3.8,CAPITAL_MARKETS,mandatory,high,2,,,False
3445,662,PDPL,3.8,FINTECH,mandatory,critical,2,FinTech companies must meet both SAMA and PCI requirements,PENTEST|SCAN_REPORT,False
3446,662,PDPL,3.8,HEALTHCARE,mandatory,critical,2,Healthcare organizations must ensure patient data protection per MOH standards,CERTIFICATE|TRAINING_RECORD,False
3447,662,PDPL,3.8,TELECOM,mandatory,high,2,,,False
3448,662,PDPL,3.8,ICT,mandatory,high,2,,,False
3449,662,PDPL,3.8,CLOUD,mandatory,high,2,,,False
3450,662,PDPL,3.8,RETAIL,mandatory,high,2,,,False
3451,662,PDPL,3.8,EDUCATION,mandatory,high,2,,,False
3452,663,PDPL,4.8,BANKING,mandatory,high,3,Financial institutions must implement enhanced controls per SAMA requirements,AUDIT_REPORT|RISK_ASSESSMENT,False
3453,663,PDPL,4.8,INSURANCE,mandatory,medium,3,,,False
3454,663,PDPL,4.8,CAPITAL_MARKETS,mandatory,medium,3,,,False
3455,663,PDPL,4.8,FINTECH,mandatory,high,3,FinTech companies must meet both SAMA and PCI requirements,PENTEST|SCAN_REPORT,False
3456,663,PDPL,4.8,HEALTHCARE,mandatory,high,3,Healthcare organizations must ensure patient data protection per MOH standards,CERTIFICATE|TRAINING_RECORD,False
3457,663,PDPL,4.8,TELECOM,mandatory,medium,3,,,False
3458,663,PDPL,4.8,ICT,mandatory,medium,3,,,False
3459,663,PDPL,4.8,CLOUD,mandatory,medium,3,,,False
3460,663,PDPL,4.8,RETAIL,mandatory,medium,3,,,False
3461,663,PDPL,4.8,EDUCATION,mandatory,medium,3,,,False
3462,664,PDPL,5.8,BANKING,mandatory,medium,4,Financial institutions must implement enhanced controls per SAMA requirements,AUDIT_REPORT|RISK_ASSESSMENT,False
3463,664,PDPL,5.8,INSURANCE,mandatory,low,4,,,False
3464,664,PDPL,5.8,CAPITAL_MARKETS,mandatory,low,4,,,False
3465,664,PDPL,5.8,FINTECH,mandatory,medium,4,FinTech companies must meet both SAMA and PCI requirements,PENTEST|SCAN_REPORT,False
3466,664,PDPL,5.8,HEALTHCARE,mandatory,medium,4,Healthcare organizations must ensure patient data protection per MOH standards,CERTIFICATE|TRAINING_RECORD,False
3467,664,PDPL,5.8,TELECOM,mandatory,low,4,,,False
3468,664,PDPL,5.8,ICT,mandatory,low,4,,,False
3469,664,PDPL,5.8,CLOUD,mandatory,low,4,,,False
3470,664,PDPL,5.8,RETAIL,mandatory,low,4,,,False
3471,664,PDPL,5.8,EDUCATION,mandatory,low,4,,,False
3472,665,PDPL,1.9,BANKING,mandatory,critical,1,Financial institutions must implement enhanced controls per SAMA requirements,AUDIT_REPORT|RISK_ASSESSMENT,False
3473,665,PDPL,1.9,INSURANCE,mandatory,critical,1,,,False
3474,665,PDPL,1.9,CAPITAL_MARKETS,mandatory,critical,1,,,False
3475,665,PDPL,1.9,FINTECH,mandatory,critical,1,FinTech companies must meet both SAMA and PCI requirements,PENTEST|SCAN_REPORT,False
3476,665,PDPL,1.9,HEALTHCARE,mandatory,critical,1,Healthcare organizations must ensure patient data protection per MOH standards,CERTIFICATE|TRAINING_RECORD,False
3477,665,PDPL,1.9,TELECOM,mandatory,critical,1,,,False
3478,665,PDPL,1.9,ICT,mandatory,critical,1,,,False
3479,665,PDPL,1.9,CLOUD,mandatory,critical,1,,,False
3480,665,PDPL,1.9,RETAIL,mandatory,critical,1,,,False
3481,665,PDPL,1.9,EDUCATION,mandatory,critical,1,,,False
3482,666,PDPL,2.9,BANKING,mandatory,critical,2,Financial institutions must implement enhanced controls per SAMA requirements,AUDIT_REPORT|RISK_ASSESSMENT,False
3483,666,PDPL,2.9,INSURANCE,mandatory,high,2,,,False
3484,666,PDPL,2.9,CAPITAL_MARKETS,mandatory,high,2,,,False
3485,666,PDPL,2.9,FINTECH,mandatory,critical,2,FinTech companies must meet both SAMA and PCI requirements,PENTEST|SCAN_REPORT,False
3486,666,PDPL,2.9,HEALTHCARE,mandatory,critical,2,Healthcare organizations must ensure patient data protection per MOH standards,CERTIFICATE|TRAINING_RECORD,False
3487,666,PDPL,2.9,TELECOM,mandatory,high,2,,,False
3488,666,PDPL,2.9,ICT,mandatory,high,2,,,False
3489,666,PDPL,2.9,CLOUD,mandatory,high,2,,,False
3490,666,PDPL,2.9,RETAIL,mandatory,high,2,,,False
3491,666,PDPL,2.9,EDUCATION,mandatory,high,2,,,False
3492,667,PDPL,3.9,BANKING,mandatory,high,3,Financial institutions must implement enhanced controls per SAMA requirements,AUDIT_REPORT|RISK_ASSESSMENT,False
3493,667,PDPL,3.9,INSURANCE,mandatory,medium,3,,,False
3494,667,PDPL,3.9,CAPITAL_MARKETS,mandatory,medium,3,,,False
3495,667,PDPL,3.9,FINTECH,mandatory,high,3,FinTech companies must meet both SAMA and PCI requirements,PENTEST|SCAN_REPORT,False
3496,667,PDPL,3.9,HEALTHCARE,mandatory,high,3,Healthcare organizations must ensure patient data protection per MOH standards,CERTIFICATE|TRAINING_RECORD,False
3497,667,PDPL,3.9,TELECOM,mandatory,medium,3,,,False
3498,667,PDPL,3.9,ICT,mandatory,medium,3,,,False
3499,667,PDPL,3.9,CLOUD,mandatory,medium,3,,,False
3500,667,PDPL,3.9,RETAIL,mandatory,medium,3,,,False
3501,667,PDPL,3.9,EDUCATION,mandatory,medium,3,,,False
3502,668,PDPL,4.9,BANKING,mandatory,medium,4,Financial institutions must implement enhanced controls per SAMA requirements,AUDIT_REPORT|RISK_ASSESSMENT,False
3503,668,PDPL,4.9,INSURANCE,mandatory,low,4,,,False
3504,668,PDPL,4.9,CAPITAL_MARKETS,mandatory,low,4,,,False
3505,668,PDPL,4.9,FINTECH,mandatory,medium,4,FinTech companies must meet both SAMA and PCI requirements,PENTEST|SCAN_REPORT,False
3506,668,PDPL,4.9,HEALTHCARE,mandatory,medium,4,Healthcare organizations must ensure patient data protection per MOH standards,CERTIFICATE|TRAINING_RECORD,False
3507,668,PDPL,4.9,TELECOM,mandatory,low,4,,,False
3508,668,PDPL,4.9,ICT,mandatory,low,4,,,False
3509,668,PDPL,4.9,CLOUD,mandatory,low,4,,,False
3510,668,PDPL,4.9,RETAIL,mandatory,low,4,,,False
3511,668,PDPL,4.9,EDUCATION,mandatory,low,4,,,False
3512,669,PDPL,5.9,BANKING,mandatory,critical,1,Financial institutions must implement enhanced controls per SAMA requirements,AUDIT_REPORT|RISK_ASSESSMENT,False
3513,669,PDPL,5.9,INSURANCE,mandatory,critical,1,,,False
3514,669,PDPL,5.9,CAPITAL_MARKETS,mandatory,critical,1,,,False
3515,669,PDPL,5.9,FINTECH,mandatory,critical,1,FinTech companies must meet both SAMA and PCI requirements,PENTEST|SCAN_REPORT,False
3516,669,PDPL,5.9,HEALTHCARE,mandatory,critical,1,Healthcare organizations must ensure patient data protection per MOH standards,CERTIFICATE|TRAINING_RECORD,False
3517,669,PDPL,5.9,TELECOM,mandatory,critical,1,,,False
3518,669,PDPL,5.9,ICT,mandatory,critical,1,,,False
3519,669,PDPL,5.9,CLOUD,mandatory,critical,1,,,False
3520,669,PDPL,5.9,RETAIL,mandatory,critical,1,,,False
3521,669,PDPL,5.9,EDUCATION,mandatory,critical,1,,,False
3522,670,CMA-CG,1.1,CAPITAL_MARKETS,mandatory,critical,1,,,False
3523,671,CMA-CG,2.1,CAPITAL_MARKETS,mandatory,high,2,,,False
3524,672,CMA-CG,3.1,CAPITAL_MARKETS,mandatory,medium,3,,,False
3525,673,CMA-CG,4.1,CAPITAL_MARKETS,mandatory,low,4,,,False
3526,674,CMA-CG,5.1,CAPITAL_MARKETS,mandatory,critical,1,,,False
3527,675,CMA-CG,6.1,CAPITAL_MARKETS,mandatory,high,2,,,False
3528,676,CMA-CG,1.2,CAPITAL_MARKETS,mandatory,medium,3,,,False
3529,677,CMA-CG,2.2,CAPITAL_MARKETS,mandatory,low,4,,,False
3530,678,CMA-CG,3.2,CAPITAL_MARKETS,mandatory,critical,1,,,False
3531,679,CMA-CG,4.2,CAPITAL_MARKETS,mandatory,high,2,,,False
3532,680,CMA-CG,5.2,CAPITAL_MARKETS,mandatory,medium,3,,,False
3533,681,CMA-CG,6.2,CAPITAL_MARKETS,mandatory,low,4,,,False
3534,682,CMA-CG,1.3,CAPITAL_MARKETS,mandatory,critical,1,,,False
3535,683,CMA-CG,2.3,CAPITAL_MARKETS,mandatory,high,2,,,False
3536,684,CMA-CG,3.3,CAPITAL_MARKETS,mandatory,medium,3,,,False
3537,685,CMA-CG,4.3,CAPITAL_MARKETS,mandatory,low,4,,,False
3538,686,CMA-CG,5.3,CAPITAL_MARKETS,mandatory,critical,1,,,False
3539,687,CMA-CG,6.3,CAPITAL_MARKETS,mandatory,high,2,,,False
3540,688,CMA-CG,1.4,CAPITAL_MARKETS,mandatory,medium,3,,,False
3541,689,CMA-CG,2.4,CAPITAL_MARKETS,mandatory,low,4,,,False
3542,690,CMA-CG,3.4,CAPITAL_MARKETS,mandatory,critical,1,,,False
3543,691,CMA-CG,4.4,CAPITAL_MARKETS,mandatory,high,2,,,False
3544,692,CMA-CG,5.4,CAPITAL_MARKETS,mandatory,medium,3,,,False
3545,693,CMA-CG,6.4,CAPITAL_MARKETS,mandatory,low,4,,,False
3546,694,CMA-CG,1.5,CAPITAL_MARKETS,mandatory,critical,1,,,False
3547,695,CMA-CG,2.5,CAPITAL_MARKETS,mandatory,high,2,,,False
3548,696,CMA-CG,3.5,CAPITAL_MARKETS,mandatory,medium,3,,,False
3549,697,CMA-CG,4.5,CAPITAL_MARKETS,mandatory,low,4,,,False
3550,698,CMA-CG,5.5,CAPITAL_MARKETS,mandatory,critical,1,,,False
3551,699,CMA-CG,6.5,CAPITAL_MARKETS,mandatory,high,2,,,False
3552,700,CMA-CG,1.6,CAPITAL_MARKETS,mandatory,medium,3,,,False
3553,701,CMA-CG,2.6,CAPITAL_MARKETS,mandatory,low,4,,,False
3554,702,CMA-CG,3.6,CAPITAL_MARKETS,mandatory,critical,1,,,False
3555,703,CMA-CG,4.6,CAPITAL_MARKETS,mandatory,high,2,,,False
3556,704,CMA-CG,5.6,CAPITAL_MARKETS,mandatory,medium,3,,,False
3557,705,CMA-CG,6.6,CAPITAL_MARKETS,mandatory,low,4,,,False
3558,706,CMA-CG,1.7,CAPITAL_MARKETS,mandatory,critical,1,,,False
3559,707,CMA-CG,2.7,CAPITAL_MARKETS,mandatory,high,2,,,False
3560,708,CMA-CG,3.7,CAPITAL_MARKETS,mandatory,medium,3,,,False
3561,709,CMA-CG,4.7,CAPITAL_MARKETS,mandatory,low,4,,,False
3562,710,CMA-CG,5.7,CAPITAL_MARKETS,mandatory,critical,1,,,False
3563,711,CMA-CG,6.7,CAPITAL_MARKETS,mandatory,high,2,,,False
3564,712,CMA-CG,1.8,CAPITAL_MARKETS,mandatory,medium,3,,,False
3565,713,CMA-CG,2.8,CAPITAL_MARKETS,mandatory,low,4,,,False
3566,714,CMA-CG,3.8,CAPITAL_MARKETS,mandatory,critical,1,,,False
3567,715,CMA-CG,4.8,CAPITAL_MARKETS,mandatory,high,2,,,False
3568,716,CMA-CG,5.8,CAPITAL_MARKETS,mandatory,medium,3,,,False
3569,717,CMA-CG,6.8,CAPITAL_MARKETS,mandatory,low,4,,,False
3570,718,CMA-CG,1.9,CAPITAL_MARKETS,mandatory,critical,1,,,False
3571,719,CMA-CG,2.9,CAPITAL_MARKETS,mandatory,high,2,,,False
3572,720,CMA-CG,3.9,CAPITAL_MARKETS,mandatory,medium,3,,,False
3573,721,CMA-CG,4.9,CAPITAL_MARKETS,mandatory,low,4,,,False
3574,722,CMA-CG,5.9,CAPITAL_MARKETS,mandatory,critical,1,,,False
3575,723,CMA-CG,6.9,CAPITAL_MARKETS,mandatory,high,2,,,False
3576,724,CMA-CG,1.10,CAPITAL_MARKETS,mandatory,medium,3,,,False
3577,725,CMA-CG,2.10,CAPITAL_MARKETS,mandatory,low,4,,,False
3578,726,CMA-CG,3.10,CAPITAL_MARKETS,mandatory,critical,1,,,False
3579,727,CMA-CG,4.10,CAPITAL_MARKETS,mandatory,high,2,,,False
3580,728,CMA-CG,5.10,CAPITAL_MARKETS,mandatory,medium,3,,,False
3581,729,CMA-CG,6.10,CAPITAL_MARKETS,mandatory,low,4,,,False
3582,730,CMA-CG,1.11,CAPITAL_MARKETS,mandatory,critical,1,,,False
3583,731,CMA-CG,2.11,CAPITAL_MARKETS,mandatory,high,2,,,False
3584,732,CMA-CG,3.11,CAPITAL_MARKETS,mandatory,medium,3,,,False
3585,733,CMA-CG,4.11,CAPITAL_MARKETS,mandatory,low,4,,,False
3586,734,CMA-CG,5.11,CAPITAL_MARKETS,mandatory,critical,1,,,False
3587,735,CMA-CG,6.11,CAPITAL_MARKETS,mandatory,high,2,,,False
3588,736,CMA-CG,1.12,CAPITAL_MARKETS,mandatory,medium,3,,,False
3589,737,CMA-CG,2.12,CAPITAL_MARKETS,mandatory,low,4,,,False
3590,738,CMA-CG,3.12,CAPITAL_MARKETS,mandatory,critical,1,,,False
3591,739,CMA-CG,4.12,CAPITAL_MARKETS,mandatory,high,2,,,False
3592,740,CMA-CG,5.12,CAPITAL_MARKETS,mandatory,medium,3,,,False
3593,741,CMA-CG,6.12,CAPITAL_MARKETS,mandatory,low,4,,,False
3594,742,CMA-CG,1.13,CAPITAL_MARKETS,mandatory,critical,1,,,False
3595,743,CMA-CG,2.13,CAPITAL_MARKETS,mandatory,high,2,,,False
3596,744,CMA-CG,3.13,CAPITAL_MARKETS,mandatory,medium,3,,,False
3597,745,CMA-CG,4.13,CAPITAL_MARKETS,mandatory,low,4,,,False
3598,746,CMA-CG,5.13,CAPITAL_MARKETS,mandatory,critical,1,,,False
3599,747,CMA-CG,6.13,CAPITAL_MARKETS,mandatory,high,2,,,False
3600,748,CMA-CG,1.14,CAPITAL_MARKETS,mandatory,medium,3,,,False
3601,749,CMA-CG,2.14,CAPITAL_MARKETS,mandatory,low,4,,,False
3602,750,CMA-CG,3.14,CAPITAL_MARKETS,mandatory,critical,1,,,False
3603,751,CMA-CG,4.14,CAPITAL_MARKETS,mandatory,high,2,,,False
3604,752,CMA-CG,5.14,CAPITAL_MARKETS,mandatory,medium,3,,,False
3605,753,CMA-CG,6.14,CAPITAL_MARKETS,mandatory,low,4,,,False
3606,754,CMA-CG,1.15,CAPITAL_MARKETS,mandatory,critical,1,,,False
3607,755,CMA-CG,2.15,CAPITAL_MARKETS,mandatory,high,2,,,False
3608,756,CMA-CG,3.15,CAPITAL_MARKETS,mandatory,medium,3,,,False
3609,757,CMA-CG,4.15,CAPITAL_MARKETS,mandatory,low,4,,,False
3610,758,CMA-CG,5.15,CAPITAL_MARKETS,mandatory,critical,1,,,False
3611,759,CMA-CG,6.15,CAPITAL_MARKETS,mandatory,high,2,,,False
3612,760,CMA-CG,1.16,CAPITAL_MARKETS,mandatory,medium,3,,,False
3613,761,CMA-CG,2.16,CAPITAL_MARKETS,mandatory,low,4,,,False
3614,762,CMA-CG,3.16,CAPITAL_MARKETS,mandatory,critical,1,,,False
3615,763,CMA-CG,4.16,CAPITAL_MARKETS,mandatory,high,2,,,False
3616,764,ZATCA-EINV,1.1,BANKING,mandatory,critical,1,Financial institutions must implement enhanced controls per SAMA requirements,AUDIT_REPORT|RISK_ASSESSMENT,False
3617,764,ZATCA-EINV,1.1,INSURANCE,mandatory,critical,1,,,False
3618,764,ZATCA-EINV,1.1,RETAIL,mandatory,critical,1,,,False
3619,764,ZATCA-EINV,1.1,MANUFACTURING,mandatory,critical,1,,,False
3620,764,ZATCA-EINV,1.1,PROFESSIONAL,mandatory,critical,1,,,False
3621,764,ZATCA-EINV,1.1,CONSTRUCTION,mandatory,critical,1,,,False
3622,764,ZATCA-EINV,1.1,REAL_ESTATE,mandatory,critical,1,,,False
3623,765,ZATCA-EINV,2.1,BANKING,mandatory,critical,2,Financial institutions must implement enhanced controls per SAMA requirements,AUDIT_REPORT|RISK_ASSESSMENT,False
3624,765,ZATCA-EINV,2.1,INSURANCE,mandatory,high,2,,,False
3625,765,ZATCA-EINV,2.1,RETAIL,mandatory,high,2,,,False
3626,765,ZATCA-EINV,2.1,MANUFACTURING,mandatory,high,2,,,False
3627,765,ZATCA-EINV,2.1,PROFESSIONAL,mandatory,high,2,,,False
3628,765,ZATCA-EINV,2.1,CONSTRUCTION,mandatory,high,2,,,False
3629,765,ZATCA-EINV,2.1,REAL_ESTATE,mandatory,high,2,,,False
3630,766,ZATCA-EINV,3.1,BANKING,mandatory,high,3,Financial institutions must implement enhanced controls per SAMA requirements,AUDIT_REPORT|RISK_ASSESSMENT,False
3631,766,ZATCA-EINV,3.1,INSURANCE,mandatory,medium,3,,,False
3632,766,ZATCA-EINV,3.1,RETAIL,mandatory,medium,3,,,False
3633,766,ZATCA-EINV,3.1,MANUFACTURING,mandatory,medium,3,,,False
3634,766,ZATCA-EINV,3.1,PROFESSIONAL,mandatory,medium,3,,,False
3635,766,ZATCA-EINV,3.1,CONSTRUCTION,mandatory,medium,3,,,False
3636,766,ZATCA-EINV,3.1,REAL_ESTATE,mandatory,medium,3,,,False
3637,767,ZATCA-EINV,4.1,BANKING,mandatory,medium,4,Financial institutions must implement enhanced controls per SAMA requirements,AUDIT_REPORT|RISK_ASSESSMENT,False
3638,767,ZATCA-EINV,4.1,INSURANCE,mandatory,low,4,,,False
3639,767,ZATCA-EINV,4.1,RETAIL,mandatory,low,4,,,False
3640,767,ZATCA-EINV,4.1,MANUFACTURING,mandatory,low,4,,,False
3641,767,ZATCA-EINV,4.1,PROFESSIONAL,mandatory,low,4,,,False
3642,767,ZATCA-EINV,4.1,CONSTRUCTION,mandatory,low,4,,,False
3643,767,ZATCA-EINV,4.1,REAL_ESTATE,mandatory,low,4,,,False
3644,768,ZATCA-EINV,1.2,BANKING,mandatory,critical,1,Financial institutions must implement enhanced controls per SAMA requirements,AUDIT_REPORT|RISK_ASSESSMENT,False
3645,768,ZATCA-EINV,1.2,INSURANCE,mandatory,critical,1,,,False
3646,768,ZATCA-EINV,1.2,RETAIL,mandatory,critical,1,,,False
3647,768,ZATCA-EINV,1.2,MANUFACTURING,mandatory,critical,1,,,False
3648,768,ZATCA-EINV,1.2,PROFESSIONAL,mandatory,critical,1,,,False
3649,768,ZATCA-EINV,1.2,CONSTRUCTION,mandatory,critical,1,,,False
3650,768,ZATCA-EINV,1.2,REAL_ESTATE,mandatory,critical,1,,,False
3651,769,ZATCA-EINV,2.2,BANKING,mandatory,critical,2,Financial institutions must implement enhanced controls per SAMA requirements,AUDIT_REPORT|RISK_ASSESSMENT,False
3652,769,ZATCA-EINV,2.2,INSURANCE,mandatory,high,2,,,False
3653,769,ZATCA-EINV,2.2,RETAIL,mandatory,high,2,,,False
3654,769,ZATCA-EINV,2.2,MANUFACTURING,mandatory,high,2,,,False
3655,769,ZATCA-EINV,2.2,PROFESSIONAL,mandatory,high,2,,,False
3656,769,ZATCA-EINV,2.2,CONSTRUCTION,mandatory,high,2,,,False
3657,769,ZATCA-EINV,2.2,REAL_ESTATE,mandatory,high,2,,,False
3658,770,ZATCA-EINV,3.2,BANKING,mandatory,high,3,Financial institutions must implement enhanced controls per SAMA requirements,AUDIT_REPORT|RISK_ASSESSMENT,False
3659,770,ZATCA-EINV,3.2,INSURANCE,mandatory,medium,3,,,False
3660,770,ZATCA-EINV,3.2,RETAIL,mandatory,medium,3,,,False
3661,770,ZATCA-EINV,3.2,MANUFACTURING,mandatory,medium,3,,,False
3662,770,ZATCA-EINV,3.2,PROFESSIONAL,mandatory,medium,3,,,False
3663,770,ZATCA-EINV,3.2,CONSTRUCTION,mandatory,medium,3,,,False
3664,770,ZATCA-EINV,3.2,REAL_ESTATE,mandatory,medium,3,,,False
3665,771,ZATCA-EINV,4.2,BANKING,mandatory,medium,4,Financial institutions must implement enhanced controls per SAMA requirements,AUDIT_REPORT|RISK_ASSESSMENT,False
3666,771,ZATCA-EINV,4.2,INSURANCE,mandatory,low,4,,,False
3667,771,ZATCA-EINV,4.2,RETAIL,mandatory,low,4,,,False
3668,771,ZATCA-EINV,4.2,MANUFACTURING,mandatory,low,4,,,False
3669,771,ZATCA-EINV,4.2,PROFESSIONAL,mandatory,low,4,,,False
3670,771,ZATCA-EINV,4.2,CONSTRUCTION,mandatory,low,4,,,False
3671,771,ZATCA-EINV,4.2,REAL_ESTATE,mandatory,low,4,,,False
3672,772,ZATCA-EINV,1.3,BANKING,mandatory,critical,1,Financial institutions must implement enhanced controls per SAMA requirements,AUDIT_REPORT|RISK_ASSESSMENT,False
3673,772,ZATCA-EINV,1.3,INSURANCE,mandatory,critical,1,,,False
3674,772,ZATCA-EINV,1.3,RETAIL,mandatory,critical,1,,,False
3675,772,ZATCA-EINV,1.3,MANUFACTURING,mandatory,critical,1,,,False
3676,772,ZATCA-EINV,1.3,PROFESSIONAL,mandatory,critical,1,,,False
3677,772,ZATCA-EINV,1.3,CONSTRUCTION,mandatory,critical,1,,,False
3678,772,ZATCA-EINV,1.3,REAL_ESTATE,mandatory,critical,1,,,False
3679,773,ZATCA-EINV,2.3,BANKING,mandatory,critical,2,Financial institutions must implement enhanced controls per SAMA requirements,AUDIT_REPORT|RISK_ASSESSMENT,False
3680,773,ZATCA-EINV,2.3,INSURANCE,mandatory,high,2,,,False
3681,773,ZATCA-EINV,2.3,RETAIL,mandatory,high,2,,,False
3682,773,ZATCA-EINV,2.3,MANUFACTURING,mandatory,high,2,,,False
3683,773,ZATCA-EINV,2.3,PROFESSIONAL,mandatory,high,2,,,False
3684,773,ZATCA-EINV,2.3,CONSTRUCTION,mandatory,high,2,,,False
3685,773,ZATCA-EINV,2.3,REAL_ESTATE,mandatory,high,2,,,False
3686,774,ZATCA-EINV,3.3,BANKING,mandatory,high,3,Financial institutions must implement enhanced controls per SAMA requirements,AUDIT_REPORT|RISK_ASSESSMENT,False
3687,774,ZATCA-EINV,3.3,INSURANCE,mandatory,medium,3,,,False
3688,774,ZATCA-EINV,3.3,RETAIL,mandatory,medium,3,,,False
3689,774,ZATCA-EINV,3.3,MANUFACTURING,mandatory,medium,3,,,False
3690,774,ZATCA-EINV,3.3,PROFESSIONAL,mandatory,medium,3,,,False
3691,774,ZATCA-EINV,3.3,CONSTRUCTION,mandatory,medium,3,,,False
3692,774,ZATCA-EINV,3.3,REAL_ESTATE,mandatory,medium,3,,,False
3693,775,ZATCA-EINV,4.3,BANKING,mandatory,medium,4,Financial institutions must implement enhanced controls per SAMA requirements,AUDIT_REPORT|RISK_ASSESSMENT,False
3694,775,ZATCA-EINV,4.3,INSURANCE,mandatory,low,4,,,False
3695,775,ZATCA-EINV,4.3,RETAIL,mandatory,low,4,,,False
3696,775,ZATCA-EINV,4.3,MANUFACTURING,mandatory,low,4,,,False
3697,775,ZATCA-EINV,4.3,PROFESSIONAL,mandatory,low,4,,,False
3698,775,ZATCA-EINV,4.3,CONSTRUCTION,mandatory,low,4,,,False
3699,775,ZATCA-EINV,4.3,REAL_ESTATE,mandatory,low,4,,,False
3700,776,ZATCA-EINV,1.4,BANKING,mandatory,critical,1,Financial institutions must implement enhanced controls per SAMA requirements,AUDIT_REPORT|RISK_ASSESSMENT,False
3701,776,ZATCA-EINV,1.4,INSURANCE,mandatory,critical,1,,,False
3702,776,ZATCA-EINV,1.4,RETAIL,mandatory,critical,1,,,False
3703,776,ZATCA-EINV,1.4,MANUFACTURING,mandatory,critical,1,,,False
3704,776,ZATCA-EINV,1.4,PROFESSIONAL,mandatory,critical,1,,,False
3705,776,ZATCA-EINV,1.4,CONSTRUCTION,mandatory,critical,1,,,False
3706,776,ZATCA-EINV,1.4,REAL_ESTATE,mandatory,critical,1,,,False
3707,777,ZATCA-EINV,2.4,BANKING,mandatory,critical,2,Financial institutions must implement enhanced controls per SAMA requirements,AUDIT_REPORT|RISK_ASSESSMENT,False
3708,777,ZATCA-EINV,2.4,INSURANCE,mandatory,high,2,,,False
3709,777,ZATCA-EINV,2.4,RETAIL,mandatory,high,2,,,False
3710,777,ZATCA-EINV,2.4,MANUFACTURING,mandatory,high,2,,,False
3711,777,ZATCA-EINV,2.4,PROFESSIONAL,mandatory,high,2,,,False
3712,777,ZATCA-EINV,2.4,CONSTRUCTION,mandatory,high,2,,,False
3713,777,ZATCA-EINV,2.4,REAL_ESTATE,mandatory,high,2,,,False
3714,778,ZATCA-EINV,3.4,BANKING,mandatory,high,3,Financial institutions must implement enhanced controls per SAMA requirements,AUDIT_REPORT|RISK_ASSESSMENT,False
3715,778,ZATCA-EINV,3.4,INSURANCE,mandatory,medium,3,,,False
3716,778,ZATCA-EINV,3.4,RETAIL,mandatory,medium,3,,,False
3717,778,ZATCA-EINV,3.4,MANUFACTURING,mandatory,medium,3,,,False
3718,778,ZATCA-EINV,3.4,PROFESSIONAL,mandatory,medium,3,,,False
3719,778,ZATCA-EINV,3.4,CONSTRUCTION,mandatory,medium,3,,,False
3720,778,ZATCA-EINV,3.4,REAL_ESTATE,mandatory,medium,3,,,False
3721,779,ZATCA-EINV,4.4,BANKING,mandatory,medium,4,Financial institutions must implement enhanced controls per SAMA requirements,AUDIT_REPORT|RISK_ASSESSMENT,False
3722,779,ZATCA-EINV,4.4,INSURANCE,mandatory,low,4,,,False
3723,779,ZATCA-EINV,4.4,RETAIL,mandatory,low,4,,,False
3724,779,ZATCA-EINV,4.4,MANUFACTURING,mandatory,low,4,,,False
3725,779,ZATCA-EINV,4.4,PROFESSIONAL,mandatory,low,4,,,False
3726,779,ZATCA-EINV,4.4,CONSTRUCTION,mandatory,low,4,,,False
3727,779,ZATCA-EINV,4.4,REAL_ESTATE,mandatory,low,4,,,False
3728,780,ZATCA-EINV,1.5,BANKING,mandatory,critical,1,Financial institutions must implement enhanced controls per SAMA requirements,AUDIT_REPORT|RISK_ASSESSMENT,False
3729,780,ZATCA-EINV,1.5,INSURANCE,mandatory,critical,1,,,False
3730,780,ZATCA-EINV,1.5,RETAIL,mandatory,critical,1,,,False
3731,780,ZATCA-EINV,1.5,MANUFACTURING,mandatory,critical,1,,,False
3732,780,ZATCA-EINV,1.5,PROFESSIONAL,mandatory,critical,1,,,False
3733,780,ZATCA-EINV,1.5,CONSTRUCTION,mandatory,critical,1,,,False
3734,780,ZATCA-EINV,1.5,REAL_ESTATE,mandatory,critical,1,,,False
3735,781,ZATCA-EINV,2.5,BANKING,mandatory,critical,2,Financial institutions must implement enhanced controls per SAMA requirements,AUDIT_REPORT|RISK_ASSESSMENT,False
3736,781,ZATCA-EINV,2.5,INSURANCE,mandatory,high,2,,,False
3737,781,ZATCA-EINV,2.5,RETAIL,mandatory,high,2,,,False
3738,781,ZATCA-EINV,2.5,MANUFACTURING,mandatory,high,2,,,False
3739,781,ZATCA-EINV,2.5,PROFESSIONAL,mandatory,high,2,,,False
3740,781,ZATCA-EINV,2.5,CONSTRUCTION,mandatory,high,2,,,False
3741,781,ZATCA-EINV,2.5,REAL_ESTATE,mandatory,high,2,,,False
3742,782,ZATCA-EINV,3.5,BANKING,mandatory,high,3,Financial institutions must implement enhanced controls per SAMA requirements,AUDIT_REPORT|RISK_ASSESSMENT,False
3743,782,ZATCA-EINV,3.5,INSURANCE,mandatory,medium,3,,,False
3744,782,ZATCA-EINV,3.5,RETAIL,mandatory,medium,3,,,False
3745,782,ZATCA-EINV,3.5,MANUFACTURING,mandatory,medium,3,,,False
3746,782,ZATCA-EINV,3.5,PROFESSIONAL,mandatory,medium,3,,,False
3747,782,ZATCA-EINV,3.5,CONSTRUCTION,mandatory,medium,3,,,False
3748,782,ZATCA-EINV,3.5,REAL_ESTATE,mandatory,medium,3,,,False
3749,783,ZATCA-EINV,4.5,BANKING,mandatory,medium,4,Financial institutions must implement enhanced controls per SAMA requirements,AUDIT_REPORT|RISK_ASSESSMENT,False
3750,783,ZATCA-EINV,4.5,INSURANCE,mandatory,low,4,,,False
3751,783,ZATCA-EINV,4.5,RETAIL,mandatory,low,4,,,False
3752,783,ZATCA-EINV,4.5,MANUFACTURING,mandatory,low,4,,,False
3753,783,ZATCA-EINV,4.5,PROFESSIONAL,mandatory,low,4,,,False
3754,783,ZATCA-EINV,4.5,CONSTRUCTION,mandatory,low,4,,,False
3755,783,ZATCA-EINV,4.5,REAL_ESTATE,mandatory,low,4,,,False
3756,784,ZATCA-EINV,1.6,BANKING,mandatory,critical,1,Financial institutions must implement enhanced controls per SAMA requirements,AUDIT_REPORT|RISK_ASSESSMENT,False
3757,784,ZATCA-EINV,1.6,INSURANCE,mandatory,critical,1,,,False
3758,784,ZATCA-EINV,1.6,RETAIL,mandatory,critical,1,,,False
3759,784,ZATCA-EINV,1.6,MANUFACTURING,mandatory,critical,1,,,False
3760,784,ZATCA-EINV,1.6,PROFESSIONAL,mandatory,critical,1,,,False
3761,784,ZATCA-EINV,1.6,CONSTRUCTION,mandatory,critical,1,,,False
3762,784,ZATCA-EINV,1.6,REAL_ESTATE,mandatory,critical,1,,,False
3763,785,ZATCA-EINV,2.6,BANKING,mandatory,critical,2,Financial institutions must implement enhanced controls per SAMA requirements,AUDIT_REPORT|RISK_ASSESSMENT,False
3764,785,ZATCA-EINV,2.6,INSURANCE,mandatory,high,2,,,False
3765,785,ZATCA-EINV,2.6,RETAIL,mandatory,high,2,,,False
3766,785,ZATCA-EINV,2.6,MANUFACTURING,mandatory,high,2,,,False
3767,785,ZATCA-EINV,2.6,PROFESSIONAL,mandatory,high,2,,,False
3768,785,ZATCA-EINV,2.6,CONSTRUCTION,mandatory,high,2,,,False
3769,785,ZATCA-EINV,2.6,REAL_ESTATE,mandatory,high,2,,,False
3770,786,ZATCA-EINV,3.6,BANKING,mandatory,high,3,Financial institutions must implement enhanced controls per SAMA requirements,AUDIT_REPORT|RISK_ASSESSMENT,False
3771,786,ZATCA-EINV,3.6,INSURANCE,mandatory,medium,3,,,False
3772,786,ZATCA-EINV,3.6,RETAIL,mandatory,medium,3,,,False
3773,786,ZATCA-EINV,3.6,MANUFACTURING,mandatory,medium,3,,,False
3774,786,ZATCA-EINV,3.6,PROFESSIONAL,mandatory,medium,3,,,False
3775,786,ZATCA-EINV,3.6,CONSTRUCTION,mandatory,medium,3,,,False
3776,786,ZATCA-EINV,3.6,REAL_ESTATE,mandatory,medium,3,,,False
3777,787,ZATCA-EINV,4.6,BANKING,mandatory,medium,4,Financial institutions must implement enhanced controls per SAMA requirements,AUDIT_REPORT|RISK_ASSESSMENT,False
3778,787,ZATCA-EINV,4.6,INSURANCE,mandatory,low,4,,,False
3779,787,ZATCA-EINV,4.6,RETAIL,mandatory,low,4,,,False
3780,787,ZATCA-EINV,4.6,MANUFACTURING,mandatory,low,4,,,False
3781,787,ZATCA-EINV,4.6,PROFESSIONAL,mandatory,low,4,,,False
3782,787,ZATCA-EINV,4.6,CONSTRUCTION,mandatory,low,4,,,False
3783,787,ZATCA-EINV,4.6,REAL_ESTATE,mandatory,low,4,,,False
3784,788,ZATCA-EINV,1.7,BANKING,mandatory,critical,1,Financial institutions must implement enhanced controls per SAMA requirements,AUDIT_REPORT|RISK_ASSESSMENT,False
3785,788,ZATCA-EINV,1.7,INSURANCE,mandatory,critical,1,,,False
3786,788,ZATCA-EINV,1.7,RETAIL,mandatory,critical,1,,,False
3787,788,ZATCA-EINV,1.7,MANUFACTURING,mandatory,critical,1,,,False
3788,788,ZATCA-EINV,1.7,PROFESSIONAL,mandatory,critical,1,,,False
3789,788,ZATCA-EINV,1.7,CONSTRUCTION,mandatory,critical,1,,,False
3790,788,ZATCA-EINV,1.7,REAL_ESTATE,mandatory,critical,1,,,False
3791,789,ZATCA-EINV,2.7,BANKING,mandatory,critical,2,Financial institutions must implement enhanced controls per SAMA requirements,AUDIT_REPORT|RISK_ASSESSMENT,False
3792,789,ZATCA-EINV,2.7,INSURANCE,mandatory,high,2,,,False
3793,789,ZATCA-EINV,2.7,RETAIL,mandatory,high,2,,,False
3794,789,ZATCA-EINV,2.7,MANUFACTURING,mandatory,high,2,,,False
3795,789,ZATCA-EINV,2.7,PROFESSIONAL,mandatory,high,2,,,False
3796,789,ZATCA-EINV,2.7,CONSTRUCTION,mandatory,high,2,,,False
3797,789,ZATCA-EINV,2.7,REAL_ESTATE,mandatory,high,2,,,False
3798,790,ZATCA-EINV,3.7,BANKING,mandatory,high,3,Financial institutions must implement enhanced controls per SAMA requirements,AUDIT_REPORT|RISK_ASSESSMENT,False
3799,790,ZATCA-EINV,3.7,INSURANCE,mandatory,medium,3,,,False
3800,790,ZATCA-EINV,3.7,RETAIL,mandatory,medium,3,,,False
3801,790,ZATCA-EINV,3.7,MANUFACTURING,mandatory,medium,3,,,False
3802,790,ZATCA-EINV,3.7,PROFESSIONAL,mandatory,medium,3,,,False
3803,790,ZATCA-EINV,3.7,CONSTRUCTION,mandatory,medium,3,,,False
3804,790,ZATCA-EINV,3.7,REAL_ESTATE,mandatory,medium,3,,,False
3805,791,ZATCA-EINV,4.7,BANKING,mandatory,medium,4,Financial institutions must implement enhanced controls per SAMA requirements,AUDIT_REPORT|RISK_ASSESSMENT,False
3806,791,ZATCA-EINV,4.7,INSURANCE,mandatory,low,4,,,False
3807,791,ZATCA-EINV,4.7,RETAIL,mandatory,low,4,,,False
3808,791,ZATCA-EINV,4.7,MANUFACTURING,mandatory,low,4,,,False
3809,791,ZATCA-EINV,4.7,PROFESSIONAL,mandatory,low,4,,,False
3810,791,ZATCA-EINV,4.7,CONSTRUCTION,mandatory,low,4,,,False
3811,791,ZATCA-EINV,4.7,REAL_ESTATE,mandatory,low,4,,,False
3812,792,ZATCA-EINV,1.8,BANKING,mandatory,critical,1,Financial institutions must implement enhanced controls per SAMA requirements,AUDIT_REPORT|RISK_ASSESSMENT,False
3813,792,ZATCA-EINV,1.8,INSURANCE,mandatory,critical,1,,,False
3814,792,ZATCA-EINV,1.8,RETAIL,mandatory,critical,1,,,False
3815,792,ZATCA-EINV,1.8,MANUFACTURING,mandatory,critical,1,,,False
3816,792,ZATCA-EINV,1.8,PROFESSIONAL,mandatory,critical,1,,,False
3817,792,ZATCA-EINV,1.8,CONSTRUCTION,mandatory,critical,1,,,False
3818,792,ZATCA-EINV,1.8,REAL_ESTATE,mandatory,critical,1,,,False
3819,793,ZATCA-EINV,2.8,BANKING,mandatory,critical,2,Financial institutions must implement enhanced controls per SAMA requirements,AUDIT_REPORT|RISK_ASSESSMENT,False
3820,793,ZATCA-EINV,2.8,INSURANCE,mandatory,high,2,,,False
3821,793,ZATCA-EINV,2.8,RETAIL,mandatory,high,2,,,False
3822,793,ZATCA-EINV,2.8,MANUFACTURING,mandatory,high,2,,,False
3823,793,ZATCA-EINV,2.8,PROFESSIONAL,mandatory,high,2,,,False
3824,793,ZATCA-EINV,2.8,CONSTRUCTION,mandatory,high,2,,,False
3825,793,ZATCA-EINV,2.8,REAL_ESTATE,mandatory,high,2,,,False
3826,794,ZATCA-EINV,3.8,BANKING,mandatory,high,3,Financial institutions must implement enhanced controls per SAMA requirements,AUDIT_REPORT|RISK_ASSESSMENT,False
3827,794,ZATCA-EINV,3.8,INSURANCE,mandatory,medium,3,,,False
3828,794,ZATCA-EINV,3.8,RETAIL,mandatory,medium,3,,,False
3829,794,ZATCA-EINV,3.8,MANUFACTURING,mandatory,medium,3,,,False
3830,794,ZATCA-EINV,3.8,PROFESSIONAL,mandatory,medium,3,,,False
3831,794,ZATCA-EINV,3.8,CONSTRUCTION,mandatory,medium,3,,,False
3832,794,ZATCA-EINV,3.8,REAL_ESTATE,mandatory,medium,3,,,False
3833,795,ZATCA-EINV,4.8,BANKING,mandatory,medium,4,Financial institutions must implement enhanced controls per SAMA requirements,AUDIT_REPORT|RISK_ASSESSMENT,False
3834,795,ZATCA-EINV,4.8,INSURANCE,mandatory,low,4,,,False
3835,795,ZATCA-EINV,4.8,RETAIL,mandatory,low,4,,,False
3836,795,ZATCA-EINV,4.8,MANUFACTURING,mandatory,low,4,,,False
3837,795,ZATCA-EINV,4.8,PROFESSIONAL,mandatory,low,4,,,False
3838,795,ZATCA-EINV,4.8,CONSTRUCTION,mandatory,low,4,,,False
3839,795,ZATCA-EINV,4.8,REAL_ESTATE,mandatory,low,4,,,False
3840,796,ZATCA-EINV,1.9,BANKING,mandatory,critical,1,Financial institutions must implement enhanced controls per SAMA requirements,AUDIT_REPORT|RISK_ASSESSMENT,False
3841,796,ZATCA-EINV,1.9,INSURANCE,mandatory,critical,1,,,False
3842,796,ZATCA-EINV,1.9,RETAIL,mandatory,critical,1,,,False
3843,796,ZATCA-EINV,1.9,MANUFACTURING,mandatory,critical,1,,,False
3844,796,ZATCA-EINV,1.9,PROFESSIONAL,mandatory,critical,1,,,False
3845,796,ZATCA-EINV,1.9,CONSTRUCTION,mandatory,critical,1,,,False
3846,796,ZATCA-EINV,1.9,REAL_ESTATE,mandatory,critical,1,,,False
3847,797,ZATCA-EINV,2.9,BANKING,mandatory,critical,2,Financial institutions must implement enhanced controls per SAMA requirements,AUDIT_REPORT|RISK_ASSESSMENT,False
3848,797,ZATCA-EINV,2.9,INSURANCE,mandatory,high,2,,,False
3849,797,ZATCA-EINV,2.9,RETAIL,mandatory,high,2,,,False
3850,797,ZATCA-EINV,2.9,MANUFACTURING,mandatory,high,2,,,False
3851,797,ZATCA-EINV,2.9,PROFESSIONAL,mandatory,high,2,,,False
3852,797,ZATCA-EINV,2.9,CONSTRUCTION,mandatory,high,2,,,False
3853,797,ZATCA-EINV,2.9,REAL_ESTATE,mandatory,high,2,,,False
3854,798,ZATCA-EINV,3.9,BANKING,mandatory,high,3,Financial institutions must implement enhanced controls per SAMA requirements,AUDIT_REPORT|RISK_ASSESSMENT,False
3855,798,ZATCA-EINV,3.9,INSURANCE,mandatory,medium,3,,,False
3856,798,ZATCA-EINV,3.9,RETAIL,mandatory,medium,3,,,False
3857,798,ZATCA-EINV,3.9,MANUFACTURING,mandatory,medium,3,,,False
3858,798,ZATCA-EINV,3.9,PROFESSIONAL,mandatory,medium,3,,,False
3859,798,ZATCA-EINV,3.9,CONSTRUCTION,mandatory,medium,3,,,False
3860,798,ZATCA-EINV,3.9,REAL_ESTATE,mandatory,medium,3,,,False
3861,799,ISO-27001,1.1,BANKING,recommended,critical,1,Financial institutions must implement enhanced controls per SAMA requirements,AUDIT_REPORT|RISK_ASSESSMENT,False
3862,799,ISO-27001,1.1,INSURANCE,recommended,critical,1,,,False
3863,799,ISO-27001,1.1,CAPITAL_MARKETS,recommended,critical,1,,,False
3864,799,ISO-27001,1.1,FINTECH,recommended,critical,1,FinTech companies must meet both SAMA and PCI requirements,PENTEST|SCAN_REPORT,False
3865,799,ISO-27001,1.1,HEALTHCARE,recommended,critical,1,Healthcare organizations must ensure patient data protection per MOH standards,CERTIFICATE|TRAINING_RECORD,False
3866,799,ISO-27001,1.1,TELECOM,recommended,critical,1,,,False
3867,799,ISO-27001,1.1,ICT,recommended,critical,1,,,False
3868,799,ISO-27001,1.1,CLOUD,recommended,critical,1,,,False
3869,799,ISO-27001,1.1,GOVERNMENT,recommended,critical,1,Government entities must comply with NCA mandatory requirements,ATTESTATION|APPROVAL,False
3870,799,ISO-27001,1.1,ENERGY,recommended,critical,1,Critical infrastructure requires enhanced OT security controls,BCP_DRP|INCIDENT_REPORT,False
3871,800,ISO-27001,2.1,BANKING,recommended,critical,2,Financial institutions must implement enhanced controls per SAMA requirements,AUDIT_REPORT|RISK_ASSESSMENT,False
3872,800,ISO-27001,2.1,INSURANCE,recommended,high,2,,,False
3873,800,ISO-27001,2.1,CAPITAL_MARKETS,recommended,high,2,,,False
3874,800,ISO-27001,2.1,FINTECH,recommended,critical,2,FinTech companies must meet both SAMA and PCI requirements,PENTEST|SCAN_REPORT,False
3875,800,ISO-27001,2.1,HEALTHCARE,recommended,critical,2,Healthcare organizations must ensure patient data protection per MOH standards,CERTIFICATE|TRAINING_RECORD,False
3876,800,ISO-27001,2.1,TELECOM,recommended,high,2,,,False
3877,800,ISO-27001,2.1,ICT,recommended,high,2,,,False
3878,800,ISO-27001,2.1,CLOUD,recommended,high,2,,,False
3879,800,ISO-27001,2.1,GOVERNMENT,recommended,critical,2,Government entities must comply with NCA mandatory requirements,ATTESTATION|APPROVAL,False
3880,800,ISO-27001,2.1,ENERGY,recommended,critical,2,Critical infrastructure requires enhanced OT security controls,BCP_DRP|INCIDENT_REPORT,False
3881,801,ISO-27001,3.1,BANKING,recommended,high,3,Financial institutions must implement enhanced controls per SAMA requirements,AUDIT_REPORT|RISK_ASSESSMENT,False
3882,801,ISO-27001,3.1,INSURANCE,recommended,medium,3,,,False
3883,801,ISO-27001,3.1,CAPITAL_MARKETS,recommended,medium,3,,,False
3884,801,ISO-27001,3.1,FINTECH,recommended,high,3,FinTech companies must meet both SAMA and PCI requirements,PENTEST|SCAN_REPORT,False
3885,801,ISO-27001,3.1,HEALTHCARE,recommended,high,3,Healthcare organizations must ensure patient data protection per MOH standards,CERTIFICATE|TRAINING_RECORD,False
3886,801,ISO-27001,3.1,TELECOM,recommended,medium,3,,,False
3887,801,ISO-27001,3.1,ICT,recommended,medium,3,,,False
3888,801,ISO-27001,3.1,CLOUD,recommended,medium,3,,,False
3889,801,ISO-27001,3.1,GOVERNMENT,recommended,critical,3,Government entities must comply with NCA mandatory requirements,ATTESTATION|APPROVAL,False
3890,801,ISO-27001,3.1,ENERGY,recommended,critical,3,Critical infrastructure requires enhanced OT security controls,BCP_DRP|INCIDENT_REPORT,False
3891,802,ISO-27001,4.1,BANKING,recommended,medium,4,Financial institutions must implement enhanced controls per SAMA requirements,AUDIT_REPORT|RISK_ASSESSMENT,False
3892,802,ISO-27001,4.1,INSURANCE,recommended,low,4,,,False
3893,802,ISO-27001,4.1,CAPITAL_MARKETS,recommended,low,4,,,False
3894,802,ISO-27001,4.1,FINTECH,recommended,medium,4,FinTech companies must meet both SAMA and PCI requirements,PENTEST|SCAN_REPORT,False
3895,802,ISO-27001,4.1,HEALTHCARE,recommended,medium,4,Healthcare organizations must ensure patient data protection per MOH standards,CERTIFICATE|TRAINING_RECORD,False
3896,802,ISO-27001,4.1,TELECOM,recommended,low,4,,,False
3897,802,ISO-27001,4.1,ICT,recommended,low,4,,,False
3898,802,ISO-27001,4.1,CLOUD,recommended,low,4,,,False
3899,802,ISO-27001,4.1,GOVERNMENT,recommended,high,4,Government entities must comply with NCA mandatory requirements,ATTESTATION|APPROVAL,False
3900,802,ISO-27001,4.1,ENERGY,recommended,high,4,Critical infrastructure requires enhanced OT security controls,BCP_DRP|INCIDENT_REPORT,False
3901,803,ISO-27001,1.2,BANKING,recommended,critical,1,Financial institutions must implement enhanced controls per SAMA requirements,AUDIT_REPORT|RISK_ASSESSMENT,False
3902,803,ISO-27001,1.2,INSURANCE,recommended,critical,1,,,False
3903,803,ISO-27001,1.2,CAPITAL_MARKETS,recommended,critical,1,,,False
3904,803,ISO-27001,1.2,FINTECH,recommended,critical,1,FinTech companies must meet both SAMA and PCI requirements,PENTEST|SCAN_REPORT,False
3905,803,ISO-27001,1.2,HEALTHCARE,recommended,critical,1,Healthcare organizations must ensure patient data protection per MOH standards,CERTIFICATE|TRAINING_RECORD,False
3906,803,ISO-27001,1.2,TELECOM,recommended,critical,1,,,False
3907,803,ISO-27001,1.2,ICT,recommended,critical,1,,,False
3908,803,ISO-27001,1.2,CLOUD,recommended,critical,1,,,False
3909,803,ISO-27001,1.2,GOVERNMENT,recommended,critical,1,Government entities must comply with NCA mandatory requirements,ATTESTATION|APPROVAL,False
3910,803,ISO-27001,1.2,ENERGY,recommended,critical,1,Critical infrastructure requires enhanced OT security controls,BCP_DRP|INCIDENT_REPORT,False
3911,804,ISO-27001,2.2,BANKING,recommended,critical,2,Financial institutions must implement enhanced controls per SAMA requirements,AUDIT_REPORT|RISK_ASSESSMENT,False
3912,804,ISO-27001,2.2,INSURANCE,recommended,high,2,,,False
3913,804,ISO-27001,2.2,CAPITAL_MARKETS,recommended,high,2,,,False
3914,804,ISO-27001,2.2,FINTECH,recommended,critical,2,FinTech companies must meet both SAMA and PCI requirements,PENTEST|SCAN_REPORT,False
3915,804,ISO-27001,2.2,HEALTHCARE,recommended,critical,2,Healthcare organizations must ensure patient data protection per MOH standards,CERTIFICATE|TRAINING_RECORD,False
3916,804,ISO-27001,2.2,TELECOM,recommended,high,2,,,False
3917,804,ISO-27001,2.2,ICT,recommended,high,2,,,False
3918,804,ISO-27001,2.2,CLOUD,recommended,high,2,,,False
3919,804,ISO-27001,2.2,GOVERNMENT,recommended,critical,2,Government entities must comply with NCA mandatory requirements,ATTESTATION|APPROVAL,False
3920,804,ISO-27001,2.2,ENERGY,recommended,critical,2,Critical infrastructure requires enhanced OT security controls,BCP_DRP|INCIDENT_REPORT,False
3921,805,ISO-27001,3.2,BANKING,recommended,high,3,Financial institutions must implement enhanced controls per SAMA requirements,AUDIT_REPORT|RISK_ASSESSMENT,False
3922,805,ISO-27001,3.2,INSURANCE,recommended,medium,3,,,False
3923,805,ISO-27001,3.2,CAPITAL_MARKETS,recommended,medium,3,,,False
3924,805,ISO-27001,3.2,FINTECH,recommended,high,3,FinTech companies must meet both SAMA and PCI requirements,PENTEST|SCAN_REPORT,False
3925,805,ISO-27001,3.2,HEALTHCARE,recommended,high,3,Healthcare organizations must ensure patient data protection per MOH standards,CERTIFICATE|TRAINING_RECORD,False
3926,805,ISO-27001,3.2,TELECOM,recommended,medium,3,,,False
3927,805,ISO-27001,3.2,ICT,recommended,medium,3,,,False
3928,805,ISO-27001,3.2,CLOUD,recommended,medium,3,,,False
3929,805,ISO-27001,3.2,GOVERNMENT,recommended,critical,3,Government entities must comply with NCA mandatory requirements,ATTESTATION|APPROVAL,False
3930,805,ISO-27001,3.2,ENERGY,recommended,critical,3,Critical infrastructure requires enhanced OT security controls,BCP_DRP|INCIDENT_REPORT,False
3931,806,ISO-27001,4.2,BANKING,recommended,medium,4,Financial institutions must implement enhanced controls per SAMA requirements,AUDIT_REPORT|RISK_ASSESSMENT,False
3932,806,ISO-27001,4.2,INSURANCE,recommended,low,4,,,False
3933,806,ISO-27001,4.2,CAPITAL_MARKETS,recommended,low,4,,,False
3934,806,ISO-27001,4.2,FINTECH,recommended,medium,4,FinTech companies must meet both SAMA and PCI requirements,PENTEST|SCAN_REPORT,False
3935,806,ISO-27001,4.2,HEALTHCARE,recommended,medium,4,Healthcare organizations must ensure patient data protection per MOH standards,CERTIFICATE|TRAINING_RECORD,False
3936,806,ISO-27001,4.2,TELECOM,recommended,low,4,,,False
3937,806,ISO-27001,4.2,ICT,recommended,low,4,,,False
3938,806,ISO-27001,4.2,CLOUD,recommended,low,4,,,False
3939,806,ISO-27001,4.2,GOVERNMENT,recommended,high,4,Government entities must comply with NCA mandatory requirements,ATTESTATION|APPROVAL,False
3940,806,ISO-27001,4.2,ENERGY,recommended,high,4,Critical infrastructure requires enhanced OT security controls,BCP_DRP|INCIDENT_REPORT,False
3941,807,ISO-27001,1.3,BANKING,recommended,critical,1,Financial institutions must implement enhanced controls per SAMA requirements,AUDIT_REPORT|RISK_ASSESSMENT,False
3942,807,ISO-27001,1.3,INSURANCE,recommended,critical,1,,,False
3943,807,ISO-27001,1.3,CAPITAL_MARKETS,recommended,critical,1,,,False
3944,807,ISO-27001,1.3,FINTECH,recommended,critical,1,FinTech companies must meet both SAMA and PCI requirements,PENTEST|SCAN_REPORT,False
3945,807,ISO-27001,1.3,HEALTHCARE,recommended,critical,1,Healthcare organizations must ensure patient data protection per MOH standards,CERTIFICATE|TRAINING_RECORD,False
3946,807,ISO-27001,1.3,TELECOM,recommended,critical,1,,,False
3947,807,ISO-27001,1.3,ICT,recommended,critical,1,,,False
3948,807,ISO-27001,1.3,CLOUD,recommended,critical,1,,,False
3949,807,ISO-27001,1.3,GOVERNMENT,recommended,critical,1,Government entities must comply with NCA mandatory requirements,ATTESTATION|APPROVAL,False
3950,807,ISO-27001,1.3,ENERGY,recommended,critical,1,Critical infrastructure requires enhanced OT security controls,BCP_DRP|INCIDENT_REPORT,False
3951,808,ISO-27001,2.3,BANKING,recommended,critical,2,Financial institutions must implement enhanced controls per SAMA requirements,AUDIT_REPORT|RISK_ASSESSMENT,False
3952,808,ISO-27001,2.3,INSURANCE,recommended,high,2,,,False
3953,808,ISO-27001,2.3,CAPITAL_MARKETS,recommended,high,2,,,False
3954,808,ISO-27001,2.3,FINTECH,recommended,critical,2,FinTech companies must meet both SAMA and PCI requirements,PENTEST|SCAN_REPORT,False
3955,808,ISO-27001,2.3,HEALTHCARE,recommended,critical,2,Healthcare organizations must ensure patient data protection per MOH standards,CERTIFICATE|TRAINING_RECORD,False
3956,808,ISO-27001,2.3,TELECOM,recommended,high,2,,,False
3957,808,ISO-27001,2.3,ICT,recommended,high,2,,,False
3958,808,ISO-27001,2.3,CLOUD,recommended,high,2,,,False
3959,808,ISO-27001,2.3,GOVERNMENT,recommended,critical,2,Government entities must comply with NCA mandatory requirements,ATTESTATION|APPROVAL,False
3960,808,ISO-27001,2.3,ENERGY,recommended,critical,2,Critical infrastructure requires enhanced OT security controls,BCP_DRP|INCIDENT_REPORT,False
3961,809,ISO-27001,3.3,BANKING,recommended,high,3,Financial institutions must implement enhanced controls per SAMA requirements,AUDIT_REPORT|RISK_ASSESSMENT,False
3962,809,ISO-27001,3.3,INSURANCE,recommended,medium,3,,,False
3963,809,ISO-27001,3.3,CAPITAL_MARKETS,recommended,medium,3,,,False
3964,809,ISO-27001,3.3,FINTECH,recommended,high,3,FinTech companies must meet both SAMA and PCI requirements,PENTEST|SCAN_REPORT,False
3965,809,ISO-27001,3.3,HEALTHCARE,recommended,high,3,Healthcare organizations must ensure patient data protection per MOH standards,CERTIFICATE|TRAINING_RECORD,False
3966,809,ISO-27001,3.3,TELECOM,recommended,medium,3,,,False
3967,809,ISO-27001,3.3,ICT,recommended,medium,3,,,False
3968,809,ISO-27001,3.3,CLOUD,recommended,medium,3,,,False
3969,809,ISO-27001,3.3,GOVERNMENT,recommended,critical,3,Government entities must comply with NCA mandatory requirements,ATTESTATION|APPROVAL,False
3970,809,ISO-27001,3.3,ENERGY,recommended,critical,3,Critical infrastructure requires enhanced OT security controls,BCP_DRP|INCIDENT_REPORT,False
3971,810,ISO-27001,4.3,BANKING,recommended,medium,4,Financial institutions must implement enhanced controls per SAMA requirements,AUDIT_REPORT|RISK_ASSESSMENT,False
3972,810,ISO-27001,4.3,INSURANCE,recommended,low,4,,,False
3973,810,ISO-27001,4.3,CAPITAL_MARKETS,recommended,low,4,,,False
3974,810,ISO-27001,4.3,FINTECH,recommended,medium,4,FinTech companies must meet both SAMA and PCI requirements,PENTEST|SCAN_REPORT,False
3975,810,ISO-27001,4.3,HEALTHCARE,recommended,medium,4,Healthcare organizations must ensure patient data protection per MOH standards,CERTIFICATE|TRAINING_RECORD,False
3976,810,ISO-27001,4.3,TELECOM,recommended,low,4,,,False
3977,810,ISO-27001,4.3,ICT,recommended,low,4,,,False
3978,810,ISO-27001,4.3,CLOUD,recommended,low,4,,,False
3979,810,ISO-27001,4.3,GOVERNMENT,recommended,high,4,Government entities must comply with NCA mandatory requirements,ATTESTATION|APPROVAL,False
3980,810,ISO-27001,4.3,ENERGY,recommended,high,4,Critical infrastructure requires enhanced OT security controls,BCP_DRP|INCIDENT_REPORT,False
3981,811,ISO-27001,1.4,BANKING,recommended,critical,1,Financial institutions must implement enhanced controls per SAMA requirements,AUDIT_REPORT|RISK_ASSESSMENT,False
3982,811,ISO-27001,1.4,INSURANCE,recommended,critical,1,,,False
3983,811,ISO-27001,1.4,CAPITAL_MARKETS,recommended,critical,1,,,False
3984,811,ISO-27001,1.4,FINTECH,recommended,critical,1,FinTech companies must meet both SAMA and PCI requirements,PENTEST|SCAN_REPORT,False
3985,811,ISO-27001,1.4,HEALTHCARE,recommended,critical,1,Healthcare organizations must ensure patient data protection per MOH standards,CERTIFICATE|TRAINING_RECORD,False
3986,811,ISO-27001,1.4,TELECOM,recommended,critical,1,,,False
3987,811,ISO-27001,1.4,ICT,recommended,critical,1,,,False
3988,811,ISO-27001,1.4,CLOUD,recommended,critical,1,,,False
3989,811,ISO-27001,1.4,GOVERNMENT,recommended,critical,1,Government entities must comply with NCA mandatory requirements,ATTESTATION|APPROVAL,False
3990,811,ISO-27001,1.4,ENERGY,recommended,critical,1,Critical infrastructure requires enhanced OT security controls,BCP_DRP|INCIDENT_REPORT,False
3991,812,ISO-27001,2.4,BANKING,recommended,critical,2,Financial institutions must implement enhanced controls per SAMA requirements,AUDIT_REPORT|RISK_ASSESSMENT,False
3992,812,ISO-27001,2.4,INSURANCE,recommended,high,2,,,False
3993,812,ISO-27001,2.4,CAPITAL_MARKETS,recommended,high,2,,,False
3994,812,ISO-27001,2.4,FINTECH,recommended,critical,2,FinTech companies must meet both SAMA and PCI requirements,PENTEST|SCAN_REPORT,False
3995,812,ISO-27001,2.4,HEALTHCARE,recommended,critical,2,Healthcare organizations must ensure patient data protection per MOH standards,CERTIFICATE|TRAINING_RECORD,False
3996,812,ISO-27001,2.4,TELECOM,recommended,high,2,,,False
3997,812,ISO-27001,2.4,ICT,recommended,high,2,,,False
3998,812,ISO-27001,2.4,CLOUD,recommended,high,2,,,False
3999,812,ISO-27001,2.4,GOVERNMENT,recommended,critical,2,Government entities must comply with NCA mandatory requirements,ATTESTATION|APPROVAL,False
4000,812,ISO-27001,2.4,ENERGY,recommended,critical,2,Critical infrastructure requires enhanced OT security controls,BCP_DRP|INCIDENT_REPORT,False
4001,813,ISO-27001,3.4,BANKING,recommended,high,3,Financial institutions must implement enhanced controls per SAMA requirements,AUDIT_REPORT|RISK_ASSESSMENT,False
4002,813,ISO-27001,3.4,INSURANCE,recommended,medium,3,,,False
4003,813,ISO-27001,3.4,CAPITAL_MARKETS,recommended,medium,3,,,False
4004,813,ISO-27001,3.4,FINTECH,recommended,high,3,FinTech companies must meet both SAMA and PCI requirements,PENTEST|SCAN_REPORT,False
4005,813,ISO-27001,3.4,HEALTHCARE,recommended,high,3,Healthcare organizations must ensure patient data protection per MOH standards,CERTIFICATE|TRAINING_RECORD,False
4006,813,ISO-27001,3.4,TELECOM,recommended,medium,3,,,False
4007,813,ISO-27001,3.4,ICT,recommended,medium,3,,,False
4008,813,ISO-27001,3.4,CLOUD,recommended,medium,3,,,False
4009,813,ISO-27001,3.4,GOVERNMENT,recommended,critical,3,Government entities must comply with NCA mandatory requirements,ATTESTATION|APPROVAL,False
4010,813,ISO-27001,3.4,ENERGY,recommended,critical,3,Critical infrastructure requires enhanced OT security controls,BCP_DRP|INCIDENT_REPORT,False
4011,814,ISO-27001,4.4,BANKING,recommended,medium,4,Financial institutions must implement enhanced controls per SAMA requirements,AUDIT_REPORT|RISK_ASSESSMENT,False
4012,814,ISO-27001,4.4,INSURANCE,recommended,low,4,,,False
4013,814,ISO-27001,4.4,CAPITAL_MARKETS,recommended,low,4,,,False
4014,814,ISO-27001,4.4,FINTECH,recommended,medium,4,FinTech companies must meet both SAMA and PCI requirements,PENTEST|SCAN_REPORT,False
4015,814,ISO-27001,4.4,HEALTHCARE,recommended,medium,4,Healthcare organizations must ensure patient data protection per MOH standards,CERTIFICATE|TRAINING_RECORD,False
4016,814,ISO-27001,4.4,TELECOM,recommended,low,4,,,False
4017,814,ISO-27001,4.4,ICT,recommended,low,4,,,False
4018,814,ISO-27001,4.4,CLOUD,recommended,low,4,,,False
4019,814,ISO-27001,4.4,GOVERNMENT,recommended,high,4,Government entities must comply with NCA mandatory requirements,ATTESTATION|APPROVAL,False
4020,814,ISO-27001,4.4,ENERGY,recommended,high,4,Critical infrastructure requires enhanced OT security controls,BCP_DRP|INCIDENT_REPORT,False
4021,815,ISO-27001,1.5,BANKING,recommended,critical,1,Financial institutions must implement enhanced controls per SAMA requirements,AUDIT_REPORT|RISK_ASSESSMENT,False
4022,815,ISO-27001,1.5,INSURANCE,recommended,critical,1,,,False
4023,815,ISO-27001,1.5,CAPITAL_MARKETS,recommended,critical,1,,,False
4024,815,ISO-27001,1.5,FINTECH,recommended,critical,1,FinTech companies must meet both SAMA and PCI requirements,PENTEST|SCAN_REPORT,False
4025,815,ISO-27001,1.5,HEALTHCARE,recommended,critical,1,Healthcare organizations must ensure patient data protection per MOH standards,CERTIFICATE|TRAINING_RECORD,False
4026,815,ISO-27001,1.5,TELECOM,recommended,critical,1,,,False
4027,815,ISO-27001,1.5,ICT,recommended,critical,1,,,False
4028,815,ISO-27001,1.5,CLOUD,recommended,critical,1,,,False
4029,815,ISO-27001,1.5,GOVERNMENT,recommended,critical,1,Government entities must comply with NCA mandatory requirements,ATTESTATION|APPROVAL,False
4030,815,ISO-27001,1.5,ENERGY,recommended,critical,1,Critical infrastructure requires enhanced OT security controls,BCP_DRP|INCIDENT_REPORT,False
4031,816,ISO-27001,2.5,BANKING,recommended,critical,2,Financial institutions must implement enhanced controls per SAMA requirements,AUDIT_REPORT|RISK_ASSESSMENT,False
4032,816,ISO-27001,2.5,INSURANCE,recommended,high,2,,,False
4033,816,ISO-27001,2.5,CAPITAL_MARKETS,recommended,high,2,,,False
4034,816,ISO-27001,2.5,FINTECH,recommended,critical,2,FinTech companies must meet both SAMA and PCI requirements,PENTEST|SCAN_REPORT,False
4035,816,ISO-27001,2.5,HEALTHCARE,recommended,critical,2,Healthcare organizations must ensure patient data protection per MOH standards,CERTIFICATE|TRAINING_RECORD,False
4036,816,ISO-27001,2.5,TELECOM,recommended,high,2,,,False
4037,816,ISO-27001,2.5,ICT,recommended,high,2,,,False
4038,816,ISO-27001,2.5,CLOUD,recommended,high,2,,,False
4039,816,ISO-27001,2.5,GOVERNMENT,recommended,critical,2,Government entities must comply with NCA mandatory requirements,ATTESTATION|APPROVAL,False
4040,816,ISO-27001,2.5,ENERGY,recommended,critical,2,Critical infrastructure requires enhanced OT security controls,BCP_DRP|INCIDENT_REPORT,False
4041,817,ISO-27001,3.5,BANKING,recommended,high,3,Financial institutions must implement enhanced controls per SAMA requirements,AUDIT_REPORT|RISK_ASSESSMENT,False
4042,817,ISO-27001,3.5,INSURANCE,recommended,medium,3,,,False
4043,817,ISO-27001,3.5,CAPITAL_MARKETS,recommended,medium,3,,,False
4044,817,ISO-27001,3.5,FINTECH,recommended,high,3,FinTech companies must meet both SAMA and PCI requirements,PENTEST|SCAN_REPORT,False
4045,817,ISO-27001,3.5,HEALTHCARE,recommended,high,3,Healthcare organizations must ensure patient data protection per MOH standards,CERTIFICATE|TRAINING_RECORD,False
4046,817,ISO-27001,3.5,TELECOM,recommended,medium,3,,,False
4047,817,ISO-27001,3.5,ICT,recommended,medium,3,,,False
4048,817,ISO-27001,3.5,CLOUD,recommended,medium,3,,,False
4049,817,ISO-27001,3.5,GOVERNMENT,recommended,critical,3,Government entities must comply with NCA mandatory requirements,ATTESTATION|APPROVAL,False
4050,817,ISO-27001,3.5,ENERGY,recommended,critical,3,Critical infrastructure requires enhanced OT security controls,BCP_DRP|INCIDENT_REPORT,False
4051,818,ISO-27001,4.5,BANKING,recommended,medium,4,Financial institutions must implement enhanced controls per SAMA requirements,AUDIT_REPORT|RISK_ASSESSMENT,False
4052,818,ISO-27001,4.5,INSURANCE,recommended,low,4,,,False
4053,818,ISO-27001,4.5,CAPITAL_MARKETS,recommended,low,4,,,False
4054,818,ISO-27001,4.5,FINTECH,recommended,medium,4,FinTech companies must meet both SAMA and PCI requirements,PENTEST|SCAN_REPORT,False
4055,818,ISO-27001,4.5,HEALTHCARE,recommended,medium,4,Healthcare organizations must ensure patient data protection per MOH standards,CERTIFICATE|TRAINING_RECORD,False
4056,818,ISO-27001,4.5,TELECOM,recommended,low,4,,,False
4057,818,ISO-27001,4.5,ICT,recommended,low,4,,,False
4058,818,ISO-27001,4.5,CLOUD,recommended,low,4,,,False
4059,818,ISO-27001,4.5,GOVERNMENT,recommended,high,4,Government entities must comply with NCA mandatory requirements,ATTESTATION|APPROVAL,False
4060,818,ISO-27001,4.5,ENERGY,recommended,high,4,Critical infrastructure requires enhanced OT security controls,BCP_DRP|INCIDENT_REPORT,False
4061,819,ISO-27001,1.6,BANKING,recommended,critical,1,Financial institutions must implement enhanced controls per SAMA requirements,AUDIT_REPORT|RISK_ASSESSMENT,False
4062,819,ISO-27001,1.6,INSURANCE,recommended,critical,1,,,False
4063,819,ISO-27001,1.6,CAPITAL_MARKETS,recommended,critical,1,,,False
4064,819,ISO-27001,1.6,FINTECH,recommended,critical,1,FinTech companies must meet both SAMA and PCI requirements,PENTEST|SCAN_REPORT,False
4065,819,ISO-27001,1.6,HEALTHCARE,recommended,critical,1,Healthcare organizations must ensure patient data protection per MOH standards,CERTIFICATE|TRAINING_RECORD,False
4066,819,ISO-27001,1.6,TELECOM,recommended,critical,1,,,False
4067,819,ISO-27001,1.6,ICT,recommended,critical,1,,,False
4068,819,ISO-27001,1.6,CLOUD,recommended,critical,1,,,False
4069,819,ISO-27001,1.6,GOVERNMENT,recommended,critical,1,Government entities must comply with NCA mandatory requirements,ATTESTATION|APPROVAL,False
4070,819,ISO-27001,1.6,ENERGY,recommended,critical,1,Critical infrastructure requires enhanced OT security controls,BCP_DRP|INCIDENT_REPORT,False
4071,820,ISO-27001,2.6,BANKING,recommended,critical,2,Financial institutions must implement enhanced controls per SAMA requirements,AUDIT_REPORT|RISK_ASSESSMENT,False
4072,820,ISO-27001,2.6,INSURANCE,recommended,high,2,,,False
4073,820,ISO-27001,2.6,CAPITAL_MARKETS,recommended,high,2,,,False
4074,820,ISO-27001,2.6,FINTECH,recommended,critical,2,FinTech companies must meet both SAMA and PCI requirements,PENTEST|SCAN_REPORT,False
4075,820,ISO-27001,2.6,HEALTHCARE,recommended,critical,2,Healthcare organizations must ensure patient data protection per MOH standards,CERTIFICATE|TRAINING_RECORD,False
4076,820,ISO-27001,2.6,TELECOM,recommended,high,2,,,False
4077,820,ISO-27001,2.6,ICT,recommended,high,2,,,False
4078,820,ISO-27001,2.6,CLOUD,recommended,high,2,,,False
4079,820,ISO-27001,2.6,GOVERNMENT,recommended,critical,2,Government entities must comply with NCA mandatory requirements,ATTESTATION|APPROVAL,False
4080,820,ISO-27001,2.6,ENERGY,recommended,critical,2,Critical infrastructure requires enhanced OT security controls,BCP_DRP|INCIDENT_REPORT,False
4081,821,ISO-27001,3.6,BANKING,recommended,high,3,Financial institutions must implement enhanced controls per SAMA requirements,AUDIT_REPORT|RISK_ASSESSMENT,False
4082,821,ISO-27001,3.6,INSURANCE,recommended,medium,3,,,False
4083,821,ISO-27001,3.6,CAPITAL_MARKETS,recommended,medium,3,,,False
4084,821,ISO-27001,3.6,FINTECH,recommended,high,3,FinTech companies must meet both SAMA and PCI requirements,PENTEST|SCAN_REPORT,False
4085,821,ISO-27001,3.6,HEALTHCARE,recommended,high,3,Healthcare organizations must ensure patient data protection per MOH standards,CERTIFICATE|TRAINING_RECORD,False
4086,821,ISO-27001,3.6,TELECOM,recommended,medium,3,,,False
4087,821,ISO-27001,3.6,ICT,recommended,medium,3,,,False
4088,821,ISO-27001,3.6,CLOUD,recommended,medium,3,,,False
4089,821,ISO-27001,3.6,GOVERNMENT,recommended,critical,3,Government entities must comply with NCA mandatory requirements,ATTESTATION|APPROVAL,False
4090,821,ISO-27001,3.6,ENERGY,recommended,critical,3,Critical infrastructure requires enhanced OT security controls,BCP_DRP|INCIDENT_REPORT,False
4091,822,ISO-27001,4.6,BANKING,recommended,medium,4,Financial institutions must implement enhanced controls per SAMA requirements,AUDIT_REPORT|RISK_ASSESSMENT,False
4092,822,ISO-27001,4.6,INSURANCE,recommended,low,4,,,False
4093,822,ISO-27001,4.6,CAPITAL_MARKETS,recommended,low,4,,,False
4094,822,ISO-27001,4.6,FINTECH,recommended,medium,4,FinTech companies must meet both SAMA and PCI requirements,PENTEST|SCAN_REPORT,False
4095,822,ISO-27001,4.6,HEALTHCARE,recommended,medium,4,Healthcare organizations must ensure patient data protection per MOH standards,CERTIFICATE|TRAINING_RECORD,False
4096,822,ISO-27001,4.6,TELECOM,recommended,low,4,,,False
4097,822,ISO-27001,4.6,ICT,recommended,low,4,,,False
4098,822,ISO-27001,4.6,CLOUD,recommended,low,4,,,False
4099,822,ISO-27001,4.6,GOVERNMENT,recommended,high,4,Government entities must comply with NCA mandatory requirements,ATTESTATION|APPROVAL,False
4100,822,ISO-27001,4.6,ENERGY,recommended,high,4,Critical infrastructure requires enhanced OT security controls,BCP_DRP|INCIDENT_REPORT,False
4101,823,ISO-27001,1.7,BANKING,recommended,critical,1,Financial institutions must implement enhanced controls per SAMA requirements,AUDIT_REPORT|RISK_ASSESSMENT,False
4102,823,ISO-27001,1.7,INSURANCE,recommended,critical,1,,,False
4103,823,ISO-27001,1.7,CAPITAL_MARKETS,recommended,critical,1,,,False
4104,823,ISO-27001,1.7,FINTECH,recommended,critical,1,FinTech companies must meet both SAMA and PCI requirements,PENTEST|SCAN_REPORT,False
4105,823,ISO-27001,1.7,HEALTHCARE,recommended,critical,1,Healthcare organizations must ensure patient data protection per MOH standards,CERTIFICATE|TRAINING_RECORD,False
4106,823,ISO-27001,1.7,TELECOM,recommended,critical,1,,,False
4107,823,ISO-27001,1.7,ICT,recommended,critical,1,,,False
4108,823,ISO-27001,1.7,CLOUD,recommended,critical,1,,,False
4109,823,ISO-27001,1.7,GOVERNMENT,recommended,critical,1,Government entities must comply with NCA mandatory requirements,ATTESTATION|APPROVAL,False
4110,823,ISO-27001,1.7,ENERGY,recommended,critical,1,Critical infrastructure requires enhanced OT security controls,BCP_DRP|INCIDENT_REPORT,False
4111,824,ISO-27001,2.7,BANKING,recommended,critical,2,Financial institutions must implement enhanced controls per SAMA requirements,AUDIT_REPORT|RISK_ASSESSMENT,False
4112,824,ISO-27001,2.7,INSURANCE,recommended,high,2,,,False
4113,824,ISO-27001,2.7,CAPITAL_MARKETS,recommended,high,2,,,False
4114,824,ISO-27001,2.7,FINTECH,recommended,critical,2,FinTech companies must meet both SAMA and PCI requirements,PENTEST|SCAN_REPORT,False
4115,824,ISO-27001,2.7,HEALTHCARE,recommended,critical,2,Healthcare organizations must ensure patient data protection per MOH standards,CERTIFICATE|TRAINING_RECORD,False
4116,824,ISO-27001,2.7,TELECOM,recommended,high,2,,,False
4117,824,ISO-27001,2.7,ICT,recommended,high,2,,,False
4118,824,ISO-27001,2.7,CLOUD,recommended,high,2,,,False
4119,824,ISO-27001,2.7,GOVERNMENT,recommended,critical,2,Government entities must comply with NCA mandatory requirements,ATTESTATION|APPROVAL,False
4120,824,ISO-27001,2.7,ENERGY,recommended,critical,2,Critical infrastructure requires enhanced OT security controls,BCP_DRP|INCIDENT_REPORT,False
4121,825,ISO-27001,3.7,BANKING,recommended,high,3,Financial institutions must implement enhanced controls per SAMA requirements,AUDIT_REPORT|RISK_ASSESSMENT,False
4122,825,ISO-27001,3.7,INSURANCE,recommended,medium,3,,,False
4123,825,ISO-27001,3.7,CAPITAL_MARKETS,recommended,medium,3,,,False
4124,825,ISO-27001,3.7,FINTECH,recommended,high,3,FinTech companies must meet both SAMA and PCI requirements,PENTEST|SCAN_REPORT,False
4125,825,ISO-27001,3.7,HEALTHCARE,recommended,high,3,Healthcare organizations must ensure patient data protection per MOH standards,CERTIFICATE|TRAINING_RECORD,False
4126,825,ISO-27001,3.7,TELECOM,recommended,medium,3,,,False
4127,825,ISO-27001,3.7,ICT,recommended,medium,3,,,False
4128,825,ISO-27001,3.7,CLOUD,recommended,medium,3,,,False
4129,825,ISO-27001,3.7,GOVERNMENT,recommended,critical,3,Government entities must comply with NCA mandatory requirements,ATTESTATION|APPROVAL,False
4130,825,ISO-27001,3.7,ENERGY,recommended,critical,3,Critical infrastructure requires enhanced OT security controls,BCP_DRP|INCIDENT_REPORT,False
4131,826,ISO-27001,4.7,BANKING,recommended,medium,4,Financial institutions must implement enhanced controls per SAMA requirements,AUDIT_REPORT|RISK_ASSESSMENT,False
4132,826,ISO-27001,4.7,INSURANCE,recommended,low,4,,,False
4133,826,ISO-27001,4.7,CAPITAL_MARKETS,recommended,low,4,,,False
4134,826,ISO-27001,4.7,FINTECH,recommended,medium,4,FinTech companies must meet both SAMA and PCI requirements,PENTEST|SCAN_REPORT,False
4135,826,ISO-27001,4.7,HEALTHCARE,recommended,medium,4,Healthcare organizations must ensure patient data protection per MOH standards,CERTIFICATE|TRAINING_RECORD,False
4136,826,ISO-27001,4.7,TELECOM,recommended,low,4,,,False
4137,826,ISO-27001,4.7,ICT,recommended,low,4,,,False
4138,826,ISO-27001,4.7,CLOUD,recommended,low,4,,,False
4139,826,ISO-27001,4.7,GOVERNMENT,recommended,high,4,Government entities must comply with NCA mandatory requirements,ATTESTATION|APPROVAL,False
4140,826,ISO-27001,4.7,ENERGY,recommended,high,4,Critical infrastructure requires enhanced OT security controls,BCP_DRP|INCIDENT_REPORT,False
4141,827,ISO-27001,1.8,BANKING,recommended,critical,1,Financial institutions must implement enhanced controls per SAMA requirements,AUDIT_REPORT|RISK_ASSESSMENT,False
4142,827,ISO-27001,1.8,INSURANCE,recommended,critical,1,,,False
4143,827,ISO-27001,1.8,CAPITAL_MARKETS,recommended,critical,1,,,False
4144,827,ISO-27001,1.8,FINTECH,recommended,critical,1,FinTech companies must meet both SAMA and PCI requirements,PENTEST|SCAN_REPORT,False
4145,827,ISO-27001,1.8,HEALTHCARE,recommended,critical,1,Healthcare organizations must ensure patient data protection per MOH standards,CERTIFICATE|TRAINING_RECORD,False
4146,827,ISO-27001,1.8,TELECOM,recommended,critical,1,,,False
4147,827,ISO-27001,1.8,ICT,recommended,critical,1,,,False
4148,827,ISO-27001,1.8,CLOUD,recommended,critical,1,,,False
4149,827,ISO-27001,1.8,GOVERNMENT,recommended,critical,1,Government entities must comply with NCA mandatory requirements,ATTESTATION|APPROVAL,False
4150,827,ISO-27001,1.8,ENERGY,recommended,critical,1,Critical infrastructure requires enhanced OT security controls,BCP_DRP|INCIDENT_REPORT,False
4151,828,ISO-27001,2.8,BANKING,recommended,critical,2,Financial institutions must implement enhanced controls per SAMA requirements,AUDIT_REPORT|RISK_ASSESSMENT,False
4152,828,ISO-27001,2.8,INSURANCE,recommended,high,2,,,False
4153,828,ISO-27001,2.8,CAPITAL_MARKETS,recommended,high,2,,,False
4154,828,ISO-27001,2.8,FINTECH,recommended,critical,2,FinTech companies must meet both SAMA and PCI requirements,PENTEST|SCAN_REPORT,False
4155,828,ISO-27001,2.8,HEALTHCARE,recommended,critical,2,Healthcare organizations must ensure patient data protection per MOH standards,CERTIFICATE|TRAINING_RECORD,False
4156,828,ISO-27001,2.8,TELECOM,recommended,high,2,,,False
4157,828,ISO-27001,2.8,ICT,recommended,high,2,,,False
4158,828,ISO-27001,2.8,CLOUD,recommended,high,2,,,False
4159,828,ISO-27001,2.8,GOVERNMENT,recommended,critical,2,Government entities must comply with NCA mandatory requirements,ATTESTATION|APPROVAL,False
4160,828,ISO-27001,2.8,ENERGY,recommended,critical,2,Critical infrastructure requires enhanced OT security controls,BCP_DRP|INCIDENT_REPORT,False
4161,829,ISO-27001,3.8,BANKING,recommended,high,3,Financial institutions must implement enhanced controls per SAMA requirements,AUDIT_REPORT|RISK_ASSESSMENT,False
4162,829,ISO-27001,3.8,INSURANCE,recommended,medium,3,,,False
4163,829,ISO-27001,3.8,CAPITAL_MARKETS,recommended,medium,3,,,False
4164,829,ISO-27001,3.8,FINTECH,recommended,high,3,FinTech companies must meet both SAMA and PCI requirements,PENTEST|SCAN_REPORT,False
4165,829,ISO-27001,3.8,HEALTHCARE,recommended,high,3,Healthcare organizations must ensure patient data protection per MOH standards,CERTIFICATE|TRAINING_RECORD,False
4166,829,ISO-27001,3.8,TELECOM,recommended,medium,3,,,False
4167,829,ISO-27001,3.8,ICT,recommended,medium,3,,,False
4168,829,ISO-27001,3.8,CLOUD,recommended,medium,3,,,False
4169,829,ISO-27001,3.8,GOVERNMENT,recommended,critical,3,Government entities must comply with NCA mandatory requirements,ATTESTATION|APPROVAL,False
4170,829,ISO-27001,3.8,ENERGY,recommended,critical,3,Critical infrastructure requires enhanced OT security controls,BCP_DRP|INCIDENT_REPORT,False
4171,830,ISO-27001,4.8,BANKING,recommended,medium,4,Financial institutions must implement enhanced controls per SAMA requirements,AUDIT_REPORT|RISK_ASSESSMENT,False
4172,830,ISO-27001,4.8,INSURANCE,recommended,low,4,,,False
4173,830,ISO-27001,4.8,CAPITAL_MARKETS,recommended,low,4,,,False
4174,830,ISO-27001,4.8,FINTECH,recommended,medium,4,FinTech companies must meet both SAMA and PCI requirements,PENTEST|SCAN_REPORT,False
4175,830,ISO-27001,4.8,HEALTHCARE,recommended,medium,4,Healthcare organizations must ensure patient data protection per MOH standards,CERTIFICATE|TRAINING_RECORD,False
4176,830,ISO-27001,4.8,TELECOM,recommended,low,4,,,False
4177,830,ISO-27001,4.8,ICT,recommended,low,4,,,False
4178,830,ISO-27001,4.8,CLOUD,recommended,low,4,,,False
4179,830,ISO-27001,4.8,GOVERNMENT,recommended,high,4,Government entities must comply with NCA mandatory requirements,ATTESTATION|APPROVAL,False
4180,830,ISO-27001,4.8,ENERGY,recommended,high,4,Critical infrastructure requires enhanced OT security controls,BCP_DRP|INCIDENT_REPORT,False
4181,831,ISO-27001,1.9,BANKING,recommended,critical,1,Financial institutions must implement enhanced controls per SAMA requirements,AUDIT_REPORT|RISK_ASSESSMENT,False
4182,831,ISO-27001,1.9,INSURANCE,recommended,critical,1,,,False
4183,831,ISO-27001,1.9,CAPITAL_MARKETS,recommended,critical,1,,,False
4184,831,ISO-27001,1.9,FINTECH,recommended,critical,1,FinTech companies must meet both SAMA and PCI requirements,PENTEST|SCAN_REPORT,False
4185,831,ISO-27001,1.9,HEALTHCARE,recommended,critical,1,Healthcare organizations must ensure patient data protection per MOH standards,CERTIFICATE|TRAINING_RECORD,False
4186,831,ISO-27001,1.9,TELECOM,recommended,critical,1,,,False
4187,831,ISO-27001,1.9,ICT,recommended,critical,1,,,False
4188,831,ISO-27001,1.9,CLOUD,recommended,critical,1,,,False
4189,831,ISO-27001,1.9,GOVERNMENT,recommended,critical,1,Government entities must comply with NCA mandatory requirements,ATTESTATION|APPROVAL,False
4190,831,ISO-27001,1.9,ENERGY,recommended,critical,1,Critical infrastructure requires enhanced OT security controls,BCP_DRP|INCIDENT_REPORT,False
4191,832,ISO-27001,2.9,BANKING,recommended,critical,2,Financial institutions must implement enhanced controls per SAMA requirements,AUDIT_REPORT|RISK_ASSESSMENT,False
4192,832,ISO-27001,2.9,INSURANCE,recommended,high,2,,,False
4193,832,ISO-27001,2.9,CAPITAL_MARKETS,recommended,high,2,,,False
4194,832,ISO-27001,2.9,FINTECH,recommended,critical,2,FinTech companies must meet both SAMA and PCI requirements,PENTEST|SCAN_REPORT,False
4195,832,ISO-27001,2.9,HEALTHCARE,recommended,critical,2,Healthcare organizations must ensure patient data protection per MOH standards,CERTIFICATE|TRAINING_RECORD,False
4196,832,ISO-27001,2.9,TELECOM,recommended,high,2,,,False
4197,832,ISO-27001,2.9,ICT,recommended,high,2,,,False
4198,832,ISO-27001,2.9,CLOUD,recommended,high,2,,,False
4199,832,ISO-27001,2.9,GOVERNMENT,recommended,critical,2,Government entities must comply with NCA mandatory requirements,ATTESTATION|APPROVAL,False
4200,832,ISO-27001,2.9,ENERGY,recommended,critical,2,Critical infrastructure requires enhanced OT security controls,BCP_DRP|INCIDENT_REPORT,False
4201,833,ISO-27001,3.9,BANKING,recommended,high,3,Financial institutions must implement enhanced controls per SAMA requirements,AUDIT_REPORT|RISK_ASSESSMENT,False
4202,833,ISO-27001,3.9,INSURANCE,recommended,medium,3,,,False
4203,833,ISO-27001,3.9,CAPITAL_MARKETS,recommended,medium,3,,,False
4204,833,ISO-27001,3.9,FINTECH,recommended,high,3,FinTech companies must meet both SAMA and PCI requirements,PENTEST|SCAN_REPORT,False
4205,833,ISO-27001,3.9,HEALTHCARE,recommended,high,3,Healthcare organizations must ensure patient data protection per MOH standards,CERTIFICATE|TRAINING_RECORD,False
4206,833,ISO-27001,3.9,TELECOM,recommended,medium,3,,,False
4207,833,ISO-27001,3.9,ICT,recommended,medium,3,,,False
4208,833,ISO-27001,3.9,CLOUD,recommended,medium,3,,,False
4209,833,ISO-27001,3.9,GOVERNMENT,recommended,critical,3,Government entities must comply with NCA mandatory requirements,ATTESTATION|APPROVAL,False
4210,833,ISO-27001,3.9,ENERGY,recommended,critical,3,Critical infrastructure requires enhanced OT security controls,BCP_DRP|INCIDENT_REPORT,False
4211,834,ISO-27001,4.9,BANKING,recommended,medium,4,Financial institutions must implement enhanced controls per SAMA requirements,AUDIT_REPORT|RISK_ASSESSMENT,False
4212,834,ISO-27001,4.9,INSURANCE,recommended,low,4,,,False
4213,834,ISO-27001,4.9,CAPITAL_MARKETS,recommended,low,4,,,False
4214,834,ISO-27001,4.9,FINTECH,recommended,medium,4,FinTech companies must meet both SAMA and PCI requirements,PENTEST|SCAN_REPORT,False
4215,834,ISO-27001,4.9,HEALTHCARE,recommended,medium,4,Healthcare organizations must ensure patient data protection per MOH standards,CERTIFICATE|TRAINING_RECORD,False
4216,834,ISO-27001,4.9,TELECOM,recommended,low,4,,,False
4217,834,ISO-27001,4.9,ICT,recommended,low,4,,,False
4218,834,ISO-27001,4.9,CLOUD,recommended,low,4,,,False
4219,834,ISO-27001,4.9,GOVERNMENT,recommended,high,4,Government entities must comply with NCA mandatory requirements,ATTESTATION|APPROVAL,False
4220,834,ISO-27001,4.9,ENERGY,recommended,high,4,Critical infrastructure requires enhanced OT security controls,BCP_DRP|INCIDENT_REPORT,False
4221,835,ISO-27001,1.10,BANKING,recommended,critical,1,Financial institutions must implement enhanced controls per SAMA requirements,AUDIT_REPORT|RISK_ASSESSMENT,False
4222,835,ISO-27001,1.10,INSURANCE,recommended,critical,1,,,False
4223,835,ISO-27001,1.10,CAPITAL_MARKETS,recommended,critical,1,,,False
4224,835,ISO-27001,1.10,FINTECH,recommended,critical,1,FinTech companies must meet both SAMA and PCI requirements,PENTEST|SCAN_REPORT,False
4225,835,ISO-27001,1.10,HEALTHCARE,recommended,critical,1,Healthcare organizations must ensure patient data protection per MOH standards,CERTIFICATE|TRAINING_RECORD,False
4226,835,ISO-27001,1.10,TELECOM,recommended,critical,1,,,False
4227,835,ISO-27001,1.10,ICT,recommended,critical,1,,,False
4228,835,ISO-27001,1.10,CLOUD,recommended,critical,1,,,False
4229,835,ISO-27001,1.10,GOVERNMENT,recommended,critical,1,Government entities must comply with NCA mandatory requirements,ATTESTATION|APPROVAL,False
4230,835,ISO-27001,1.10,ENERGY,recommended,critical,1,Critical infrastructure requires enhanced OT security controls,BCP_DRP|INCIDENT_REPORT,False
4231,836,ISO-27001,2.10,BANKING,recommended,critical,2,Financial institutions must implement enhanced controls per SAMA requirements,AUDIT_REPORT|RISK_ASSESSMENT,False
4232,836,ISO-27001,2.10,INSURANCE,recommended,high,2,,,False
4233,836,ISO-27001,2.10,CAPITAL_MARKETS,recommended,high,2,,,False
4234,836,ISO-27001,2.10,FINTECH,recommended,critical,2,FinTech companies must meet both SAMA and PCI requirements,PENTEST|SCAN_REPORT,False
4235,836,ISO-27001,2.10,HEALTHCARE,recommended,critical,2,Healthcare organizations must ensure patient data protection per MOH standards,CERTIFICATE|TRAINING_RECORD,False
4236,836,ISO-27001,2.10,TELECOM,recommended,high,2,,,False
4237,836,ISO-27001,2.10,ICT,recommended,high,2,,,False
4238,836,ISO-27001,2.10,CLOUD,recommended,high,2,,,False
4239,836,ISO-27001,2.10,GOVERNMENT,recommended,critical,2,Government entities must comply with NCA mandatory requirements,ATTESTATION|APPROVAL,False
4240,836,ISO-27001,2.10,ENERGY,recommended,critical,2,Critical infrastructure requires enhanced OT security controls,BCP_DRP|INCIDENT_REPORT,False
4241,837,ISO-27001,3.10,BANKING,recommended,high,3,Financial institutions must implement enhanced controls per SAMA requirements,AUDIT_REPORT|RISK_ASSESSMENT,False
4242,837,ISO-27001,3.10,INSURANCE,recommended,medium,3,,,False
4243,837,ISO-27001,3.10,CAPITAL_MARKETS,recommended,medium,3,,,False
4244,837,ISO-27001,3.10,FINTECH,recommended,high,3,FinTech companies must meet both SAMA and PCI requirements,PENTEST|SCAN_REPORT,False
4245,837,ISO-27001,3.10,HEALTHCARE,recommended,high,3,Healthcare organizations must ensure patient data protection per MOH standards,CERTIFICATE|TRAINING_RECORD,False
4246,837,ISO-27001,3.10,TELECOM,recommended,medium,3,,,False
4247,837,ISO-27001,3.10,ICT,recommended,medium,3,,,False
4248,837,ISO-27001,3.10,CLOUD,recommended,medium,3,,,False
4249,837,ISO-27001,3.10,GOVERNMENT,recommended,critical,3,Government entities must comply with NCA mandatory requirements,ATTESTATION|APPROVAL,False
4250,837,ISO-27001,3.10,ENERGY,recommended,critical,3,Critical infrastructure requires enhanced OT security controls,BCP_DRP|INCIDENT_REPORT,False
4251,838,ISO-27001,4.10,BANKING,recommended,medium,4,Financial institutions must implement enhanced controls per SAMA requirements,AUDIT_REPORT|RISK_ASSESSMENT,False
4252,838,ISO-27001,4.10,INSURANCE,recommended,low,4,,,False
4253,838,ISO-27001,4.10,CAPITAL_MARKETS,recommended,low,4,,,False
4254,838,ISO-27001,4.10,FINTECH,recommended,medium,4,FinTech companies must meet both SAMA and PCI requirements,PENTEST|SCAN_REPORT,False
4255,838,ISO-27001,4.10,HEALTHCARE,recommended,medium,4,Healthcare organizations must ensure patient data protection per MOH standards,CERTIFICATE|TRAINING_RECORD,False
4256,838,ISO-27001,4.10,TELECOM,recommended,low,4,,,False
4257,838,ISO-27001,4.10,ICT,recommended,low,4,,,False
4258,838,ISO-27001,4.10,CLOUD,recommended,low,4,,,False
4259,838,ISO-27001,4.10,GOVERNMENT,recommended,high,4,Government entities must comply with NCA mandatory requirements,ATTESTATION|APPROVAL,False
4260,838,ISO-27001,4.10,ENERGY,recommended,high,4,Critical infrastructure requires enhanced OT security controls,BCP_DRP|INCIDENT_REPORT,False
4261,839,ISO-27001,1.11,BANKING,recommended,critical,1,Financial institutions must implement enhanced controls per SAMA requirements,AUDIT_REPORT|RISK_ASSESSMENT,False
4262,839,ISO-27001,1.11,INSURANCE,recommended,critical,1,,,False
4263,839,ISO-27001,1.11,CAPITAL_MARKETS,recommended,critical,1,,,False
4264,839,ISO-27001,1.11,FINTECH,recommended,critical,1,FinTech companies must meet both SAMA and PCI requirements,PENTEST|SCAN_REPORT,False
4265,839,ISO-27001,1.11,HEALTHCARE,recommended,critical,1,Healthcare organizations must ensure patient data protection per MOH standards,CERTIFICATE|TRAINING_RECORD,False
4266,839,ISO-27001,1.11,TELECOM,recommended,critical,1,,,False
4267,839,ISO-27001,1.11,ICT,recommended,critical,1,,,False
4268,839,ISO-27001,1.11,CLOUD,recommended,critical,1,,,False
4269,839,ISO-27001,1.11,GOVERNMENT,recommended,critical,1,Government entities must comply with NCA mandatory requirements,ATTESTATION|APPROVAL,False
4270,839,ISO-27001,1.11,ENERGY,recommended,critical,1,Critical infrastructure requires enhanced OT security controls,BCP_DRP|INCIDENT_REPORT,False
4271,840,ISO-27001,2.11,BANKING,recommended,critical,2,Financial institutions must implement enhanced controls per SAMA requirements,AUDIT_REPORT|RISK_ASSESSMENT,False
4272,840,ISO-27001,2.11,INSURANCE,recommended,high,2,,,False
4273,840,ISO-27001,2.11,CAPITAL_MARKETS,recommended,high,2,,,False
4274,840,ISO-27001,2.11,FINTECH,recommended,critical,2,FinTech companies must meet both SAMA and PCI requirements,PENTEST|SCAN_REPORT,False
4275,840,ISO-27001,2.11,HEALTHCARE,recommended,critical,2,Healthcare organizations must ensure patient data protection per MOH standards,CERTIFICATE|TRAINING_RECORD,False
4276,840,ISO-27001,2.11,TELECOM,recommended,high,2,,,False
4277,840,ISO-27001,2.11,ICT,recommended,high,2,,,False
4278,840,ISO-27001,2.11,CLOUD,recommended,high,2,,,False
4279,840,ISO-27001,2.11,GOVERNMENT,recommended,critical,2,Government entities must comply with NCA mandatory requirements,ATTESTATION|APPROVAL,False
4280,840,ISO-27001,2.11,ENERGY,recommended,critical,2,Critical infrastructure requires enhanced OT security controls,BCP_DRP|INCIDENT_REPORT,False
4281,841,ISO-27001,3.11,BANKING,recommended,high,3,Financial institutions must implement enhanced controls per SAMA requirements,AUDIT_REPORT|RISK_ASSESSMENT,False
4282,841,ISO-27001,3.11,INSURANCE,recommended,medium,3,,,False
4283,841,ISO-27001,3.11,CAPITAL_MARKETS,recommended,medium,3,,,False
4284,841,ISO-27001,3.11,FINTECH,recommended,high,3,FinTech companies must meet both SAMA and PCI requirements,PENTEST|SCAN_REPORT,False
4285,841,ISO-27001,3.11,HEALTHCARE,recommended,high,3,Healthcare organizations must ensure patient data protection per MOH standards,CERTIFICATE|TRAINING_RECORD,False
4286,841,ISO-27001,3.11,TELECOM,recommended,medium,3,,,False
4287,841,ISO-27001,3.11,ICT,recommended,medium,3,,,False
4288,841,ISO-27001,3.11,CLOUD,recommended,medium,3,,,False
4289,841,ISO-27001,3.11,GOVERNMENT,recommended,critical,3,Government entities must comply with NCA mandatory requirements,ATTESTATION|APPROVAL,False
4290,841,ISO-27001,3.11,ENERGY,recommended,critical,3,Critical infrastructure requires enhanced OT security controls,BCP_DRP|INCIDENT_REPORT,False
4291,842,ISO-27001,4.11,BANKING,recommended,medium,4,Financial institutions must implement enhanced controls per SAMA requirements,AUDIT_REPORT|RISK_ASSESSMENT,False
4292,842,ISO-27001,4.11,INSURANCE,recommended,low,4,,,False
4293,842,ISO-27001,4.11,CAPITAL_MARKETS,recommended,low,4,,,False
4294,842,ISO-27001,4.11,FINTECH,recommended,medium,4,FinTech companies must meet both SAMA and PCI requirements,PENTEST|SCAN_REPORT,False
4295,842,ISO-27001,4.11,HEALTHCARE,recommended,medium,4,Healthcare organizations must ensure patient data protection per MOH standards,CERTIFICATE|TRAINING_RECORD,False
4296,842,ISO-27001,4.11,TELECOM,recommended,low,4,,,False
4297,842,ISO-27001,4.11,ICT,recommended,low,4,,,False
4298,842,ISO-27001,4.11,CLOUD,recommended,low,4,,,False
4299,842,ISO-27001,4.11,GOVERNMENT,recommended,high,4,Government entities must comply with NCA mandatory requirements,ATTESTATION|APPROVAL,False
4300,842,ISO-27001,4.11,ENERGY,recommended,high,4,Critical infrastructure requires enhanced OT security controls,BCP_DRP|INCIDENT_REPORT,False
4301,843,ISO-27001,1.12,BANKING,recommended,critical,1,Financial institutions must implement enhanced controls per SAMA requirements,AUDIT_REPORT|RISK_ASSESSMENT,False
4302,843,ISO-27001,1.12,INSURANCE,recommended,critical,1,,,False
4303,843,ISO-27001,1.12,CAPITAL_MARKETS,recommended,critical,1,,,False
4304,843,ISO-27001,1.12,FINTECH,recommended,critical,1,FinTech companies must meet both SAMA and PCI requirements,PENTEST|SCAN_REPORT,False
4305,843,ISO-27001,1.12,HEALTHCARE,recommended,critical,1,Healthcare organizations must ensure patient data protection per MOH standards,CERTIFICATE|TRAINING_RECORD,False
4306,843,ISO-27001,1.12,TELECOM,recommended,critical,1,,,False
4307,843,ISO-27001,1.12,ICT,recommended,critical,1,,,False
4308,843,ISO-27001,1.12,CLOUD,recommended,critical,1,,,False
4309,843,ISO-27001,1.12,GOVERNMENT,recommended,critical,1,Government entities must comply with NCA mandatory requirements,ATTESTATION|APPROVAL,False
4310,843,ISO-27001,1.12,ENERGY,recommended,critical,1,Critical infrastructure requires enhanced OT security controls,BCP_DRP|INCIDENT_REPORT,False
4311,844,ISO-27001,2.12,BANKING,recommended,critical,2,Financial institutions must implement enhanced controls per SAMA requirements,AUDIT_REPORT|RISK_ASSESSMENT,False
4312,844,ISO-27001,2.12,INSURANCE,recommended,high,2,,,False
4313,844,ISO-27001,2.12,CAPITAL_MARKETS,recommended,high,2,,,False
4314,844,ISO-27001,2.12,FINTECH,recommended,critical,2,FinTech companies must meet both SAMA and PCI requirements,PENTEST|SCAN_REPORT,False
4315,844,ISO-27001,2.12,HEALTHCARE,recommended,critical,2,Healthcare organizations must ensure patient data protection per MOH standards,CERTIFICATE|TRAINING_RECORD,False
4316,844,ISO-27001,2.12,TELECOM,recommended,high,2,,,False
4317,844,ISO-27001,2.12,ICT,recommended,high,2,,,False
4318,844,ISO-27001,2.12,CLOUD,recommended,high,2,,,False
4319,844,ISO-27001,2.12,GOVERNMENT,recommended,critical,2,Government entities must comply with NCA mandatory requirements,ATTESTATION|APPROVAL,False
4320,844,ISO-27001,2.12,ENERGY,recommended,critical,2,Critical infrastructure requires enhanced OT security controls,BCP_DRP|INCIDENT_REPORT,False
4321,845,ISO-27001,3.12,BANKING,recommended,high,3,Financial institutions must implement enhanced controls per SAMA requirements,AUDIT_REPORT|RISK_ASSESSMENT,False
4322,845,ISO-27001,3.12,INSURANCE,recommended,medium,3,,,False
4323,845,ISO-27001,3.12,CAPITAL_MARKETS,recommended,medium,3,,,False
4324,845,ISO-27001,3.12,FINTECH,recommended,high,3,FinTech companies must meet both SAMA and PCI requirements,PENTEST|SCAN_REPORT,False
4325,845,ISO-27001,3.12,HEALTHCARE,recommended,high,3,Healthcare organizations must ensure patient data protection per MOH standards,CERTIFICATE|TRAINING_RECORD,False
4326,845,ISO-27001,3.12,TELECOM,recommended,medium,3,,,False
4327,845,ISO-27001,3.12,ICT,recommended,medium,3,,,False
4328,845,ISO-27001,3.12,CLOUD,recommended,medium,3,,,False
4329,845,ISO-27001,3.12,GOVERNMENT,recommended,critical,3,Government entities must comply with NCA mandatory requirements,ATTESTATION|APPROVAL,False
4330,845,ISO-27001,3.12,ENERGY,recommended,critical,3,Critical infrastructure requires enhanced OT security controls,BCP_DRP|INCIDENT_REPORT,False
4331,846,ISO-27001,4.12,BANKING,recommended,medium,4,Financial institutions must implement enhanced controls per SAMA requirements,AUDIT_REPORT|RISK_ASSESSMENT,False
4332,846,ISO-27001,4.12,INSURANCE,recommended,low,4,,,False
4333,846,ISO-27001,4.12,CAPITAL_MARKETS,recommended,low,4,,,False
4334,846,ISO-27001,4.12,FINTECH,recommended,medium,4,FinTech companies must meet both SAMA and PCI requirements,PENTEST|SCAN_REPORT,False
4335,846,ISO-27001,4.12,HEALTHCARE,recommended,medium,4,Healthcare organizations must ensure patient data protection per MOH standards,CERTIFICATE|TRAINING_RECORD,False
4336,846,ISO-27001,4.12,TELECOM,recommended,low,4,,,False
4337,846,ISO-27001,4.12,ICT,recommended,low,4,,,False
4338,846,ISO-27001,4.12,CLOUD,recommended,low,4,,,False
4339,846,ISO-27001,4.12,GOVERNMENT,recommended,high,4,Government entities must comply with NCA mandatory requirements,ATTESTATION|APPROVAL,False
4340,846,ISO-27001,4.12,ENERGY,recommended,high,4,Critical infrastructure requires enhanced OT security controls,BCP_DRP|INCIDENT_REPORT,False
4341,847,ISO-27001,1.13,BANKING,recommended,critical,1,Financial institutions must implement enhanced controls per SAMA requirements,AUDIT_REPORT|RISK_ASSESSMENT,False
4342,847,ISO-27001,1.13,INSURANCE,recommended,critical,1,,,False
4343,847,ISO-27001,1.13,CAPITAL_MARKETS,recommended,critical,1,,,False
4344,847,ISO-27001,1.13,FINTECH,recommended,critical,1,FinTech companies must meet both SAMA and PCI requirements,PENTEST|SCAN_REPORT,False
4345,847,ISO-27001,1.13,HEALTHCARE,recommended,critical,1,Healthcare organizations must ensure patient data protection per MOH standards,CERTIFICATE|TRAINING_RECORD,False
4346,847,ISO-27001,1.13,TELECOM,recommended,critical,1,,,False
4347,847,ISO-27001,1.13,ICT,recommended,critical,1,,,False
4348,847,ISO-27001,1.13,CLOUD,recommended,critical,1,,,False
4349,847,ISO-27001,1.13,GOVERNMENT,recommended,critical,1,Government entities must comply with NCA mandatory requirements,ATTESTATION|APPROVAL,False
4350,847,ISO-27001,1.13,ENERGY,recommended,critical,1,Critical infrastructure requires enhanced OT security controls,BCP_DRP|INCIDENT_REPORT,False
4351,848,ISO-27001,2.13,BANKING,recommended,critical,2,Financial institutions must implement enhanced controls per SAMA requirements,AUDIT_REPORT|RISK_ASSESSMENT,False
4352,848,ISO-27001,2.13,INSURANCE,recommended,high,2,,,False
4353,848,ISO-27001,2.13,CAPITAL_MARKETS,recommended,high,2,,,False
4354,848,ISO-27001,2.13,FINTECH,recommended,critical,2,FinTech companies must meet both SAMA and PCI requirements,PENTEST|SCAN_REPORT,False
4355,848,ISO-27001,2.13,HEALTHCARE,recommended,critical,2,Healthcare organizations must ensure patient data protection per MOH standards,CERTIFICATE|TRAINING_RECORD,False
4356,848,ISO-27001,2.13,TELECOM,recommended,high,2,,,False
4357,848,ISO-27001,2.13,ICT,recommended,high,2,,,False
4358,848,ISO-27001,2.13,CLOUD,recommended,high,2,,,False
4359,848,ISO-27001,2.13,GOVERNMENT,recommended,critical,2,Government entities must comply with NCA mandatory requirements,ATTESTATION|APPROVAL,False
4360,848,ISO-27001,2.13,ENERGY,recommended,critical,2,Critical infrastructure requires enhanced OT security controls,BCP_DRP|INCIDENT_REPORT,False
4361,849,ISO-27001,3.13,BANKING,recommended,high,3,Financial institutions must implement enhanced controls per SAMA requirements,AUDIT_REPORT|RISK_ASSESSMENT,False
4362,849,ISO-27001,3.13,INSURANCE,recommended,medium,3,,,False
4363,849,ISO-27001,3.13,CAPITAL_MARKETS,recommended,medium,3,,,False
4364,849,ISO-27001,3.13,FINTECH,recommended,high,3,FinTech companies must meet both SAMA and PCI requirements,PENTEST|SCAN_REPORT,False
4365,849,ISO-27001,3.13,HEALTHCARE,recommended,high,3,Healthcare organizations must ensure patient data protection per MOH standards,CERTIFICATE|TRAINING_RECORD,False
4366,849,ISO-27001,3.13,TELECOM,recommended,medium,3,,,False
4367,849,ISO-27001,3.13,ICT,recommended,medium,3,,,False
4368,849,ISO-27001,3.13,CLOUD,recommended,medium,3,,,False
4369,849,ISO-27001,3.13,GOVERNMENT,recommended,critical,3,Government entities must comply with NCA mandatory requirements,ATTESTATION|APPROVAL,False
4370,849,ISO-27001,3.13,ENERGY,recommended,critical,3,Critical infrastructure requires enhanced OT security controls,BCP_DRP|INCIDENT_REPORT,False
4371,850,ISO-27001,4.13,BANKING,recommended,medium,4,Financial institutions must implement enhanced controls per SAMA requirements,AUDIT_REPORT|RISK_ASSESSMENT,False
4372,850,ISO-27001,4.13,INSURANCE,recommended,low,4,,,False
4373,850,ISO-27001,4.13,CAPITAL_MARKETS,recommended,low,4,,,False
4374,850,ISO-27001,4.13,FINTECH,recommended,medium,4,FinTech companies must meet both SAMA and PCI requirements,PENTEST|SCAN_REPORT,False
4375,850,ISO-27001,4.13,HEALTHCARE,recommended,medium,4,Healthcare organizations must ensure patient data protection per MOH standards,CERTIFICATE|TRAINING_RECORD,False
4376,850,ISO-27001,4.13,TELECOM,recommended,low,4,,,False
4377,850,ISO-27001,4.13,ICT,recommended,low,4,,,False
4378,850,ISO-27001,4.13,CLOUD,recommended,low,4,,,False
4379,850,ISO-27001,4.13,GOVERNMENT,recommended,high,4,Government entities must comply with NCA mandatory requirements,ATTESTATION|APPROVAL,False
4380,850,ISO-27001,4.13,ENERGY,recommended,high,4,Critical infrastructure requires enhanced OT security controls,BCP_DRP|INCIDENT_REPORT,False
4381,851,ISO-27001,1.14,BANKING,recommended,critical,1,Financial institutions must implement enhanced controls per SAMA requirements,AUDIT_REPORT|RISK_ASSESSMENT,False
4382,851,ISO-27001,1.14,INSURANCE,recommended,critical,1,,,False
4383,851,ISO-27001,1.14,CAPITAL_MARKETS,recommended,critical,1,,,False
4384,851,ISO-27001,1.14,FINTECH,recommended,critical,1,FinTech companies must meet both SAMA and PCI requirements,PENTEST|SCAN_REPORT,False
4385,851,ISO-27001,1.14,HEALTHCARE,recommended,critical,1,Healthcare organizations must ensure patient data protection per MOH standards,CERTIFICATE|TRAINING_RECORD,False
4386,851,ISO-27001,1.14,TELECOM,recommended,critical,1,,,False
4387,851,ISO-27001,1.14,ICT,recommended,critical,1,,,False
4388,851,ISO-27001,1.14,CLOUD,recommended,critical,1,,,False
4389,851,ISO-27001,1.14,GOVERNMENT,recommended,critical,1,Government entities must comply with NCA mandatory requirements,ATTESTATION|APPROVAL,False
4390,851,ISO-27001,1.14,ENERGY,recommended,critical,1,Critical infrastructure requires enhanced OT security controls,BCP_DRP|INCIDENT_REPORT,False
4391,852,ISO-27001,2.14,BANKING,recommended,critical,2,Financial institutions must implement enhanced controls per SAMA requirements,AUDIT_REPORT|RISK_ASSESSMENT,False
4392,852,ISO-27001,2.14,INSURANCE,recommended,high,2,,,False
4393,852,ISO-27001,2.14,CAPITAL_MARKETS,recommended,high,2,,,False
4394,852,ISO-27001,2.14,FINTECH,recommended,critical,2,FinTech companies must meet both SAMA and PCI requirements,PENTEST|SCAN_REPORT,False
4395,852,ISO-27001,2.14,HEALTHCARE,recommended,critical,2,Healthcare organizations must ensure patient data protection per MOH standards,CERTIFICATE|TRAINING_RECORD,False
4396,852,ISO-27001,2.14,TELECOM,recommended,high,2,,,False
4397,852,ISO-27001,2.14,ICT,recommended,high,2,,,False
4398,852,ISO-27001,2.14,CLOUD,recommended,high,2,,,False
4399,852,ISO-27001,2.14,GOVERNMENT,recommended,critical,2,Government entities must comply with NCA mandatory requirements,ATTESTATION|APPROVAL,False
4400,852,ISO-27001,2.14,ENERGY,recommended,critical,2,Critical infrastructure requires enhanced OT security controls,BCP_DRP|INCIDENT_REPORT,False
4401,853,ISO-27001,3.14,BANKING,recommended,high,3,Financial institutions must implement enhanced controls per SAMA requirements,AUDIT_REPORT|RISK_ASSESSMENT,False
4402,853,ISO-27001,3.14,INSURANCE,recommended,medium,3,,,False
4403,853,ISO-27001,3.14,CAPITAL_MARKETS,recommended,medium,3,,,False
4404,853,ISO-27001,3.14,FINTECH,recommended,high,3,FinTech companies must meet both SAMA and PCI requirements,PENTEST|SCAN_REPORT,False
4405,853,ISO-27001,3.14,HEALTHCARE,recommended,high,3,Healthcare organizations must ensure patient data protection per MOH standards,CERTIFICATE|TRAINING_RECORD,False
4406,853,ISO-27001,3.14,TELECOM,recommended,medium,3,,,False
4407,853,ISO-27001,3.14,ICT,recommended,medium,3,,,False
4408,853,ISO-27001,3.14,CLOUD,recommended,medium,3,,,False
4409,853,ISO-27001,3.14,GOVERNMENT,recommended,critical,3,Government entities must comply with NCA mandatory requirements,ATTESTATION|APPROVAL,False
4410,853,ISO-27001,3.14,ENERGY,recommended,critical,3,Critical infrastructure requires enhanced OT security controls,BCP_DRP|INCIDENT_REPORT,False
4411,854,ISO-27001,4.14,BANKING,recommended,medium,4,Financial institutions must implement enhanced controls per SAMA requirements,AUDIT_REPORT|RISK_ASSESSMENT,False
4412,854,ISO-27001,4.14,INSURANCE,recommended,low,4,,,False
4413,854,ISO-27001,4.14,CAPITAL_MARKETS,recommended,low,4,,,False
4414,854,ISO-27001,4.14,FINTECH,recommended,medium,4,FinTech companies must meet both SAMA and PCI requirements,PENTEST|SCAN_REPORT,False
4415,854,ISO-27001,4.14,HEALTHCARE,recommended,medium,4,Healthcare organizations must ensure patient data protection per MOH standards,CERTIFICATE|TRAINING_RECORD,False
4416,854,ISO-27001,4.14,TELECOM,recommended,low,4,,,False
4417,854,ISO-27001,4.14,ICT,recommended,low,4,,,False
4418,854,ISO-27001,4.14,CLOUD,recommended,low,4,,,False
4419,854,ISO-27001,4.14,GOVERNMENT,recommended,high,4,Government entities must comply with NCA mandatory requirements,ATTESTATION|APPROVAL,False
4420,854,ISO-27001,4.14,ENERGY,recommended,high,4,Critical infrastructure requires enhanced OT security controls,BCP_DRP|INCIDENT_REPORT,False
4421,855,ISO-27001,1.15,BANKING,recommended,critical,1,Financial institutions must implement enhanced controls per SAMA requirements,AUDIT_REPORT|RISK_ASSESSMENT,False
4422,855,ISO-27001,1.15,INSURANCE,recommended,critical,1,,,False
4423,855,ISO-27001,1.15,CAPITAL_MARKETS,recommended,critical,1,,,False
4424,855,ISO-27001,1.15,FINTECH,recommended,critical,1,FinTech companies must meet both SAMA and PCI requirements,PENTEST|SCAN_REPORT,False
4425,855,ISO-27001,1.15,HEALTHCARE,recommended,critical,1,Healthcare organizations must ensure patient data protection per MOH standards,CERTIFICATE|TRAINING_RECORD,False
4426,855,ISO-27001,1.15,TELECOM,recommended,critical,1,,,False
4427,855,ISO-27001,1.15,ICT,recommended,critical,1,,,False
4428,855,ISO-27001,1.15,CLOUD,recommended,critical,1,,,False
4429,855,ISO-27001,1.15,GOVERNMENT,recommended,critical,1,Government entities must comply with NCA mandatory requirements,ATTESTATION|APPROVAL,False
4430,855,ISO-27001,1.15,ENERGY,recommended,critical,1,Critical infrastructure requires enhanced OT security controls,BCP_DRP|INCIDENT_REPORT,False
4431,856,ISO-27001,2.15,BANKING,recommended,critical,2,Financial institutions must implement enhanced controls per SAMA requirements,AUDIT_REPORT|RISK_ASSESSMENT,False
4432,856,ISO-27001,2.15,INSURANCE,recommended,high,2,,,False
4433,856,ISO-27001,2.15,CAPITAL_MARKETS,recommended,high,2,,,False
4434,856,ISO-27001,2.15,FINTECH,recommended,critical,2,FinTech companies must meet both SAMA and PCI requirements,PENTEST|SCAN_REPORT,False
4435,856,ISO-27001,2.15,HEALTHCARE,recommended,critical,2,Healthcare organizations must ensure patient data protection per MOH standards,CERTIFICATE|TRAINING_RECORD,False
4436,856,ISO-27001,2.15,TELECOM,recommended,high,2,,,False
4437,856,ISO-27001,2.15,ICT,recommended,high,2,,,False
4438,856,ISO-27001,2.15,CLOUD,recommended,high,2,,,False
4439,856,ISO-27001,2.15,GOVERNMENT,recommended,critical,2,Government entities must comply with NCA mandatory requirements,ATTESTATION|APPROVAL,False
4440,856,ISO-27001,2.15,ENERGY,recommended,critical,2,Critical infrastructure requires enhanced OT security controls,BCP_DRP|INCIDENT_REPORT,False
4441,857,ISO-27001,3.15,BANKING,recommended,high,3,Financial institutions must implement enhanced controls per SAMA requirements,AUDIT_REPORT|RISK_ASSESSMENT,False
4442,857,ISO-27001,3.15,INSURANCE,recommended,medium,3,,,False
4443,857,ISO-27001,3.15,CAPITAL_MARKETS,recommended,medium,3,,,False
4444,857,ISO-27001,3.15,FINTECH,recommended,high,3,FinTech companies must meet both SAMA and PCI requirements,PENTEST|SCAN_REPORT,False
4445,857,ISO-27001,3.15,HEALTHCARE,recommended,high,3,Healthcare organizations must ensure patient data protection per MOH standards,CERTIFICATE|TRAINING_RECORD,False
4446,857,ISO-27001,3.15,TELECOM,recommended,medium,3,,,False
4447,857,ISO-27001,3.15,ICT,recommended,medium,3,,,False
4448,857,ISO-27001,3.15,CLOUD,recommended,medium,3,,,False
4449,857,ISO-27001,3.15,GOVERNMENT,recommended,critical,3,Government entities must comply with NCA mandatory requirements,ATTESTATION|APPROVAL,False
4450,857,ISO-27001,3.15,ENERGY,recommended,critical,3,Critical infrastructure requires enhanced OT security controls,BCP_DRP|INCIDENT_REPORT,False
4451,858,ISO-27001,4.15,BANKING,recommended,medium,4,Financial institutions must implement enhanced controls per SAMA requirements,AUDIT_REPORT|RISK_ASSESSMENT,False
4452,858,ISO-27001,4.15,INSURANCE,recommended,low,4,,,False
4453,858,ISO-27001,4.15,CAPITAL_MARKETS,recommended,low,4,,,False
4454,858,ISO-27001,4.15,FINTECH,recommended,medium,4,FinTech companies must meet both SAMA and PCI requirements,PENTEST|SCAN_REPORT,False
4455,858,ISO-27001,4.15,HEALTHCARE,recommended,medium,4,Healthcare organizations must ensure patient data protection per MOH standards,CERTIFICATE|TRAINING_RECORD,False
4456,858,ISO-27001,4.15,TELECOM,recommended,low,4,,,False
4457,858,ISO-27001,4.15,ICT,recommended,low,4,,,False
4458,858,ISO-27001,4.15,CLOUD,recommended,low,4,,,False
4459,858,ISO-27001,4.15,GOVERNMENT,recommended,high,4,Government entities must comply with NCA mandatory requirements,ATTESTATION|APPROVAL,False
4460,858,ISO-27001,4.15,ENERGY,recommended,high,4,Critical infrastructure requires enhanced OT security controls,BCP_DRP|INCIDENT_REPORT,False
4461,859,ISO-27001,1.16,BANKING,recommended,critical,1,Financial institutions must implement enhanced controls per SAMA requirements,AUDIT_REPORT|RISK_ASSESSMENT,False
4462,859,ISO-27001,1.16,INSURANCE,recommended,critical,1,,,False
4463,859,ISO-27001,1.16,CAPITAL_MARKETS,recommended,critical,1,,,False
4464,859,ISO-27001,1.16,FINTECH,recommended,critical,1,FinTech companies must meet both SAMA and PCI requirements,PENTEST|SCAN_REPORT,False
4465,859,ISO-27001,1.16,HEALTHCARE,recommended,critical,1,Healthcare organizations must ensure patient data protection per MOH standards,CERTIFICATE|TRAINING_RECORD,False
4466,859,ISO-27001,1.16,TELECOM,recommended,critical,1,,,False
4467,859,ISO-27001,1.16,ICT,recommended,critical,1,,,False
4468,859,ISO-27001,1.16,CLOUD,recommended,critical,1,,,False
4469,859,ISO-27001,1.16,GOVERNMENT,recommended,critical,1,Government entities must comply with NCA mandatory requirements,ATTESTATION|APPROVAL,False
4470,859,ISO-27001,1.16,ENERGY,recommended,critical,1,Critical infrastructure requires enhanced OT security controls,BCP_DRP|INCIDENT_REPORT,False
4471,860,ISO-27001,2.16,BANKING,recommended,critical,2,Financial institutions must implement enhanced controls per SAMA requirements,AUDIT_REPORT|RISK_ASSESSMENT,False
4472,860,ISO-27001,2.16,INSURANCE,recommended,high,2,,,False
4473,860,ISO-27001,2.16,CAPITAL_MARKETS,recommended,high,2,,,False
4474,860,ISO-27001,2.16,FINTECH,recommended,critical,2,FinTech companies must meet both SAMA and PCI requirements,PENTEST|SCAN_REPORT,False
4475,860,ISO-27001,2.16,HEALTHCARE,recommended,critical,2,Healthcare organizations must ensure patient data protection per MOH standards,CERTIFICATE|TRAINING_RECORD,False
4476,860,ISO-27001,2.16,TELECOM,recommended,high,2,,,False
4477,860,ISO-27001,2.16,ICT,recommended,high,2,,,False
4478,860,ISO-27001,2.16,CLOUD,recommended,high,2,,,False
4479,860,ISO-27001,2.16,GOVERNMENT,recommended,critical,2,Government entities must comply with NCA mandatory requirements,ATTESTATION|APPROVAL,False
4480,860,ISO-27001,2.16,ENERGY,recommended,critical,2,Critical infrastructure requires enhanced OT security controls,BCP_DRP|INCIDENT_REPORT,False
4481,861,ISO-27001,3.16,BANKING,recommended,high,3,Financial institutions must implement enhanced controls per SAMA requirements,AUDIT_REPORT|RISK_ASSESSMENT,False
4482,861,ISO-27001,3.16,INSURANCE,recommended,medium,3,,,False
4483,861,ISO-27001,3.16,CAPITAL_MARKETS,recommended,medium,3,,,False
4484,861,ISO-27001,3.16,FINTECH,recommended,high,3,FinTech companies must meet both SAMA and PCI requirements,PENTEST|SCAN_REPORT,False
4485,861,ISO-27001,3.16,HEALTHCARE,recommended,high,3,Healthcare organizations must ensure patient data protection per MOH standards,CERTIFICATE|TRAINING_RECORD,False
4486,861,ISO-27001,3.16,TELECOM,recommended,medium,3,,,False
4487,861,ISO-27001,3.16,ICT,recommended,medium,3,,,False
4488,861,ISO-27001,3.16,CLOUD,recommended,medium,3,,,False
4489,861,ISO-27001,3.16,GOVERNMENT,recommended,critical,3,Government entities must comply with NCA mandatory requirements,ATTESTATION|APPROVAL,False
4490,861,ISO-27001,3.16,ENERGY,recommended,critical,3,Critical infrastructure requires enhanced OT security controls,BCP_DRP|INCIDENT_REPORT,False
4491,862,ISO-27001,4.16,BANKING,recommended,medium,4,Financial institutions must implement enhanced controls per SAMA requirements,AUDIT_REPORT|RISK_ASSESSMENT,False
4492,862,ISO-27001,4.16,INSURANCE,recommended,low,4,,,False
4493,862,ISO-27001,4.16,CAPITAL_MARKETS,recommended,low,4,,,False
4494,862,ISO-27001,4.16,FINTECH,recommended,medium,4,FinTech companies must meet both SAMA and PCI requirements,PENTEST|SCAN_REPORT,False
4495,862,ISO-27001,4.16,HEALTHCARE,recommended,medium,4,Healthcare organizations must ensure patient data protection per MOH standards,CERTIFICATE|TRAINING_RECORD,False
4496,862,ISO-27001,4.16,TELECOM,recommended,low,4,,,False
4497,862,ISO-27001,4.16,ICT,recommended,low,4,,,False
4498,862,ISO-27001,4.16,CLOUD,recommended,low,4,,,False
4499,862,ISO-27001,4.16,GOVERNMENT,recommended,high,4,Government entities must comply with NCA mandatory requirements,ATTESTATION|APPROVAL,False
4500,862,ISO-27001,4.16,ENERGY,recommended,high,4,Critical infrastructure requires enhanced OT security controls,BCP_DRP|INCIDENT_REPORT,False
4501,863,ISO-27001,1.17,BANKING,recommended,critical,1,Financial institutions must implement enhanced controls per SAMA requirements,AUDIT_REPORT|RISK_ASSESSMENT,False
4502,863,ISO-27001,1.17,INSURANCE,recommended,critical,1,,,False
4503,863,ISO-27001,1.17,CAPITAL_MARKETS,recommended,critical,1,,,False
4504,863,ISO-27001,1.17,FINTECH,recommended,critical,1,FinTech companies must meet both SAMA and PCI requirements,PENTEST|SCAN_REPORT,False
4505,863,ISO-27001,1.17,HEALTHCARE,recommended,critical,1,Healthcare organizations must ensure patient data protection per MOH standards,CERTIFICATE|TRAINING_RECORD,False
4506,863,ISO-27001,1.17,TELECOM,recommended,critical,1,,,False
4507,863,ISO-27001,1.17,ICT,recommended,critical,1,,,False
4508,863,ISO-27001,1.17,CLOUD,recommended,critical,1,,,False
4509,863,ISO-27001,1.17,GOVERNMENT,recommended,critical,1,Government entities must comply with NCA mandatory requirements,ATTESTATION|APPROVAL,False
4510,863,ISO-27001,1.17,ENERGY,recommended,critical,1,Critical infrastructure requires enhanced OT security controls,BCP_DRP|INCIDENT_REPORT,False
4511,864,ISO-27001,2.17,BANKING,recommended,critical,2,Financial institutions must implement enhanced controls per SAMA requirements,AUDIT_REPORT|RISK_ASSESSMENT,False
4512,864,ISO-27001,2.17,INSURANCE,recommended,high,2,,,False
4513,864,ISO-27001,2.17,CAPITAL_MARKETS,recommended,high,2,,,False
4514,864,ISO-27001,2.17,FINTECH,recommended,critical,2,FinTech companies must meet both SAMA and PCI requirements,PENTEST|SCAN_REPORT,False
4515,864,ISO-27001,2.17,HEALTHCARE,recommended,critical,2,Healthcare organizations must ensure patient data protection per MOH standards,CERTIFICATE|TRAINING_RECORD,False
4516,864,ISO-27001,2.17,TELECOM,recommended,high,2,,,False
4517,864,ISO-27001,2.17,ICT,recommended,high,2,,,False
4518,864,ISO-27001,2.17,CLOUD,recommended,high,2,,,False
4519,864,ISO-27001,2.17,GOVERNMENT,recommended,critical,2,Government entities must comply with NCA mandatory requirements,ATTESTATION|APPROVAL,False
4520,864,ISO-27001,2.17,ENERGY,recommended,critical,2,Critical infrastructure requires enhanced OT security controls,BCP_DRP|INCIDENT_REPORT,False
4521,865,ISO-27001,3.17,BANKING,recommended,high,3,Financial institutions must implement enhanced controls per SAMA requirements,AUDIT_REPORT|RISK_ASSESSMENT,False
4522,865,ISO-27001,3.17,INSURANCE,recommended,medium,3,,,False
4523,865,ISO-27001,3.17,CAPITAL_MARKETS,recommended,medium,3,,,False
4524,865,ISO-27001,3.17,FINTECH,recommended,high,3,FinTech companies must meet both SAMA and PCI requirements,PENTEST|SCAN_REPORT,False
4525,865,ISO-27001,3.17,HEALTHCARE,recommended,high,3,Healthcare organizations must ensure patient data protection per MOH standards,CERTIFICATE|TRAINING_RECORD,False
4526,865,ISO-27001,3.17,TELECOM,recommended,medium,3,,,False
4527,865,ISO-27001,3.17,ICT,recommended,medium,3,,,False
4528,865,ISO-27001,3.17,CLOUD,recommended,medium,3,,,False
4529,865,ISO-27001,3.17,GOVERNMENT,recommended,critical,3,Government entities must comply with NCA mandatory requirements,ATTESTATION|APPROVAL,False
4530,865,ISO-27001,3.17,ENERGY,recommended,critical,3,Critical infrastructure requires enhanced OT security controls,BCP_DRP|INCIDENT_REPORT,False
4531,866,ISO-27001,4.17,BANKING,recommended,medium,4,Financial institutions must implement enhanced controls per SAMA requirements,AUDIT_REPORT|RISK_ASSESSMENT,False
4532,866,ISO-27001,4.17,INSURANCE,recommended,low,4,,,False
4533,866,ISO-27001,4.17,CAPITAL_MARKETS,recommended,low,4,,,False
4534,866,ISO-27001,4.17,FINTECH,recommended,medium,4,FinTech companies must meet both SAMA and PCI requirements,PENTEST|SCAN_REPORT,False
4535,866,ISO-27001,4.17,HEALTHCARE,recommended,medium,4,Healthcare organizations must ensure patient data protection per MOH standards,CERTIFICATE|TRAINING_RECORD,False
4536,866,ISO-27001,4.17,TELECOM,recommended,low,4,,,False
4537,866,ISO-27001,4.17,ICT,recommended,low,4,,,False
4538,866,ISO-27001,4.17,CLOUD,recommended,low,4,,,False
4539,866,ISO-27001,4.17,GOVERNMENT,recommended,high,4,Government entities must comply with NCA mandatory requirements,ATTESTATION|APPROVAL,False
4540,866,ISO-27001,4.17,ENERGY,recommended,high,4,Critical infrastructure requires enhanced OT security controls,BCP_DRP|INCIDENT_REPORT,False
4541,867,ISO-27001,1.18,BANKING,recommended,critical,1,Financial institutions must implement enhanced controls per SAMA requirements,AUDIT_REPORT|RISK_ASSESSMENT,False
4542,867,ISO-27001,1.18,INSURANCE,recommended,critical,1,,,False
4543,867,ISO-27001,1.18,CAPITAL_MARKETS,recommended,critical,1,,,False
4544,867,ISO-27001,1.18,FINTECH,recommended,critical,1,FinTech companies must meet both SAMA and PCI requirements,PENTEST|SCAN_REPORT,False
4545,867,ISO-27001,1.18,HEALTHCARE,recommended,critical,1,Healthcare organizations must ensure patient data protection per MOH standards,CERTIFICATE|TRAINING_RECORD,False
4546,867,ISO-27001,1.18,TELECOM,recommended,critical,1,,,False
4547,867,ISO-27001,1.18,ICT,recommended,critical,1,,,False
4548,867,ISO-27001,1.18,CLOUD,recommended,critical,1,,,False
4549,867,ISO-27001,1.18,GOVERNMENT,recommended,critical,1,Government entities must comply with NCA mandatory requirements,ATTESTATION|APPROVAL,False
4550,867,ISO-27001,1.18,ENERGY,recommended,critical,1,Critical infrastructure requires enhanced OT security controls,BCP_DRP|INCIDENT_REPORT,False
4551,868,ISO-27001,2.18,BANKING,recommended,critical,2,Financial institutions must implement enhanced controls per SAMA requirements,AUDIT_REPORT|RISK_ASSESSMENT,False
4552,868,ISO-27001,2.18,INSURANCE,recommended,high,2,,,False
4553,868,ISO-27001,2.18,CAPITAL_MARKETS,recommended,high,2,,,False
4554,868,ISO-27001,2.18,FINTECH,recommended,critical,2,FinTech companies must meet both SAMA and PCI requirements,PENTEST|SCAN_REPORT,False
4555,868,ISO-27001,2.18,HEALTHCARE,recommended,critical,2,Healthcare organizations must ensure patient data protection per MOH standards,CERTIFICATE|TRAINING_RECORD,False
4556,868,ISO-27001,2.18,TELECOM,recommended,high,2,,,False
4557,868,ISO-27001,2.18,ICT,recommended,high,2,,,False
4558,868,ISO-27001,2.18,CLOUD,recommended,high,2,,,False
4559,868,ISO-27001,2.18,GOVERNMENT,recommended,critical,2,Government entities must comply with NCA mandatory requirements,ATTESTATION|APPROVAL,False
4560,868,ISO-27001,2.18,ENERGY,recommended,critical,2,Critical infrastructure requires enhanced OT security controls,BCP_DRP|INCIDENT_REPORT,False
4561,869,ISO-27001,3.18,BANKING,recommended,high,3,Financial institutions must implement enhanced controls per SAMA requirements,AUDIT_REPORT|RISK_ASSESSMENT,False
4562,869,ISO-27001,3.18,INSURANCE,recommended,medium,3,,,False
4563,869,ISO-27001,3.18,CAPITAL_MARKETS,recommended,medium,3,,,False
4564,869,ISO-27001,3.18,FINTECH,recommended,high,3,FinTech companies must meet both SAMA and PCI requirements,PENTEST|SCAN_REPORT,False
4565,869,ISO-27001,3.18,HEALTHCARE,recommended,high,3,Healthcare organizations must ensure patient data protection per MOH standards,CERTIFICATE|TRAINING_RECORD,False
4566,869,ISO-27001,3.18,TELECOM,recommended,medium,3,,,False
4567,869,ISO-27001,3.18,ICT,recommended,medium,3,,,False
4568,869,ISO-27001,3.18,CLOUD,recommended,medium,3,,,False
4569,869,ISO-27001,3.18,GOVERNMENT,recommended,critical,3,Government entities must comply with NCA mandatory requirements,ATTESTATION|APPROVAL,False
4570,869,ISO-27001,3.18,ENERGY,recommended,critical,3,Critical infrastructure requires enhanced OT security controls,BCP_DRP|INCIDENT_REPORT,False
4571,870,ISO-27001,4.18,BANKING,recommended,medium,4,Financial institutions must implement enhanced controls per SAMA requirements,AUDIT_REPORT|RISK_ASSESSMENT,False
4572,870,ISO-27001,4.18,INSURANCE,recommended,low,4,,,False
4573,870,ISO-27001,4.18,CAPITAL_MARKETS,recommended,low,4,,,False
4574,870,ISO-27001,4.18,FINTECH,recommended,medium,4,FinTech companies must meet both SAMA and PCI requirements,PENTEST|SCAN_REPORT,False
4575,870,ISO-27001,4.18,HEALTHCARE,recommended,medium,4,Healthcare organizations must ensure patient data protection per MOH standards,CERTIFICATE|TRAINING_RECORD,False
4576,870,ISO-27001,4.18,TELECOM,recommended,low,4,,,False
4577,870,ISO-27001,4.18,ICT,recommended,low,4,,,False
4578,870,ISO-27001,4.18,CLOUD,recommended,low,4,,,False
4579,870,ISO-27001,4.18,GOVERNMENT,recommended,high,4,Government entities must comply with NCA mandatory requirements,ATTESTATION|APPROVAL,False
4580,870,ISO-27001,4.18,ENERGY,recommended,high,4,Critical infrastructure requires enhanced OT security controls,BCP_DRP|INCIDENT_REPORT,False
4581,871,ISO-27001,1.19,BANKING,recommended,critical,1,Financial institutions must implement enhanced controls per SAMA requirements,AUDIT_REPORT|RISK_ASSESSMENT,False
4582,871,ISO-27001,1.19,INSURANCE,recommended,critical,1,,,False
4583,871,ISO-27001,1.19,CAPITAL_MARKETS,recommended,critical,1,,,False
4584,871,ISO-27001,1.19,FINTECH,recommended,critical,1,FinTech companies must meet both SAMA and PCI requirements,PENTEST|SCAN_REPORT,False
4585,871,ISO-27001,1.19,HEALTHCARE,recommended,critical,1,Healthcare organizations must ensure patient data protection per MOH standards,CERTIFICATE|TRAINING_RECORD,False
4586,871,ISO-27001,1.19,TELECOM,recommended,critical,1,,,False
4587,871,ISO-27001,1.19,ICT,recommended,critical,1,,,False
4588,871,ISO-27001,1.19,CLOUD,recommended,critical,1,,,False
4589,871,ISO-27001,1.19,GOVERNMENT,recommended,critical,1,Government entities must comply with NCA mandatory requirements,ATTESTATION|APPROVAL,False
4590,871,ISO-27001,1.19,ENERGY,recommended,critical,1,Critical infrastructure requires enhanced OT security controls,BCP_DRP|INCIDENT_REPORT,False
4591,872,ISO-27001,2.19,BANKING,recommended,critical,2,Financial institutions must implement enhanced controls per SAMA requirements,AUDIT_REPORT|RISK_ASSESSMENT,False
4592,872,ISO-27001,2.19,INSURANCE,recommended,high,2,,,False
4593,872,ISO-27001,2.19,CAPITAL_MARKETS,recommended,high,2,,,False
4594,872,ISO-27001,2.19,FINTECH,recommended,critical,2,FinTech companies must meet both SAMA and PCI requirements,PENTEST|SCAN_REPORT,False
4595,872,ISO-27001,2.19,HEALTHCARE,recommended,critical,2,Healthcare organizations must ensure patient data protection per MOH standards,CERTIFICATE|TRAINING_RECORD,False
4596,872,ISO-27001,2.19,TELECOM,recommended,high,2,,,False
4597,872,ISO-27001,2.19,ICT,recommended,high,2,,,False
4598,872,ISO-27001,2.19,CLOUD,recommended,high,2,,,False
4599,872,ISO-27001,2.19,GOVERNMENT,recommended,critical,2,Government entities must comply with NCA mandatory requirements,ATTESTATION|APPROVAL,False
4600,872,ISO-27001,2.19,ENERGY,recommended,critical,2,Critical infrastructure requires enhanced OT security controls,BCP_DRP|INCIDENT_REPORT,False
4601,873,ISO-27001,3.19,BANKING,recommended,high,3,Financial institutions must implement enhanced controls per SAMA requirements,AUDIT_REPORT|RISK_ASSESSMENT,False
4602,873,ISO-27001,3.19,INSURANCE,recommended,medium,3,,,False
4603,873,ISO-27001,3.19,CAPITAL_MARKETS,recommended,medium,3,,,False
4604,873,ISO-27001,3.19,FINTECH,recommended,high,3,FinTech companies must meet both SAMA and PCI requirements,PENTEST|SCAN_REPORT,False
4605,873,ISO-27001,3.19,HEALTHCARE,recommended,high,3,Healthcare organizations must ensure patient data protection per MOH standards,CERTIFICATE|TRAINING_RECORD,False
4606,873,ISO-27001,3.19,TELECOM,recommended,medium,3,,,False
4607,873,ISO-27001,3.19,ICT,recommended,medium,3,,,False
4608,873,ISO-27001,3.19,CLOUD,recommended,medium,3,,,False
4609,873,ISO-27001,3.19,GOVERNMENT,recommended,critical,3,Government entities must comply with NCA mandatory requirements,ATTESTATION|APPROVAL,False
4610,873,ISO-27001,3.19,ENERGY,recommended,critical,3,Critical infrastructure requires enhanced OT security controls,BCP_DRP|INCIDENT_REPORT,False
4611,874,ISO-27001,4.19,BANKING,recommended,medium,4,Financial institutions must implement enhanced controls per SAMA requirements,AUDIT_REPORT|RISK_ASSESSMENT,False
4612,874,ISO-27001,4.19,INSURANCE,recommended,low,4,,,False
4613,874,ISO-27001,4.19,CAPITAL_MARKETS,recommended,low,4,,,False
4614,874,ISO-27001,4.19,FINTECH,recommended,medium,4,FinTech companies must meet both SAMA and PCI requirements,PENTEST|SCAN_REPORT,False
4615,874,ISO-27001,4.19,HEALTHCARE,recommended,medium,4,Healthcare organizations must ensure patient data protection per MOH standards,CERTIFICATE|TRAINING_RECORD,False
4616,874,ISO-27001,4.19,TELECOM,recommended,low,4,,,False
4617,874,ISO-27001,4.19,ICT,recommended,low,4,,,False
4618,874,ISO-27001,4.19,CLOUD,recommended,low,4,,,False
4619,874,ISO-27001,4.19,GOVERNMENT,recommended,high,4,Government entities must comply with NCA mandatory requirements,ATTESTATION|APPROVAL,False
4620,874,ISO-27001,4.19,ENERGY,recommended,high,4,Critical infrastructure requires enhanced OT security controls,BCP_DRP|INCIDENT_REPORT,False
4621,875,ISO-27001,1.20,BANKING,recommended,critical,1,Financial institutions must implement enhanced controls per SAMA requirements,AUDIT_REPORT|RISK_ASSESSMENT,False
4622,875,ISO-27001,1.20,INSURANCE,recommended,critical,1,,,False
4623,875,ISO-27001,1.20,CAPITAL_MARKETS,recommended,critical,1,,,False
4624,875,ISO-27001,1.20,FINTECH,recommended,critical,1,FinTech companies must meet both SAMA and PCI requirements,PENTEST|SCAN_REPORT,False
4625,875,ISO-27001,1.20,HEALTHCARE,recommended,critical,1,Healthcare organizations must ensure patient data protection per MOH standards,CERTIFICATE|TRAINING_RECORD,False
4626,875,ISO-27001,1.20,TELECOM,recommended,critical,1,,,False
4627,875,ISO-27001,1.20,ICT,recommended,critical,1,,,False
4628,875,ISO-27001,1.20,CLOUD,recommended,critical,1,,,False
4629,875,ISO-27001,1.20,GOVERNMENT,recommended,critical,1,Government entities must comply with NCA mandatory requirements,ATTESTATION|APPROVAL,False
4630,875,ISO-27001,1.20,ENERGY,recommended,critical,1,Critical infrastructure requires enhanced OT security controls,BCP_DRP|INCIDENT_REPORT,False
4631,876,ISO-27001,2.20,BANKING,recommended,critical,2,Financial institutions must implement enhanced controls per SAMA requirements,AUDIT_REPORT|RISK_ASSESSMENT,False
4632,876,ISO-27001,2.20,INSURANCE,recommended,high,2,,,False
4633,876,ISO-27001,2.20,CAPITAL_MARKETS,recommended,high,2,,,False
4634,876,ISO-27001,2.20,FINTECH,recommended,critical,2,FinTech companies must meet both SAMA and PCI requirements,PENTEST|SCAN_REPORT,False
4635,876,ISO-27001,2.20,HEALTHCARE,recommended,critical,2,Healthcare organizations must ensure patient data protection per MOH standards,CERTIFICATE|TRAINING_RECORD,False
4636,876,ISO-27001,2.20,TELECOM,recommended,high,2,,,False
4637,876,ISO-27001,2.20,ICT,recommended,high,2,,,False
4638,876,ISO-27001,2.20,CLOUD,recommended,high,2,,,False
4639,876,ISO-27001,2.20,GOVERNMENT,recommended,critical,2,Government entities must comply with NCA mandatory requirements,ATTESTATION|APPROVAL,False
4640,876,ISO-27001,2.20,ENERGY,recommended,critical,2,Critical infrastructure requires enhanced OT security controls,BCP_DRP|INCIDENT_REPORT,False
4641,877,ISO-27001,3.20,BANKING,recommended,high,3,Financial institutions must implement enhanced controls per SAMA requirements,AUDIT_REPORT|RISK_ASSESSMENT,False
4642,877,ISO-27001,3.20,INSURANCE,recommended,medium,3,,,False
4643,877,ISO-27001,3.20,CAPITAL_MARKETS,recommended,medium,3,,,False
4644,877,ISO-27001,3.20,FINTECH,recommended,high,3,FinTech companies must meet both SAMA and PCI requirements,PENTEST|SCAN_REPORT,False
4645,877,ISO-27001,3.20,HEALTHCARE,recommended,high,3,Healthcare organizations must ensure patient data protection per MOH standards,CERTIFICATE|TRAINING_RECORD,False
4646,877,ISO-27001,3.20,TELECOM,recommended,medium,3,,,False
4647,877,ISO-27001,3.20,ICT,recommended,medium,3,,,False
4648,877,ISO-27001,3.20,CLOUD,recommended,medium,3,,,False
4649,877,ISO-27001,3.20,GOVERNMENT,recommended,critical,3,Government entities must comply with NCA mandatory requirements,ATTESTATION|APPROVAL,False
4650,877,ISO-27001,3.20,ENERGY,recommended,critical,3,Critical infrastructure requires enhanced OT security controls,BCP_DRP|INCIDENT_REPORT,False
4651,878,ISO-27001,4.20,BANKING,recommended,medium,4,Financial institutions must implement enhanced controls per SAMA requirements,AUDIT_REPORT|RISK_ASSESSMENT,False
4652,878,ISO-27001,4.20,INSURANCE,recommended,low,4,,,False
4653,878,ISO-27001,4.20,CAPITAL_MARKETS,recommended,low,4,,,False
4654,878,ISO-27001,4.20,FINTECH,recommended,medium,4,FinTech companies must meet both SAMA and PCI requirements,PENTEST|SCAN_REPORT,False
4655,878,ISO-27001,4.20,HEALTHCARE,recommended,medium,4,Healthcare organizations must ensure patient data protection per MOH standards,CERTIFICATE|TRAINING_RECORD,False
4656,878,ISO-27001,4.20,TELECOM,recommended,low,4,,,False
4657,878,ISO-27001,4.20,ICT,recommended,low,4,,,False
4658,878,ISO-27001,4.20,CLOUD,recommended,low,4,,,False
4659,878,ISO-27001,4.20,GOVERNMENT,recommended,high,4,Government entities must comply with NCA mandatory requirements,ATTESTATION|APPROVAL,False
4660,878,ISO-27001,4.20,ENERGY,recommended,high,4,Critical infrastructure requires enhanced OT security controls,BCP_DRP|INCIDENT_REPORT,False
4661,879,ISO-27001,1.21,BANKING,recommended,critical,1,Financial institutions must implement enhanced controls per SAMA requirements,AUDIT_REPORT|RISK_ASSESSMENT,False
4662,879,ISO-27001,1.21,INSURANCE,recommended,critical,1,,,False
4663,879,ISO-27001,1.21,CAPITAL_MARKETS,recommended,critical,1,,,False
4664,879,ISO-27001,1.21,FINTECH,recommended,critical,1,FinTech companies must meet both SAMA and PCI requirements,PENTEST|SCAN_REPORT,False
4665,879,ISO-27001,1.21,HEALTHCARE,recommended,critical,1,Healthcare organizations must ensure patient data protection per MOH standards,CERTIFICATE|TRAINING_RECORD,False
4666,879,ISO-27001,1.21,TELECOM,recommended,critical,1,,,False
4667,879,ISO-27001,1.21,ICT,recommended,critical,1,,,False
4668,879,ISO-27001,1.21,CLOUD,recommended,critical,1,,,False
4669,879,ISO-27001,1.21,GOVERNMENT,recommended,critical,1,Government entities must comply with NCA mandatory requirements,ATTESTATION|APPROVAL,False
4670,879,ISO-27001,1.21,ENERGY,recommended,critical,1,Critical infrastructure requires enhanced OT security controls,BCP_DRP|INCIDENT_REPORT,False
4671,880,ISO-27001,2.21,BANKING,recommended,critical,2,Financial institutions must implement enhanced controls per SAMA requirements,AUDIT_REPORT|RISK_ASSESSMENT,False
4672,880,ISO-27001,2.21,INSURANCE,recommended,high,2,,,False
4673,880,ISO-27001,2.21,CAPITAL_MARKETS,recommended,high,2,,,False
4674,880,ISO-27001,2.21,FINTECH,recommended,critical,2,FinTech companies must meet both SAMA and PCI requirements,PENTEST|SCAN_REPORT,False
4675,880,ISO-27001,2.21,HEALTHCARE,recommended,critical,2,Healthcare organizations must ensure patient data protection per MOH standards,CERTIFICATE|TRAINING_RECORD,False
4676,880,ISO-27001,2.21,TELECOM,recommended,high,2,,,False
4677,880,ISO-27001,2.21,ICT,recommended,high,2,,,False
4678,880,ISO-27001,2.21,CLOUD,recommended,high,2,,,False
4679,880,ISO-27001,2.21,GOVERNMENT,recommended,critical,2,Government entities must comply with NCA mandatory requirements,ATTESTATION|APPROVAL,False
4680,880,ISO-27001,2.21,ENERGY,recommended,critical,2,Critical infrastructure requires enhanced OT security controls,BCP_DRP|INCIDENT_REPORT,False
4681,881,ISO-27001,3.21,BANKING,recommended,high,3,Financial institutions must implement enhanced controls per SAMA requirements,AUDIT_REPORT|RISK_ASSESSMENT,False
4682,881,ISO-27001,3.21,INSURANCE,recommended,medium,3,,,False
4683,881,ISO-27001,3.21,CAPITAL_MARKETS,recommended,medium,3,,,False
4684,881,ISO-27001,3.21,FINTECH,recommended,high,3,FinTech companies must meet both SAMA and PCI requirements,PENTEST|SCAN_REPORT,False
4685,881,ISO-27001,3.21,HEALTHCARE,recommended,high,3,Healthcare organizations must ensure patient data protection per MOH standards,CERTIFICATE|TRAINING_RECORD,False
4686,881,ISO-27001,3.21,TELECOM,recommended,medium,3,,,False
4687,881,ISO-27001,3.21,ICT,recommended,medium,3,,,False
4688,881,ISO-27001,3.21,CLOUD,recommended,medium,3,,,False
4689,881,ISO-27001,3.21,GOVERNMENT,recommended,critical,3,Government entities must comply with NCA mandatory requirements,ATTESTATION|APPROVAL,False
4690,881,ISO-27001,3.21,ENERGY,recommended,critical,3,Critical infrastructure requires enhanced OT security controls,BCP_DRP|INCIDENT_REPORT,False
4691,882,ISO-27001,4.21,BANKING,recommended,medium,4,Financial institutions must implement enhanced controls per SAMA requirements,AUDIT_REPORT|RISK_ASSESSMENT,False
4692,882,ISO-27001,4.21,INSURANCE,recommended,low,4,,,False
4693,882,ISO-27001,4.21,CAPITAL_MARKETS,recommended,low,4,,,False
4694,882,ISO-27001,4.21,FINTECH,recommended,medium,4,FinTech companies must meet both SAMA and PCI requirements,PENTEST|SCAN_REPORT,False
4695,882,ISO-27001,4.21,HEALTHCARE,recommended,medium,4,Healthcare organizations must ensure patient data protection per MOH standards,CERTIFICATE|TRAINING_RECORD,False
4696,882,ISO-27001,4.21,TELECOM,recommended,low,4,,,False
4697,882,ISO-27001,4.21,ICT,recommended,low,4,,,False
4698,882,ISO-27001,4.21,CLOUD,recommended,low,4,,,False
4699,882,ISO-27001,4.21,GOVERNMENT,recommended,high,4,Government entities must comply with NCA mandatory requirements,ATTESTATION|APPROVAL,False
4700,882,ISO-27001,4.21,ENERGY,recommended,high,4,Critical infrastructure requires enhanced OT security controls,BCP_DRP|INCIDENT_REPORT,False
4701,883,ISO-27001,1.22,BANKING,recommended,critical,1,Financial institutions must implement enhanced controls per SAMA requirements,AUDIT_REPORT|RISK_ASSESSMENT,False
4702,883,ISO-27001,1.22,INSURANCE,recommended,critical,1,,,False
4703,883,ISO-27001,1.22,CAPITAL_MARKETS,recommended,critical,1,,,False
4704,883,ISO-27001,1.22,FINTECH,recommended,critical,1,FinTech companies must meet both SAMA and PCI requirements,PENTEST|SCAN_REPORT,False
4705,883,ISO-27001,1.22,HEALTHCARE,recommended,critical,1,Healthcare organizations must ensure patient data protection per MOH standards,CERTIFICATE|TRAINING_RECORD,False
4706,883,ISO-27001,1.22,TELECOM,recommended,critical,1,,,False
4707,883,ISO-27001,1.22,ICT,recommended,critical,1,,,False
4708,883,ISO-27001,1.22,CLOUD,recommended,critical,1,,,False
4709,883,ISO-27001,1.22,GOVERNMENT,recommended,critical,1,Government entities must comply with NCA mandatory requirements,ATTESTATION|APPROVAL,False
4710,883,ISO-27001,1.22,ENERGY,recommended,critical,1,Critical infrastructure requires enhanced OT security controls,BCP_DRP|INCIDENT_REPORT,False
4711,884,ISO-27001,2.22,BANKING,recommended,critical,2,Financial institutions must implement enhanced controls per SAMA requirements,AUDIT_REPORT|RISK_ASSESSMENT,False
4712,884,ISO-27001,2.22,INSURANCE,recommended,high,2,,,False
4713,884,ISO-27001,2.22,CAPITAL_MARKETS,recommended,high,2,,,False
4714,884,ISO-27001,2.22,FINTECH,recommended,critical,2,FinTech companies must meet both SAMA and PCI requirements,PENTEST|SCAN_REPORT,False
4715,884,ISO-27001,2.22,HEALTHCARE,recommended,critical,2,Healthcare organizations must ensure patient data protection per MOH standards,CERTIFICATE|TRAINING_RECORD,False
4716,884,ISO-27001,2.22,TELECOM,recommended,high,2,,,False
4717,884,ISO-27001,2.22,ICT,recommended,high,2,,,False
4718,884,ISO-27001,2.22,CLOUD,recommended,high,2,,,False
4719,884,ISO-27001,2.22,GOVERNMENT,recommended,critical,2,Government entities must comply with NCA mandatory requirements,ATTESTATION|APPROVAL,False
4720,884,ISO-27001,2.22,ENERGY,recommended,critical,2,Critical infrastructure requires enhanced OT security controls,BCP_DRP|INCIDENT_REPORT,False
4721,885,ISO-27001,3.22,BANKING,recommended,high,3,Financial institutions must implement enhanced controls per SAMA requirements,AUDIT_REPORT|RISK_ASSESSMENT,False
4722,885,ISO-27001,3.22,INSURANCE,recommended,medium,3,,,False
4723,885,ISO-27001,3.22,CAPITAL_MARKETS,recommended,medium,3,,,False
4724,885,ISO-27001,3.22,FINTECH,recommended,high,3,FinTech companies must meet both SAMA and PCI requirements,PENTEST|SCAN_REPORT,False
4725,885,ISO-27001,3.22,HEALTHCARE,recommended,high,3,Healthcare organizations must ensure patient data protection per MOH standards,CERTIFICATE|TRAINING_RECORD,False
4726,885,ISO-27001,3.22,TELECOM,recommended,medium,3,,,False
4727,885,ISO-27001,3.22,ICT,recommended,medium,3,,,False
4728,885,ISO-27001,3.22,CLOUD,recommended,medium,3,,,False
4729,885,ISO-27001,3.22,GOVERNMENT,recommended,critical,3,Government entities must comply with NCA mandatory requirements,ATTESTATION|APPROVAL,False
4730,885,ISO-27001,3.22,ENERGY,recommended,critical,3,Critical infrastructure requires enhanced OT security controls,BCP_DRP|INCIDENT_REPORT,False
4731,886,ISO-27001,4.22,BANKING,recommended,medium,4,Financial institutions must implement enhanced controls per SAMA requirements,AUDIT_REPORT|RISK_ASSESSMENT,False
4732,886,ISO-27001,4.22,INSURANCE,recommended,low,4,,,False
4733,886,ISO-27001,4.22,CAPITAL_MARKETS,recommended,low,4,,,False
4734,886,ISO-27001,4.22,FINTECH,recommended,medium,4,FinTech companies must meet both SAMA and PCI requirements,PENTEST|SCAN_REPORT,False
4735,886,ISO-27001,4.22,HEALTHCARE,recommended,medium,4,Healthcare organizations must ensure patient data protection per MOH standards,CERTIFICATE|TRAINING_RECORD,False
4736,886,ISO-27001,4.22,TELECOM,recommended,low,4,,,False
4737,886,ISO-27001,4.22,ICT,recommended,low,4,,,False
4738,886,ISO-27001,4.22,CLOUD,recommended,low,4,,,False
4739,886,ISO-27001,4.22,GOVERNMENT,recommended,high,4,Government entities must comply with NCA mandatory requirements,ATTESTATION|APPROVAL,False
4740,886,ISO-27001,4.22,ENERGY,recommended,high,4,Critical infrastructure requires enhanced OT security controls,BCP_DRP|INCIDENT_REPORT,False
4741,887,ISO-27001,1.23,BANKING,recommended,critical,1,Financial institutions must implement enhanced controls per SAMA requirements,AUDIT_REPORT|RISK_ASSESSMENT,False
4742,887,ISO-27001,1.23,INSURANCE,recommended,critical,1,,,False
4743,887,ISO-27001,1.23,CAPITAL_MARKETS,recommended,critical,1,,,False
4744,887,ISO-27001,1.23,FINTECH,recommended,critical,1,FinTech companies must meet both SAMA and PCI requirements,PENTEST|SCAN_REPORT,False
4745,887,ISO-27001,1.23,HEALTHCARE,recommended,critical,1,Healthcare organizations must ensure patient data protection per MOH standards,CERTIFICATE|TRAINING_RECORD,False
4746,887,ISO-27001,1.23,TELECOM,recommended,critical,1,,,False
4747,887,ISO-27001,1.23,ICT,recommended,critical,1,,,False
4748,887,ISO-27001,1.23,CLOUD,recommended,critical,1,,,False
4749,887,ISO-27001,1.23,GOVERNMENT,recommended,critical,1,Government entities must comply with NCA mandatory requirements,ATTESTATION|APPROVAL,False
4750,887,ISO-27001,1.23,ENERGY,recommended,critical,1,Critical infrastructure requires enhanced OT security controls,BCP_DRP|INCIDENT_REPORT,False
4751,888,ISO-27001,2.23,BANKING,recommended,critical,2,Financial institutions must implement enhanced controls per SAMA requirements,AUDIT_REPORT|RISK_ASSESSMENT,False
4752,888,ISO-27001,2.23,INSURANCE,recommended,high,2,,,False
4753,888,ISO-27001,2.23,CAPITAL_MARKETS,recommended,high,2,,,False
4754,888,ISO-27001,2.23,FINTECH,recommended,critical,2,FinTech companies must meet both SAMA and PCI requirements,PENTEST|SCAN_REPORT,False
4755,888,ISO-27001,2.23,HEALTHCARE,recommended,critical,2,Healthcare organizations must ensure patient data protection per MOH standards,CERTIFICATE|TRAINING_RECORD,False
4756,888,ISO-27001,2.23,TELECOM,recommended,high,2,,,False
4757,888,ISO-27001,2.23,ICT,recommended,high,2,,,False
4758,888,ISO-27001,2.23,CLOUD,recommended,high,2,,,False
4759,888,ISO-27001,2.23,GOVERNMENT,recommended,critical,2,Government entities must comply with NCA mandatory requirements,ATTESTATION|APPROVAL,False
4760,888,ISO-27001,2.23,ENERGY,recommended,critical,2,Critical infrastructure requires enhanced OT security controls,BCP_DRP|INCIDENT_REPORT,False
4761,889,ISO-27001,3.23,BANKING,recommended,high,3,Financial institutions must implement enhanced controls per SAMA requirements,AUDIT_REPORT|RISK_ASSESSMENT,False
4762,889,ISO-27001,3.23,INSURANCE,recommended,medium,3,,,False
4763,889,ISO-27001,3.23,CAPITAL_MARKETS,recommended,medium,3,,,False
4764,889,ISO-27001,3.23,FINTECH,recommended,high,3,FinTech companies must meet both SAMA and PCI requirements,PENTEST|SCAN_REPORT,False
4765,889,ISO-27001,3.23,HEALTHCARE,recommended,high,3,Healthcare organizations must ensure patient data protection per MOH standards,CERTIFICATE|TRAINING_RECORD,False
4766,889,ISO-27001,3.23,TELECOM,recommended,medium,3,,,False
4767,889,ISO-27001,3.23,ICT,recommended,medium,3,,,False
4768,889,ISO-27001,3.23,CLOUD,recommended,medium,3,,,False
4769,889,ISO-27001,3.23,GOVERNMENT,recommended,critical,3,Government entities must comply with NCA mandatory requirements,ATTESTATION|APPROVAL,False
4770,889,ISO-27001,3.23,ENERGY,recommended,critical,3,Critical infrastructure requires enhanced OT security controls,BCP_DRP|INCIDENT_REPORT,False
4771,890,ISO-27001,4.23,BANKING,recommended,medium,4,Financial institutions must implement enhanced controls per SAMA requirements,AUDIT_REPORT|RISK_ASSESSMENT,False
4772,890,ISO-27001,4.23,INSURANCE,recommended,low,4,,,False
4773,890,ISO-27001,4.23,CAPITAL_MARKETS,recommended,low,4,,,False
4774,890,ISO-27001,4.23,FINTECH,recommended,medium,4,FinTech companies must meet both SAMA and PCI requirements,PENTEST|SCAN_REPORT,False
4775,890,ISO-27001,4.23,HEALTHCARE,recommended,medium,4,Healthcare organizations must ensure patient data protection per MOH standards,CERTIFICATE|TRAINING_RECORD,False
4776,890,ISO-27001,4.23,TELECOM,recommended,low,4,,,False
4777,890,ISO-27001,4.23,ICT,recommended,low,4,,,False
4778,890,ISO-27001,4.23,CLOUD,recommended,low,4,,,False
4779,890,ISO-27001,4.23,GOVERNMENT,recommended,high,4,Government entities must comply with NCA mandatory requirements,ATTESTATION|APPROVAL,False
4780,890,ISO-27001,4.23,ENERGY,recommended,high,4,Critical infrastructure requires enhanced OT security controls,BCP_DRP|INCIDENT_REPORT,False
4781,891,ISO-27001,1.24,BANKING,recommended,critical,1,Financial institutions must implement enhanced controls per SAMA requirements,AUDIT_REPORT|RISK_ASSESSMENT,False
4782,891,ISO-27001,1.24,INSURANCE,recommended,critical,1,,,False
4783,891,ISO-27001,1.24,CAPITAL_MARKETS,recommended,critical,1,,,False
4784,891,ISO-27001,1.24,FINTECH,recommended,critical,1,FinTech companies must meet both SAMA and PCI requirements,PENTEST|SCAN_REPORT,False
4785,891,ISO-27001,1.24,HEALTHCARE,recommended,critical,1,Healthcare organizations must ensure patient data protection per MOH standards,CERTIFICATE|TRAINING_RECORD,False
4786,891,ISO-27001,1.24,TELECOM,recommended,critical,1,,,False
4787,891,ISO-27001,1.24,ICT,recommended,critical,1,,,False
4788,891,ISO-27001,1.24,CLOUD,recommended,critical,1,,,False
4789,891,ISO-27001,1.24,GOVERNMENT,recommended,critical,1,Government entities must comply with NCA mandatory requirements,ATTESTATION|APPROVAL,False
4790,891,ISO-27001,1.24,ENERGY,recommended,critical,1,Critical infrastructure requires enhanced OT security controls,BCP_DRP|INCIDENT_REPORT,False
4791,892,ISO-22301,1.1,BANKING,recommended,critical,1,Financial institutions must implement enhanced controls per SAMA requirements,AUDIT_REPORT|RISK_ASSESSMENT,False
4792,892,ISO-22301,1.1,INSURANCE,recommended,critical,1,,,False
4793,892,ISO-22301,1.1,HEALTHCARE,recommended,critical,1,Healthcare organizations must ensure patient data protection per MOH standards,CERTIFICATE|TRAINING_RECORD,False
4794,892,ISO-22301,1.1,TELECOM,recommended,critical,1,,,False
4795,892,ISO-22301,1.1,ENERGY,recommended,critical,1,Critical infrastructure requires enhanced OT security controls,BCP_DRP|INCIDENT_REPORT,False
4796,892,ISO-22301,1.1,GOVERNMENT,recommended,critical,1,Government entities must comply with NCA mandatory requirements,ATTESTATION|APPROVAL,False
4797,893,ISO-22301,2.1,BANKING,recommended,critical,2,Financial institutions must implement enhanced controls per SAMA requirements,AUDIT_REPORT|RISK_ASSESSMENT,False
4798,893,ISO-22301,2.1,INSURANCE,recommended,high,2,,,False
4799,893,ISO-22301,2.1,HEALTHCARE,recommended,critical,2,Healthcare organizations must ensure patient data protection per MOH standards,CERTIFICATE|TRAINING_RECORD,False
4800,893,ISO-22301,2.1,TELECOM,recommended,high,2,,,False
4801,893,ISO-22301,2.1,ENERGY,recommended,critical,2,Critical infrastructure requires enhanced OT security controls,BCP_DRP|INCIDENT_REPORT,False
4802,893,ISO-22301,2.1,GOVERNMENT,recommended,critical,2,Government entities must comply with NCA mandatory requirements,ATTESTATION|APPROVAL,False
4803,894,ISO-22301,3.1,BANKING,recommended,high,3,Financial institutions must implement enhanced controls per SAMA requirements,AUDIT_REPORT|RISK_ASSESSMENT,False
4804,894,ISO-22301,3.1,INSURANCE,recommended,medium,3,,,False
4805,894,ISO-22301,3.1,HEALTHCARE,recommended,high,3,Healthcare organizations must ensure patient data protection per MOH standards,CERTIFICATE|TRAINING_RECORD,False
4806,894,ISO-22301,3.1,TELECOM,recommended,medium,3,,,False
4807,894,ISO-22301,3.1,ENERGY,recommended,critical,3,Critical infrastructure requires enhanced OT security controls,BCP_DRP|INCIDENT_REPORT,False
4808,894,ISO-22301,3.1,GOVERNMENT,recommended,critical,3,Government entities must comply with NCA mandatory requirements,ATTESTATION|APPROVAL,False
4809,895,ISO-22301,4.1,BANKING,recommended,medium,4,Financial institutions must implement enhanced controls per SAMA requirements,AUDIT_REPORT|RISK_ASSESSMENT,False
4810,895,ISO-22301,4.1,INSURANCE,recommended,low,4,,,False
4811,895,ISO-22301,4.1,HEALTHCARE,recommended,medium,4,Healthcare organizations must ensure patient data protection per MOH standards,CERTIFICATE|TRAINING_RECORD,False
4812,895,ISO-22301,4.1,TELECOM,recommended,low,4,,,False
4813,895,ISO-22301,4.1,ENERGY,recommended,high,4,Critical infrastructure requires enhanced OT security controls,BCP_DRP|INCIDENT_REPORT,False
4814,895,ISO-22301,4.1,GOVERNMENT,recommended,high,4,Government entities must comply with NCA mandatory requirements,ATTESTATION|APPROVAL,False
4815,896,ISO-22301,5.1,BANKING,recommended,critical,1,Financial institutions must implement enhanced controls per SAMA requirements,AUDIT_REPORT|RISK_ASSESSMENT,False
4816,896,ISO-22301,5.1,INSURANCE,recommended,critical,1,,,False
4817,896,ISO-22301,5.1,HEALTHCARE,recommended,critical,1,Healthcare organizations must ensure patient data protection per MOH standards,CERTIFICATE|TRAINING_RECORD,False
4818,896,ISO-22301,5.1,TELECOM,recommended,critical,1,,,False
4819,896,ISO-22301,5.1,ENERGY,recommended,critical,1,Critical infrastructure requires enhanced OT security controls,BCP_DRP|INCIDENT_REPORT,False
4820,896,ISO-22301,5.1,GOVERNMENT,recommended,critical,1,Government entities must comply with NCA mandatory requirements,ATTESTATION|APPROVAL,False
4821,897,ISO-22301,6.1,BANKING,recommended,critical,2,Financial institutions must implement enhanced controls per SAMA requirements,AUDIT_REPORT|RISK_ASSESSMENT,False
4822,897,ISO-22301,6.1,INSURANCE,recommended,high,2,,,False
4823,897,ISO-22301,6.1,HEALTHCARE,recommended,critical,2,Healthcare organizations must ensure patient data protection per MOH standards,CERTIFICATE|TRAINING_RECORD,False
4824,897,ISO-22301,6.1,TELECOM,recommended,high,2,,,False
4825,897,ISO-22301,6.1,ENERGY,recommended,critical,2,Critical infrastructure requires enhanced OT security controls,BCP_DRP|INCIDENT_REPORT,False
4826,897,ISO-22301,6.1,GOVERNMENT,recommended,critical,2,Government entities must comply with NCA mandatory requirements,ATTESTATION|APPROVAL,False
4827,898,ISO-22301,7.1,BANKING,recommended,high,3,Financial institutions must implement enhanced controls per SAMA requirements,AUDIT_REPORT|RISK_ASSESSMENT,False
4828,898,ISO-22301,7.1,INSURANCE,recommended,medium,3,,,False
4829,898,ISO-22301,7.1,HEALTHCARE,recommended,high,3,Healthcare organizations must ensure patient data protection per MOH standards,CERTIFICATE|TRAINING_RECORD,False
4830,898,ISO-22301,7.1,TELECOM,recommended,medium,3,,,False
4831,898,ISO-22301,7.1,ENERGY,recommended,critical,3,Critical infrastructure requires enhanced OT security controls,BCP_DRP|INCIDENT_REPORT,False
4832,898,ISO-22301,7.1,GOVERNMENT,recommended,critical,3,Government entities must comply with NCA mandatory requirements,ATTESTATION|APPROVAL,False
4833,899,ISO-22301,1.2,BANKING,recommended,medium,4,Financial institutions must implement enhanced controls per SAMA requirements,AUDIT_REPORT|RISK_ASSESSMENT,False
4834,899,ISO-22301,1.2,INSURANCE,recommended,low,4,,,False
4835,899,ISO-22301,1.2,HEALTHCARE,recommended,medium,4,Healthcare organizations must ensure patient data protection per MOH standards,CERTIFICATE|TRAINING_RECORD,False
4836,899,ISO-22301,1.2,TELECOM,recommended,low,4,,,False
4837,899,ISO-22301,1.2,ENERGY,recommended,high,4,Critical infrastructure requires enhanced OT security controls,BCP_DRP|INCIDENT_REPORT,False
4838,899,ISO-22301,1.2,GOVERNMENT,recommended,high,4,Government entities must comply with NCA mandatory requirements,ATTESTATION|APPROVAL,False
4839,900,ISO-22301,2.2,BANKING,recommended,critical,1,Financial institutions must implement enhanced controls per SAMA requirements,AUDIT_REPORT|RISK_ASSESSMENT,False
4840,900,ISO-22301,2.2,INSURANCE,recommended,critical,1,,,False
4841,900,ISO-22301,2.2,HEALTHCARE,recommended,critical,1,Healthcare organizations must ensure patient data protection per MOH standards,CERTIFICATE|TRAINING_RECORD,False
4842,900,ISO-22301,2.2,TELECOM,recommended,critical,1,,,False
4843,900,ISO-22301,2.2,ENERGY,recommended,critical,1,Critical infrastructure requires enhanced OT security controls,BCP_DRP|INCIDENT_REPORT,False
4844,900,ISO-22301,2.2,GOVERNMENT,recommended,critical,1,Government entities must comply with NCA mandatory requirements,ATTESTATION|APPROVAL,False
4845,901,ISO-22301,3.2,BANKING,recommended,critical,2,Financial institutions must implement enhanced controls per SAMA requirements,AUDIT_REPORT|RISK_ASSESSMENT,False
4846,901,ISO-22301,3.2,INSURANCE,recommended,high,2,,,False
4847,901,ISO-22301,3.2,HEALTHCARE,recommended,critical,2,Healthcare organizations must ensure patient data protection per MOH standards,CERTIFICATE|TRAINING_RECORD,False
4848,901,ISO-22301,3.2,TELECOM,recommended,high,2,,,False
4849,901,ISO-22301,3.2,ENERGY,recommended,critical,2,Critical infrastructure requires enhanced OT security controls,BCP_DRP|INCIDENT_REPORT,False
4850,901,ISO-22301,3.2,GOVERNMENT,recommended,critical,2,Government entities must comply with NCA mandatory requirements,ATTESTATION|APPROVAL,False
4851,902,ISO-22301,4.2,BANKING,recommended,high,3,Financial institutions must implement enhanced controls per SAMA requirements,AUDIT_REPORT|RISK_ASSESSMENT,False
4852,902,ISO-22301,4.2,INSURANCE,recommended,medium,3,,,False
4853,902,ISO-22301,4.2,HEALTHCARE,recommended,high,3,Healthcare organizations must ensure patient data protection per MOH standards,CERTIFICATE|TRAINING_RECORD,False
4854,902,ISO-22301,4.2,TELECOM,recommended,medium,3,,,False
4855,902,ISO-22301,4.2,ENERGY,recommended,critical,3,Critical infrastructure requires enhanced OT security controls,BCP_DRP|INCIDENT_REPORT,False
4856,902,ISO-22301,4.2,GOVERNMENT,recommended,critical,3,Government entities must comply with NCA mandatory requirements,ATTESTATION|APPROVAL,False
4857,903,ISO-22301,5.2,BANKING,recommended,medium,4,Financial institutions must implement enhanced controls per SAMA requirements,AUDIT_REPORT|RISK_ASSESSMENT,False
4858,903,ISO-22301,5.2,INSURANCE,recommended,low,4,,,False
4859,903,ISO-22301,5.2,HEALTHCARE,recommended,medium,4,Healthcare organizations must ensure patient data protection per MOH standards,CERTIFICATE|TRAINING_RECORD,False
4860,903,ISO-22301,5.2,TELECOM,recommended,low,4,,,False
4861,903,ISO-22301,5.2,ENERGY,recommended,high,4,Critical infrastructure requires enhanced OT security controls,BCP_DRP|INCIDENT_REPORT,False
4862,903,ISO-22301,5.2,GOVERNMENT,recommended,high,4,Government entities must comply with NCA mandatory requirements,ATTESTATION|APPROVAL,False
4863,904,ISO-22301,6.2,BANKING,recommended,critical,1,Financial institutions must implement enhanced controls per SAMA requirements,AUDIT_REPORT|RISK_ASSESSMENT,False
4864,904,ISO-22301,6.2,INSURANCE,recommended,critical,1,,,False
4865,904,ISO-22301,6.2,HEALTHCARE,recommended,critical,1,Healthcare organizations must ensure patient data protection per MOH standards,CERTIFICATE|TRAINING_RECORD,False
4866,904,ISO-22301,6.2,TELECOM,recommended,critical,1,,,False
4867,904,ISO-22301,6.2,ENERGY,recommended,critical,1,Critical infrastructure requires enhanced OT security controls,BCP_DRP|INCIDENT_REPORT,False
4868,904,ISO-22301,6.2,GOVERNMENT,recommended,critical,1,Government entities must comply with NCA mandatory requirements,ATTESTATION|APPROVAL,False
4869,905,ISO-22301,7.2,BANKING,recommended,critical,2,Financial institutions must implement enhanced controls per SAMA requirements,AUDIT_REPORT|RISK_ASSESSMENT,False
4870,905,ISO-22301,7.2,INSURANCE,recommended,high,2,,,False
4871,905,ISO-22301,7.2,HEALTHCARE,recommended,critical,2,Healthcare organizations must ensure patient data protection per MOH standards,CERTIFICATE|TRAINING_RECORD,False
4872,905,ISO-22301,7.2,TELECOM,recommended,high,2,,,False
4873,905,ISO-22301,7.2,ENERGY,recommended,critical,2,Critical infrastructure requires enhanced OT security controls,BCP_DRP|INCIDENT_REPORT,False
4874,905,ISO-22301,7.2,GOVERNMENT,recommended,critical,2,Government entities must comply with NCA mandatory requirements,ATTESTATION|APPROVAL,False
4875,906,ISO-22301,1.3,BANKING,recommended,high,3,Financial institutions must implement enhanced controls per SAMA requirements,AUDIT_REPORT|RISK_ASSESSMENT,False
4876,906,ISO-22301,1.3,INSURANCE,recommended,medium,3,,,False
4877,906,ISO-22301,1.3,HEALTHCARE,recommended,high,3,Healthcare organizations must ensure patient data protection per MOH standards,CERTIFICATE|TRAINING_RECORD,False
4878,906,ISO-22301,1.3,TELECOM,recommended,medium,3,,,False
4879,906,ISO-22301,1.3,ENERGY,recommended,critical,3,Critical infrastructure requires enhanced OT security controls,BCP_DRP|INCIDENT_REPORT,False
4880,906,ISO-22301,1.3,GOVERNMENT,recommended,critical,3,Government entities must comply with NCA mandatory requirements,ATTESTATION|APPROVAL,False
4881,907,ISO-22301,2.3,BANKING,recommended,medium,4,Financial institutions must implement enhanced controls per SAMA requirements,AUDIT_REPORT|RISK_ASSESSMENT,False
4882,907,ISO-22301,2.3,INSURANCE,recommended,low,4,,,False
4883,907,ISO-22301,2.3,HEALTHCARE,recommended,medium,4,Healthcare organizations must ensure patient data protection per MOH standards,CERTIFICATE|TRAINING_RECORD,False
4884,907,ISO-22301,2.3,TELECOM,recommended,low,4,,,False
4885,907,ISO-22301,2.3,ENERGY,recommended,high,4,Critical infrastructure requires enhanced OT security controls,BCP_DRP|INCIDENT_REPORT,False
4886,907,ISO-22301,2.3,GOVERNMENT,recommended,high,4,Government entities must comply with NCA mandatory requirements,ATTESTATION|APPROVAL,False
4887,908,ISO-22301,3.3,BANKING,recommended,critical,1,Financial institutions must implement enhanced controls per SAMA requirements,AUDIT_REPORT|RISK_ASSESSMENT,False
4888,908,ISO-22301,3.3,INSURANCE,recommended,critical,1,,,False
4889,908,ISO-22301,3.3,HEALTHCARE,recommended,critical,1,Healthcare organizations must ensure patient data protection per MOH standards,CERTIFICATE|TRAINING_RECORD,False
4890,908,ISO-22301,3.3,TELECOM,recommended,critical,1,,,False
4891,908,ISO-22301,3.3,ENERGY,recommended,critical,1,Critical infrastructure requires enhanced OT security controls,BCP_DRP|INCIDENT_REPORT,False
4892,908,ISO-22301,3.3,GOVERNMENT,recommended,critical,1,Government entities must comply with NCA mandatory requirements,ATTESTATION|APPROVAL,False
4893,909,ISO-22301,4.3,BANKING,recommended,critical,2,Financial institutions must implement enhanced controls per SAMA requirements,AUDIT_REPORT|RISK_ASSESSMENT,False
4894,909,ISO-22301,4.3,INSURANCE,recommended,high,2,,,False
4895,909,ISO-22301,4.3,HEALTHCARE,recommended,critical,2,Healthcare organizations must ensure patient data protection per MOH standards,CERTIFICATE|TRAINING_RECORD,False
4896,909,ISO-22301,4.3,TELECOM,recommended,high,2,,,False
4897,909,ISO-22301,4.3,ENERGY,recommended,critical,2,Critical infrastructure requires enhanced OT security controls,BCP_DRP|INCIDENT_REPORT,False
4898,909,ISO-22301,4.3,GOVERNMENT,recommended,critical,2,Government entities must comply with NCA mandatory requirements,ATTESTATION|APPROVAL,False
4899,910,ISO-22301,5.3,BANKING,recommended,high,3,Financial institutions must implement enhanced controls per SAMA requirements,AUDIT_REPORT|RISK_ASSESSMENT,False
4900,910,ISO-22301,5.3,INSURANCE,recommended,medium,3,,,False
4901,910,ISO-22301,5.3,HEALTHCARE,recommended,high,3,Healthcare organizations must ensure patient data protection per MOH standards,CERTIFICATE|TRAINING_RECORD,False
4902,910,ISO-22301,5.3,TELECOM,recommended,medium,3,,,False
4903,910,ISO-22301,5.3,ENERGY,recommended,critical,3,Critical infrastructure requires enhanced OT security controls,BCP_DRP|INCIDENT_REPORT,False
4904,910,ISO-22301,5.3,GOVERNMENT,recommended,critical,3,Government entities must comply with NCA mandatory requirements,ATTESTATION|APPROVAL,False
4905,911,ISO-22301,6.3,BANKING,recommended,medium,4,Financial institutions must implement enhanced controls per SAMA requirements,AUDIT_REPORT|RISK_ASSESSMENT,False
4906,911,ISO-22301,6.3,INSURANCE,recommended,low,4,,,False
4907,911,ISO-22301,6.3,HEALTHCARE,recommended,medium,4,Healthcare organizations must ensure patient data protection per MOH standards,CERTIFICATE|TRAINING_RECORD,False
4908,911,ISO-22301,6.3,TELECOM,recommended,low,4,,,False
4909,911,ISO-22301,6.3,ENERGY,recommended,high,4,Critical infrastructure requires enhanced OT security controls,BCP_DRP|INCIDENT_REPORT,False
4910,911,ISO-22301,6.3,GOVERNMENT,recommended,high,4,Government entities must comply with NCA mandatory requirements,ATTESTATION|APPROVAL,False
4911,912,ISO-22301,7.3,BANKING,recommended,critical,1,Financial institutions must implement enhanced controls per SAMA requirements,AUDIT_REPORT|RISK_ASSESSMENT,False
4912,912,ISO-22301,7.3,INSURANCE,recommended,critical,1,,,False
4913,912,ISO-22301,7.3,HEALTHCARE,recommended,critical,1,Healthcare organizations must ensure patient data protection per MOH standards,CERTIFICATE|TRAINING_RECORD,False
4914,912,ISO-22301,7.3,TELECOM,recommended,critical,1,,,False
4915,912,ISO-22301,7.3,ENERGY,recommended,critical,1,Critical infrastructure requires enhanced OT security controls,BCP_DRP|INCIDENT_REPORT,False
4916,912,ISO-22301,7.3,GOVERNMENT,recommended,critical,1,Government entities must comply with NCA mandatory requirements,ATTESTATION|APPROVAL,False
4917,913,ISO-22301,1.4,BANKING,recommended,critical,2,Financial institutions must implement enhanced controls per SAMA requirements,AUDIT_REPORT|RISK_ASSESSMENT,False
4918,913,ISO-22301,1.4,INSURANCE,recommended,high,2,,,False
4919,913,ISO-22301,1.4,HEALTHCARE,recommended,critical,2,Healthcare organizations must ensure patient data protection per MOH standards,CERTIFICATE|TRAINING_RECORD,False
4920,913,ISO-22301,1.4,TELECOM,recommended,high,2,,,False
4921,913,ISO-22301,1.4,ENERGY,recommended,critical,2,Critical infrastructure requires enhanced OT security controls,BCP_DRP|INCIDENT_REPORT,False
4922,913,ISO-22301,1.4,GOVERNMENT,recommended,critical,2,Government entities must comply with NCA mandatory requirements,ATTESTATION|APPROVAL,False
4923,914,ISO-22301,2.4,BANKING,recommended,high,3,Financial institutions must implement enhanced controls per SAMA requirements,AUDIT_REPORT|RISK_ASSESSMENT,False
4924,914,ISO-22301,2.4,INSURANCE,recommended,medium,3,,,False
4925,914,ISO-22301,2.4,HEALTHCARE,recommended,high,3,Healthcare organizations must ensure patient data protection per MOH standards,CERTIFICATE|TRAINING_RECORD,False
4926,914,ISO-22301,2.4,TELECOM,recommended,medium,3,,,False
4927,914,ISO-22301,2.4,ENERGY,recommended,critical,3,Critical infrastructure requires enhanced OT security controls,BCP_DRP|INCIDENT_REPORT,False
4928,914,ISO-22301,2.4,GOVERNMENT,recommended,critical,3,Government entities must comply with NCA mandatory requirements,ATTESTATION|APPROVAL,False
4929,915,ISO-22301,3.4,BANKING,recommended,medium,4,Financial institutions must implement enhanced controls per SAMA requirements,AUDIT_REPORT|RISK_ASSESSMENT,False
4930,915,ISO-22301,3.4,INSURANCE,recommended,low,4,,,False
4931,915,ISO-22301,3.4,HEALTHCARE,recommended,medium,4,Healthcare organizations must ensure patient data protection per MOH standards,CERTIFICATE|TRAINING_RECORD,False
4932,915,ISO-22301,3.4,TELECOM,recommended,low,4,,,False
4933,915,ISO-22301,3.4,ENERGY,recommended,high,4,Critical infrastructure requires enhanced OT security controls,BCP_DRP|INCIDENT_REPORT,False
4934,915,ISO-22301,3.4,GOVERNMENT,recommended,high,4,Government entities must comply with NCA mandatory requirements,ATTESTATION|APPROVAL,False
4935,916,ISO-22301,4.4,BANKING,recommended,critical,1,Financial institutions must implement enhanced controls per SAMA requirements,AUDIT_REPORT|RISK_ASSESSMENT,False
4936,916,ISO-22301,4.4,INSURANCE,recommended,critical,1,,,False
4937,916,ISO-22301,4.4,HEALTHCARE,recommended,critical,1,Healthcare organizations must ensure patient data protection per MOH standards,CERTIFICATE|TRAINING_RECORD,False
4938,916,ISO-22301,4.4,TELECOM,recommended,critical,1,,,False
4939,916,ISO-22301,4.4,ENERGY,recommended,critical,1,Critical infrastructure requires enhanced OT security controls,BCP_DRP|INCIDENT_REPORT,False
4940,916,ISO-22301,4.4,GOVERNMENT,recommended,critical,1,Government entities must comply with NCA mandatory requirements,ATTESTATION|APPROVAL,False
4941,917,ISO-22301,5.4,BANKING,recommended,critical,2,Financial institutions must implement enhanced controls per SAMA requirements,AUDIT_REPORT|RISK_ASSESSMENT,False
4942,917,ISO-22301,5.4,INSURANCE,recommended,high,2,,,False
4943,917,ISO-22301,5.4,HEALTHCARE,recommended,critical,2,Healthcare organizations must ensure patient data protection per MOH standards,CERTIFICATE|TRAINING_RECORD,False
4944,917,ISO-22301,5.4,TELECOM,recommended,high,2,,,False
4945,917,ISO-22301,5.4,ENERGY,recommended,critical,2,Critical infrastructure requires enhanced OT security controls,BCP_DRP|INCIDENT_REPORT,False
4946,917,ISO-22301,5.4,GOVERNMENT,recommended,critical,2,Government entities must comply with NCA mandatory requirements,ATTESTATION|APPROVAL,False
4947,918,ISO-22301,6.4,BANKING,recommended,high,3,Financial institutions must implement enhanced controls per SAMA requirements,AUDIT_REPORT|RISK_ASSESSMENT,False
4948,918,ISO-22301,6.4,INSURANCE,recommended,medium,3,,,False
4949,918,ISO-22301,6.4,HEALTHCARE,recommended,high,3,Healthcare organizations must ensure patient data protection per MOH standards,CERTIFICATE|TRAINING_RECORD,False
4950,918,ISO-22301,6.4,TELECOM,recommended,medium,3,,,False
4951,918,ISO-22301,6.4,ENERGY,recommended,critical,3,Critical infrastructure requires enhanced OT security controls,BCP_DRP|INCIDENT_REPORT,False
4952,918,ISO-22301,6.4,GOVERNMENT,recommended,critical,3,Government entities must comply with NCA mandatory requirements,ATTESTATION|APPROVAL,False
4953,919,ISO-22301,7.4,BANKING,recommended,medium,4,Financial institutions must implement enhanced controls per SAMA requirements,AUDIT_REPORT|RISK_ASSESSMENT,False
4954,919,ISO-22301,7.4,INSURANCE,recommended,low,4,,,False
4955,919,ISO-22301,7.4,HEALTHCARE,recommended,medium,4,Healthcare organizations must ensure patient data protection per MOH standards,CERTIFICATE|TRAINING_RECORD,False
4956,919,ISO-22301,7.4,TELECOM,recommended,low,4,,,False
4957,919,ISO-22301,7.4,ENERGY,recommended,high,4,Critical infrastructure requires enhanced OT security controls,BCP_DRP|INCIDENT_REPORT,False
4958,919,ISO-22301,7.4,GOVERNMENT,recommended,high,4,Government entities must comply with NCA mandatory requirements,ATTESTATION|APPROVAL,False
4959,920,ISO-22301,1.5,BANKING,recommended,critical,1,Financial institutions must implement enhanced controls per SAMA requirements,AUDIT_REPORT|RISK_ASSESSMENT,False
4960,920,ISO-22301,1.5,INSURANCE,recommended,critical,1,,,False
4961,920,ISO-22301,1.5,HEALTHCARE,recommended,critical,1,Healthcare organizations must ensure patient data protection per MOH standards,CERTIFICATE|TRAINING_RECORD,False
4962,920,ISO-22301,1.5,TELECOM,recommended,critical,1,,,False
4963,920,ISO-22301,1.5,ENERGY,recommended,critical,1,Critical infrastructure requires enhanced OT security controls,BCP_DRP|INCIDENT_REPORT,False
4964,920,ISO-22301,1.5,GOVERNMENT,recommended,critical,1,Government entities must comply with NCA mandatory requirements,ATTESTATION|APPROVAL,False
4965,921,ISO-22301,2.5,BANKING,recommended,critical,2,Financial institutions must implement enhanced controls per SAMA requirements,AUDIT_REPORT|RISK_ASSESSMENT,False
4966,921,ISO-22301,2.5,INSURANCE,recommended,high,2,,,False
4967,921,ISO-22301,2.5,HEALTHCARE,recommended,critical,2,Healthcare organizations must ensure patient data protection per MOH standards,CERTIFICATE|TRAINING_RECORD,False
4968,921,ISO-22301,2.5,TELECOM,recommended,high,2,,,False
4969,921,ISO-22301,2.5,ENERGY,recommended,critical,2,Critical infrastructure requires enhanced OT security controls,BCP_DRP|INCIDENT_REPORT,False
4970,921,ISO-22301,2.5,GOVERNMENT,recommended,critical,2,Government entities must comply with NCA mandatory requirements,ATTESTATION|APPROVAL,False
4971,922,ISO-22301,3.5,BANKING,recommended,high,3,Financial institutions must implement enhanced controls per SAMA requirements,AUDIT_REPORT|RISK_ASSESSMENT,False
4972,922,ISO-22301,3.5,INSURANCE,recommended,medium,3,,,False
4973,922,ISO-22301,3.5,HEALTHCARE,recommended,high,3,Healthcare organizations must ensure patient data protection per MOH standards,CERTIFICATE|TRAINING_RECORD,False
4974,922,ISO-22301,3.5,TELECOM,recommended,medium,3,,,False
4975,922,ISO-22301,3.5,ENERGY,recommended,critical,3,Critical infrastructure requires enhanced OT security controls,BCP_DRP|INCIDENT_REPORT,False
4976,922,ISO-22301,3.5,GOVERNMENT,recommended,critical,3,Government entities must comply with NCA mandatory requirements,ATTESTATION|APPROVAL,False
4977,923,ISO-22301,4.5,BANKING,recommended,medium,4,Financial institutions must implement enhanced controls per SAMA requirements,AUDIT_REPORT|RISK_ASSESSMENT,False
4978,923,ISO-22301,4.5,INSURANCE,recommended,low,4,,,False
4979,923,ISO-22301,4.5,HEALTHCARE,recommended,medium,4,Healthcare organizations must ensure patient data protection per MOH standards,CERTIFICATE|TRAINING_RECORD,False
4980,923,ISO-22301,4.5,TELECOM,recommended,low,4,,,False
4981,923,ISO-22301,4.5,ENERGY,recommended,high,4,Critical infrastructure requires enhanced OT security controls,BCP_DRP|INCIDENT_REPORT,False
4982,923,ISO-22301,4.5,GOVERNMENT,recommended,high,4,Government entities must comply with NCA mandatory requirements,ATTESTATION|APPROVAL,False
4983,924,ISO-22301,5.5,BANKING,recommended,critical,1,Financial institutions must implement enhanced controls per SAMA requirements,AUDIT_REPORT|RISK_ASSESSMENT,False
4984,924,ISO-22301,5.5,INSURANCE,recommended,critical,1,,,False
4985,924,ISO-22301,5.5,HEALTHCARE,recommended,critical,1,Healthcare organizations must ensure patient data protection per MOH standards,CERTIFICATE|TRAINING_RECORD,False
4986,924,ISO-22301,5.5,TELECOM,recommended,critical,1,,,False
4987,924,ISO-22301,5.5,ENERGY,recommended,critical,1,Critical infrastructure requires enhanced OT security controls,BCP_DRP|INCIDENT_REPORT,False
4988,924,ISO-22301,5.5,GOVERNMENT,recommended,critical,1,Government entities must comply with NCA mandatory requirements,ATTESTATION|APPROVAL,False
4989,925,ISO-22301,6.5,BANKING,recommended,critical,2,Financial institutions must implement enhanced controls per SAMA requirements,AUDIT_REPORT|RISK_ASSESSMENT,False
4990,925,ISO-22301,6.5,INSURANCE,recommended,high,2,,,False
4991,925,ISO-22301,6.5,HEALTHCARE,recommended,critical,2,Healthcare organizations must ensure patient data protection per MOH standards,CERTIFICATE|TRAINING_RECORD,False
4992,925,ISO-22301,6.5,TELECOM,recommended,high,2,,,False
4993,925,ISO-22301,6.5,ENERGY,recommended,critical,2,Critical infrastructure requires enhanced OT security controls,BCP_DRP|INCIDENT_REPORT,False
4994,925,ISO-22301,6.5,GOVERNMENT,recommended,critical,2,Government entities must comply with NCA mandatory requirements,ATTESTATION|APPROVAL,False
4995,926,ISO-22301,7.5,BANKING,recommended,high,3,Financial institutions must implement enhanced controls per SAMA requirements,AUDIT_REPORT|RISK_ASSESSMENT,False
4996,926,ISO-22301,7.5,INSURANCE,recommended,medium,3,,,False
4997,926,ISO-22301,7.5,HEALTHCARE,recommended,high,3,Healthcare organizations must ensure patient data protection per MOH standards,CERTIFICATE|TRAINING_RECORD,False
4998,926,ISO-22301,7.5,TELECOM,recommended,medium,3,,,False
4999,926,ISO-22301,7.5,ENERGY,recommended,critical,3,Critical infrastructure requires enhanced OT security controls,BCP_DRP|INCIDENT_REPORT,False
5000,926,ISO-22301,7.5,GOVERNMENT,recommended,critical,3,Government entities must comply with NCA mandatory requirements,ATTESTATION|APPROVAL,False
5001,927,ISO-22301,1.6,BANKING,recommended,medium,4,Financial institutions must implement enhanced controls per SAMA requirements,AUDIT_REPORT|RISK_ASSESSMENT,False
5002,927,ISO-22301,1.6,INSURANCE,recommended,low,4,,,False
5003,927,ISO-22301,1.6,HEALTHCARE,recommended,medium,4,Healthcare organizations must ensure patient data protection per MOH standards,CERTIFICATE|TRAINING_RECORD,False
5004,927,ISO-22301,1.6,TELECOM,recommended,low,4,,,False
5005,927,ISO-22301,1.6,ENERGY,recommended,high,4,Critical infrastructure requires enhanced OT security controls,BCP_DRP|INCIDENT_REPORT,False
5006,927,ISO-22301,1.6,GOVERNMENT,recommended,high,4,Government entities must comply with NCA mandatory requirements,ATTESTATION|APPROVAL,False
5007,928,ISO-22301,2.6,BANKING,recommended,critical,1,Financial institutions must implement enhanced controls per SAMA requirements,AUDIT_REPORT|RISK_ASSESSMENT,False
5008,928,ISO-22301,2.6,INSURANCE,recommended,critical,1,,,False
5009,928,ISO-22301,2.6,HEALTHCARE,recommended,critical,1,Healthcare organizations must ensure patient data protection per MOH standards,CERTIFICATE|TRAINING_RECORD,False
5010,928,ISO-22301,2.6,TELECOM,recommended,critical,1,,,False
5011,928,ISO-22301,2.6,ENERGY,recommended,critical,1,Critical infrastructure requires enhanced OT security controls,BCP_DRP|INCIDENT_REPORT,False
5012,928,ISO-22301,2.6,GOVERNMENT,recommended,critical,1,Government entities must comply with NCA mandatory requirements,ATTESTATION|APPROVAL,False
5013,929,ISO-22301,3.6,BANKING,recommended,critical,2,Financial institutions must implement enhanced controls per SAMA requirements,AUDIT_REPORT|RISK_ASSESSMENT,False
5014,929,ISO-22301,3.6,INSURANCE,recommended,high,2,,,False
5015,929,ISO-22301,3.6,HEALTHCARE,recommended,critical,2,Healthcare organizations must ensure patient data protection per MOH standards,CERTIFICATE|TRAINING_RECORD,False
5016,929,ISO-22301,3.6,TELECOM,recommended,high,2,,,False
5017,929,ISO-22301,3.6,ENERGY,recommended,critical,2,Critical infrastructure requires enhanced OT security controls,BCP_DRP|INCIDENT_REPORT,False
5018,929,ISO-22301,3.6,GOVERNMENT,recommended,critical,2,Government entities must comply with NCA mandatory requirements,ATTESTATION|APPROVAL,False
5019,930,ISO-22301,4.6,BANKING,recommended,high,3,Financial institutions must implement enhanced controls per SAMA requirements,AUDIT_REPORT|RISK_ASSESSMENT,False
5020,930,ISO-22301,4.6,INSURANCE,recommended,medium,3,,,False
5021,930,ISO-22301,4.6,HEALTHCARE,recommended,high,3,Healthcare organizations must ensure patient data protection per MOH standards,CERTIFICATE|TRAINING_RECORD,False
5022,930,ISO-22301,4.6,TELECOM,recommended,medium,3,,,False
5023,930,ISO-22301,4.6,ENERGY,recommended,critical,3,Critical infrastructure requires enhanced OT security controls,BCP_DRP|INCIDENT_REPORT,False
5024,930,ISO-22301,4.6,GOVERNMENT,recommended,critical,3,Government entities must comply with NCA mandatory requirements,ATTESTATION|APPROVAL,False
5025,931,ISO-22301,5.6,BANKING,recommended,medium,4,Financial institutions must implement enhanced controls per SAMA requirements,AUDIT_REPORT|RISK_ASSESSMENT,False
5026,931,ISO-22301,5.6,INSURANCE,recommended,low,4,,,False
5027,931,ISO-22301,5.6,HEALTHCARE,recommended,medium,4,Healthcare organizations must ensure patient data protection per MOH standards,CERTIFICATE|TRAINING_RECORD,False
5028,931,ISO-22301,5.6,TELECOM,recommended,low,4,,,False
5029,931,ISO-22301,5.6,ENERGY,recommended,high,4,Critical infrastructure requires enhanced OT security controls,BCP_DRP|INCIDENT_REPORT,False
5030,931,ISO-22301,5.6,GOVERNMENT,recommended,high,4,Government entities must comply with NCA mandatory requirements,ATTESTATION|APPROVAL,False
5031,932,ISO-22301,6.6,BANKING,recommended,critical,1,Financial institutions must implement enhanced controls per SAMA requirements,AUDIT_REPORT|RISK_ASSESSMENT,False
5032,932,ISO-22301,6.6,INSURANCE,recommended,critical,1,,,False
5033,932,ISO-22301,6.6,HEALTHCARE,recommended,critical,1,Healthcare organizations must ensure patient data protection per MOH standards,CERTIFICATE|TRAINING_RECORD,False
5034,932,ISO-22301,6.6,TELECOM,recommended,critical,1,,,False
5035,932,ISO-22301,6.6,ENERGY,recommended,critical,1,Critical infrastructure requires enhanced OT security controls,BCP_DRP|INCIDENT_REPORT,False
5036,932,ISO-22301,6.6,GOVERNMENT,recommended,critical,1,Government entities must comply with NCA mandatory requirements,ATTESTATION|APPROVAL,False
5037,933,ISO-22301,7.6,BANKING,recommended,critical,2,Financial institutions must implement enhanced controls per SAMA requirements,AUDIT_REPORT|RISK_ASSESSMENT,False
5038,933,ISO-22301,7.6,INSURANCE,recommended,high,2,,,False
5039,933,ISO-22301,7.6,HEALTHCARE,recommended,critical,2,Healthcare organizations must ensure patient data protection per MOH standards,CERTIFICATE|TRAINING_RECORD,False
5040,933,ISO-22301,7.6,TELECOM,recommended,high,2,,,False
5041,933,ISO-22301,7.6,ENERGY,recommended,critical,2,Critical infrastructure requires enhanced OT security controls,BCP_DRP|INCIDENT_REPORT,False
5042,933,ISO-22301,7.6,GOVERNMENT,recommended,critical,2,Government entities must comply with NCA mandatory requirements,ATTESTATION|APPROVAL,False
5043,934,ISO-22301,1.7,BANKING,recommended,high,3,Financial institutions must implement enhanced controls per SAMA requirements,AUDIT_REPORT|RISK_ASSESSMENT,False
5044,934,ISO-22301,1.7,INSURANCE,recommended,medium,3,,,False
5045,934,ISO-22301,1.7,HEALTHCARE,recommended,high,3,Healthcare organizations must ensure patient data protection per MOH standards,CERTIFICATE|TRAINING_RECORD,False
5046,934,ISO-22301,1.7,TELECOM,recommended,medium,3,,,False
5047,934,ISO-22301,1.7,ENERGY,recommended,critical,3,Critical infrastructure requires enhanced OT security controls,BCP_DRP|INCIDENT_REPORT,False
5048,934,ISO-22301,1.7,GOVERNMENT,recommended,critical,3,Government entities must comply with NCA mandatory requirements,ATTESTATION|APPROVAL,False
5049,935,ISO-22301,2.7,BANKING,recommended,medium,4,Financial institutions must implement enhanced controls per SAMA requirements,AUDIT_REPORT|RISK_ASSESSMENT,False
5050,935,ISO-22301,2.7,INSURANCE,recommended,low,4,,,False
5051,935,ISO-22301,2.7,HEALTHCARE,recommended,medium,4,Healthcare organizations must ensure patient data protection per MOH standards,CERTIFICATE|TRAINING_RECORD,False
5052,935,ISO-22301,2.7,TELECOM,recommended,low,4,,,False
5053,935,ISO-22301,2.7,ENERGY,recommended,high,4,Critical infrastructure requires enhanced OT security controls,BCP_DRP|INCIDENT_REPORT,False
5054,935,ISO-22301,2.7,GOVERNMENT,recommended,high,4,Government entities must comply with NCA mandatory requirements,ATTESTATION|APPROVAL,False
5055,936,ISO-22301,3.7,BANKING,recommended,critical,1,Financial institutions must implement enhanced controls per SAMA requirements,AUDIT_REPORT|RISK_ASSESSMENT,False
5056,936,ISO-22301,3.7,INSURANCE,recommended,critical,1,,,False
5057,936,ISO-22301,3.7,HEALTHCARE,recommended,critical,1,Healthcare organizations must ensure patient data protection per MOH standards,CERTIFICATE|TRAINING_RECORD,False
5058,936,ISO-22301,3.7,TELECOM,recommended,critical,1,,,False
5059,936,ISO-22301,3.7,ENERGY,recommended,critical,1,Critical infrastructure requires enhanced OT security controls,BCP_DRP|INCIDENT_REPORT,False
5060,936,ISO-22301,3.7,GOVERNMENT,recommended,critical,1,Government entities must comply with NCA mandatory requirements,ATTESTATION|APPROVAL,False
5061,937,ISO-22301,4.7,BANKING,recommended,critical,2,Financial institutions must implement enhanced controls per SAMA requirements,AUDIT_REPORT|RISK_ASSESSMENT,False
5062,937,ISO-22301,4.7,INSURANCE,recommended,high,2,,,False
5063,937,ISO-22301,4.7,HEALTHCARE,recommended,critical,2,Healthcare organizations must ensure patient data protection per MOH standards,CERTIFICATE|TRAINING_RECORD,False
5064,937,ISO-22301,4.7,TELECOM,recommended,high,2,,,False
5065,937,ISO-22301,4.7,ENERGY,recommended,critical,2,Critical infrastructure requires enhanced OT security controls,BCP_DRP|INCIDENT_REPORT,False
5066,937,ISO-22301,4.7,GOVERNMENT,recommended,critical,2,Government entities must comply with NCA mandatory requirements,ATTESTATION|APPROVAL,False
5067,938,ISO-22301,5.7,BANKING,recommended,high,3,Financial institutions must implement enhanced controls per SAMA requirements,AUDIT_REPORT|RISK_ASSESSMENT,False
5068,938,ISO-22301,5.7,INSURANCE,recommended,medium,3,,,False
5069,938,ISO-22301,5.7,HEALTHCARE,recommended,high,3,Healthcare organizations must ensure patient data protection per MOH standards,CERTIFICATE|TRAINING_RECORD,False
5070,938,ISO-22301,5.7,TELECOM,recommended,medium,3,,,False
5071,938,ISO-22301,5.7,ENERGY,recommended,critical,3,Critical infrastructure requires enhanced OT security controls,BCP_DRP|INCIDENT_REPORT,False
5072,938,ISO-22301,5.7,GOVERNMENT,recommended,critical,3,Government entities must comply with NCA mandatory requirements,ATTESTATION|APPROVAL,False
5073,939,ISO-22301,6.7,BANKING,recommended,medium,4,Financial institutions must implement enhanced controls per SAMA requirements,AUDIT_REPORT|RISK_ASSESSMENT,False
5074,939,ISO-22301,6.7,INSURANCE,recommended,low,4,,,False
5075,939,ISO-22301,6.7,HEALTHCARE,recommended,medium,4,Healthcare organizations must ensure patient data protection per MOH standards,CERTIFICATE|TRAINING_RECORD,False
5076,939,ISO-22301,6.7,TELECOM,recommended,low,4,,,False
5077,939,ISO-22301,6.7,ENERGY,recommended,high,4,Critical infrastructure requires enhanced OT security controls,BCP_DRP|INCIDENT_REPORT,False
5078,939,ISO-22301,6.7,GOVERNMENT,recommended,high,4,Government entities must comply with NCA mandatory requirements,ATTESTATION|APPROVAL,False
5079,940,ISO-22301,7.7,BANKING,recommended,critical,1,Financial institutions must implement enhanced controls per SAMA requirements,AUDIT_REPORT|RISK_ASSESSMENT,False
5080,940,ISO-22301,7.7,INSURANCE,recommended,critical,1,,,False
5081,940,ISO-22301,7.7,HEALTHCARE,recommended,critical,1,Healthcare organizations must ensure patient data protection per MOH standards,CERTIFICATE|TRAINING_RECORD,False
5082,940,ISO-22301,7.7,TELECOM,recommended,critical,1,,,False
5083,940,ISO-22301,7.7,ENERGY,recommended,critical,1,Critical infrastructure requires enhanced OT security controls,BCP_DRP|INCIDENT_REPORT,False
5084,940,ISO-22301,7.7,GOVERNMENT,recommended,critical,1,Government entities must comply with NCA mandatory requirements,ATTESTATION|APPROVAL,False
5085,941,ISO-22301,1.8,BANKING,recommended,critical,2,Financial institutions must implement enhanced controls per SAMA requirements,AUDIT_REPORT|RISK_ASSESSMENT,False
5086,941,ISO-22301,1.8,INSURANCE,recommended,high,2,,,False
5087,941,ISO-22301,1.8,HEALTHCARE,recommended,critical,2,Healthcare organizations must ensure patient data protection per MOH standards,CERTIFICATE|TRAINING_RECORD,False
5088,941,ISO-22301,1.8,TELECOM,recommended,high,2,,,False
5089,941,ISO-22301,1.8,ENERGY,recommended,critical,2,Critical infrastructure requires enhanced OT security controls,BCP_DRP|INCIDENT_REPORT,False
5090,941,ISO-22301,1.8,GOVERNMENT,recommended,critical,2,Government entities must comply with NCA mandatory requirements,ATTESTATION|APPROVAL,False
5091,942,ISO-22301,2.8,BANKING,recommended,high,3,Financial institutions must implement enhanced controls per SAMA requirements,AUDIT_REPORT|RISK_ASSESSMENT,False
5092,942,ISO-22301,2.8,INSURANCE,recommended,medium,3,,,False
5093,942,ISO-22301,2.8,HEALTHCARE,recommended,high,3,Healthcare organizations must ensure patient data protection per MOH standards,CERTIFICATE|TRAINING_RECORD,False
5094,942,ISO-22301,2.8,TELECOM,recommended,medium,3,,,False
5095,942,ISO-22301,2.8,ENERGY,recommended,critical,3,Critical infrastructure requires enhanced OT security controls,BCP_DRP|INCIDENT_REPORT,False
5096,942,ISO-22301,2.8,GOVERNMENT,recommended,critical,3,Government entities must comply with NCA mandatory requirements,ATTESTATION|APPROVAL,False
5097,943,ISO-22301,3.8,BANKING,recommended,medium,4,Financial institutions must implement enhanced controls per SAMA requirements,AUDIT_REPORT|RISK_ASSESSMENT,False
5098,943,ISO-22301,3.8,INSURANCE,recommended,low,4,,,False
5099,943,ISO-22301,3.8,HEALTHCARE,recommended,medium,4,Healthcare organizations must ensure patient data protection per MOH standards,CERTIFICATE|TRAINING_RECORD,False
5100,943,ISO-22301,3.8,TELECOM,recommended,low,4,,,False
5101,943,ISO-22301,3.8,ENERGY,recommended,high,4,Critical infrastructure requires enhanced OT security controls,BCP_DRP|INCIDENT_REPORT,False
5102,943,ISO-22301,3.8,GOVERNMENT,recommended,high,4,Government entities must comply with NCA mandatory requirements,ATTESTATION|APPROVAL,False
5103,944,ISO-22301,4.8,BANKING,recommended,critical,1,Financial institutions must implement enhanced controls per SAMA requirements,AUDIT_REPORT|RISK_ASSESSMENT,False
5104,944,ISO-22301,4.8,INSURANCE,recommended,critical,1,,,False
5105,944,ISO-22301,4.8,HEALTHCARE,recommended,critical,1,Healthcare organizations must ensure patient data protection per MOH standards,CERTIFICATE|TRAINING_RECORD,False
5106,944,ISO-22301,4.8,TELECOM,recommended,critical,1,,,False
5107,944,ISO-22301,4.8,ENERGY,recommended,critical,1,Critical infrastructure requires enhanced OT security controls,BCP_DRP|INCIDENT_REPORT,False
5108,944,ISO-22301,4.8,GOVERNMENT,recommended,critical,1,Government entities must comply with NCA mandatory requirements,ATTESTATION|APPROVAL,False
5109,945,ISO-22301,5.8,BANKING,recommended,critical,2,Financial institutions must implement enhanced controls per SAMA requirements,AUDIT_REPORT|RISK_ASSESSMENT,False
5110,945,ISO-22301,5.8,INSURANCE,recommended,high,2,,,False
5111,945,ISO-22301,5.8,HEALTHCARE,recommended,critical,2,Healthcare organizations must ensure patient data protection per MOH standards,CERTIFICATE|TRAINING_RECORD,False
5112,945,ISO-22301,5.8,TELECOM,recommended,high,2,,,False
5113,945,ISO-22301,5.8,ENERGY,recommended,critical,2,Critical infrastructure requires enhanced OT security controls,BCP_DRP|INCIDENT_REPORT,False
5114,945,ISO-22301,5.8,GOVERNMENT,recommended,critical,2,Government entities must comply with NCA mandatory requirements,ATTESTATION|APPROVAL,False
5115,946,ISO-22301,6.8,BANKING,recommended,high,3,Financial institutions must implement enhanced controls per SAMA requirements,AUDIT_REPORT|RISK_ASSESSMENT,False
5116,946,ISO-22301,6.8,INSURANCE,recommended,medium,3,,,False
5117,946,ISO-22301,6.8,HEALTHCARE,recommended,high,3,Healthcare organizations must ensure patient data protection per MOH standards,CERTIFICATE|TRAINING_RECORD,False
5118,946,ISO-22301,6.8,TELECOM,recommended,medium,3,,,False
5119,946,ISO-22301,6.8,ENERGY,recommended,critical,3,Critical infrastructure requires enhanced OT security controls,BCP_DRP|INCIDENT_REPORT,False
5120,946,ISO-22301,6.8,GOVERNMENT,recommended,critical,3,Government entities must comply with NCA mandatory requirements,ATTESTATION|APPROVAL,False
5121,947,ISO-22301,7.8,BANKING,recommended,medium,4,Financial institutions must implement enhanced controls per SAMA requirements,AUDIT_REPORT|RISK_ASSESSMENT,False
5122,947,ISO-22301,7.8,INSURANCE,recommended,low,4,,,False
5123,947,ISO-22301,7.8,HEALTHCARE,recommended,medium,4,Healthcare organizations must ensure patient data protection per MOH standards,CERTIFICATE|TRAINING_RECORD,False
5124,947,ISO-22301,7.8,TELECOM,recommended,low,4,,,False
5125,947,ISO-22301,7.8,ENERGY,recommended,high,4,Critical infrastructure requires enhanced OT security controls,BCP_DRP|INCIDENT_REPORT,False
5126,947,ISO-22301,7.8,GOVERNMENT,recommended,high,4,Government entities must comply with NCA mandatory requirements,ATTESTATION|APPROVAL,False
5127,948,ISO-22301,1.9,BANKING,recommended,critical,1,Financial institutions must implement enhanced controls per SAMA requirements,AUDIT_REPORT|RISK_ASSESSMENT,False
5128,948,ISO-22301,1.9,INSURANCE,recommended,critical,1,,,False
5129,948,ISO-22301,1.9,HEALTHCARE,recommended,critical,1,Healthcare organizations must ensure patient data protection per MOH standards,CERTIFICATE|TRAINING_RECORD,False
5130,948,ISO-22301,1.9,TELECOM,recommended,critical,1,,,False
5131,948,ISO-22301,1.9,ENERGY,recommended,critical,1,Critical infrastructure requires enhanced OT security controls,BCP_DRP|INCIDENT_REPORT,False
5132,948,ISO-22301,1.9,GOVERNMENT,recommended,critical,1,Government entities must comply with NCA mandatory requirements,ATTESTATION|APPROVAL,False
5133,949,ISO-22301,2.9,BANKING,recommended,critical,2,Financial institutions must implement enhanced controls per SAMA requirements,AUDIT_REPORT|RISK_ASSESSMENT,False
5134,949,ISO-22301,2.9,INSURANCE,recommended,high,2,,,False
5135,949,ISO-22301,2.9,HEALTHCARE,recommended,critical,2,Healthcare organizations must ensure patient data protection per MOH standards,CERTIFICATE|TRAINING_RECORD,False
5136,949,ISO-22301,2.9,TELECOM,recommended,high,2,,,False
5137,949,ISO-22301,2.9,ENERGY,recommended,critical,2,Critical infrastructure requires enhanced OT security controls,BCP_DRP|INCIDENT_REPORT,False
5138,949,ISO-22301,2.9,GOVERNMENT,recommended,critical,2,Government entities must comply with NCA mandatory requirements,ATTESTATION|APPROVAL,False
5139,950,ISO-22301,3.9,BANKING,recommended,high,3,Financial institutions must implement enhanced controls per SAMA requirements,AUDIT_REPORT|RISK_ASSESSMENT,False
5140,950,ISO-22301,3.9,INSURANCE,recommended,medium,3,,,False
5141,950,ISO-22301,3.9,HEALTHCARE,recommended,high,3,Healthcare organizations must ensure patient data protection per MOH standards,CERTIFICATE|TRAINING_RECORD,False
5142,950,ISO-22301,3.9,TELECOM,recommended,medium,3,,,False
5143,950,ISO-22301,3.9,ENERGY,recommended,critical,3,Critical infrastructure requires enhanced OT security controls,BCP_DRP|INCIDENT_REPORT,False
5144,950,ISO-22301,3.9,GOVERNMENT,recommended,critical,3,Government entities must comply with NCA mandatory requirements,ATTESTATION|APPROVAL,False
5145,951,ISO-22301,4.9,BANKING,recommended,medium,4,Financial institutions must implement enhanced controls per SAMA requirements,AUDIT_REPORT|RISK_ASSESSMENT,False
5146,951,ISO-22301,4.9,INSURANCE,recommended,low,4,,,False
5147,951,ISO-22301,4.9,HEALTHCARE,recommended,medium,4,Healthcare organizations must ensure patient data protection per MOH standards,CERTIFICATE|TRAINING_RECORD,False
5148,951,ISO-22301,4.9,TELECOM,recommended,low,4,,,False
5149,951,ISO-22301,4.9,ENERGY,recommended,high,4,Critical infrastructure requires enhanced OT security controls,BCP_DRP|INCIDENT_REPORT,False
5150,951,ISO-22301,4.9,GOVERNMENT,recommended,high,4,Government entities must comply with NCA mandatory requirements,ATTESTATION|APPROVAL,False
5151,952,ISO-22301,5.9,BANKING,recommended,critical,1,Financial institutions must implement enhanced controls per SAMA requirements,AUDIT_REPORT|RISK_ASSESSMENT,False
5152,952,ISO-22301,5.9,INSURANCE,recommended,critical,1,,,False
5153,952,ISO-22301,5.9,HEALTHCARE,recommended,critical,1,Healthcare organizations must ensure patient data protection per MOH standards,CERTIFICATE|TRAINING_RECORD,False
5154,952,ISO-22301,5.9,TELECOM,recommended,critical,1,,,False
5155,952,ISO-22301,5.9,ENERGY,recommended,critical,1,Critical infrastructure requires enhanced OT security controls,BCP_DRP|INCIDENT_REPORT,False
5156,952,ISO-22301,5.9,GOVERNMENT,recommended,critical,1,Government entities must comply with NCA mandatory requirements,ATTESTATION|APPROVAL,False
5157,953,ISO-22301,6.9,BANKING,recommended,critical,2,Financial institutions must implement enhanced controls per SAMA requirements,AUDIT_REPORT|RISK_ASSESSMENT,False
5158,953,ISO-22301,6.9,INSURANCE,recommended,high,2,,,False
5159,953,ISO-22301,6.9,HEALTHCARE,recommended,critical,2,Healthcare organizations must ensure patient data protection per MOH standards,CERTIFICATE|TRAINING_RECORD,False
5160,953,ISO-22301,6.9,TELECOM,recommended,high,2,,,False
5161,953,ISO-22301,6.9,ENERGY,recommended,critical,2,Critical infrastructure requires enhanced OT security controls,BCP_DRP|INCIDENT_REPORT,False
5162,953,ISO-22301,6.9,GOVERNMENT,recommended,critical,2,Government entities must comply with NCA mandatory requirements,ATTESTATION|APPROVAL,False
5163,954,ISO-22301,7.9,BANKING,recommended,high,3,Financial institutions must implement enhanced controls per SAMA requirements,AUDIT_REPORT|RISK_ASSESSMENT,False
5164,954,ISO-22301,7.9,INSURANCE,recommended,medium,3,,,False
5165,954,ISO-22301,7.9,HEALTHCARE,recommended,high,3,Healthcare organizations must ensure patient data protection per MOH standards,CERTIFICATE|TRAINING_RECORD,False
5166,954,ISO-22301,7.9,TELECOM,recommended,medium,3,,,False
5167,954,ISO-22301,7.9,ENERGY,recommended,critical,3,Critical infrastructure requires enhanced OT security controls,BCP_DRP|INCIDENT_REPORT,False
5168,954,ISO-22301,7.9,GOVERNMENT,recommended,critical,3,Government entities must comply with NCA mandatory requirements,ATTESTATION|APPROVAL,False
5169,955,ISO-22301,1.10,BANKING,recommended,medium,4,Financial institutions must implement enhanced controls per SAMA requirements,AUDIT_REPORT|RISK_ASSESSMENT,False
5170,955,ISO-22301,1.10,INSURANCE,recommended,low,4,,,False
5171,955,ISO-22301,1.10,HEALTHCARE,recommended,medium,4,Healthcare organizations must ensure patient data protection per MOH standards,CERTIFICATE|TRAINING_RECORD,False
5172,955,ISO-22301,1.10,TELECOM,recommended,low,4,,,False
5173,955,ISO-22301,1.10,ENERGY,recommended,high,4,Critical infrastructure requires enhanced OT security controls,BCP_DRP|INCIDENT_REPORT,False
5174,955,ISO-22301,1.10,GOVERNMENT,recommended,high,4,Government entities must comply with NCA mandatory requirements,ATTESTATION|APPROVAL,False
5175,956,ISO-22301,2.10,BANKING,recommended,critical,1,Financial institutions must implement enhanced controls per SAMA requirements,AUDIT_REPORT|RISK_ASSESSMENT,False
5176,956,ISO-22301,2.10,INSURANCE,recommended,critical,1,,,False
5177,956,ISO-22301,2.10,HEALTHCARE,recommended,critical,1,Healthcare organizations must ensure patient data protection per MOH standards,CERTIFICATE|TRAINING_RECORD,False
5178,956,ISO-22301,2.10,TELECOM,recommended,critical,1,,,False
5179,956,ISO-22301,2.10,ENERGY,recommended,critical,1,Critical infrastructure requires enhanced OT security controls,BCP_DRP|INCIDENT_REPORT,False
5180,956,ISO-22301,2.10,GOVERNMENT,recommended,critical,1,Government entities must comply with NCA mandatory requirements,ATTESTATION|APPROVAL,False
5181,957,ISO-22301,3.10,BANKING,recommended,critical,2,Financial institutions must implement enhanced controls per SAMA requirements,AUDIT_REPORT|RISK_ASSESSMENT,False
5182,957,ISO-22301,3.10,INSURANCE,recommended,high,2,,,False
5183,957,ISO-22301,3.10,HEALTHCARE,recommended,critical,2,Healthcare organizations must ensure patient data protection per MOH standards,CERTIFICATE|TRAINING_RECORD,False
5184,957,ISO-22301,3.10,TELECOM,recommended,high,2,,,False
5185,957,ISO-22301,3.10,ENERGY,recommended,critical,2,Critical infrastructure requires enhanced OT security controls,BCP_DRP|INCIDENT_REPORT,False
5186,957,ISO-22301,3.10,GOVERNMENT,recommended,critical,2,Government entities must comply with NCA mandatory requirements,ATTESTATION|APPROVAL,False
5187,958,ISO-22301,4.10,BANKING,recommended,high,3,Financial institutions must implement enhanced controls per SAMA requirements,AUDIT_REPORT|RISK_ASSESSMENT,False
5188,958,ISO-22301,4.10,INSURANCE,recommended,medium,3,,,False
5189,958,ISO-22301,4.10,HEALTHCARE,recommended,high,3,Healthcare organizations must ensure patient data protection per MOH standards,CERTIFICATE|TRAINING_RECORD,False
5190,958,ISO-22301,4.10,TELECOM,recommended,medium,3,,,False
5191,958,ISO-22301,4.10,ENERGY,recommended,critical,3,Critical infrastructure requires enhanced OT security controls,BCP_DRP|INCIDENT_REPORT,False
5192,958,ISO-22301,4.10,GOVERNMENT,recommended,critical,3,Government entities must comply with NCA mandatory requirements,ATTESTATION|APPROVAL,False
5193,959,NIST-CSF,1.1,BANKING,recommended,critical,1,Financial institutions must implement enhanced controls per SAMA requirements,AUDIT_REPORT|RISK_ASSESSMENT,False
5194,959,NIST-CSF,1.1,INSURANCE,recommended,critical,1,,,False
5195,959,NIST-CSF,1.1,CAPITAL_MARKETS,recommended,critical,1,,,False
5196,959,NIST-CSF,1.1,FINTECH,recommended,critical,1,FinTech companies must meet both SAMA and PCI requirements,PENTEST|SCAN_REPORT,False
5197,959,NIST-CSF,1.1,HEALTHCARE,recommended,critical,1,Healthcare organizations must ensure patient data protection per MOH standards,CERTIFICATE|TRAINING_RECORD,False
5198,959,NIST-CSF,1.1,TELECOM,recommended,critical,1,,,False
5199,959,NIST-CSF,1.1,ICT,recommended,critical,1,,,False
5200,959,NIST-CSF,1.1,CLOUD,recommended,critical,1,,,False
5201,959,NIST-CSF,1.1,GOVERNMENT,recommended,critical,1,Government entities must comply with NCA mandatory requirements,ATTESTATION|APPROVAL,False
5202,959,NIST-CSF,1.1,ENERGY,recommended,critical,1,Critical infrastructure requires enhanced OT security controls,BCP_DRP|INCIDENT_REPORT,False
5203,959,NIST-CSF,1.1,MANUFACTURING,recommended,critical,1,,,False
5204,960,NIST-CSF,2.1,BANKING,recommended,critical,2,Financial institutions must implement enhanced controls per SAMA requirements,AUDIT_REPORT|RISK_ASSESSMENT,False
5205,960,NIST-CSF,2.1,INSURANCE,recommended,high,2,,,False
5206,960,NIST-CSF,2.1,CAPITAL_MARKETS,recommended,high,2,,,False
5207,960,NIST-CSF,2.1,FINTECH,recommended,critical,2,FinTech companies must meet both SAMA and PCI requirements,PENTEST|SCAN_REPORT,False
5208,960,NIST-CSF,2.1,HEALTHCARE,recommended,critical,2,Healthcare organizations must ensure patient data protection per MOH standards,CERTIFICATE|TRAINING_RECORD,False
5209,960,NIST-CSF,2.1,TELECOM,recommended,high,2,,,False
5210,960,NIST-CSF,2.1,ICT,recommended,high,2,,,False
5211,960,NIST-CSF,2.1,CLOUD,recommended,high,2,,,False
5212,960,NIST-CSF,2.1,GOVERNMENT,recommended,critical,2,Government entities must comply with NCA mandatory requirements,ATTESTATION|APPROVAL,False
5213,960,NIST-CSF,2.1,ENERGY,recommended,critical,2,Critical infrastructure requires enhanced OT security controls,BCP_DRP|INCIDENT_REPORT,False
5214,960,NIST-CSF,2.1,MANUFACTURING,recommended,high,2,,,False
5215,961,NIST-CSF,3.1,BANKING,recommended,high,3,Financial institutions must implement enhanced controls per SAMA requirements,AUDIT_REPORT|RISK_ASSESSMENT,False
5216,961,NIST-CSF,3.1,INSURANCE,recommended,medium,3,,,False
5217,961,NIST-CSF,3.1,CAPITAL_MARKETS,recommended,medium,3,,,False
5218,961,NIST-CSF,3.1,FINTECH,recommended,high,3,FinTech companies must meet both SAMA and PCI requirements,PENTEST|SCAN_REPORT,False
5219,961,NIST-CSF,3.1,HEALTHCARE,recommended,high,3,Healthcare organizations must ensure patient data protection per MOH standards,CERTIFICATE|TRAINING_RECORD,False
5220,961,NIST-CSF,3.1,TELECOM,recommended,medium,3,,,False
5221,961,NIST-CSF,3.1,ICT,recommended,medium,3,,,False
5222,961,NIST-CSF,3.1,CLOUD,recommended,medium,3,,,False
5223,961,NIST-CSF,3.1,GOVERNMENT,recommended,critical,3,Government entities must comply with NCA mandatory requirements,ATTESTATION|APPROVAL,False
5224,961,NIST-CSF,3.1,ENERGY,recommended,critical,3,Critical infrastructure requires enhanced OT security controls,BCP_DRP|INCIDENT_REPORT,False
5225,961,NIST-CSF,3.1,MANUFACTURING,recommended,medium,3,,,False
5226,962,NIST-CSF,4.1,BANKING,recommended,medium,4,Financial institutions must implement enhanced controls per SAMA requirements,AUDIT_REPORT|RISK_ASSESSMENT,False
5227,962,NIST-CSF,4.1,INSURANCE,recommended,low,4,,,False
5228,962,NIST-CSF,4.1,CAPITAL_MARKETS,recommended,low,4,,,False
5229,962,NIST-CSF,4.1,FINTECH,recommended,medium,4,FinTech companies must meet both SAMA and PCI requirements,PENTEST|SCAN_REPORT,False
5230,962,NIST-CSF,4.1,HEALTHCARE,recommended,medium,4,Healthcare organizations must ensure patient data protection per MOH standards,CERTIFICATE|TRAINING_RECORD,False
5231,962,NIST-CSF,4.1,TELECOM,recommended,low,4,,,False
5232,962,NIST-CSF,4.1,ICT,recommended,low,4,,,False
5233,962,NIST-CSF,4.1,CLOUD,recommended,low,4,,,False
5234,962,NIST-CSF,4.1,GOVERNMENT,recommended,high,4,Government entities must comply with NCA mandatory requirements,ATTESTATION|APPROVAL,False
5235,962,NIST-CSF,4.1,ENERGY,recommended,high,4,Critical infrastructure requires enhanced OT security controls,BCP_DRP|INCIDENT_REPORT,False
5236,962,NIST-CSF,4.1,MANUFACTURING,recommended,low,4,,,False
5237,963,NIST-CSF,5.1,BANKING,recommended,critical,1,Financial institutions must implement enhanced controls per SAMA requirements,AUDIT_REPORT|RISK_ASSESSMENT,False
5238,963,NIST-CSF,5.1,INSURANCE,recommended,critical,1,,,False
5239,963,NIST-CSF,5.1,CAPITAL_MARKETS,recommended,critical,1,,,False
5240,963,NIST-CSF,5.1,FINTECH,recommended,critical,1,FinTech companies must meet both SAMA and PCI requirements,PENTEST|SCAN_REPORT,False
5241,963,NIST-CSF,5.1,HEALTHCARE,recommended,critical,1,Healthcare organizations must ensure patient data protection per MOH standards,CERTIFICATE|TRAINING_RECORD,False
5242,963,NIST-CSF,5.1,TELECOM,recommended,critical,1,,,False
5243,963,NIST-CSF,5.1,ICT,recommended,critical,1,,,False
5244,963,NIST-CSF,5.1,CLOUD,recommended,critical,1,,,False
5245,963,NIST-CSF,5.1,GOVERNMENT,recommended,critical,1,Government entities must comply with NCA mandatory requirements,ATTESTATION|APPROVAL,False
5246,963,NIST-CSF,5.1,ENERGY,recommended,critical,1,Critical infrastructure requires enhanced OT security controls,BCP_DRP|INCIDENT_REPORT,False
5247,963,NIST-CSF,5.1,MANUFACTURING,recommended,critical,1,,,False
5248,964,NIST-CSF,6.1,BANKING,recommended,critical,2,Financial institutions must implement enhanced controls per SAMA requirements,AUDIT_REPORT|RISK_ASSESSMENT,False
5249,964,NIST-CSF,6.1,INSURANCE,recommended,high,2,,,False
5250,964,NIST-CSF,6.1,CAPITAL_MARKETS,recommended,high,2,,,False
5251,964,NIST-CSF,6.1,FINTECH,recommended,critical,2,FinTech companies must meet both SAMA and PCI requirements,PENTEST|SCAN_REPORT,False
5252,964,NIST-CSF,6.1,HEALTHCARE,recommended,critical,2,Healthcare organizations must ensure patient data protection per MOH standards,CERTIFICATE|TRAINING_RECORD,False
5253,964,NIST-CSF,6.1,TELECOM,recommended,high,2,,,False
5254,964,NIST-CSF,6.1,ICT,recommended,high,2,,,False
5255,964,NIST-CSF,6.1,CLOUD,recommended,high,2,,,False
5256,964,NIST-CSF,6.1,GOVERNMENT,recommended,critical,2,Government entities must comply with NCA mandatory requirements,ATTESTATION|APPROVAL,False
5257,964,NIST-CSF,6.1,ENERGY,recommended,critical,2,Critical infrastructure requires enhanced OT security controls,BCP_DRP|INCIDENT_REPORT,False
5258,964,NIST-CSF,6.1,MANUFACTURING,recommended,high,2,,,False
5259,965,NIST-CSF,1.2,BANKING,recommended,high,3,Financial institutions must implement enhanced controls per SAMA requirements,AUDIT_REPORT|RISK_ASSESSMENT,False
5260,965,NIST-CSF,1.2,INSURANCE,recommended,medium,3,,,False
5261,965,NIST-CSF,1.2,CAPITAL_MARKETS,recommended,medium,3,,,False
5262,965,NIST-CSF,1.2,FINTECH,recommended,high,3,FinTech companies must meet both SAMA and PCI requirements,PENTEST|SCAN_REPORT,False
5263,965,NIST-CSF,1.2,HEALTHCARE,recommended,high,3,Healthcare organizations must ensure patient data protection per MOH standards,CERTIFICATE|TRAINING_RECORD,False
5264,965,NIST-CSF,1.2,TELECOM,recommended,medium,3,,,False
5265,965,NIST-CSF,1.2,ICT,recommended,medium,3,,,False
5266,965,NIST-CSF,1.2,CLOUD,recommended,medium,3,,,False
5267,965,NIST-CSF,1.2,GOVERNMENT,recommended,critical,3,Government entities must comply with NCA mandatory requirements,ATTESTATION|APPROVAL,False
5268,965,NIST-CSF,1.2,ENERGY,recommended,critical,3,Critical infrastructure requires enhanced OT security controls,BCP_DRP|INCIDENT_REPORT,False
5269,965,NIST-CSF,1.2,MANUFACTURING,recommended,medium,3,,,False
5270,966,NIST-CSF,2.2,BANKING,recommended,medium,4,Financial institutions must implement enhanced controls per SAMA requirements,AUDIT_REPORT|RISK_ASSESSMENT,False
5271,966,NIST-CSF,2.2,INSURANCE,recommended,low,4,,,False
5272,966,NIST-CSF,2.2,CAPITAL_MARKETS,recommended,low,4,,,False
5273,966,NIST-CSF,2.2,FINTECH,recommended,medium,4,FinTech companies must meet both SAMA and PCI requirements,PENTEST|SCAN_REPORT,False
5274,966,NIST-CSF,2.2,HEALTHCARE,recommended,medium,4,Healthcare organizations must ensure patient data protection per MOH standards,CERTIFICATE|TRAINING_RECORD,False
5275,966,NIST-CSF,2.2,TELECOM,recommended,low,4,,,False
5276,966,NIST-CSF,2.2,ICT,recommended,low,4,,,False
5277,966,NIST-CSF,2.2,CLOUD,recommended,low,4,,,False
5278,966,NIST-CSF,2.2,GOVERNMENT,recommended,high,4,Government entities must comply with NCA mandatory requirements,ATTESTATION|APPROVAL,False
5279,966,NIST-CSF,2.2,ENERGY,recommended,high,4,Critical infrastructure requires enhanced OT security controls,BCP_DRP|INCIDENT_REPORT,False
5280,966,NIST-CSF,2.2,MANUFACTURING,recommended,low,4,,,False
5281,967,NIST-CSF,3.2,BANKING,recommended,critical,1,Financial institutions must implement enhanced controls per SAMA requirements,AUDIT_REPORT|RISK_ASSESSMENT,False
5282,967,NIST-CSF,3.2,INSURANCE,recommended,critical,1,,,False
5283,967,NIST-CSF,3.2,CAPITAL_MARKETS,recommended,critical,1,,,False
5284,967,NIST-CSF,3.2,FINTECH,recommended,critical,1,FinTech companies must meet both SAMA and PCI requirements,PENTEST|SCAN_REPORT,False
5285,967,NIST-CSF,3.2,HEALTHCARE,recommended,critical,1,Healthcare organizations must ensure patient data protection per MOH standards,CERTIFICATE|TRAINING_RECORD,False
5286,967,NIST-CSF,3.2,TELECOM,recommended,critical,1,,,False
5287,967,NIST-CSF,3.2,ICT,recommended,critical,1,,,False
5288,967,NIST-CSF,3.2,CLOUD,recommended,critical,1,,,False
5289,967,NIST-CSF,3.2,GOVERNMENT,recommended,critical,1,Government entities must comply with NCA mandatory requirements,ATTESTATION|APPROVAL,False
5290,967,NIST-CSF,3.2,ENERGY,recommended,critical,1,Critical infrastructure requires enhanced OT security controls,BCP_DRP|INCIDENT_REPORT,False
5291,967,NIST-CSF,3.2,MANUFACTURING,recommended,critical,1,,,False
5292,968,NIST-CSF,4.2,BANKING,recommended,critical,2,Financial institutions must implement enhanced controls per SAMA requirements,AUDIT_REPORT|RISK_ASSESSMENT,False
5293,968,NIST-CSF,4.2,INSURANCE,recommended,high,2,,,False
5294,968,NIST-CSF,4.2,CAPITAL_MARKETS,recommended,high,2,,,False
5295,968,NIST-CSF,4.2,FINTECH,recommended,critical,2,FinTech companies must meet both SAMA and PCI requirements,PENTEST|SCAN_REPORT,False
5296,968,NIST-CSF,4.2,HEALTHCARE,recommended,critical,2,Healthcare organizations must ensure patient data protection per MOH standards,CERTIFICATE|TRAINING_RECORD,False
5297,968,NIST-CSF,4.2,TELECOM,recommended,high,2,,,False
5298,968,NIST-CSF,4.2,ICT,recommended,high,2,,,False
5299,968,NIST-CSF,4.2,CLOUD,recommended,high,2,,,False
5300,968,NIST-CSF,4.2,GOVERNMENT,recommended,critical,2,Government entities must comply with NCA mandatory requirements,ATTESTATION|APPROVAL,False
5301,968,NIST-CSF,4.2,ENERGY,recommended,critical,2,Critical infrastructure requires enhanced OT security controls,BCP_DRP|INCIDENT_REPORT,False
5302,968,NIST-CSF,4.2,MANUFACTURING,recommended,high,2,,,False
5303,969,NIST-CSF,5.2,BANKING,recommended,high,3,Financial institutions must implement enhanced controls per SAMA requirements,AUDIT_REPORT|RISK_ASSESSMENT,False
5304,969,NIST-CSF,5.2,INSURANCE,recommended,medium,3,,,False
5305,969,NIST-CSF,5.2,CAPITAL_MARKETS,recommended,medium,3,,,False
5306,969,NIST-CSF,5.2,FINTECH,recommended,high,3,FinTech companies must meet both SAMA and PCI requirements,PENTEST|SCAN_REPORT,False
5307,969,NIST-CSF,5.2,HEALTHCARE,recommended,high,3,Healthcare organizations must ensure patient data protection per MOH standards,CERTIFICATE|TRAINING_RECORD,False
5308,969,NIST-CSF,5.2,TELECOM,recommended,medium,3,,,False
5309,969,NIST-CSF,5.2,ICT,recommended,medium,3,,,False
5310,969,NIST-CSF,5.2,CLOUD,recommended,medium,3,,,False
5311,969,NIST-CSF,5.2,GOVERNMENT,recommended,critical,3,Government entities must comply with NCA mandatory requirements,ATTESTATION|APPROVAL,False
5312,969,NIST-CSF,5.2,ENERGY,recommended,critical,3,Critical infrastructure requires enhanced OT security controls,BCP_DRP|INCIDENT_REPORT,False
5313,969,NIST-CSF,5.2,MANUFACTURING,recommended,medium,3,,,False
5314,970,NIST-CSF,6.2,BANKING,recommended,medium,4,Financial institutions must implement enhanced controls per SAMA requirements,AUDIT_REPORT|RISK_ASSESSMENT,False
5315,970,NIST-CSF,6.2,INSURANCE,recommended,low,4,,,False
5316,970,NIST-CSF,6.2,CAPITAL_MARKETS,recommended,low,4,,,False
5317,970,NIST-CSF,6.2,FINTECH,recommended,medium,4,FinTech companies must meet both SAMA and PCI requirements,PENTEST|SCAN_REPORT,False
5318,970,NIST-CSF,6.2,HEALTHCARE,recommended,medium,4,Healthcare organizations must ensure patient data protection per MOH standards,CERTIFICATE|TRAINING_RECORD,False
5319,970,NIST-CSF,6.2,TELECOM,recommended,low,4,,,False
5320,970,NIST-CSF,6.2,ICT,recommended,low,4,,,False
5321,970,NIST-CSF,6.2,CLOUD,recommended,low,4,,,False
5322,970,NIST-CSF,6.2,GOVERNMENT,recommended,high,4,Government entities must comply with NCA mandatory requirements,ATTESTATION|APPROVAL,False
5323,970,NIST-CSF,6.2,ENERGY,recommended,high,4,Critical infrastructure requires enhanced OT security controls,BCP_DRP|INCIDENT_REPORT,False
5324,970,NIST-CSF,6.2,MANUFACTURING,recommended,low,4,,,False
5325,971,NIST-CSF,1.3,BANKING,recommended,critical,1,Financial institutions must implement enhanced controls per SAMA requirements,AUDIT_REPORT|RISK_ASSESSMENT,False
5326,971,NIST-CSF,1.3,INSURANCE,recommended,critical,1,,,False
5327,971,NIST-CSF,1.3,CAPITAL_MARKETS,recommended,critical,1,,,False
5328,971,NIST-CSF,1.3,FINTECH,recommended,critical,1,FinTech companies must meet both SAMA and PCI requirements,PENTEST|SCAN_REPORT,False
5329,971,NIST-CSF,1.3,HEALTHCARE,recommended,critical,1,Healthcare organizations must ensure patient data protection per MOH standards,CERTIFICATE|TRAINING_RECORD,False
5330,971,NIST-CSF,1.3,TELECOM,recommended,critical,1,,,False
5331,971,NIST-CSF,1.3,ICT,recommended,critical,1,,,False
5332,971,NIST-CSF,1.3,CLOUD,recommended,critical,1,,,False
5333,971,NIST-CSF,1.3,GOVERNMENT,recommended,critical,1,Government entities must comply with NCA mandatory requirements,ATTESTATION|APPROVAL,False
5334,971,NIST-CSF,1.3,ENERGY,recommended,critical,1,Critical infrastructure requires enhanced OT security controls,BCP_DRP|INCIDENT_REPORT,False
5335,971,NIST-CSF,1.3,MANUFACTURING,recommended,critical,1,,,False
5336,972,NIST-CSF,2.3,BANKING,recommended,critical,2,Financial institutions must implement enhanced controls per SAMA requirements,AUDIT_REPORT|RISK_ASSESSMENT,False
5337,972,NIST-CSF,2.3,INSURANCE,recommended,high,2,,,False
5338,972,NIST-CSF,2.3,CAPITAL_MARKETS,recommended,high,2,,,False
5339,972,NIST-CSF,2.3,FINTECH,recommended,critical,2,FinTech companies must meet both SAMA and PCI requirements,PENTEST|SCAN_REPORT,False
5340,972,NIST-CSF,2.3,HEALTHCARE,recommended,critical,2,Healthcare organizations must ensure patient data protection per MOH standards,CERTIFICATE|TRAINING_RECORD,False
5341,972,NIST-CSF,2.3,TELECOM,recommended,high,2,,,False
5342,972,NIST-CSF,2.3,ICT,recommended,high,2,,,False
5343,972,NIST-CSF,2.3,CLOUD,recommended,high,2,,,False
5344,972,NIST-CSF,2.3,GOVERNMENT,recommended,critical,2,Government entities must comply with NCA mandatory requirements,ATTESTATION|APPROVAL,False
5345,972,NIST-CSF,2.3,ENERGY,recommended,critical,2,Critical infrastructure requires enhanced OT security controls,BCP_DRP|INCIDENT_REPORT,False
5346,972,NIST-CSF,2.3,MANUFACTURING,recommended,high,2,,,False
5347,973,NIST-CSF,3.3,BANKING,recommended,high,3,Financial institutions must implement enhanced controls per SAMA requirements,AUDIT_REPORT|RISK_ASSESSMENT,False
5348,973,NIST-CSF,3.3,INSURANCE,recommended,medium,3,,,False
5349,973,NIST-CSF,3.3,CAPITAL_MARKETS,recommended,medium,3,,,False
5350,973,NIST-CSF,3.3,FINTECH,recommended,high,3,FinTech companies must meet both SAMA and PCI requirements,PENTEST|SCAN_REPORT,False
5351,973,NIST-CSF,3.3,HEALTHCARE,recommended,high,3,Healthcare organizations must ensure patient data protection per MOH standards,CERTIFICATE|TRAINING_RECORD,False
5352,973,NIST-CSF,3.3,TELECOM,recommended,medium,3,,,False
5353,973,NIST-CSF,3.3,ICT,recommended,medium,3,,,False
5354,973,NIST-CSF,3.3,CLOUD,recommended,medium,3,,,False
5355,973,NIST-CSF,3.3,GOVERNMENT,recommended,critical,3,Government entities must comply with NCA mandatory requirements,ATTESTATION|APPROVAL,False
5356,973,NIST-CSF,3.3,ENERGY,recommended,critical,3,Critical infrastructure requires enhanced OT security controls,BCP_DRP|INCIDENT_REPORT,False
5357,973,NIST-CSF,3.3,MANUFACTURING,recommended,medium,3,,,False
5358,974,NIST-CSF,4.3,BANKING,recommended,medium,4,Financial institutions must implement enhanced controls per SAMA requirements,AUDIT_REPORT|RISK_ASSESSMENT,False
5359,974,NIST-CSF,4.3,INSURANCE,recommended,low,4,,,False
5360,974,NIST-CSF,4.3,CAPITAL_MARKETS,recommended,low,4,,,False
5361,974,NIST-CSF,4.3,FINTECH,recommended,medium,4,FinTech companies must meet both SAMA and PCI requirements,PENTEST|SCAN_REPORT,False
5362,974,NIST-CSF,4.3,HEALTHCARE,recommended,medium,4,Healthcare organizations must ensure patient data protection per MOH standards,CERTIFICATE|TRAINING_RECORD,False
5363,974,NIST-CSF,4.3,TELECOM,recommended,low,4,,,False
5364,974,NIST-CSF,4.3,ICT,recommended,low,4,,,False
5365,974,NIST-CSF,4.3,CLOUD,recommended,low,4,,,False
5366,974,NIST-CSF,4.3,GOVERNMENT,recommended,high,4,Government entities must comply with NCA mandatory requirements,ATTESTATION|APPROVAL,False
5367,974,NIST-CSF,4.3,ENERGY,recommended,high,4,Critical infrastructure requires enhanced OT security controls,BCP_DRP|INCIDENT_REPORT,False
5368,974,NIST-CSF,4.3,MANUFACTURING,recommended,low,4,,,False
5369,975,NIST-CSF,5.3,BANKING,recommended,critical,1,Financial institutions must implement enhanced controls per SAMA requirements,AUDIT_REPORT|RISK_ASSESSMENT,False
5370,975,NIST-CSF,5.3,INSURANCE,recommended,critical,1,,,False
5371,975,NIST-CSF,5.3,CAPITAL_MARKETS,recommended,critical,1,,,False
5372,975,NIST-CSF,5.3,FINTECH,recommended,critical,1,FinTech companies must meet both SAMA and PCI requirements,PENTEST|SCAN_REPORT,False
5373,975,NIST-CSF,5.3,HEALTHCARE,recommended,critical,1,Healthcare organizations must ensure patient data protection per MOH standards,CERTIFICATE|TRAINING_RECORD,False
5374,975,NIST-CSF,5.3,TELECOM,recommended,critical,1,,,False
5375,975,NIST-CSF,5.3,ICT,recommended,critical,1,,,False
5376,975,NIST-CSF,5.3,CLOUD,recommended,critical,1,,,False
5377,975,NIST-CSF,5.3,GOVERNMENT,recommended,critical,1,Government entities must comply with NCA mandatory requirements,ATTESTATION|APPROVAL,False
5378,975,NIST-CSF,5.3,ENERGY,recommended,critical,1,Critical infrastructure requires enhanced OT security controls,BCP_DRP|INCIDENT_REPORT,False
5379,975,NIST-CSF,5.3,MANUFACTURING,recommended,critical,1,,,False
5380,976,NIST-CSF,6.3,BANKING,recommended,critical,2,Financial institutions must implement enhanced controls per SAMA requirements,AUDIT_REPORT|RISK_ASSESSMENT,False
5381,976,NIST-CSF,6.3,INSURANCE,recommended,high,2,,,False
5382,976,NIST-CSF,6.3,CAPITAL_MARKETS,recommended,high,2,,,False
5383,976,NIST-CSF,6.3,FINTECH,recommended,critical,2,FinTech companies must meet both SAMA and PCI requirements,PENTEST|SCAN_REPORT,False
5384,976,NIST-CSF,6.3,HEALTHCARE,recommended,critical,2,Healthcare organizations must ensure patient data protection per MOH standards,CERTIFICATE|TRAINING_RECORD,False
5385,976,NIST-CSF,6.3,TELECOM,recommended,high,2,,,False
5386,976,NIST-CSF,6.3,ICT,recommended,high,2,,,False
5387,976,NIST-CSF,6.3,CLOUD,recommended,high,2,,,False
5388,976,NIST-CSF,6.3,GOVERNMENT,recommended,critical,2,Government entities must comply with NCA mandatory requirements,ATTESTATION|APPROVAL,False
5389,976,NIST-CSF,6.3,ENERGY,recommended,critical,2,Critical infrastructure requires enhanced OT security controls,BCP_DRP|INCIDENT_REPORT,False
5390,976,NIST-CSF,6.3,MANUFACTURING,recommended,high,2,,,False
5391,977,NIST-CSF,1.4,BANKING,recommended,high,3,Financial institutions must implement enhanced controls per SAMA requirements,AUDIT_REPORT|RISK_ASSESSMENT,False
5392,977,NIST-CSF,1.4,INSURANCE,recommended,medium,3,,,False
5393,977,NIST-CSF,1.4,CAPITAL_MARKETS,recommended,medium,3,,,False
5394,977,NIST-CSF,1.4,FINTECH,recommended,high,3,FinTech companies must meet both SAMA and PCI requirements,PENTEST|SCAN_REPORT,False
5395,977,NIST-CSF,1.4,HEALTHCARE,recommended,high,3,Healthcare organizations must ensure patient data protection per MOH standards,CERTIFICATE|TRAINING_RECORD,False
5396,977,NIST-CSF,1.4,TELECOM,recommended,medium,3,,,False
5397,977,NIST-CSF,1.4,ICT,recommended,medium,3,,,False
5398,977,NIST-CSF,1.4,CLOUD,recommended,medium,3,,,False
5399,977,NIST-CSF,1.4,GOVERNMENT,recommended,critical,3,Government entities must comply with NCA mandatory requirements,ATTESTATION|APPROVAL,False
5400,977,NIST-CSF,1.4,ENERGY,recommended,critical,3,Critical infrastructure requires enhanced OT security controls,BCP_DRP|INCIDENT_REPORT,False
5401,977,NIST-CSF,1.4,MANUFACTURING,recommended,medium,3,,,False
5402,978,NIST-CSF,2.4,BANKING,recommended,medium,4,Financial institutions must implement enhanced controls per SAMA requirements,AUDIT_REPORT|RISK_ASSESSMENT,False
5403,978,NIST-CSF,2.4,INSURANCE,recommended,low,4,,,False
5404,978,NIST-CSF,2.4,CAPITAL_MARKETS,recommended,low,4,,,False
5405,978,NIST-CSF,2.4,FINTECH,recommended,medium,4,FinTech companies must meet both SAMA and PCI requirements,PENTEST|SCAN_REPORT,False
5406,978,NIST-CSF,2.4,HEALTHCARE,recommended,medium,4,Healthcare organizations must ensure patient data protection per MOH standards,CERTIFICATE|TRAINING_RECORD,False
5407,978,NIST-CSF,2.4,TELECOM,recommended,low,4,,,False
5408,978,NIST-CSF,2.4,ICT,recommended,low,4,,,False
5409,978,NIST-CSF,2.4,CLOUD,recommended,low,4,,,False
5410,978,NIST-CSF,2.4,GOVERNMENT,recommended,high,4,Government entities must comply with NCA mandatory requirements,ATTESTATION|APPROVAL,False
5411,978,NIST-CSF,2.4,ENERGY,recommended,high,4,Critical infrastructure requires enhanced OT security controls,BCP_DRP|INCIDENT_REPORT,False
5412,978,NIST-CSF,2.4,MANUFACTURING,recommended,low,4,,,False
5413,979,NIST-CSF,3.4,BANKING,recommended,critical,1,Financial institutions must implement enhanced controls per SAMA requirements,AUDIT_REPORT|RISK_ASSESSMENT,False
5414,979,NIST-CSF,3.4,INSURANCE,recommended,critical,1,,,False
5415,979,NIST-CSF,3.4,CAPITAL_MARKETS,recommended,critical,1,,,False
5416,979,NIST-CSF,3.4,FINTECH,recommended,critical,1,FinTech companies must meet both SAMA and PCI requirements,PENTEST|SCAN_REPORT,False
5417,979,NIST-CSF,3.4,HEALTHCARE,recommended,critical,1,Healthcare organizations must ensure patient data protection per MOH standards,CERTIFICATE|TRAINING_RECORD,False
5418,979,NIST-CSF,3.4,TELECOM,recommended,critical,1,,,False
5419,979,NIST-CSF,3.4,ICT,recommended,critical,1,,,False
5420,979,NIST-CSF,3.4,CLOUD,recommended,critical,1,,,False
5421,979,NIST-CSF,3.4,GOVERNMENT,recommended,critical,1,Government entities must comply with NCA mandatory requirements,ATTESTATION|APPROVAL,False
5422,979,NIST-CSF,3.4,ENERGY,recommended,critical,1,Critical infrastructure requires enhanced OT security controls,BCP_DRP|INCIDENT_REPORT,False
5423,979,NIST-CSF,3.4,MANUFACTURING,recommended,critical,1,,,False
5424,980,NIST-CSF,4.4,BANKING,recommended,critical,2,Financial institutions must implement enhanced controls per SAMA requirements,AUDIT_REPORT|RISK_ASSESSMENT,False
5425,980,NIST-CSF,4.4,INSURANCE,recommended,high,2,,,False
5426,980,NIST-CSF,4.4,CAPITAL_MARKETS,recommended,high,2,,,False
5427,980,NIST-CSF,4.4,FINTECH,recommended,critical,2,FinTech companies must meet both SAMA and PCI requirements,PENTEST|SCAN_REPORT,False
5428,980,NIST-CSF,4.4,HEALTHCARE,recommended,critical,2,Healthcare organizations must ensure patient data protection per MOH standards,CERTIFICATE|TRAINING_RECORD,False
5429,980,NIST-CSF,4.4,TELECOM,recommended,high,2,,,False
5430,980,NIST-CSF,4.4,ICT,recommended,high,2,,,False
5431,980,NIST-CSF,4.4,CLOUD,recommended,high,2,,,False
5432,980,NIST-CSF,4.4,GOVERNMENT,recommended,critical,2,Government entities must comply with NCA mandatory requirements,ATTESTATION|APPROVAL,False
5433,980,NIST-CSF,4.4,ENERGY,recommended,critical,2,Critical infrastructure requires enhanced OT security controls,BCP_DRP|INCIDENT_REPORT,False
5434,980,NIST-CSF,4.4,MANUFACTURING,recommended,high,2,,,False
5435,981,NIST-CSF,5.4,BANKING,recommended,high,3,Financial institutions must implement enhanced controls per SAMA requirements,AUDIT_REPORT|RISK_ASSESSMENT,False
5436,981,NIST-CSF,5.4,INSURANCE,recommended,medium,3,,,False
5437,981,NIST-CSF,5.4,CAPITAL_MARKETS,recommended,medium,3,,,False
5438,981,NIST-CSF,5.4,FINTECH,recommended,high,3,FinTech companies must meet both SAMA and PCI requirements,PENTEST|SCAN_REPORT,False
5439,981,NIST-CSF,5.4,HEALTHCARE,recommended,high,3,Healthcare organizations must ensure patient data protection per MOH standards,CERTIFICATE|TRAINING_RECORD,False
5440,981,NIST-CSF,5.4,TELECOM,recommended,medium,3,,,False
5441,981,NIST-CSF,5.4,ICT,recommended,medium,3,,,False
5442,981,NIST-CSF,5.4,CLOUD,recommended,medium,3,,,False
5443,981,NIST-CSF,5.4,GOVERNMENT,recommended,critical,3,Government entities must comply with NCA mandatory requirements,ATTESTATION|APPROVAL,False
5444,981,NIST-CSF,5.4,ENERGY,recommended,critical,3,Critical infrastructure requires enhanced OT security controls,BCP_DRP|INCIDENT_REPORT,False
5445,981,NIST-CSF,5.4,MANUFACTURING,recommended,medium,3,,,False
5446,982,NIST-CSF,6.4,BANKING,recommended,medium,4,Financial institutions must implement enhanced controls per SAMA requirements,AUDIT_REPORT|RISK_ASSESSMENT,False
5447,982,NIST-CSF,6.4,INSURANCE,recommended,low,4,,,False
5448,982,NIST-CSF,6.4,CAPITAL_MARKETS,recommended,low,4,,,False
5449,982,NIST-CSF,6.4,FINTECH,recommended,medium,4,FinTech companies must meet both SAMA and PCI requirements,PENTEST|SCAN_REPORT,False
5450,982,NIST-CSF,6.4,HEALTHCARE,recommended,medium,4,Healthcare organizations must ensure patient data protection per MOH standards,CERTIFICATE|TRAINING_RECORD,False
5451,982,NIST-CSF,6.4,TELECOM,recommended,low,4,,,False
5452,982,NIST-CSF,6.4,ICT,recommended,low,4,,,False
5453,982,NIST-CSF,6.4,CLOUD,recommended,low,4,,,False
5454,982,NIST-CSF,6.4,GOVERNMENT,recommended,high,4,Government entities must comply with NCA mandatory requirements,ATTESTATION|APPROVAL,False
5455,982,NIST-CSF,6.4,ENERGY,recommended,high,4,Critical infrastructure requires enhanced OT security controls,BCP_DRP|INCIDENT_REPORT,False
5456,982,NIST-CSF,6.4,MANUFACTURING,recommended,low,4,,,False
5457,983,NIST-CSF,1.5,BANKING,recommended,critical,1,Financial institutions must implement enhanced controls per SAMA requirements,AUDIT_REPORT|RISK_ASSESSMENT,False
5458,983,NIST-CSF,1.5,INSURANCE,recommended,critical,1,,,False
5459,983,NIST-CSF,1.5,CAPITAL_MARKETS,recommended,critical,1,,,False
5460,983,NIST-CSF,1.5,FINTECH,recommended,critical,1,FinTech companies must meet both SAMA and PCI requirements,PENTEST|SCAN_REPORT,False
5461,983,NIST-CSF,1.5,HEALTHCARE,recommended,critical,1,Healthcare organizations must ensure patient data protection per MOH standards,CERTIFICATE|TRAINING_RECORD,False
5462,983,NIST-CSF,1.5,TELECOM,recommended,critical,1,,,False
5463,983,NIST-CSF,1.5,ICT,recommended,critical,1,,,False
5464,983,NIST-CSF,1.5,CLOUD,recommended,critical,1,,,False
5465,983,NIST-CSF,1.5,GOVERNMENT,recommended,critical,1,Government entities must comply with NCA mandatory requirements,ATTESTATION|APPROVAL,False
5466,983,NIST-CSF,1.5,ENERGY,recommended,critical,1,Critical infrastructure requires enhanced OT security controls,BCP_DRP|INCIDENT_REPORT,False
5467,983,NIST-CSF,1.5,MANUFACTURING,recommended,critical,1,,,False
5468,984,NIST-CSF,2.5,BANKING,recommended,critical,2,Financial institutions must implement enhanced controls per SAMA requirements,AUDIT_REPORT|RISK_ASSESSMENT,False
5469,984,NIST-CSF,2.5,INSURANCE,recommended,high,2,,,False
5470,984,NIST-CSF,2.5,CAPITAL_MARKETS,recommended,high,2,,,False
5471,984,NIST-CSF,2.5,FINTECH,recommended,critical,2,FinTech companies must meet both SAMA and PCI requirements,PENTEST|SCAN_REPORT,False
5472,984,NIST-CSF,2.5,HEALTHCARE,recommended,critical,2,Healthcare organizations must ensure patient data protection per MOH standards,CERTIFICATE|TRAINING_RECORD,False
5473,984,NIST-CSF,2.5,TELECOM,recommended,high,2,,,False
5474,984,NIST-CSF,2.5,ICT,recommended,high,2,,,False
5475,984,NIST-CSF,2.5,CLOUD,recommended,high,2,,,False
5476,984,NIST-CSF,2.5,GOVERNMENT,recommended,critical,2,Government entities must comply with NCA mandatory requirements,ATTESTATION|APPROVAL,False
5477,984,NIST-CSF,2.5,ENERGY,recommended,critical,2,Critical infrastructure requires enhanced OT security controls,BCP_DRP|INCIDENT_REPORT,False
5478,984,NIST-CSF,2.5,MANUFACTURING,recommended,high,2,,,False
5479,985,NIST-CSF,3.5,BANKING,recommended,high,3,Financial institutions must implement enhanced controls per SAMA requirements,AUDIT_REPORT|RISK_ASSESSMENT,False
5480,985,NIST-CSF,3.5,INSURANCE,recommended,medium,3,,,False
5481,985,NIST-CSF,3.5,CAPITAL_MARKETS,recommended,medium,3,,,False
5482,985,NIST-CSF,3.5,FINTECH,recommended,high,3,FinTech companies must meet both SAMA and PCI requirements,PENTEST|SCAN_REPORT,False
5483,985,NIST-CSF,3.5,HEALTHCARE,recommended,high,3,Healthcare organizations must ensure patient data protection per MOH standards,CERTIFICATE|TRAINING_RECORD,False
5484,985,NIST-CSF,3.5,TELECOM,recommended,medium,3,,,False
5485,985,NIST-CSF,3.5,ICT,recommended,medium,3,,,False
5486,985,NIST-CSF,3.5,CLOUD,recommended,medium,3,,,False
5487,985,NIST-CSF,3.5,GOVERNMENT,recommended,critical,3,Government entities must comply with NCA mandatory requirements,ATTESTATION|APPROVAL,False
5488,985,NIST-CSF,3.5,ENERGY,recommended,critical,3,Critical infrastructure requires enhanced OT security controls,BCP_DRP|INCIDENT_REPORT,False
5489,985,NIST-CSF,3.5,MANUFACTURING,recommended,medium,3,,,False
5490,986,NIST-CSF,4.5,BANKING,recommended,medium,4,Financial institutions must implement enhanced controls per SAMA requirements,AUDIT_REPORT|RISK_ASSESSMENT,False
5491,986,NIST-CSF,4.5,INSURANCE,recommended,low,4,,,False
5492,986,NIST-CSF,4.5,CAPITAL_MARKETS,recommended,low,4,,,False
5493,986,NIST-CSF,4.5,FINTECH,recommended,medium,4,FinTech companies must meet both SAMA and PCI requirements,PENTEST|SCAN_REPORT,False
5494,986,NIST-CSF,4.5,HEALTHCARE,recommended,medium,4,Healthcare organizations must ensure patient data protection per MOH standards,CERTIFICATE|TRAINING_RECORD,False
5495,986,NIST-CSF,4.5,TELECOM,recommended,low,4,,,False
5496,986,NIST-CSF,4.5,ICT,recommended,low,4,,,False
5497,986,NIST-CSF,4.5,CLOUD,recommended,low,4,,,False
5498,986,NIST-CSF,4.5,GOVERNMENT,recommended,high,4,Government entities must comply with NCA mandatory requirements,ATTESTATION|APPROVAL,False
5499,986,NIST-CSF,4.5,ENERGY,recommended,high,4,Critical infrastructure requires enhanced OT security controls,BCP_DRP|INCIDENT_REPORT,False
5500,986,NIST-CSF,4.5,MANUFACTURING,recommended,low,4,,,False
5501,987,NIST-CSF,5.5,BANKING,recommended,critical,1,Financial institutions must implement enhanced controls per SAMA requirements,AUDIT_REPORT|RISK_ASSESSMENT,False
5502,987,NIST-CSF,5.5,INSURANCE,recommended,critical,1,,,False
5503,987,NIST-CSF,5.5,CAPITAL_MARKETS,recommended,critical,1,,,False
5504,987,NIST-CSF,5.5,FINTECH,recommended,critical,1,FinTech companies must meet both SAMA and PCI requirements,PENTEST|SCAN_REPORT,False
5505,987,NIST-CSF,5.5,HEALTHCARE,recommended,critical,1,Healthcare organizations must ensure patient data protection per MOH standards,CERTIFICATE|TRAINING_RECORD,False
5506,987,NIST-CSF,5.5,TELECOM,recommended,critical,1,,,False
5507,987,NIST-CSF,5.5,ICT,recommended,critical,1,,,False
5508,987,NIST-CSF,5.5,CLOUD,recommended,critical,1,,,False
5509,987,NIST-CSF,5.5,GOVERNMENT,recommended,critical,1,Government entities must comply with NCA mandatory requirements,ATTESTATION|APPROVAL,False
5510,987,NIST-CSF,5.5,ENERGY,recommended,critical,1,Critical infrastructure requires enhanced OT security controls,BCP_DRP|INCIDENT_REPORT,False
5511,987,NIST-CSF,5.5,MANUFACTURING,recommended,critical,1,,,False
5512,988,NIST-CSF,6.5,BANKING,recommended,critical,2,Financial institutions must implement enhanced controls per SAMA requirements,AUDIT_REPORT|RISK_ASSESSMENT,False
5513,988,NIST-CSF,6.5,INSURANCE,recommended,high,2,,,False
5514,988,NIST-CSF,6.5,CAPITAL_MARKETS,recommended,high,2,,,False
5515,988,NIST-CSF,6.5,FINTECH,recommended,critical,2,FinTech companies must meet both SAMA and PCI requirements,PENTEST|SCAN_REPORT,False
5516,988,NIST-CSF,6.5,HEALTHCARE,recommended,critical,2,Healthcare organizations must ensure patient data protection per MOH standards,CERTIFICATE|TRAINING_RECORD,False
5517,988,NIST-CSF,6.5,TELECOM,recommended,high,2,,,False
5518,988,NIST-CSF,6.5,ICT,recommended,high,2,,,False
5519,988,NIST-CSF,6.5,CLOUD,recommended,high,2,,,False
5520,988,NIST-CSF,6.5,GOVERNMENT,recommended,critical,2,Government entities must comply with NCA mandatory requirements,ATTESTATION|APPROVAL,False
5521,988,NIST-CSF,6.5,ENERGY,recommended,critical,2,Critical infrastructure requires enhanced OT security controls,BCP_DRP|INCIDENT_REPORT,False
5522,988,NIST-CSF,6.5,MANUFACTURING,recommended,high,2,,,False
5523,989,NIST-CSF,1.6,BANKING,recommended,high,3,Financial institutions must implement enhanced controls per SAMA requirements,AUDIT_REPORT|RISK_ASSESSMENT,False
5524,989,NIST-CSF,1.6,INSURANCE,recommended,medium,3,,,False
5525,989,NIST-CSF,1.6,CAPITAL_MARKETS,recommended,medium,3,,,False
5526,989,NIST-CSF,1.6,FINTECH,recommended,high,3,FinTech companies must meet both SAMA and PCI requirements,PENTEST|SCAN_REPORT,False
5527,989,NIST-CSF,1.6,HEALTHCARE,recommended,high,3,Healthcare organizations must ensure patient data protection per MOH standards,CERTIFICATE|TRAINING_RECORD,False
5528,989,NIST-CSF,1.6,TELECOM,recommended,medium,3,,,False
5529,989,NIST-CSF,1.6,ICT,recommended,medium,3,,,False
5530,989,NIST-CSF,1.6,CLOUD,recommended,medium,3,,,False
5531,989,NIST-CSF,1.6,GOVERNMENT,recommended,critical,3,Government entities must comply with NCA mandatory requirements,ATTESTATION|APPROVAL,False
5532,989,NIST-CSF,1.6,ENERGY,recommended,critical,3,Critical infrastructure requires enhanced OT security controls,BCP_DRP|INCIDENT_REPORT,False
5533,989,NIST-CSF,1.6,MANUFACTURING,recommended,medium,3,,,False
5534,990,NIST-CSF,2.6,BANKING,recommended,medium,4,Financial institutions must implement enhanced controls per SAMA requirements,AUDIT_REPORT|RISK_ASSESSMENT,False
5535,990,NIST-CSF,2.6,INSURANCE,recommended,low,4,,,False
5536,990,NIST-CSF,2.6,CAPITAL_MARKETS,recommended,low,4,,,False
5537,990,NIST-CSF,2.6,FINTECH,recommended,medium,4,FinTech companies must meet both SAMA and PCI requirements,PENTEST|SCAN_REPORT,False
5538,990,NIST-CSF,2.6,HEALTHCARE,recommended,medium,4,Healthcare organizations must ensure patient data protection per MOH standards,CERTIFICATE|TRAINING_RECORD,False
5539,990,NIST-CSF,2.6,TELECOM,recommended,low,4,,,False
5540,990,NIST-CSF,2.6,ICT,recommended,low,4,,,False
5541,990,NIST-CSF,2.6,CLOUD,recommended,low,4,,,False
5542,990,NIST-CSF,2.6,GOVERNMENT,recommended,high,4,Government entities must comply with NCA mandatory requirements,ATTESTATION|APPROVAL,False
5543,990,NIST-CSF,2.6,ENERGY,recommended,high,4,Critical infrastructure requires enhanced OT security controls,BCP_DRP|INCIDENT_REPORT,False
5544,990,NIST-CSF,2.6,MANUFACTURING,recommended,low,4,,,False
5545,991,NIST-CSF,3.6,BANKING,recommended,critical,1,Financial institutions must implement enhanced controls per SAMA requirements,AUDIT_REPORT|RISK_ASSESSMENT,False
5546,991,NIST-CSF,3.6,INSURANCE,recommended,critical,1,,,False
5547,991,NIST-CSF,3.6,CAPITAL_MARKETS,recommended,critical,1,,,False
5548,991,NIST-CSF,3.6,FINTECH,recommended,critical,1,FinTech companies must meet both SAMA and PCI requirements,PENTEST|SCAN_REPORT,False
5549,991,NIST-CSF,3.6,HEALTHCARE,recommended,critical,1,Healthcare organizations must ensure patient data protection per MOH standards,CERTIFICATE|TRAINING_RECORD,False
5550,991,NIST-CSF,3.6,TELECOM,recommended,critical,1,,,False
5551,991,NIST-CSF,3.6,ICT,recommended,critical,1,,,False
5552,991,NIST-CSF,3.6,CLOUD,recommended,critical,1,,,False
5553,991,NIST-CSF,3.6,GOVERNMENT,recommended,critical,1,Government entities must comply with NCA mandatory requirements,ATTESTATION|APPROVAL,False
5554,991,NIST-CSF,3.6,ENERGY,recommended,critical,1,Critical infrastructure requires enhanced OT security controls,BCP_DRP|INCIDENT_REPORT,False
5555,991,NIST-CSF,3.6,MANUFACTURING,recommended,critical,1,,,False
5556,992,NIST-CSF,4.6,BANKING,recommended,critical,2,Financial institutions must implement enhanced controls per SAMA requirements,AUDIT_REPORT|RISK_ASSESSMENT,False
5557,992,NIST-CSF,4.6,INSURANCE,recommended,high,2,,,False
5558,992,NIST-CSF,4.6,CAPITAL_MARKETS,recommended,high,2,,,False
5559,992,NIST-CSF,4.6,FINTECH,recommended,critical,2,FinTech companies must meet both SAMA and PCI requirements,PENTEST|SCAN_REPORT,False
5560,992,NIST-CSF,4.6,HEALTHCARE,recommended,critical,2,Healthcare organizations must ensure patient data protection per MOH standards,CERTIFICATE|TRAINING_RECORD,False
5561,992,NIST-CSF,4.6,TELECOM,recommended,high,2,,,False
5562,992,NIST-CSF,4.6,ICT,recommended,high,2,,,False
5563,992,NIST-CSF,4.6,CLOUD,recommended,high,2,,,False
5564,992,NIST-CSF,4.6,GOVERNMENT,recommended,critical,2,Government entities must comply with NCA mandatory requirements,ATTESTATION|APPROVAL,False
5565,992,NIST-CSF,4.6,ENERGY,recommended,critical,2,Critical infrastructure requires enhanced OT security controls,BCP_DRP|INCIDENT_REPORT,False
5566,992,NIST-CSF,4.6,MANUFACTURING,recommended,high,2,,,False
5567,993,NIST-CSF,5.6,BANKING,recommended,high,3,Financial institutions must implement enhanced controls per SAMA requirements,AUDIT_REPORT|RISK_ASSESSMENT,False
5568,993,NIST-CSF,5.6,INSURANCE,recommended,medium,3,,,False
5569,993,NIST-CSF,5.6,CAPITAL_MARKETS,recommended,medium,3,,,False
5570,993,NIST-CSF,5.6,FINTECH,recommended,high,3,FinTech companies must meet both SAMA and PCI requirements,PENTEST|SCAN_REPORT,False
5571,993,NIST-CSF,5.6,HEALTHCARE,recommended,high,3,Healthcare organizations must ensure patient data protection per MOH standards,CERTIFICATE|TRAINING_RECORD,False
5572,993,NIST-CSF,5.6,TELECOM,recommended,medium,3,,,False
5573,993,NIST-CSF,5.6,ICT,recommended,medium,3,,,False
5574,993,NIST-CSF,5.6,CLOUD,recommended,medium,3,,,False
5575,993,NIST-CSF,5.6,GOVERNMENT,recommended,critical,3,Government entities must comply with NCA mandatory requirements,ATTESTATION|APPROVAL,False
5576,993,NIST-CSF,5.6,ENERGY,recommended,critical,3,Critical infrastructure requires enhanced OT security controls,BCP_DRP|INCIDENT_REPORT,False
5577,993,NIST-CSF,5.6,MANUFACTURING,recommended,medium,3,,,False
5578,994,NIST-CSF,6.6,BANKING,recommended,medium,4,Financial institutions must implement enhanced controls per SAMA requirements,AUDIT_REPORT|RISK_ASSESSMENT,False
5579,994,NIST-CSF,6.6,INSURANCE,recommended,low,4,,,False
5580,994,NIST-CSF,6.6,CAPITAL_MARKETS,recommended,low,4,,,False
5581,994,NIST-CSF,6.6,FINTECH,recommended,medium,4,FinTech companies must meet both SAMA and PCI requirements,PENTEST|SCAN_REPORT,False
5582,994,NIST-CSF,6.6,HEALTHCARE,recommended,medium,4,Healthcare organizations must ensure patient data protection per MOH standards,CERTIFICATE|TRAINING_RECORD,False
5583,994,NIST-CSF,6.6,TELECOM,recommended,low,4,,,False
5584,994,NIST-CSF,6.6,ICT,recommended,low,4,,,False
5585,994,NIST-CSF,6.6,CLOUD,recommended,low,4,,,False
5586,994,NIST-CSF,6.6,GOVERNMENT,recommended,high,4,Government entities must comply with NCA mandatory requirements,ATTESTATION|APPROVAL,False
5587,994,NIST-CSF,6.6,ENERGY,recommended,high,4,Critical infrastructure requires enhanced OT security controls,BCP_DRP|INCIDENT_REPORT,False
5588,994,NIST-CSF,6.6,MANUFACTURING,recommended,low,4,,,False
5589,995,NIST-CSF,1.7,BANKING,recommended,critical,1,Financial institutions must implement enhanced controls per SAMA requirements,AUDIT_REPORT|RISK_ASSESSMENT,False
5590,995,NIST-CSF,1.7,INSURANCE,recommended,critical,1,,,False
5591,995,NIST-CSF,1.7,CAPITAL_MARKETS,recommended,critical,1,,,False
5592,995,NIST-CSF,1.7,FINTECH,recommended,critical,1,FinTech companies must meet both SAMA and PCI requirements,PENTEST|SCAN_REPORT,False
5593,995,NIST-CSF,1.7,HEALTHCARE,recommended,critical,1,Healthcare organizations must ensure patient data protection per MOH standards,CERTIFICATE|TRAINING_RECORD,False
5594,995,NIST-CSF,1.7,TELECOM,recommended,critical,1,,,False
5595,995,NIST-CSF,1.7,ICT,recommended,critical,1,,,False
5596,995,NIST-CSF,1.7,CLOUD,recommended,critical,1,,,False
5597,995,NIST-CSF,1.7,GOVERNMENT,recommended,critical,1,Government entities must comply with NCA mandatory requirements,ATTESTATION|APPROVAL,False
5598,995,NIST-CSF,1.7,ENERGY,recommended,critical,1,Critical infrastructure requires enhanced OT security controls,BCP_DRP|INCIDENT_REPORT,False
5599,995,NIST-CSF,1.7,MANUFACTURING,recommended,critical,1,,,False
5600,996,NIST-CSF,2.7,BANKING,recommended,critical,2,Financial institutions must implement enhanced controls per SAMA requirements,AUDIT_REPORT|RISK_ASSESSMENT,False
5601,996,NIST-CSF,2.7,INSURANCE,recommended,high,2,,,False
5602,996,NIST-CSF,2.7,CAPITAL_MARKETS,recommended,high,2,,,False
5603,996,NIST-CSF,2.7,FINTECH,recommended,critical,2,FinTech companies must meet both SAMA and PCI requirements,PENTEST|SCAN_REPORT,False
5604,996,NIST-CSF,2.7,HEALTHCARE,recommended,critical,2,Healthcare organizations must ensure patient data protection per MOH standards,CERTIFICATE|TRAINING_RECORD,False
5605,996,NIST-CSF,2.7,TELECOM,recommended,high,2,,,False
5606,996,NIST-CSF,2.7,ICT,recommended,high,2,,,False
5607,996,NIST-CSF,2.7,CLOUD,recommended,high,2,,,False
5608,996,NIST-CSF,2.7,GOVERNMENT,recommended,critical,2,Government entities must comply with NCA mandatory requirements,ATTESTATION|APPROVAL,False
5609,996,NIST-CSF,2.7,ENERGY,recommended,critical,2,Critical infrastructure requires enhanced OT security controls,BCP_DRP|INCIDENT_REPORT,False
5610,996,NIST-CSF,2.7,MANUFACTURING,recommended,high,2,,,False
5611,997,NIST-CSF,3.7,BANKING,recommended,high,3,Financial institutions must implement enhanced controls per SAMA requirements,AUDIT_REPORT|RISK_ASSESSMENT,False
5612,997,NIST-CSF,3.7,INSURANCE,recommended,medium,3,,,False
5613,997,NIST-CSF,3.7,CAPITAL_MARKETS,recommended,medium,3,,,False
5614,997,NIST-CSF,3.7,FINTECH,recommended,high,3,FinTech companies must meet both SAMA and PCI requirements,PENTEST|SCAN_REPORT,False
5615,997,NIST-CSF,3.7,HEALTHCARE,recommended,high,3,Healthcare organizations must ensure patient data protection per MOH standards,CERTIFICATE|TRAINING_RECORD,False
5616,997,NIST-CSF,3.7,TELECOM,recommended,medium,3,,,False
5617,997,NIST-CSF,3.7,ICT,recommended,medium,3,,,False
5618,997,NIST-CSF,3.7,CLOUD,recommended,medium,3,,,False
5619,997,NIST-CSF,3.7,GOVERNMENT,recommended,critical,3,Government entities must comply with NCA mandatory requirements,ATTESTATION|APPROVAL,False
5620,997,NIST-CSF,3.7,ENERGY,recommended,critical,3,Critical infrastructure requires enhanced OT security controls,BCP_DRP|INCIDENT_REPORT,False
5621,997,NIST-CSF,3.7,MANUFACTURING,recommended,medium,3,,,False
5622,998,NIST-CSF,4.7,BANKING,recommended,medium,4,Financial institutions must implement enhanced controls per SAMA requirements,AUDIT_REPORT|RISK_ASSESSMENT,False
5623,998,NIST-CSF,4.7,INSURANCE,recommended,low,4,,,False
5624,998,NIST-CSF,4.7,CAPITAL_MARKETS,recommended,low,4,,,False
5625,998,NIST-CSF,4.7,FINTECH,recommended,medium,4,FinTech companies must meet both SAMA and PCI requirements,PENTEST|SCAN_REPORT,False
5626,998,NIST-CSF,4.7,HEALTHCARE,recommended,medium,4,Healthcare organizations must ensure patient data protection per MOH standards,CERTIFICATE|TRAINING_RECORD,False
5627,998,NIST-CSF,4.7,TELECOM,recommended,low,4,,,False
5628,998,NIST-CSF,4.7,ICT,recommended,low,4,,,False
5629,998,NIST-CSF,4.7,CLOUD,recommended,low,4,,,False
5630,998,NIST-CSF,4.7,GOVERNMENT,recommended,high,4,Government entities must comply with NCA mandatory requirements,ATTESTATION|APPROVAL,False
5631,998,NIST-CSF,4.7,ENERGY,recommended,high,4,Critical infrastructure requires enhanced OT security controls,BCP_DRP|INCIDENT_REPORT,False
5632,998,NIST-CSF,4.7,MANUFACTURING,recommended,low,4,,,False
5633,999,NIST-CSF,5.7,BANKING,recommended,critical,1,Financial institutions must implement enhanced controls per SAMA requirements,AUDIT_REPORT|RISK_ASSESSMENT,False
5634,999,NIST-CSF,5.7,INSURANCE,recommended,critical,1,,,False
5635,999,NIST-CSF,5.7,CAPITAL_MARKETS,recommended,critical,1,,,False
5636,999,NIST-CSF,5.7,FINTECH,recommended,critical,1,FinTech companies must meet both SAMA and PCI requirements,PENTEST|SCAN_REPORT,False
5637,999,NIST-CSF,5.7,HEALTHCARE,recommended,critical,1,Healthcare organizations must ensure patient data protection per MOH standards,CERTIFICATE|TRAINING_RECORD,False
5638,999,NIST-CSF,5.7,TELECOM,recommended,critical,1,,,False
5639,999,NIST-CSF,5.7,ICT,recommended,critical,1,,,False
5640,999,NIST-CSF,5.7,CLOUD,recommended,critical,1,,,False
5641,999,NIST-CSF,5.7,GOVERNMENT,recommended,critical,1,Government entities must comply with NCA mandatory requirements,ATTESTATION|APPROVAL,False
5642,999,NIST-CSF,5.7,ENERGY,recommended,critical,1,Critical infrastructure requires enhanced OT security controls,BCP_DRP|INCIDENT_REPORT,False
5643,999,NIST-CSF,5.7,MANUFACTURING,recommended,critical,1,,,False
5644,1000,NIST-CSF,6.7,BANKING,recommended,critical,2,Financial institutions must implement enhanced controls per SAMA requirements,AUDIT_REPORT|RISK_ASSESSMENT,False
5645,1000,NIST-CSF,6.7,INSURANCE,recommended,high,2,,,False
5646,1000,NIST-CSF,6.7,CAPITAL_MARKETS,recommended,high,2,,,False
5647,1000,NIST-CSF,6.7,FINTECH,recommended,critical,2,FinTech companies must meet both SAMA and PCI requirements,PENTEST|SCAN_REPORT,False
5648,1000,NIST-CSF,6.7,HEALTHCARE,recommended,critical,2,Healthcare organizations must ensure patient data protection per MOH standards,CERTIFICATE|TRAINING_RECORD,False
5649,1000,NIST-CSF,6.7,TELECOM,recommended,high,2,,,False
5650,1000,NIST-CSF,6.7,ICT,recommended,high,2,,,False
5651,1000,NIST-CSF,6.7,CLOUD,recommended,high,2,,,False
5652,1000,NIST-CSF,6.7,GOVERNMENT,recommended,critical,2,Government entities must comply with NCA mandatory requirements,ATTESTATION|APPROVAL,False
5653,1000,NIST-CSF,6.7,ENERGY,recommended,critical,2,Critical infrastructure requires enhanced OT security controls,BCP_DRP|INCIDENT_REPORT,False
5654,1000,NIST-CSF,6.7,MANUFACTURING,recommended,high,2,,,False
5655,1001,NIST-CSF,1.8,BANKING,recommended,high,3,Financial institutions must implement enhanced controls per SAMA requirements,AUDIT_REPORT|RISK_ASSESSMENT,False
5656,1001,NIST-CSF,1.8,INSURANCE,recommended,medium,3,,,False
5657,1001,NIST-CSF,1.8,CAPITAL_MARKETS,recommended,medium,3,,,False
5658,1001,NIST-CSF,1.8,FINTECH,recommended,high,3,FinTech companies must meet both SAMA and PCI requirements,PENTEST|SCAN_REPORT,False
5659,1001,NIST-CSF,1.8,HEALTHCARE,recommended,high,3,Healthcare organizations must ensure patient data protection per MOH standards,CERTIFICATE|TRAINING_RECORD,False
5660,1001,NIST-CSF,1.8,TELECOM,recommended,medium,3,,,False
5661,1001,NIST-CSF,1.8,ICT,recommended,medium,3,,,False
5662,1001,NIST-CSF,1.8,CLOUD,recommended,medium,3,,,False
5663,1001,NIST-CSF,1.8,GOVERNMENT,recommended,critical,3,Government entities must comply with NCA mandatory requirements,ATTESTATION|APPROVAL,False
5664,1001,NIST-CSF,1.8,ENERGY,recommended,critical,3,Critical infrastructure requires enhanced OT security controls,BCP_DRP|INCIDENT_REPORT,False
5665,1001,NIST-CSF,1.8,MANUFACTURING,recommended,medium,3,,,False
5666,1002,NIST-CSF,2.8,BANKING,recommended,medium,4,Financial institutions must implement enhanced controls per SAMA requirements,AUDIT_REPORT|RISK_ASSESSMENT,False
5667,1002,NIST-CSF,2.8,INSURANCE,recommended,low,4,,,False
5668,1002,NIST-CSF,2.8,CAPITAL_MARKETS,recommended,low,4,,,False
5669,1002,NIST-CSF,2.8,FINTECH,recommended,medium,4,FinTech companies must meet both SAMA and PCI requirements,PENTEST|SCAN_REPORT,False
5670,1002,NIST-CSF,2.8,HEALTHCARE,recommended,medium,4,Healthcare organizations must ensure patient data protection per MOH standards,CERTIFICATE|TRAINING_RECORD,False
5671,1002,NIST-CSF,2.8,TELECOM,recommended,low,4,,,False
5672,1002,NIST-CSF,2.8,ICT,recommended,low,4,,,False
5673,1002,NIST-CSF,2.8,CLOUD,recommended,low,4,,,False
5674,1002,NIST-CSF,2.8,GOVERNMENT,recommended,high,4,Government entities must comply with NCA mandatory requirements,ATTESTATION|APPROVAL,False
5675,1002,NIST-CSF,2.8,ENERGY,recommended,high,4,Critical infrastructure requires enhanced OT security controls,BCP_DRP|INCIDENT_REPORT,False
5676,1002,NIST-CSF,2.8,MANUFACTURING,recommended,low,4,,,False
5677,1003,NIST-CSF,3.8,BANKING,recommended,critical,1,Financial institutions must implement enhanced controls per SAMA requirements,AUDIT_REPORT|RISK_ASSESSMENT,False
5678,1003,NIST-CSF,3.8,INSURANCE,recommended,critical,1,,,False
5679,1003,NIST-CSF,3.8,CAPITAL_MARKETS,recommended,critical,1,,,False
5680,1003,NIST-CSF,3.8,FINTECH,recommended,critical,1,FinTech companies must meet both SAMA and PCI requirements,PENTEST|SCAN_REPORT,False
5681,1003,NIST-CSF,3.8,HEALTHCARE,recommended,critical,1,Healthcare organizations must ensure patient data protection per MOH standards,CERTIFICATE|TRAINING_RECORD,False
5682,1003,NIST-CSF,3.8,TELECOM,recommended,critical,1,,,False
5683,1003,NIST-CSF,3.8,ICT,recommended,critical,1,,,False
5684,1003,NIST-CSF,3.8,CLOUD,recommended,critical,1,,,False
5685,1003,NIST-CSF,3.8,GOVERNMENT,recommended,critical,1,Government entities must comply with NCA mandatory requirements,ATTESTATION|APPROVAL,False
5686,1003,NIST-CSF,3.8,ENERGY,recommended,critical,1,Critical infrastructure requires enhanced OT security controls,BCP_DRP|INCIDENT_REPORT,False
5687,1003,NIST-CSF,3.8,MANUFACTURING,recommended,critical,1,,,False
5688,1004,NIST-CSF,4.8,BANKING,recommended,critical,2,Financial institutions must implement enhanced controls per SAMA requirements,AUDIT_REPORT|RISK_ASSESSMENT,False
5689,1004,NIST-CSF,4.8,INSURANCE,recommended,high,2,,,False
5690,1004,NIST-CSF,4.8,CAPITAL_MARKETS,recommended,high,2,,,False
5691,1004,NIST-CSF,4.8,FINTECH,recommended,critical,2,FinTech companies must meet both SAMA and PCI requirements,PENTEST|SCAN_REPORT,False
5692,1004,NIST-CSF,4.8,HEALTHCARE,recommended,critical,2,Healthcare organizations must ensure patient data protection per MOH standards,CERTIFICATE|TRAINING_RECORD,False
5693,1004,NIST-CSF,4.8,TELECOM,recommended,high,2,,,False
5694,1004,NIST-CSF,4.8,ICT,recommended,high,2,,,False
5695,1004,NIST-CSF,4.8,CLOUD,recommended,high,2,,,False
5696,1004,NIST-CSF,4.8,GOVERNMENT,recommended,critical,2,Government entities must comply with NCA mandatory requirements,ATTESTATION|APPROVAL,False
5697,1004,NIST-CSF,4.8,ENERGY,recommended,critical,2,Critical infrastructure requires enhanced OT security controls,BCP_DRP|INCIDENT_REPORT,False
5698,1004,NIST-CSF,4.8,MANUFACTURING,recommended,high,2,,,False
5699,1005,NIST-CSF,5.8,BANKING,recommended,high,3,Financial institutions must implement enhanced controls per SAMA requirements,AUDIT_REPORT|RISK_ASSESSMENT,False
5700,1005,NIST-CSF,5.8,INSURANCE,recommended,medium,3,,,False
5701,1005,NIST-CSF,5.8,CAPITAL_MARKETS,recommended,medium,3,,,False
5702,1005,NIST-CSF,5.8,FINTECH,recommended,high,3,FinTech companies must meet both SAMA and PCI requirements,PENTEST|SCAN_REPORT,False
5703,1005,NIST-CSF,5.8,HEALTHCARE,recommended,high,3,Healthcare organizations must ensure patient data protection per MOH standards,CERTIFICATE|TRAINING_RECORD,False
5704,1005,NIST-CSF,5.8,TELECOM,recommended,medium,3,,,False
5705,1005,NIST-CSF,5.8,ICT,recommended,medium,3,,,False
5706,1005,NIST-CSF,5.8,CLOUD,recommended,medium,3,,,False
5707,1005,NIST-CSF,5.8,GOVERNMENT,recommended,critical,3,Government entities must comply with NCA mandatory requirements,ATTESTATION|APPROVAL,False
5708,1005,NIST-CSF,5.8,ENERGY,recommended,critical,3,Critical infrastructure requires enhanced OT security controls,BCP_DRP|INCIDENT_REPORT,False
5709,1005,NIST-CSF,5.8,MANUFACTURING,recommended,medium,3,,,False
5710,1006,NIST-CSF,6.8,BANKING,recommended,medium,4,Financial institutions must implement enhanced controls per SAMA requirements,AUDIT_REPORT|RISK_ASSESSMENT,False
5711,1006,NIST-CSF,6.8,INSURANCE,recommended,low,4,,,False
5712,1006,NIST-CSF,6.8,CAPITAL_MARKETS,recommended,low,4,,,False
5713,1006,NIST-CSF,6.8,FINTECH,recommended,medium,4,FinTech companies must meet both SAMA and PCI requirements,PENTEST|SCAN_REPORT,False
5714,1006,NIST-CSF,6.8,HEALTHCARE,recommended,medium,4,Healthcare organizations must ensure patient data protection per MOH standards,CERTIFICATE|TRAINING_RECORD,False
5715,1006,NIST-CSF,6.8,TELECOM,recommended,low,4,,,False
5716,1006,NIST-CSF,6.8,ICT,recommended,low,4,,,False
5717,1006,NIST-CSF,6.8,CLOUD,recommended,low,4,,,False
5718,1006,NIST-CSF,6.8,GOVERNMENT,recommended,high,4,Government entities must comply with NCA mandatory requirements,ATTESTATION|APPROVAL,False
5719,1006,NIST-CSF,6.8,ENERGY,recommended,high,4,Critical infrastructure requires enhanced OT security controls,BCP_DRP|INCIDENT_REPORT,False
5720,1006,NIST-CSF,6.8,MANUFACTURING,recommended,low,4,,,False
5721,1007,NIST-CSF,1.9,BANKING,recommended,critical,1,Financial institutions must implement enhanced controls per SAMA requirements,AUDIT_REPORT|RISK_ASSESSMENT,False
5722,1007,NIST-CSF,1.9,INSURANCE,recommended,critical,1,,,False
5723,1007,NIST-CSF,1.9,CAPITAL_MARKETS,recommended,critical,1,,,False
5724,1007,NIST-CSF,1.9,FINTECH,recommended,critical,1,FinTech companies must meet both SAMA and PCI requirements,PENTEST|SCAN_REPORT,False
5725,1007,NIST-CSF,1.9,HEALTHCARE,recommended,critical,1,Healthcare organizations must ensure patient data protection per MOH standards,CERTIFICATE|TRAINING_RECORD,False
5726,1007,NIST-CSF,1.9,TELECOM,recommended,critical,1,,,False
5727,1007,NIST-CSF,1.9,ICT,recommended,critical,1,,,False
5728,1007,NIST-CSF,1.9,CLOUD,recommended,critical,1,,,False
5729,1007,NIST-CSF,1.9,GOVERNMENT,recommended,critical,1,Government entities must comply with NCA mandatory requirements,ATTESTATION|APPROVAL,False
5730,1007,NIST-CSF,1.9,ENERGY,recommended,critical,1,Critical infrastructure requires enhanced OT security controls,BCP_DRP|INCIDENT_REPORT,False
5731,1007,NIST-CSF,1.9,MANUFACTURING,recommended,critical,1,,,False
5732,1008,NIST-CSF,2.9,BANKING,recommended,critical,2,Financial institutions must implement enhanced controls per SAMA requirements,AUDIT_REPORT|RISK_ASSESSMENT,False
5733,1008,NIST-CSF,2.9,INSURANCE,recommended,high,2,,,False
5734,1008,NIST-CSF,2.9,CAPITAL_MARKETS,recommended,high,2,,,False
5735,1008,NIST-CSF,2.9,FINTECH,recommended,critical,2,FinTech companies must meet both SAMA and PCI requirements,PENTEST|SCAN_REPORT,False
5736,1008,NIST-CSF,2.9,HEALTHCARE,recommended,critical,2,Healthcare organizations must ensure patient data protection per MOH standards,CERTIFICATE|TRAINING_RECORD,False
5737,1008,NIST-CSF,2.9,TELECOM,recommended,high,2,,,False
5738,1008,NIST-CSF,2.9,ICT,recommended,high,2,,,False
5739,1008,NIST-CSF,2.9,CLOUD,recommended,high,2,,,False
5740,1008,NIST-CSF,2.9,GOVERNMENT,recommended,critical,2,Government entities must comply with NCA mandatory requirements,ATTESTATION|APPROVAL,False
5741,1008,NIST-CSF,2.9,ENERGY,recommended,critical,2,Critical infrastructure requires enhanced OT security controls,BCP_DRP|INCIDENT_REPORT,False
5742,1008,NIST-CSF,2.9,MANUFACTURING,recommended,high,2,,,False
5743,1009,NIST-CSF,3.9,BANKING,recommended,high,3,Financial institutions must implement enhanced controls per SAMA requirements,AUDIT_REPORT|RISK_ASSESSMENT,False
5744,1009,NIST-CSF,3.9,INSURANCE,recommended,medium,3,,,False
5745,1009,NIST-CSF,3.9,CAPITAL_MARKETS,recommended,medium,3,,,False
5746,1009,NIST-CSF,3.9,FINTECH,recommended,high,3,FinTech companies must meet both SAMA and PCI requirements,PENTEST|SCAN_REPORT,False
5747,1009,NIST-CSF,3.9,HEALTHCARE,recommended,high,3,Healthcare organizations must ensure patient data protection per MOH standards,CERTIFICATE|TRAINING_RECORD,False
5748,1009,NIST-CSF,3.9,TELECOM,recommended,medium,3,,,False
5749,1009,NIST-CSF,3.9,ICT,recommended,medium,3,,,False
5750,1009,NIST-CSF,3.9,CLOUD,recommended,medium,3,,,False
5751,1009,NIST-CSF,3.9,GOVERNMENT,recommended,critical,3,Government entities must comply with NCA mandatory requirements,ATTESTATION|APPROVAL,False
5752,1009,NIST-CSF,3.9,ENERGY,recommended,critical,3,Critical infrastructure requires enhanced OT security controls,BCP_DRP|INCIDENT_REPORT,False
5753,1009,NIST-CSF,3.9,MANUFACTURING,recommended,medium,3,,,False
5754,1010,NIST-CSF,4.9,BANKING,recommended,medium,4,Financial institutions must implement enhanced controls per SAMA requirements,AUDIT_REPORT|RISK_ASSESSMENT,False
5755,1010,NIST-CSF,4.9,INSURANCE,recommended,low,4,,,False
5756,1010,NIST-CSF,4.9,CAPITAL_MARKETS,recommended,low,4,,,False
5757,1010,NIST-CSF,4.9,FINTECH,recommended,medium,4,FinTech companies must meet both SAMA and PCI requirements,PENTEST|SCAN_REPORT,False
5758,1010,NIST-CSF,4.9,HEALTHCARE,recommended,medium,4,Healthcare organizations must ensure patient data protection per MOH standards,CERTIFICATE|TRAINING_RECORD,False
5759,1010,NIST-CSF,4.9,TELECOM,recommended,low,4,,,False
5760,1010,NIST-CSF,4.9,ICT,recommended,low,4,,,False
5761,1010,NIST-CSF,4.9,CLOUD,recommended,low,4,,,False
5762,1010,NIST-CSF,4.9,GOVERNMENT,recommended,high,4,Government entities must comply with NCA mandatory requirements,ATTESTATION|APPROVAL,False
5763,1010,NIST-CSF,4.9,ENERGY,recommended,high,4,Critical infrastructure requires enhanced OT security controls,BCP_DRP|INCIDENT_REPORT,False
5764,1010,NIST-CSF,4.9,MANUFACTURING,recommended,low,4,,,False
5765,1011,NIST-CSF,5.9,BANKING,recommended,critical,1,Financial institutions must implement enhanced controls per SAMA requirements,AUDIT_REPORT|RISK_ASSESSMENT,False
5766,1011,NIST-CSF,5.9,INSURANCE,recommended,critical,1,,,False
5767,1011,NIST-CSF,5.9,CAPITAL_MARKETS,recommended,critical,1,,,False
5768,1011,NIST-CSF,5.9,FINTECH,recommended,critical,1,FinTech companies must meet both SAMA and PCI requirements,PENTEST|SCAN_REPORT,False
5769,1011,NIST-CSF,5.9,HEALTHCARE,recommended,critical,1,Healthcare organizations must ensure patient data protection per MOH standards,CERTIFICATE|TRAINING_RECORD,False
5770,1011,NIST-CSF,5.9,TELECOM,recommended,critical,1,,,False
5771,1011,NIST-CSF,5.9,ICT,recommended,critical,1,,,False
5772,1011,NIST-CSF,5.9,CLOUD,recommended,critical,1,,,False
5773,1011,NIST-CSF,5.9,GOVERNMENT,recommended,critical,1,Government entities must comply with NCA mandatory requirements,ATTESTATION|APPROVAL,False
5774,1011,NIST-CSF,5.9,ENERGY,recommended,critical,1,Critical infrastructure requires enhanced OT security controls,BCP_DRP|INCIDENT_REPORT,False
5775,1011,NIST-CSF,5.9,MANUFACTURING,recommended,critical,1,,,False
5776,1012,NIST-CSF,6.9,BANKING,recommended,critical,2,Financial institutions must implement enhanced controls per SAMA requirements,AUDIT_REPORT|RISK_ASSESSMENT,False
5777,1012,NIST-CSF,6.9,INSURANCE,recommended,high,2,,,False
5778,1012,NIST-CSF,6.9,CAPITAL_MARKETS,recommended,high,2,,,False
5779,1012,NIST-CSF,6.9,FINTECH,recommended,critical,2,FinTech companies must meet both SAMA and PCI requirements,PENTEST|SCAN_REPORT,False
5780,1012,NIST-CSF,6.9,HEALTHCARE,recommended,critical,2,Healthcare organizations must ensure patient data protection per MOH standards,CERTIFICATE|TRAINING_RECORD,False
5781,1012,NIST-CSF,6.9,TELECOM,recommended,high,2,,,False
5782,1012,NIST-CSF,6.9,ICT,recommended,high,2,,,False
5783,1012,NIST-CSF,6.9,CLOUD,recommended,high,2,,,False
5784,1012,NIST-CSF,6.9,GOVERNMENT,recommended,critical,2,Government entities must comply with NCA mandatory requirements,ATTESTATION|APPROVAL,False
5785,1012,NIST-CSF,6.9,ENERGY,recommended,critical,2,Critical infrastructure requires enhanced OT security controls,BCP_DRP|INCIDENT_REPORT,False
5786,1012,NIST-CSF,6.9,MANUFACTURING,recommended,high,2,,,False
5787,1013,NIST-CSF,1.10,BANKING,recommended,high,3,Financial institutions must implement enhanced controls per SAMA requirements,AUDIT_REPORT|RISK_ASSESSMENT,False
5788,1013,NIST-CSF,1.10,INSURANCE,recommended,medium,3,,,False
5789,1013,NIST-CSF,1.10,CAPITAL_MARKETS,recommended,medium,3,,,False
5790,1013,NIST-CSF,1.10,FINTECH,recommended,high,3,FinTech companies must meet both SAMA and PCI requirements,PENTEST|SCAN_REPORT,False
5791,1013,NIST-CSF,1.10,HEALTHCARE,recommended,high,3,Healthcare organizations must ensure patient data protection per MOH standards,CERTIFICATE|TRAINING_RECORD,False
5792,1013,NIST-CSF,1.10,TELECOM,recommended,medium,3,,,False
5793,1013,NIST-CSF,1.10,ICT,recommended,medium,3,,,False
5794,1013,NIST-CSF,1.10,CLOUD,recommended,medium,3,,,False
5795,1013,NIST-CSF,1.10,GOVERNMENT,recommended,critical,3,Government entities must comply with NCA mandatory requirements,ATTESTATION|APPROVAL,False
5796,1013,NIST-CSF,1.10,ENERGY,recommended,critical,3,Critical infrastructure requires enhanced OT security controls,BCP_DRP|INCIDENT_REPORT,False
5797,1013,NIST-CSF,1.10,MANUFACTURING,recommended,medium,3,,,False
5798,1014,NIST-CSF,2.10,BANKING,recommended,medium,4,Financial institutions must implement enhanced controls per SAMA requirements,AUDIT_REPORT|RISK_ASSESSMENT,False
5799,1014,NIST-CSF,2.10,INSURANCE,recommended,low,4,,,False
5800,1014,NIST-CSF,2.10,CAPITAL_MARKETS,recommended,low,4,,,False
5801,1014,NIST-CSF,2.10,FINTECH,recommended,medium,4,FinTech companies must meet both SAMA and PCI requirements,PENTEST|SCAN_REPORT,False
5802,1014,NIST-CSF,2.10,HEALTHCARE,recommended,medium,4,Healthcare organizations must ensure patient data protection per MOH standards,CERTIFICATE|TRAINING_RECORD,False
5803,1014,NIST-CSF,2.10,TELECOM,recommended,low,4,,,False
5804,1014,NIST-CSF,2.10,ICT,recommended,low,4,,,False
5805,1014,NIST-CSF,2.10,CLOUD,recommended,low,4,,,False
5806,1014,NIST-CSF,2.10,GOVERNMENT,recommended,high,4,Government entities must comply with NCA mandatory requirements,ATTESTATION|APPROVAL,False
5807,1014,NIST-CSF,2.10,ENERGY,recommended,high,4,Critical infrastructure requires enhanced OT security controls,BCP_DRP|INCIDENT_REPORT,False
5808,1014,NIST-CSF,2.10,MANUFACTURING,recommended,low,4,,,False
5809,1015,NIST-CSF,3.10,BANKING,recommended,critical,1,Financial institutions must implement enhanced controls per SAMA requirements,AUDIT_REPORT|RISK_ASSESSMENT,False
5810,1015,NIST-CSF,3.10,INSURANCE,recommended,critical,1,,,False
5811,1015,NIST-CSF,3.10,CAPITAL_MARKETS,recommended,critical,1,,,False
5812,1015,NIST-CSF,3.10,FINTECH,recommended,critical,1,FinTech companies must meet both SAMA and PCI requirements,PENTEST|SCAN_REPORT,False
5813,1015,NIST-CSF,3.10,HEALTHCARE,recommended,critical,1,Healthcare organizations must ensure patient data protection per MOH standards,CERTIFICATE|TRAINING_RECORD,False
5814,1015,NIST-CSF,3.10,TELECOM,recommended,critical,1,,,False
5815,1015,NIST-CSF,3.10,ICT,recommended,critical,1,,,False
5816,1015,NIST-CSF,3.10,CLOUD,recommended,critical,1,,,False
5817,1015,NIST-CSF,3.10,GOVERNMENT,recommended,critical,1,Government entities must comply with NCA mandatory requirements,ATTESTATION|APPROVAL,False
5818,1015,NIST-CSF,3.10,ENERGY,recommended,critical,1,Critical infrastructure requires enhanced OT security controls,BCP_DRP|INCIDENT_REPORT,False
5819,1015,NIST-CSF,3.10,MANUFACTURING,recommended,critical,1,,,False
5820,1016,NIST-CSF,4.10,BANKING,recommended,critical,2,Financial institutions must implement enhanced controls per SAMA requirements,AUDIT_REPORT|RISK_ASSESSMENT,False
5821,1016,NIST-CSF,4.10,INSURANCE,recommended,high,2,,,False
5822,1016,NIST-CSF,4.10,CAPITAL_MARKETS,recommended,high,2,,,False
5823,1016,NIST-CSF,4.10,FINTECH,recommended,critical,2,FinTech companies must meet both SAMA and PCI requirements,PENTEST|SCAN_REPORT,False
5824,1016,NIST-CSF,4.10,HEALTHCARE,recommended,critical,2,Healthcare organizations must ensure patient data protection per MOH standards,CERTIFICATE|TRAINING_RECORD,False
5825,1016,NIST-CSF,4.10,TELECOM,recommended,high,2,,,False
5826,1016,NIST-CSF,4.10,ICT,recommended,high,2,,,False
5827,1016,NIST-CSF,4.10,CLOUD,recommended,high,2,,,False
5828,1016,NIST-CSF,4.10,GOVERNMENT,recommended,critical,2,Government entities must comply with NCA mandatory requirements,ATTESTATION|APPROVAL,False
5829,1016,NIST-CSF,4.10,ENERGY,recommended,critical,2,Critical infrastructure requires enhanced OT security controls,BCP_DRP|INCIDENT_REPORT,False
5830,1016,NIST-CSF,4.10,MANUFACTURING,recommended,high,2,,,False
5831,1017,NIST-CSF,5.10,BANKING,recommended,high,3,Financial institutions must implement enhanced controls per SAMA requirements,AUDIT_REPORT|RISK_ASSESSMENT,False
5832,1017,NIST-CSF,5.10,INSURANCE,recommended,medium,3,,,False
5833,1017,NIST-CSF,5.10,CAPITAL_MARKETS,recommended,medium,3,,,False
5834,1017,NIST-CSF,5.10,FINTECH,recommended,high,3,FinTech companies must meet both SAMA and PCI requirements,PENTEST|SCAN_REPORT,False
5835,1017,NIST-CSF,5.10,HEALTHCARE,recommended,high,3,Healthcare organizations must ensure patient data protection per MOH standards,CERTIFICATE|TRAINING_RECORD,False
5836,1017,NIST-CSF,5.10,TELECOM,recommended,medium,3,,,False
5837,1017,NIST-CSF,5.10,ICT,recommended,medium,3,,,False
5838,1017,NIST-CSF,5.10,CLOUD,recommended,medium,3,,,False
5839,1017,NIST-CSF,5.10,GOVERNMENT,recommended,critical,3,Government entities must comply with NCA mandatory requirements,ATTESTATION|APPROVAL,False
5840,1017,NIST-CSF,5.10,ENERGY,recommended,critical,3,Critical infrastructure requires enhanced OT security controls,BCP_DRP|INCIDENT_REPORT,False
5841,1017,NIST-CSF,5.10,MANUFACTURING,recommended,medium,3,,,False
5842,1018,NIST-CSF,6.10,BANKING,recommended,medium,4,Financial institutions must implement enhanced controls per SAMA requirements,AUDIT_REPORT|RISK_ASSESSMENT,False
5843,1018,NIST-CSF,6.10,INSURANCE,recommended,low,4,,,False
5844,1018,NIST-CSF,6.10,CAPITAL_MARKETS,recommended,low,4,,,False
5845,1018,NIST-CSF,6.10,FINTECH,recommended,medium,4,FinTech companies must meet both SAMA and PCI requirements,PENTEST|SCAN_REPORT,False
5846,1018,NIST-CSF,6.10,HEALTHCARE,recommended,medium,4,Healthcare organizations must ensure patient data protection per MOH standards,CERTIFICATE|TRAINING_RECORD,False
5847,1018,NIST-CSF,6.10,TELECOM,recommended,low,4,,,False
5848,1018,NIST-CSF,6.10,ICT,recommended,low,4,,,False
5849,1018,NIST-CSF,6.10,CLOUD,recommended,low,4,,,False
5850,1018,NIST-CSF,6.10,GOVERNMENT,recommended,high,4,Government entities must comply with NCA mandatory requirements,ATTESTATION|APPROVAL,False
5851,1018,NIST-CSF,6.10,ENERGY,recommended,high,4,Critical infrastructure requires enhanced OT security controls,BCP_DRP|INCIDENT_REPORT,False
5852,1018,NIST-CSF,6.10,MANUFACTURING,recommended,low,4,,,False
5853,1019,NIST-CSF,1.11,BANKING,recommended,critical,1,Financial institutions must implement enhanced controls per SAMA requirements,AUDIT_REPORT|RISK_ASSESSMENT,False
5854,1019,NIST-CSF,1.11,INSURANCE,recommended,critical,1,,,False
5855,1019,NIST-CSF,1.11,CAPITAL_MARKETS,recommended,critical,1,,,False
5856,1019,NIST-CSF,1.11,FINTECH,recommended,critical,1,FinTech companies must meet both SAMA and PCI requirements,PENTEST|SCAN_REPORT,False
5857,1019,NIST-CSF,1.11,HEALTHCARE,recommended,critical,1,Healthcare organizations must ensure patient data protection per MOH standards,CERTIFICATE|TRAINING_RECORD,False
5858,1019,NIST-CSF,1.11,TELECOM,recommended,critical,1,,,False
5859,1019,NIST-CSF,1.11,ICT,recommended,critical,1,,,False
5860,1019,NIST-CSF,1.11,CLOUD,recommended,critical,1,,,False
5861,1019,NIST-CSF,1.11,GOVERNMENT,recommended,critical,1,Government entities must comply with NCA mandatory requirements,ATTESTATION|APPROVAL,False
5862,1019,NIST-CSF,1.11,ENERGY,recommended,critical,1,Critical infrastructure requires enhanced OT security controls,BCP_DRP|INCIDENT_REPORT,False
5863,1019,NIST-CSF,1.11,MANUFACTURING,recommended,critical,1,,,False
5864,1020,NIST-CSF,2.11,BANKING,recommended,critical,2,Financial institutions must implement enhanced controls per SAMA requirements,AUDIT_REPORT|RISK_ASSESSMENT,False
5865,1020,NIST-CSF,2.11,INSURANCE,recommended,high,2,,,False
5866,1020,NIST-CSF,2.11,CAPITAL_MARKETS,recommended,high,2,,,False
5867,1020,NIST-CSF,2.11,FINTECH,recommended,critical,2,FinTech companies must meet both SAMA and PCI requirements,PENTEST|SCAN_REPORT,False
5868,1020,NIST-CSF,2.11,HEALTHCARE,recommended,critical,2,Healthcare organizations must ensure patient data protection per MOH standards,CERTIFICATE|TRAINING_RECORD,False
5869,1020,NIST-CSF,2.11,TELECOM,recommended,high,2,,,False
5870,1020,NIST-CSF,2.11,ICT,recommended,high,2,,,False
5871,1020,NIST-CSF,2.11,CLOUD,recommended,high,2,,,False
5872,1020,NIST-CSF,2.11,GOVERNMENT,recommended,critical,2,Government entities must comply with NCA mandatory requirements,ATTESTATION|APPROVAL,False
5873,1020,NIST-CSF,2.11,ENERGY,recommended,critical,2,Critical infrastructure requires enhanced OT security controls,BCP_DRP|INCIDENT_REPORT,False
5874,1020,NIST-CSF,2.11,MANUFACTURING,recommended,high,2,,,False
5875,1021,NIST-CSF,3.11,BANKING,recommended,high,3,Financial institutions must implement enhanced controls per SAMA requirements,AUDIT_REPORT|RISK_ASSESSMENT,False
5876,1021,NIST-CSF,3.11,INSURANCE,recommended,medium,3,,,False
5877,1021,NIST-CSF,3.11,CAPITAL_MARKETS,recommended,medium,3,,,False
5878,1021,NIST-CSF,3.11,FINTECH,recommended,high,3,FinTech companies must meet both SAMA and PCI requirements,PENTEST|SCAN_REPORT,False
5879,1021,NIST-CSF,3.11,HEALTHCARE,recommended,high,3,Healthcare organizations must ensure patient data protection per MOH standards,CERTIFICATE|TRAINING_RECORD,False
5880,1021,NIST-CSF,3.11,TELECOM,recommended,medium,3,,,False
5881,1021,NIST-CSF,3.11,ICT,recommended,medium,3,,,False
5882,1021,NIST-CSF,3.11,CLOUD,recommended,medium,3,,,False
5883,1021,NIST-CSF,3.11,GOVERNMENT,recommended,critical,3,Government entities must comply with NCA mandatory requirements,ATTESTATION|APPROVAL,False
5884,1021,NIST-CSF,3.11,ENERGY,recommended,critical,3,Critical infrastructure requires enhanced OT security controls,BCP_DRP|INCIDENT_REPORT,False
5885,1021,NIST-CSF,3.11,MANUFACTURING,recommended,medium,3,,,False
5886,1022,NIST-CSF,4.11,BANKING,recommended,medium,4,Financial institutions must implement enhanced controls per SAMA requirements,AUDIT_REPORT|RISK_ASSESSMENT,False
5887,1022,NIST-CSF,4.11,INSURANCE,recommended,low,4,,,False
5888,1022,NIST-CSF,4.11,CAPITAL_MARKETS,recommended,low,4,,,False
5889,1022,NIST-CSF,4.11,FINTECH,recommended,medium,4,FinTech companies must meet both SAMA and PCI requirements,PENTEST|SCAN_REPORT,False
5890,1022,NIST-CSF,4.11,HEALTHCARE,recommended,medium,4,Healthcare organizations must ensure patient data protection per MOH standards,CERTIFICATE|TRAINING_RECORD,False
5891,1022,NIST-CSF,4.11,TELECOM,recommended,low,4,,,False
5892,1022,NIST-CSF,4.11,ICT,recommended,low,4,,,False
5893,1022,NIST-CSF,4.11,CLOUD,recommended,low,4,,,False
5894,1022,NIST-CSF,4.11,GOVERNMENT,recommended,high,4,Government entities must comply with NCA mandatory requirements,ATTESTATION|APPROVAL,False
5895,1022,NIST-CSF,4.11,ENERGY,recommended,high,4,Critical infrastructure requires enhanced OT security controls,BCP_DRP|INCIDENT_REPORT,False
5896,1022,NIST-CSF,4.11,MANUFACTURING,recommended,low,4,,,False
5897,1023,NIST-CSF,5.11,BANKING,recommended,critical,1,Financial institutions must implement enhanced controls per SAMA requirements,AUDIT_REPORT|RISK_ASSESSMENT,False
5898,1023,NIST-CSF,5.11,INSURANCE,recommended,critical,1,,,False
5899,1023,NIST-CSF,5.11,CAPITAL_MARKETS,recommended,critical,1,,,False
5900,1023,NIST-CSF,5.11,FINTECH,recommended,critical,1,FinTech companies must meet both SAMA and PCI requirements,PENTEST|SCAN_REPORT,False
5901,1023,NIST-CSF,5.11,HEALTHCARE,recommended,critical,1,Healthcare organizations must ensure patient data protection per MOH standards,CERTIFICATE|TRAINING_RECORD,False
5902,1023,NIST-CSF,5.11,TELECOM,recommended,critical,1,,,False
5903,1023,NIST-CSF,5.11,ICT,recommended,critical,1,,,False
5904,1023,NIST-CSF,5.11,CLOUD,recommended,critical,1,,,False
5905,1023,NIST-CSF,5.11,GOVERNMENT,recommended,critical,1,Government entities must comply with NCA mandatory requirements,ATTESTATION|APPROVAL,False
5906,1023,NIST-CSF,5.11,ENERGY,recommended,critical,1,Critical infrastructure requires enhanced OT security controls,BCP_DRP|INCIDENT_REPORT,False
5907,1023,NIST-CSF,5.11,MANUFACTURING,recommended,critical,1,,,False
5908,1024,NIST-CSF,6.11,BANKING,recommended,critical,2,Financial institutions must implement enhanced controls per SAMA requirements,AUDIT_REPORT|RISK_ASSESSMENT,False
5909,1024,NIST-CSF,6.11,INSURANCE,recommended,high,2,,,False
5910,1024,NIST-CSF,6.11,CAPITAL_MARKETS,recommended,high,2,,,False
5911,1024,NIST-CSF,6.11,FINTECH,recommended,critical,2,FinTech companies must meet both SAMA and PCI requirements,PENTEST|SCAN_REPORT,False
5912,1024,NIST-CSF,6.11,HEALTHCARE,recommended,critical,2,Healthcare organizations must ensure patient data protection per MOH standards,CERTIFICATE|TRAINING_RECORD,False
5913,1024,NIST-CSF,6.11,TELECOM,recommended,high,2,,,False
5914,1024,NIST-CSF,6.11,ICT,recommended,high,2,,,False
5915,1024,NIST-CSF,6.11,CLOUD,recommended,high,2,,,False
5916,1024,NIST-CSF,6.11,GOVERNMENT,recommended,critical,2,Government entities must comply with NCA mandatory requirements,ATTESTATION|APPROVAL,False
5917,1024,NIST-CSF,6.11,ENERGY,recommended,critical,2,Critical infrastructure requires enhanced OT security controls,BCP_DRP|INCIDENT_REPORT,False
5918,1024,NIST-CSF,6.11,MANUFACTURING,recommended,high,2,,,False
5919,1025,NIST-CSF,1.12,BANKING,recommended,high,3,Financial institutions must implement enhanced controls per SAMA requirements,AUDIT_REPORT|RISK_ASSESSMENT,False
5920,1025,NIST-CSF,1.12,INSURANCE,recommended,medium,3,,,False
5921,1025,NIST-CSF,1.12,CAPITAL_MARKETS,recommended,medium,3,,,False
5922,1025,NIST-CSF,1.12,FINTECH,recommended,high,3,FinTech companies must meet both SAMA and PCI requirements,PENTEST|SCAN_REPORT,False
5923,1025,NIST-CSF,1.12,HEALTHCARE,recommended,high,3,Healthcare organizations must ensure patient data protection per MOH standards,CERTIFICATE|TRAINING_RECORD,False
5924,1025,NIST-CSF,1.12,TELECOM,recommended,medium,3,,,False
5925,1025,NIST-CSF,1.12,ICT,recommended,medium,3,,,False
5926,1025,NIST-CSF,1.12,CLOUD,recommended,medium,3,,,False
5927,1025,NIST-CSF,1.12,GOVERNMENT,recommended,critical,3,Government entities must comply with NCA mandatory requirements,ATTESTATION|APPROVAL,False
5928,1025,NIST-CSF,1.12,ENERGY,recommended,critical,3,Critical infrastructure requires enhanced OT security controls,BCP_DRP|INCIDENT_REPORT,False
5929,1025,NIST-CSF,1.12,MANUFACTURING,recommended,medium,3,,,False
5930,1026,NIST-CSF,2.12,BANKING,recommended,medium,4,Financial institutions must implement enhanced controls per SAMA requirements,AUDIT_REPORT|RISK_ASSESSMENT,False
5931,1026,NIST-CSF,2.12,INSURANCE,recommended,low,4,,,False
5932,1026,NIST-CSF,2.12,CAPITAL_MARKETS,recommended,low,4,,,False
5933,1026,NIST-CSF,2.12,FINTECH,recommended,medium,4,FinTech companies must meet both SAMA and PCI requirements,PENTEST|SCAN_REPORT,False
5934,1026,NIST-CSF,2.12,HEALTHCARE,recommended,medium,4,Healthcare organizations must ensure patient data protection per MOH standards,CERTIFICATE|TRAINING_RECORD,False
5935,1026,NIST-CSF,2.12,TELECOM,recommended,low,4,,,False
5936,1026,NIST-CSF,2.12,ICT,recommended,low,4,,,False
5937,1026,NIST-CSF,2.12,CLOUD,recommended,low,4,,,False
5938,1026,NIST-CSF,2.12,GOVERNMENT,recommended,high,4,Government entities must comply with NCA mandatory requirements,ATTESTATION|APPROVAL,False
5939,1026,NIST-CSF,2.12,ENERGY,recommended,high,4,Critical infrastructure requires enhanced OT security controls,BCP_DRP|INCIDENT_REPORT,False
5940,1026,NIST-CSF,2.12,MANUFACTURING,recommended,low,4,,,False
5941,1027,NIST-CSF,3.12,BANKING,recommended,critical,1,Financial institutions must implement enhanced controls per SAMA requirements,AUDIT_REPORT|RISK_ASSESSMENT,False
5942,1027,NIST-CSF,3.12,INSURANCE,recommended,critical,1,,,False
5943,1027,NIST-CSF,3.12,CAPITAL_MARKETS,recommended,critical,1,,,False
5944,1027,NIST-CSF,3.12,FINTECH,recommended,critical,1,FinTech companies must meet both SAMA and PCI requirements,PENTEST|SCAN_REPORT,False
5945,1027,NIST-CSF,3.12,HEALTHCARE,recommended,critical,1,Healthcare organizations must ensure patient data protection per MOH standards,CERTIFICATE|TRAINING_RECORD,False
5946,1027,NIST-CSF,3.12,TELECOM,recommended,critical,1,,,False
5947,1027,NIST-CSF,3.12,ICT,recommended,critical,1,,,False
5948,1027,NIST-CSF,3.12,CLOUD,recommended,critical,1,,,False
5949,1027,NIST-CSF,3.12,GOVERNMENT,recommended,critical,1,Government entities must comply with NCA mandatory requirements,ATTESTATION|APPROVAL,False
5950,1027,NIST-CSF,3.12,ENERGY,recommended,critical,1,Critical infrastructure requires enhanced OT security controls,BCP_DRP|INCIDENT_REPORT,False
5951,1027,NIST-CSF,3.12,MANUFACTURING,recommended,critical,1,,,False
5952,1028,NIST-CSF,4.12,BANKING,recommended,critical,2,Financial institutions must implement enhanced controls per SAMA requirements,AUDIT_REPORT|RISK_ASSESSMENT,False
5953,1028,NIST-CSF,4.12,INSURANCE,recommended,high,2,,,False
5954,1028,NIST-CSF,4.12,CAPITAL_MARKETS,recommended,high,2,,,False
5955,1028,NIST-CSF,4.12,FINTECH,recommended,critical,2,FinTech companies must meet both SAMA and PCI requirements,PENTEST|SCAN_REPORT,False
5956,1028,NIST-CSF,4.12,HEALTHCARE,recommended,critical,2,Healthcare organizations must ensure patient data protection per MOH standards,CERTIFICATE|TRAINING_RECORD,False
5957,1028,NIST-CSF,4.12,TELECOM,recommended,high,2,,,False
5958,1028,NIST-CSF,4.12,ICT,recommended,high,2,,,False
5959,1028,NIST-CSF,4.12,CLOUD,recommended,high,2,,,False
5960,1028,NIST-CSF,4.12,GOVERNMENT,recommended,critical,2,Government entities must comply with NCA mandatory requirements,ATTESTATION|APPROVAL,False
5961,1028,NIST-CSF,4.12,ENERGY,recommended,critical,2,Critical infrastructure requires enhanced OT security controls,BCP_DRP|INCIDENT_REPORT,False
5962,1028,NIST-CSF,4.12,MANUFACTURING,recommended,high,2,,,False
5963,1029,NIST-CSF,5.12,BANKING,recommended,high,3,Financial institutions must implement enhanced controls per SAMA requirements,AUDIT_REPORT|RISK_ASSESSMENT,False
5964,1029,NIST-CSF,5.12,INSURANCE,recommended,medium,3,,,False
5965,1029,NIST-CSF,5.12,CAPITAL_MARKETS,recommended,medium,3,,,False
5966,1029,NIST-CSF,5.12,FINTECH,recommended,high,3,FinTech companies must meet both SAMA and PCI requirements,PENTEST|SCAN_REPORT,False
5967,1029,NIST-CSF,5.12,HEALTHCARE,recommended,high,3,Healthcare organizations must ensure patient data protection per MOH standards,CERTIFICATE|TRAINING_RECORD,False
5968,1029,NIST-CSF,5.12,TELECOM,recommended,medium,3,,,False
5969,1029,NIST-CSF,5.12,ICT,recommended,medium,3,,,False
5970,1029,NIST-CSF,5.12,CLOUD,recommended,medium,3,,,False
5971,1029,NIST-CSF,5.12,GOVERNMENT,recommended,critical,3,Government entities must comply with NCA mandatory requirements,ATTESTATION|APPROVAL,False
5972,1029,NIST-CSF,5.12,ENERGY,recommended,critical,3,Critical infrastructure requires enhanced OT security controls,BCP_DRP|INCIDENT_REPORT,False
5973,1029,NIST-CSF,5.12,MANUFACTURING,recommended,medium,3,,,False
5974,1030,NIST-CSF,6.12,BANKING,recommended,medium,4,Financial institutions must implement enhanced controls per SAMA requirements,AUDIT_REPORT|RISK_ASSESSMENT,False
5975,1030,NIST-CSF,6.12,INSURANCE,recommended,low,4,,,False
5976,1030,NIST-CSF,6.12,CAPITAL_MARKETS,recommended,low,4,,,False
5977,1030,NIST-CSF,6.12,FINTECH,recommended,medium,4,FinTech companies must meet both SAMA and PCI requirements,PENTEST|SCAN_REPORT,False
5978,1030,NIST-CSF,6.12,HEALTHCARE,recommended,medium,4,Healthcare organizations must ensure patient data protection per MOH standards,CERTIFICATE|TRAINING_RECORD,False
5979,1030,NIST-CSF,6.12,TELECOM,recommended,low,4,,,False
5980,1030,NIST-CSF,6.12,ICT,recommended,low,4,,,False
5981,1030,NIST-CSF,6.12,CLOUD,recommended,low,4,,,False
5982,1030,NIST-CSF,6.12,GOVERNMENT,recommended,high,4,Government entities must comply with NCA mandatory requirements,ATTESTATION|APPROVAL,False
5983,1030,NIST-CSF,6.12,ENERGY,recommended,high,4,Critical infrastructure requires enhanced OT security controls,BCP_DRP|INCIDENT_REPORT,False
5984,1030,NIST-CSF,6.12,MANUFACTURING,recommended,low,4,,,False
5985,1031,NIST-CSF,1.13,BANKING,recommended,critical,1,Financial institutions must implement enhanced controls per SAMA requirements,AUDIT_REPORT|RISK_ASSESSMENT,False
5986,1031,NIST-CSF,1.13,INSURANCE,recommended,critical,1,,,False
5987,1031,NIST-CSF,1.13,CAPITAL_MARKETS,recommended,critical,1,,,False
5988,1031,NIST-CSF,1.13,FINTECH,recommended,critical,1,FinTech companies must meet both SAMA and PCI requirements,PENTEST|SCAN_REPORT,False
5989,1031,NIST-CSF,1.13,HEALTHCARE,recommended,critical,1,Healthcare organizations must ensure patient data protection per MOH standards,CERTIFICATE|TRAINING_RECORD,False
5990,1031,NIST-CSF,1.13,TELECOM,recommended,critical,1,,,False
5991,1031,NIST-CSF,1.13,ICT,recommended,critical,1,,,False
5992,1031,NIST-CSF,1.13,CLOUD,recommended,critical,1,,,False
5993,1031,NIST-CSF,1.13,GOVERNMENT,recommended,critical,1,Government entities must comply with NCA mandatory requirements,ATTESTATION|APPROVAL,False
5994,1031,NIST-CSF,1.13,ENERGY,recommended,critical,1,Critical infrastructure requires enhanced OT security controls,BCP_DRP|INCIDENT_REPORT,False
5995,1031,NIST-CSF,1.13,MANUFACTURING,recommended,critical,1,,,False
5996,1032,NIST-CSF,2.13,BANKING,recommended,critical,2,Financial institutions must implement enhanced controls per SAMA requirements,AUDIT_REPORT|RISK_ASSESSMENT,False
5997,1032,NIST-CSF,2.13,INSURANCE,recommended,high,2,,,False
5998,1032,NIST-CSF,2.13,CAPITAL_MARKETS,recommended,high,2,,,False
5999,1032,NIST-CSF,2.13,FINTECH,recommended,critical,2,FinTech companies must meet both SAMA and PCI requirements,PENTEST|SCAN_REPORT,False
6000,1032,NIST-CSF,2.13,HEALTHCARE,recommended,critical,2,Healthcare organizations must ensure patient data protection per MOH standards,CERTIFICATE|TRAINING_RECORD,False
6001,1032,NIST-CSF,2.13,TELECOM,recommended,high,2,,,False
6002,1032,NIST-CSF,2.13,ICT,recommended,high,2,,,False
6003,1032,NIST-CSF,2.13,CLOUD,recommended,high,2,,,False
6004,1032,NIST-CSF,2.13,GOVERNMENT,recommended,critical,2,Government entities must comply with NCA mandatory requirements,ATTESTATION|APPROVAL,False
6005,1032,NIST-CSF,2.13,ENERGY,recommended,critical,2,Critical infrastructure requires enhanced OT security controls,BCP_DRP|INCIDENT_REPORT,False
6006,1032,NIST-CSF,2.13,MANUFACTURING,recommended,high,2,,,False
6007,1033,NIST-CSF,3.13,BANKING,recommended,high,3,Financial institutions must implement enhanced controls per SAMA requirements,AUDIT_REPORT|RISK_ASSESSMENT,False
6008,1033,NIST-CSF,3.13,INSURANCE,recommended,medium,3,,,False
6009,1033,NIST-CSF,3.13,CAPITAL_MARKETS,recommended,medium,3,,,False
6010,1033,NIST-CSF,3.13,FINTECH,recommended,high,3,FinTech companies must meet both SAMA and PCI requirements,PENTEST|SCAN_REPORT,False
6011,1033,NIST-CSF,3.13,HEALTHCARE,recommended,high,3,Healthcare organizations must ensure patient data protection per MOH standards,CERTIFICATE|TRAINING_RECORD,False
6012,1033,NIST-CSF,3.13,TELECOM,recommended,medium,3,,,False
6013,1033,NIST-CSF,3.13,ICT,recommended,medium,3,,,False
6014,1033,NIST-CSF,3.13,CLOUD,recommended,medium,3,,,False
6015,1033,NIST-CSF,3.13,GOVERNMENT,recommended,critical,3,Government entities must comply with NCA mandatory requirements,ATTESTATION|APPROVAL,False
6016,1033,NIST-CSF,3.13,ENERGY,recommended,critical,3,Critical infrastructure requires enhanced OT security controls,BCP_DRP|INCIDENT_REPORT,False
6017,1033,NIST-CSF,3.13,MANUFACTURING,recommended,medium,3,,,False
6018,1034,NIST-CSF,4.13,BANKING,recommended,medium,4,Financial institutions must implement enhanced controls per SAMA requirements,AUDIT_REPORT|RISK_ASSESSMENT,False
6019,1034,NIST-CSF,4.13,INSURANCE,recommended,low,4,,,False
6020,1034,NIST-CSF,4.13,CAPITAL_MARKETS,recommended,low,4,,,False
6021,1034,NIST-CSF,4.13,FINTECH,recommended,medium,4,FinTech companies must meet both SAMA and PCI requirements,PENTEST|SCAN_REPORT,False
6022,1034,NIST-CSF,4.13,HEALTHCARE,recommended,medium,4,Healthcare organizations must ensure patient data protection per MOH standards,CERTIFICATE|TRAINING_RECORD,False
6023,1034,NIST-CSF,4.13,TELECOM,recommended,low,4,,,False
6024,1034,NIST-CSF,4.13,ICT,recommended,low,4,,,False
6025,1034,NIST-CSF,4.13,CLOUD,recommended,low,4,,,False
6026,1034,NIST-CSF,4.13,GOVERNMENT,recommended,high,4,Government entities must comply with NCA mandatory requirements,ATTESTATION|APPROVAL,False
6027,1034,NIST-CSF,4.13,ENERGY,recommended,high,4,Critical infrastructure requires enhanced OT security controls,BCP_DRP|INCIDENT_REPORT,False
6028,1034,NIST-CSF,4.13,MANUFACTURING,recommended,low,4,,,False
6029,1035,NIST-CSF,5.13,BANKING,recommended,critical,1,Financial institutions must implement enhanced controls per SAMA requirements,AUDIT_REPORT|RISK_ASSESSMENT,False
6030,1035,NIST-CSF,5.13,INSURANCE,recommended,critical,1,,,False
6031,1035,NIST-CSF,5.13,CAPITAL_MARKETS,recommended,critical,1,,,False
6032,1035,NIST-CSF,5.13,FINTECH,recommended,critical,1,FinTech companies must meet both SAMA and PCI requirements,PENTEST|SCAN_REPORT,False
6033,1035,NIST-CSF,5.13,HEALTHCARE,recommended,critical,1,Healthcare organizations must ensure patient data protection per MOH standards,CERTIFICATE|TRAINING_RECORD,False
6034,1035,NIST-CSF,5.13,TELECOM,recommended,critical,1,,,False
6035,1035,NIST-CSF,5.13,ICT,recommended,critical,1,,,False
6036,1035,NIST-CSF,5.13,CLOUD,recommended,critical,1,,,False
6037,1035,NIST-CSF,5.13,GOVERNMENT,recommended,critical,1,Government entities must comply with NCA mandatory requirements,ATTESTATION|APPROVAL,False
6038,1035,NIST-CSF,5.13,ENERGY,recommended,critical,1,Critical infrastructure requires enhanced OT security controls,BCP_DRP|INCIDENT_REPORT,False
6039,1035,NIST-CSF,5.13,MANUFACTURING,recommended,critical,1,,,False
6040,1036,NIST-CSF,6.13,BANKING,recommended,critical,2,Financial institutions must implement enhanced controls per SAMA requirements,AUDIT_REPORT|RISK_ASSESSMENT,False
6041,1036,NIST-CSF,6.13,INSURANCE,recommended,high,2,,,False
6042,1036,NIST-CSF,6.13,CAPITAL_MARKETS,recommended,high,2,,,False
6043,1036,NIST-CSF,6.13,FINTECH,recommended,critical,2,FinTech companies must meet both SAMA and PCI requirements,PENTEST|SCAN_REPORT,False
6044,1036,NIST-CSF,6.13,HEALTHCARE,recommended,critical,2,Healthcare organizations must ensure patient data protection per MOH standards,CERTIFICATE|TRAINING_RECORD,False
6045,1036,NIST-CSF,6.13,TELECOM,recommended,high,2,,,False
6046,1036,NIST-CSF,6.13,ICT,recommended,high,2,,,False
6047,1036,NIST-CSF,6.13,CLOUD,recommended,high,2,,,False
6048,1036,NIST-CSF,6.13,GOVERNMENT,recommended,critical,2,Government entities must comply with NCA mandatory requirements,ATTESTATION|APPROVAL,False
6049,1036,NIST-CSF,6.13,ENERGY,recommended,critical,2,Critical infrastructure requires enhanced OT security controls,BCP_DRP|INCIDENT_REPORT,False
6050,1036,NIST-CSF,6.13,MANUFACTURING,recommended,high,2,,,False
6051,1037,NIST-CSF,1.14,BANKING,recommended,high,3,Financial institutions must implement enhanced controls per SAMA requirements,AUDIT_REPORT|RISK_ASSESSMENT,False
6052,1037,NIST-CSF,1.14,INSURANCE,recommended,medium,3,,,False
6053,1037,NIST-CSF,1.14,CAPITAL_MARKETS,recommended,medium,3,,,False
6054,1037,NIST-CSF,1.14,FINTECH,recommended,high,3,FinTech companies must meet both SAMA and PCI requirements,PENTEST|SCAN_REPORT,False
6055,1037,NIST-CSF,1.14,HEALTHCARE,recommended,high,3,Healthcare organizations must ensure patient data protection per MOH standards,CERTIFICATE|TRAINING_RECORD,False
6056,1037,NIST-CSF,1.14,TELECOM,recommended,medium,3,,,False
6057,1037,NIST-CSF,1.14,ICT,recommended,medium,3,,,False
6058,1037,NIST-CSF,1.14,CLOUD,recommended,medium,3,,,False
6059,1037,NIST-CSF,1.14,GOVERNMENT,recommended,critical,3,Government entities must comply with NCA mandatory requirements,ATTESTATION|APPROVAL,False
6060,1037,NIST-CSF,1.14,ENERGY,recommended,critical,3,Critical infrastructure requires enhanced OT security controls,BCP_DRP|INCIDENT_REPORT,False
6061,1037,NIST-CSF,1.14,MANUFACTURING,recommended,medium,3,,,False
6062,1038,NIST-CSF,2.14,BANKING,recommended,medium,4,Financial institutions must implement enhanced controls per SAMA requirements,AUDIT_REPORT|RISK_ASSESSMENT,False
6063,1038,NIST-CSF,2.14,INSURANCE,recommended,low,4,,,False
6064,1038,NIST-CSF,2.14,CAPITAL_MARKETS,recommended,low,4,,,False
6065,1038,NIST-CSF,2.14,FINTECH,recommended,medium,4,FinTech companies must meet both SAMA and PCI requirements,PENTEST|SCAN_REPORT,False
6066,1038,NIST-CSF,2.14,HEALTHCARE,recommended,medium,4,Healthcare organizations must ensure patient data protection per MOH standards,CERTIFICATE|TRAINING_RECORD,False
6067,1038,NIST-CSF,2.14,TELECOM,recommended,low,4,,,False
6068,1038,NIST-CSF,2.14,ICT,recommended,low,4,,,False
6069,1038,NIST-CSF,2.14,CLOUD,recommended,low,4,,,False
6070,1038,NIST-CSF,2.14,GOVERNMENT,recommended,high,4,Government entities must comply with NCA mandatory requirements,ATTESTATION|APPROVAL,False
6071,1038,NIST-CSF,2.14,ENERGY,recommended,high,4,Critical infrastructure requires enhanced OT security controls,BCP_DRP|INCIDENT_REPORT,False
6072,1038,NIST-CSF,2.14,MANUFACTURING,recommended,low,4,,,False
6073,1039,NIST-CSF,3.14,BANKING,recommended,critical,1,Financial institutions must implement enhanced controls per SAMA requirements,AUDIT_REPORT|RISK_ASSESSMENT,False
6074,1039,NIST-CSF,3.14,INSURANCE,recommended,critical,1,,,False
6075,1039,NIST-CSF,3.14,CAPITAL_MARKETS,recommended,critical,1,,,False
6076,1039,NIST-CSF,3.14,FINTECH,recommended,critical,1,FinTech companies must meet both SAMA and PCI requirements,PENTEST|SCAN_REPORT,False
6077,1039,NIST-CSF,3.14,HEALTHCARE,recommended,critical,1,Healthcare organizations must ensure patient data protection per MOH standards,CERTIFICATE|TRAINING_RECORD,False
6078,1039,NIST-CSF,3.14,TELECOM,recommended,critical,1,,,False
6079,1039,NIST-CSF,3.14,ICT,recommended,critical,1,,,False
6080,1039,NIST-CSF,3.14,CLOUD,recommended,critical,1,,,False
6081,1039,NIST-CSF,3.14,GOVERNMENT,recommended,critical,1,Government entities must comply with NCA mandatory requirements,ATTESTATION|APPROVAL,False
6082,1039,NIST-CSF,3.14,ENERGY,recommended,critical,1,Critical infrastructure requires enhanced OT security controls,BCP_DRP|INCIDENT_REPORT,False
6083,1039,NIST-CSF,3.14,MANUFACTURING,recommended,critical,1,,,False
6084,1040,NIST-CSF,4.14,BANKING,recommended,critical,2,Financial institutions must implement enhanced controls per SAMA requirements,AUDIT_REPORT|RISK_ASSESSMENT,False
6085,1040,NIST-CSF,4.14,INSURANCE,recommended,high,2,,,False
6086,1040,NIST-CSF,4.14,CAPITAL_MARKETS,recommended,high,2,,,False
6087,1040,NIST-CSF,4.14,FINTECH,recommended,critical,2,FinTech companies must meet both SAMA and PCI requirements,PENTEST|SCAN_REPORT,False
6088,1040,NIST-CSF,4.14,HEALTHCARE,recommended,critical,2,Healthcare organizations must ensure patient data protection per MOH standards,CERTIFICATE|TRAINING_RECORD,False
6089,1040,NIST-CSF,4.14,TELECOM,recommended,high,2,,,False
6090,1040,NIST-CSF,4.14,ICT,recommended,high,2,,,False
6091,1040,NIST-CSF,4.14,CLOUD,recommended,high,2,,,False
6092,1040,NIST-CSF,4.14,GOVERNMENT,recommended,critical,2,Government entities must comply with NCA mandatory requirements,ATTESTATION|APPROVAL,False
6093,1040,NIST-CSF,4.14,ENERGY,recommended,critical,2,Critical infrastructure requires enhanced OT security controls,BCP_DRP|INCIDENT_REPORT,False
6094,1040,NIST-CSF,4.14,MANUFACTURING,recommended,high,2,,,False
6095,1041,NIST-CSF,5.14,BANKING,recommended,high,3,Financial institutions must implement enhanced controls per SAMA requirements,AUDIT_REPORT|RISK_ASSESSMENT,False
6096,1041,NIST-CSF,5.14,INSURANCE,recommended,medium,3,,,False
6097,1041,NIST-CSF,5.14,CAPITAL_MARKETS,recommended,medium,3,,,False
6098,1041,NIST-CSF,5.14,FINTECH,recommended,high,3,FinTech companies must meet both SAMA and PCI requirements,PENTEST|SCAN_REPORT,False
6099,1041,NIST-CSF,5.14,HEALTHCARE,recommended,high,3,Healthcare organizations must ensure patient data protection per MOH standards,CERTIFICATE|TRAINING_RECORD,False
6100,1041,NIST-CSF,5.14,TELECOM,recommended,medium,3,,,False
6101,1041,NIST-CSF,5.14,ICT,recommended,medium,3,,,False
6102,1041,NIST-CSF,5.14,CLOUD,recommended,medium,3,,,False
6103,1041,NIST-CSF,5.14,GOVERNMENT,recommended,critical,3,Government entities must comply with NCA mandatory requirements,ATTESTATION|APPROVAL,False
6104,1041,NIST-CSF,5.14,ENERGY,recommended,critical,3,Critical infrastructure requires enhanced OT security controls,BCP_DRP|INCIDENT_REPORT,False
6105,1041,NIST-CSF,5.14,MANUFACTURING,recommended,medium,3,,,False
6106,1042,NIST-CSF,6.14,BANKING,recommended,medium,4,Financial institutions must implement enhanced controls per SAMA requirements,AUDIT_REPORT|RISK_ASSESSMENT,False
6107,1042,NIST-CSF,6.14,INSURANCE,recommended,low,4,,,False
6108,1042,NIST-CSF,6.14,CAPITAL_MARKETS,recommended,low,4,,,False
6109,1042,NIST-CSF,6.14,FINTECH,recommended,medium,4,FinTech companies must meet both SAMA and PCI requirements,PENTEST|SCAN_REPORT,False
6110,1042,NIST-CSF,6.14,HEALTHCARE,recommended,medium,4,Healthcare organizations must ensure patient data protection per MOH standards,CERTIFICATE|TRAINING_RECORD,False
6111,1042,NIST-CSF,6.14,TELECOM,recommended,low,4,,,False
6112,1042,NIST-CSF,6.14,ICT,recommended,low,4,,,False
6113,1042,NIST-CSF,6.14,CLOUD,recommended,low,4,,,False
6114,1042,NIST-CSF,6.14,GOVERNMENT,recommended,high,4,Government entities must comply with NCA mandatory requirements,ATTESTATION|APPROVAL,False
6115,1042,NIST-CSF,6.14,ENERGY,recommended,high,4,Critical infrastructure requires enhanced OT security controls,BCP_DRP|INCIDENT_REPORT,False
6116,1042,NIST-CSF,6.14,MANUFACTURING,recommended,low,4,,,False
6117,1043,NIST-CSF,1.15,BANKING,recommended,critical,1,Financial institutions must implement enhanced controls per SAMA requirements,AUDIT_REPORT|RISK_ASSESSMENT,False
6118,1043,NIST-CSF,1.15,INSURANCE,recommended,critical,1,,,False
6119,1043,NIST-CSF,1.15,CAPITAL_MARKETS,recommended,critical,1,,,False
6120,1043,NIST-CSF,1.15,FINTECH,recommended,critical,1,FinTech companies must meet both SAMA and PCI requirements,PENTEST|SCAN_REPORT,False
6121,1043,NIST-CSF,1.15,HEALTHCARE,recommended,critical,1,Healthcare organizations must ensure patient data protection per MOH standards,CERTIFICATE|TRAINING_RECORD,False
6122,1043,NIST-CSF,1.15,TELECOM,recommended,critical,1,,,False
6123,1043,NIST-CSF,1.15,ICT,recommended,critical,1,,,False
6124,1043,NIST-CSF,1.15,CLOUD,recommended,critical,1,,,False
6125,1043,NIST-CSF,1.15,GOVERNMENT,recommended,critical,1,Government entities must comply with NCA mandatory requirements,ATTESTATION|APPROVAL,False
6126,1043,NIST-CSF,1.15,ENERGY,recommended,critical,1,Critical infrastructure requires enhanced OT security controls,BCP_DRP|INCIDENT_REPORT,False
6127,1043,NIST-CSF,1.15,MANUFACTURING,recommended,critical,1,,,False
6128,1044,NIST-CSF,2.15,BANKING,recommended,critical,2,Financial institutions must implement enhanced controls per SAMA requirements,AUDIT_REPORT|RISK_ASSESSMENT,False
6129,1044,NIST-CSF,2.15,INSURANCE,recommended,high,2,,,False
6130,1044,NIST-CSF,2.15,CAPITAL_MARKETS,recommended,high,2,,,False
6131,1044,NIST-CSF,2.15,FINTECH,recommended,critical,2,FinTech companies must meet both SAMA and PCI requirements,PENTEST|SCAN_REPORT,False
6132,1044,NIST-CSF,2.15,HEALTHCARE,recommended,critical,2,Healthcare organizations must ensure patient data protection per MOH standards,CERTIFICATE|TRAINING_RECORD,False
6133,1044,NIST-CSF,2.15,TELECOM,recommended,high,2,,,False
6134,1044,NIST-CSF,2.15,ICT,recommended,high,2,,,False
6135,1044,NIST-CSF,2.15,CLOUD,recommended,high,2,,,False
6136,1044,NIST-CSF,2.15,GOVERNMENT,recommended,critical,2,Government entities must comply with NCA mandatory requirements,ATTESTATION|APPROVAL,False
6137,1044,NIST-CSF,2.15,ENERGY,recommended,critical,2,Critical infrastructure requires enhanced OT security controls,BCP_DRP|INCIDENT_REPORT,False
6138,1044,NIST-CSF,2.15,MANUFACTURING,recommended,high,2,,,False
6139,1045,NIST-CSF,3.15,BANKING,recommended,high,3,Financial institutions must implement enhanced controls per SAMA requirements,AUDIT_REPORT|RISK_ASSESSMENT,False
6140,1045,NIST-CSF,3.15,INSURANCE,recommended,medium,3,,,False
6141,1045,NIST-CSF,3.15,CAPITAL_MARKETS,recommended,medium,3,,,False
6142,1045,NIST-CSF,3.15,FINTECH,recommended,high,3,FinTech companies must meet both SAMA and PCI requirements,PENTEST|SCAN_REPORT,False
6143,1045,NIST-CSF,3.15,HEALTHCARE,recommended,high,3,Healthcare organizations must ensure patient data protection per MOH standards,CERTIFICATE|TRAINING_RECORD,False
6144,1045,NIST-CSF,3.15,TELECOM,recommended,medium,3,,,False
6145,1045,NIST-CSF,3.15,ICT,recommended,medium,3,,,False
6146,1045,NIST-CSF,3.15,CLOUD,recommended,medium,3,,,False
6147,1045,NIST-CSF,3.15,GOVERNMENT,recommended,critical,3,Government entities must comply with NCA mandatory requirements,ATTESTATION|APPROVAL,False
6148,1045,NIST-CSF,3.15,ENERGY,recommended,critical,3,Critical infrastructure requires enhanced OT security controls,BCP_DRP|INCIDENT_REPORT,False
6149,1045,NIST-CSF,3.15,MANUFACTURING,recommended,medium,3,,,False
6150,1046,NIST-CSF,4.15,BANKING,recommended,medium,4,Financial institutions must implement enhanced controls per SAMA requirements,AUDIT_REPORT|RISK_ASSESSMENT,False
6151,1046,NIST-CSF,4.15,INSURANCE,recommended,low,4,,,False
6152,1046,NIST-CSF,4.15,CAPITAL_MARKETS,recommended,low,4,,,False
6153,1046,NIST-CSF,4.15,FINTECH,recommended,medium,4,FinTech companies must meet both SAMA and PCI requirements,PENTEST|SCAN_REPORT,False
6154,1046,NIST-CSF,4.15,HEALTHCARE,recommended,medium,4,Healthcare organizations must ensure patient data protection per MOH standards,CERTIFICATE|TRAINING_RECORD,False
6155,1046,NIST-CSF,4.15,TELECOM,recommended,low,4,,,False
6156,1046,NIST-CSF,4.15,ICT,recommended,low,4,,,False
6157,1046,NIST-CSF,4.15,CLOUD,recommended,low,4,,,False
6158,1046,NIST-CSF,4.15,GOVERNMENT,recommended,high,4,Government entities must comply with NCA mandatory requirements,ATTESTATION|APPROVAL,False
6159,1046,NIST-CSF,4.15,ENERGY,recommended,high,4,Critical infrastructure requires enhanced OT security controls,BCP_DRP|INCIDENT_REPORT,False
6160,1046,NIST-CSF,4.15,MANUFACTURING,recommended,low,4,,,False
6161,1047,NIST-CSF,5.15,BANKING,recommended,critical,1,Financial institutions must implement enhanced controls per SAMA requirements,AUDIT_REPORT|RISK_ASSESSMENT,False
6162,1047,NIST-CSF,5.15,INSURANCE,recommended,critical,1,,,False
6163,1047,NIST-CSF,5.15,CAPITAL_MARKETS,recommended,critical,1,,,False
6164,1047,NIST-CSF,5.15,FINTECH,recommended,critical,1,FinTech companies must meet both SAMA and PCI requirements,PENTEST|SCAN_REPORT,False
6165,1047,NIST-CSF,5.15,HEALTHCARE,recommended,critical,1,Healthcare organizations must ensure patient data protection per MOH standards,CERTIFICATE|TRAINING_RECORD,False
6166,1047,NIST-CSF,5.15,TELECOM,recommended,critical,1,,,False
6167,1047,NIST-CSF,5.15,ICT,recommended,critical,1,,,False
6168,1047,NIST-CSF,5.15,CLOUD,recommended,critical,1,,,False
6169,1047,NIST-CSF,5.15,GOVERNMENT,recommended,critical,1,Government entities must comply with NCA mandatory requirements,ATTESTATION|APPROVAL,False
6170,1047,NIST-CSF,5.15,ENERGY,recommended,critical,1,Critical infrastructure requires enhanced OT security controls,BCP_DRP|INCIDENT_REPORT,False
6171,1047,NIST-CSF,5.15,MANUFACTURING,recommended,critical,1,,,False
6172,1048,NIST-CSF,6.15,BANKING,recommended,critical,2,Financial institutions must implement enhanced controls per SAMA requirements,AUDIT_REPORT|RISK_ASSESSMENT,False
6173,1048,NIST-CSF,6.15,INSURANCE,recommended,high,2,,,False
6174,1048,NIST-CSF,6.15,CAPITAL_MARKETS,recommended,high,2,,,False
6175,1048,NIST-CSF,6.15,FINTECH,recommended,critical,2,FinTech companies must meet both SAMA and PCI requirements,PENTEST|SCAN_REPORT,False
6176,1048,NIST-CSF,6.15,HEALTHCARE,recommended,critical,2,Healthcare organizations must ensure patient data protection per MOH standards,CERTIFICATE|TRAINING_RECORD,False
6177,1048,NIST-CSF,6.15,TELECOM,recommended,high,2,,,False
6178,1048,NIST-CSF,6.15,ICT,recommended,high,2,,,False
6179,1048,NIST-CSF,6.15,CLOUD,recommended,high,2,,,False
6180,1048,NIST-CSF,6.15,GOVERNMENT,recommended,critical,2,Government entities must comply with NCA mandatory requirements,ATTESTATION|APPROVAL,False
6181,1048,NIST-CSF,6.15,ENERGY,recommended,critical,2,Critical infrastructure requires enhanced OT security controls,BCP_DRP|INCIDENT_REPORT,False
6182,1048,NIST-CSF,6.15,MANUFACTURING,recommended,high,2,,,False
6183,1049,NIST-CSF,1.16,BANKING,recommended,high,3,Financial institutions must implement enhanced controls per SAMA requirements,AUDIT_REPORT|RISK_ASSESSMENT,False
6184,1049,NIST-CSF,1.16,INSURANCE,recommended,medium,3,,,False
6185,1049,NIST-CSF,1.16,CAPITAL_MARKETS,recommended,medium,3,,,False
6186,1049,NIST-CSF,1.16,FINTECH,recommended,high,3,FinTech companies must meet both SAMA and PCI requirements,PENTEST|SCAN_REPORT,False
6187,1049,NIST-CSF,1.16,HEALTHCARE,recommended,high,3,Healthcare organizations must ensure patient data protection per MOH standards,CERTIFICATE|TRAINING_RECORD,False
6188,1049,NIST-CSF,1.16,TELECOM,recommended,medium,3,,,False
6189,1049,NIST-CSF,1.16,ICT,recommended,medium,3,,,False
6190,1049,NIST-CSF,1.16,CLOUD,recommended,medium,3,,,False
6191,1049,NIST-CSF,1.16,GOVERNMENT,recommended,critical,3,Government entities must comply with NCA mandatory requirements,ATTESTATION|APPROVAL,False
6192,1049,NIST-CSF,1.16,ENERGY,recommended,critical,3,Critical infrastructure requires enhanced OT security controls,BCP_DRP|INCIDENT_REPORT,False
6193,1049,NIST-CSF,1.16,MANUFACTURING,recommended,medium,3,,,False
6194,1050,NIST-CSF,2.16,BANKING,recommended,medium,4,Financial institutions must implement enhanced controls per SAMA requirements,AUDIT_REPORT|RISK_ASSESSMENT,False
6195,1050,NIST-CSF,2.16,INSURANCE,recommended,low,4,,,False
6196,1050,NIST-CSF,2.16,CAPITAL_MARKETS,recommended,low,4,,,False
6197,1050,NIST-CSF,2.16,FINTECH,recommended,medium,4,FinTech companies must meet both SAMA and PCI requirements,PENTEST|SCAN_REPORT,False
6198,1050,NIST-CSF,2.16,HEALTHCARE,recommended,medium,4,Healthcare organizations must ensure patient data protection per MOH standards,CERTIFICATE|TRAINING_RECORD,False
6199,1050,NIST-CSF,2.16,TELECOM,recommended,low,4,,,False
6200,1050,NIST-CSF,2.16,ICT,recommended,low,4,,,False
6201,1050,NIST-CSF,2.16,CLOUD,recommended,low,4,,,False
6202,1050,NIST-CSF,2.16,GOVERNMENT,recommended,high,4,Government entities must comply with NCA mandatory requirements,ATTESTATION|APPROVAL,False
6203,1050,NIST-CSF,2.16,ENERGY,recommended,high,4,Critical infrastructure requires enhanced OT security controls,BCP_DRP|INCIDENT_REPORT,False
6204,1050,NIST-CSF,2.16,MANUFACTURING,recommended,low,4,,,False
6205,1051,NIST-CSF,3.16,BANKING,recommended,critical,1,Financial institutions must implement enhanced controls per SAMA requirements,AUDIT_REPORT|RISK_ASSESSMENT,False
6206,1051,NIST-CSF,3.16,INSURANCE,recommended,critical,1,,,False
6207,1051,NIST-CSF,3.16,CAPITAL_MARKETS,recommended,critical,1,,,False
6208,1051,NIST-CSF,3.16,FINTECH,recommended,critical,1,FinTech companies must meet both SAMA and PCI requirements,PENTEST|SCAN_REPORT,False
6209,1051,NIST-CSF,3.16,HEALTHCARE,recommended,critical,1,Healthcare organizations must ensure patient data protection per MOH standards,CERTIFICATE|TRAINING_RECORD,False
6210,1051,NIST-CSF,3.16,TELECOM,recommended,critical,1,,,False
6211,1051,NIST-CSF,3.16,ICT,recommended,critical,1,,,False
6212,1051,NIST-CSF,3.16,CLOUD,recommended,critical,1,,,False
6213,1051,NIST-CSF,3.16,GOVERNMENT,recommended,critical,1,Government entities must comply with NCA mandatory requirements,ATTESTATION|APPROVAL,False
6214,1051,NIST-CSF,3.16,ENERGY,recommended,critical,1,Critical infrastructure requires enhanced OT security controls,BCP_DRP|INCIDENT_REPORT,False
6215,1051,NIST-CSF,3.16,MANUFACTURING,recommended,critical,1,,,False
6216,1052,NIST-CSF,4.16,BANKING,recommended,critical,2,Financial institutions must implement enhanced controls per SAMA requirements,AUDIT_REPORT|RISK_ASSESSMENT,False
6217,1052,NIST-CSF,4.16,INSURANCE,recommended,high,2,,,False
6218,1052,NIST-CSF,4.16,CAPITAL_MARKETS,recommended,high,2,,,False
6219,1052,NIST-CSF,4.16,FINTECH,recommended,critical,2,FinTech companies must meet both SAMA and PCI requirements,PENTEST|SCAN_REPORT,False
6220,1052,NIST-CSF,4.16,HEALTHCARE,recommended,critical,2,Healthcare organizations must ensure patient data protection per MOH standards,CERTIFICATE|TRAINING_RECORD,False
6221,1052,NIST-CSF,4.16,TELECOM,recommended,high,2,,,False
6222,1052,NIST-CSF,4.16,ICT,recommended,high,2,,,False
6223,1052,NIST-CSF,4.16,CLOUD,recommended,high,2,,,False
6224,1052,NIST-CSF,4.16,GOVERNMENT,recommended,critical,2,Government entities must comply with NCA mandatory requirements,ATTESTATION|APPROVAL,False
6225,1052,NIST-CSF,4.16,ENERGY,recommended,critical,2,Critical infrastructure requires enhanced OT security controls,BCP_DRP|INCIDENT_REPORT,False
6226,1052,NIST-CSF,4.16,MANUFACTURING,recommended,high,2,,,False
6227,1053,NIST-CSF,5.16,BANKING,recommended,high,3,Financial institutions must implement enhanced controls per SAMA requirements,AUDIT_REPORT|RISK_ASSESSMENT,False
6228,1053,NIST-CSF,5.16,INSURANCE,recommended,medium,3,,,False
6229,1053,NIST-CSF,5.16,CAPITAL_MARKETS,recommended,medium,3,,,False
6230,1053,NIST-CSF,5.16,FINTECH,recommended,high,3,FinTech companies must meet both SAMA and PCI requirements,PENTEST|SCAN_REPORT,False
6231,1053,NIST-CSF,5.16,HEALTHCARE,recommended,high,3,Healthcare organizations must ensure patient data protection per MOH standards,CERTIFICATE|TRAINING_RECORD,False
6232,1053,NIST-CSF,5.16,TELECOM,recommended,medium,3,,,False
6233,1053,NIST-CSF,5.16,ICT,recommended,medium,3,,,False
6234,1053,NIST-CSF,5.16,CLOUD,recommended,medium,3,,,False
6235,1053,NIST-CSF,5.16,GOVERNMENT,recommended,critical,3,Government entities must comply with NCA mandatory requirements,ATTESTATION|APPROVAL,False
6236,1053,NIST-CSF,5.16,ENERGY,recommended,critical,3,Critical infrastructure requires enhanced OT security controls,BCP_DRP|INCIDENT_REPORT,False
6237,1053,NIST-CSF,5.16,MANUFACTURING,recommended,medium,3,,,False
6238,1054,NIST-CSF,6.16,BANKING,recommended,medium,4,Financial institutions must implement enhanced controls per SAMA requirements,AUDIT_REPORT|RISK_ASSESSMENT,False
6239,1054,NIST-CSF,6.16,INSURANCE,recommended,low,4,,,False
6240,1054,NIST-CSF,6.16,CAPITAL_MARKETS,recommended,low,4,,,False
6241,1054,NIST-CSF,6.16,FINTECH,recommended,medium,4,FinTech companies must meet both SAMA and PCI requirements,PENTEST|SCAN_REPORT,False
6242,1054,NIST-CSF,6.16,HEALTHCARE,recommended,medium,4,Healthcare organizations must ensure patient data protection per MOH standards,CERTIFICATE|TRAINING_RECORD,False
6243,1054,NIST-CSF,6.16,TELECOM,recommended,low,4,,,False
6244,1054,NIST-CSF,6.16,ICT,recommended,low,4,,,False
6245,1054,NIST-CSF,6.16,CLOUD,recommended,low,4,,,False
6246,1054,NIST-CSF,6.16,GOVERNMENT,recommended,high,4,Government entities must comply with NCA mandatory requirements,ATTESTATION|APPROVAL,False
6247,1054,NIST-CSF,6.16,ENERGY,recommended,high,4,Critical infrastructure requires enhanced OT security controls,BCP_DRP|INCIDENT_REPORT,False
6248,1054,NIST-CSF,6.16,MANUFACTURING,recommended,low,4,,,False
6249,1055,NIST-CSF,1.17,BANKING,recommended,critical,1,Financial institutions must implement enhanced controls per SAMA requirements,AUDIT_REPORT|RISK_ASSESSMENT,False
6250,1055,NIST-CSF,1.17,INSURANCE,recommended,critical,1,,,False
6251,1055,NIST-CSF,1.17,CAPITAL_MARKETS,recommended,critical,1,,,False
6252,1055,NIST-CSF,1.17,FINTECH,recommended,critical,1,FinTech companies must meet both SAMA and PCI requirements,PENTEST|SCAN_REPORT,False
6253,1055,NIST-CSF,1.17,HEALTHCARE,recommended,critical,1,Healthcare organizations must ensure patient data protection per MOH standards,CERTIFICATE|TRAINING_RECORD,False
6254,1055,NIST-CSF,1.17,TELECOM,recommended,critical,1,,,False
6255,1055,NIST-CSF,1.17,ICT,recommended,critical,1,,,False
6256,1055,NIST-CSF,1.17,CLOUD,recommended,critical,1,,,False
6257,1055,NIST-CSF,1.17,GOVERNMENT,recommended,critical,1,Government entities must comply with NCA mandatory requirements,ATTESTATION|APPROVAL,False
6258,1055,NIST-CSF,1.17,ENERGY,recommended,critical,1,Critical infrastructure requires enhanced OT security controls,BCP_DRP|INCIDENT_REPORT,False
6259,1055,NIST-CSF,1.17,MANUFACTURING,recommended,critical,1,,,False
6260,1056,NIST-CSF,2.17,BANKING,recommended,critical,2,Financial institutions must implement enhanced controls per SAMA requirements,AUDIT_REPORT|RISK_ASSESSMENT,False
6261,1056,NIST-CSF,2.17,INSURANCE,recommended,high,2,,,False
6262,1056,NIST-CSF,2.17,CAPITAL_MARKETS,recommended,high,2,,,False
6263,1056,NIST-CSF,2.17,FINTECH,recommended,critical,2,FinTech companies must meet both SAMA and PCI requirements,PENTEST|SCAN_REPORT,False
6264,1056,NIST-CSF,2.17,HEALTHCARE,recommended,critical,2,Healthcare organizations must ensure patient data protection per MOH standards,CERTIFICATE|TRAINING_RECORD,False
6265,1056,NIST-CSF,2.17,TELECOM,recommended,high,2,,,False
6266,1056,NIST-CSF,2.17,ICT,recommended,high,2,,,False
6267,1056,NIST-CSF,2.17,CLOUD,recommended,high,2,,,False
6268,1056,NIST-CSF,2.17,GOVERNMENT,recommended,critical,2,Government entities must comply with NCA mandatory requirements,ATTESTATION|APPROVAL,False
6269,1056,NIST-CSF,2.17,ENERGY,recommended,critical,2,Critical infrastructure requires enhanced OT security controls,BCP_DRP|INCIDENT_REPORT,False
6270,1056,NIST-CSF,2.17,MANUFACTURING,recommended,high,2,,,False
6271,1057,NIST-CSF,3.17,BANKING,recommended,high,3,Financial institutions must implement enhanced controls per SAMA requirements,AUDIT_REPORT|RISK_ASSESSMENT,False
6272,1057,NIST-CSF,3.17,INSURANCE,recommended,medium,3,,,False
6273,1057,NIST-CSF,3.17,CAPITAL_MARKETS,recommended,medium,3,,,False
6274,1057,NIST-CSF,3.17,FINTECH,recommended,high,3,FinTech companies must meet both SAMA and PCI requirements,PENTEST|SCAN_REPORT,False
6275,1057,NIST-CSF,3.17,HEALTHCARE,recommended,high,3,Healthcare organizations must ensure patient data protection per MOH standards,CERTIFICATE|TRAINING_RECORD,False
6276,1057,NIST-CSF,3.17,TELECOM,recommended,medium,3,,,False
6277,1057,NIST-CSF,3.17,ICT,recommended,medium,3,,,False
6278,1057,NIST-CSF,3.17,CLOUD,recommended,medium,3,,,False
6279,1057,NIST-CSF,3.17,GOVERNMENT,recommended,critical,3,Government entities must comply with NCA mandatory requirements,ATTESTATION|APPROVAL,False
6280,1057,NIST-CSF,3.17,ENERGY,recommended,critical,3,Critical infrastructure requires enhanced OT security controls,BCP_DRP|INCIDENT_REPORT,False
6281,1057,NIST-CSF,3.17,MANUFACTURING,recommended,medium,3,,,False
6282,1058,NIST-CSF,4.17,BANKING,recommended,medium,4,Financial institutions must implement enhanced controls per SAMA requirements,AUDIT_REPORT|RISK_ASSESSMENT,False
6283,1058,NIST-CSF,4.17,INSURANCE,recommended,low,4,,,False
6284,1058,NIST-CSF,4.17,CAPITAL_MARKETS,recommended,low,4,,,False
6285,1058,NIST-CSF,4.17,FINTECH,recommended,medium,4,FinTech companies must meet both SAMA and PCI requirements,PENTEST|SCAN_REPORT,False
6286,1058,NIST-CSF,4.17,HEALTHCARE,recommended,medium,4,Healthcare organizations must ensure patient data protection per MOH standards,CERTIFICATE|TRAINING_RECORD,False
6287,1058,NIST-CSF,4.17,TELECOM,recommended,low,4,,,False
6288,1058,NIST-CSF,4.17,ICT,recommended,low,4,,,False
6289,1058,NIST-CSF,4.17,CLOUD,recommended,low,4,,,False
6290,1058,NIST-CSF,4.17,GOVERNMENT,recommended,high,4,Government entities must comply with NCA mandatory requirements,ATTESTATION|APPROVAL,False
6291,1058,NIST-CSF,4.17,ENERGY,recommended,high,4,Critical infrastructure requires enhanced OT security controls,BCP_DRP|INCIDENT_REPORT,False
6292,1058,NIST-CSF,4.17,MANUFACTURING,recommended,low,4,,,False
6293,1059,NIST-CSF,5.17,BANKING,recommended,critical,1,Financial institutions must implement enhanced controls per SAMA requirements,AUDIT_REPORT|RISK_ASSESSMENT,False
6294,1059,NIST-CSF,5.17,INSURANCE,recommended,critical,1,,,False
6295,1059,NIST-CSF,5.17,CAPITAL_MARKETS,recommended,critical,1,,,False
6296,1059,NIST-CSF,5.17,FINTECH,recommended,critical,1,FinTech companies must meet both SAMA and PCI requirements,PENTEST|SCAN_REPORT,False
6297,1059,NIST-CSF,5.17,HEALTHCARE,recommended,critical,1,Healthcare organizations must ensure patient data protection per MOH standards,CERTIFICATE|TRAINING_RECORD,False
6298,1059,NIST-CSF,5.17,TELECOM,recommended,critical,1,,,False
6299,1059,NIST-CSF,5.17,ICT,recommended,critical,1,,,False
6300,1059,NIST-CSF,5.17,CLOUD,recommended,critical,1,,,False
6301,1059,NIST-CSF,5.17,GOVERNMENT,recommended,critical,1,Government entities must comply with NCA mandatory requirements,ATTESTATION|APPROVAL,False
6302,1059,NIST-CSF,5.17,ENERGY,recommended,critical,1,Critical infrastructure requires enhanced OT security controls,BCP_DRP|INCIDENT_REPORT,False
6303,1059,NIST-CSF,5.17,MANUFACTURING,recommended,critical,1,,,False
6304,1060,NIST-CSF,6.17,BANKING,recommended,critical,2,Financial institutions must implement enhanced controls per SAMA requirements,AUDIT_REPORT|RISK_ASSESSMENT,False
6305,1060,NIST-CSF,6.17,INSURANCE,recommended,high,2,,,False
6306,1060,NIST-CSF,6.17,CAPITAL_MARKETS,recommended,high,2,,,False
6307,1060,NIST-CSF,6.17,FINTECH,recommended,critical,2,FinTech companies must meet both SAMA and PCI requirements,PENTEST|SCAN_REPORT,False
6308,1060,NIST-CSF,6.17,HEALTHCARE,recommended,critical,2,Healthcare organizations must ensure patient data protection per MOH standards,CERTIFICATE|TRAINING_RECORD,False
6309,1060,NIST-CSF,6.17,TELECOM,recommended,high,2,,,False
6310,1060,NIST-CSF,6.17,ICT,recommended,high,2,,,False
6311,1060,NIST-CSF,6.17,CLOUD,recommended,high,2,,,False
6312,1060,NIST-CSF,6.17,GOVERNMENT,recommended,critical,2,Government entities must comply with NCA mandatory requirements,ATTESTATION|APPROVAL,False
6313,1060,NIST-CSF,6.17,ENERGY,recommended,critical,2,Critical infrastructure requires enhanced OT security controls,BCP_DRP|INCIDENT_REPORT,False
6314,1060,NIST-CSF,6.17,MANUFACTURING,recommended,high,2,,,False
6315,1061,NIST-CSF,1.18,BANKING,recommended,high,3,Financial institutions must implement enhanced controls per SAMA requirements,AUDIT_REPORT|RISK_ASSESSMENT,False
6316,1061,NIST-CSF,1.18,INSURANCE,recommended,medium,3,,,False
6317,1061,NIST-CSF,1.18,CAPITAL_MARKETS,recommended,medium,3,,,False
6318,1061,NIST-CSF,1.18,FINTECH,recommended,high,3,FinTech companies must meet both SAMA and PCI requirements,PENTEST|SCAN_REPORT,False
6319,1061,NIST-CSF,1.18,HEALTHCARE,recommended,high,3,Healthcare organizations must ensure patient data protection per MOH standards,CERTIFICATE|TRAINING_RECORD,False
6320,1061,NIST-CSF,1.18,TELECOM,recommended,medium,3,,,False
6321,1061,NIST-CSF,1.18,ICT,recommended,medium,3,,,False
6322,1061,NIST-CSF,1.18,CLOUD,recommended,medium,3,,,False
6323,1061,NIST-CSF,1.18,GOVERNMENT,recommended,critical,3,Government entities must comply with NCA mandatory requirements,ATTESTATION|APPROVAL,False
6324,1061,NIST-CSF,1.18,ENERGY,recommended,critical,3,Critical infrastructure requires enhanced OT security controls,BCP_DRP|INCIDENT_REPORT,False
6325,1061,NIST-CSF,1.18,MANUFACTURING,recommended,medium,3,,,False
6326,1062,NIST-CSF,2.18,BANKING,recommended,medium,4,Financial institutions must implement enhanced controls per SAMA requirements,AUDIT_REPORT|RISK_ASSESSMENT,False
6327,1062,NIST-CSF,2.18,INSURANCE,recommended,low,4,,,False
6328,1062,NIST-CSF,2.18,CAPITAL_MARKETS,recommended,low,4,,,False
6329,1062,NIST-CSF,2.18,FINTECH,recommended,medium,4,FinTech companies must meet both SAMA and PCI requirements,PENTEST|SCAN_REPORT,False
6330,1062,NIST-CSF,2.18,HEALTHCARE,recommended,medium,4,Healthcare organizations must ensure patient data protection per MOH standards,CERTIFICATE|TRAINING_RECORD,False
6331,1062,NIST-CSF,2.18,TELECOM,recommended,low,4,,,False
6332,1062,NIST-CSF,2.18,ICT,recommended,low,4,,,False
6333,1062,NIST-CSF,2.18,CLOUD,recommended,low,4,,,False
6334,1062,NIST-CSF,2.18,GOVERNMENT,recommended,high,4,Government entities must comply with NCA mandatory requirements,ATTESTATION|APPROVAL,False
6335,1062,NIST-CSF,2.18,ENERGY,recommended,high,4,Critical infrastructure requires enhanced OT security controls,BCP_DRP|INCIDENT_REPORT,False
6336,1062,NIST-CSF,2.18,MANUFACTURING,recommended,low,4,,,False
6337,1063,NIST-CSF,3.18,BANKING,recommended,critical,1,Financial institutions must implement enhanced controls per SAMA requirements,AUDIT_REPORT|RISK_ASSESSMENT,False
6338,1063,NIST-CSF,3.18,INSURANCE,recommended,critical,1,,,False
6339,1063,NIST-CSF,3.18,CAPITAL_MARKETS,recommended,critical,1,,,False
6340,1063,NIST-CSF,3.18,FINTECH,recommended,critical,1,FinTech companies must meet both SAMA and PCI requirements,PENTEST|SCAN_REPORT,False
6341,1063,NIST-CSF,3.18,HEALTHCARE,recommended,critical,1,Healthcare organizations must ensure patient data protection per MOH standards,CERTIFICATE|TRAINING_RECORD,False
6342,1063,NIST-CSF,3.18,TELECOM,recommended,critical,1,,,False
6343,1063,NIST-CSF,3.18,ICT,recommended,critical,1,,,False
6344,1063,NIST-CSF,3.18,CLOUD,recommended,critical,1,,,False
6345,1063,NIST-CSF,3.18,GOVERNMENT,recommended,critical,1,Government entities must comply with NCA mandatory requirements,ATTESTATION|APPROVAL,False
6346,1063,NIST-CSF,3.18,ENERGY,recommended,critical,1,Critical infrastructure requires enhanced OT security controls,BCP_DRP|INCIDENT_REPORT,False
6347,1063,NIST-CSF,3.18,MANUFACTURING,recommended,critical,1,,,False
6348,1064,NIST-CSF,4.18,BANKING,recommended,critical,2,Financial institutions must implement enhanced controls per SAMA requirements,AUDIT_REPORT|RISK_ASSESSMENT,False
6349,1064,NIST-CSF,4.18,INSURANCE,recommended,high,2,,,False
6350,1064,NIST-CSF,4.18,CAPITAL_MARKETS,recommended,high,2,,,False
6351,1064,NIST-CSF,4.18,FINTECH,recommended,critical,2,FinTech companies must meet both SAMA and PCI requirements,PENTEST|SCAN_REPORT,False
6352,1064,NIST-CSF,4.18,HEALTHCARE,recommended,critical,2,Healthcare organizations must ensure patient data protection per MOH standards,CERTIFICATE|TRAINING_RECORD,False
6353,1064,NIST-CSF,4.18,TELECOM,recommended,high,2,,,False
6354,1064,NIST-CSF,4.18,ICT,recommended,high,2,,,False
6355,1064,NIST-CSF,4.18,CLOUD,recommended,high,2,,,False
6356,1064,NIST-CSF,4.18,GOVERNMENT,recommended,critical,2,Government entities must comply with NCA mandatory requirements,ATTESTATION|APPROVAL,False
6357,1064,NIST-CSF,4.18,ENERGY,recommended,critical,2,Critical infrastructure requires enhanced OT security controls,BCP_DRP|INCIDENT_REPORT,False
6358,1064,NIST-CSF,4.18,MANUFACTURING,recommended,high,2,,,False
6359,1065,NIST-CSF,5.18,BANKING,recommended,high,3,Financial institutions must implement enhanced controls per SAMA requirements,AUDIT_REPORT|RISK_ASSESSMENT,False
6360,1065,NIST-CSF,5.18,INSURANCE,recommended,medium,3,,,False
6361,1065,NIST-CSF,5.18,CAPITAL_MARKETS,recommended,medium,3,,,False
6362,1065,NIST-CSF,5.18,FINTECH,recommended,high,3,FinTech companies must meet both SAMA and PCI requirements,PENTEST|SCAN_REPORT,False
6363,1065,NIST-CSF,5.18,HEALTHCARE,recommended,high,3,Healthcare organizations must ensure patient data protection per MOH standards,CERTIFICATE|TRAINING_RECORD,False
6364,1065,NIST-CSF,5.18,TELECOM,recommended,medium,3,,,False
6365,1065,NIST-CSF,5.18,ICT,recommended,medium,3,,,False
6366,1065,NIST-CSF,5.18,CLOUD,recommended,medium,3,,,False
6367,1065,NIST-CSF,5.18,GOVERNMENT,recommended,critical,3,Government entities must comply with NCA mandatory requirements,ATTESTATION|APPROVAL,False
6368,1065,NIST-CSF,5.18,ENERGY,recommended,critical,3,Critical infrastructure requires enhanced OT security controls,BCP_DRP|INCIDENT_REPORT,False
6369,1065,NIST-CSF,5.18,MANUFACTURING,recommended,medium,3,,,False
6370,1066,NIST-CSF,6.18,BANKING,recommended,medium,4,Financial institutions must implement enhanced controls per SAMA requirements,AUDIT_REPORT|RISK_ASSESSMENT,False
6371,1066,NIST-CSF,6.18,INSURANCE,recommended,low,4,,,False
6372,1066,NIST-CSF,6.18,CAPITAL_MARKETS,recommended,low,4,,,False
6373,1066,NIST-CSF,6.18,FINTECH,recommended,medium,4,FinTech companies must meet both SAMA and PCI requirements,PENTEST|SCAN_REPORT,False
6374,1066,NIST-CSF,6.18,HEALTHCARE,recommended,medium,4,Healthcare organizations must ensure patient data protection per MOH standards,CERTIFICATE|TRAINING_RECORD,False
6375,1066,NIST-CSF,6.18,TELECOM,recommended,low,4,,,False
6376,1066,NIST-CSF,6.18,ICT,recommended,low,4,,,False
6377,1066,NIST-CSF,6.18,CLOUD,recommended,low,4,,,False
6378,1066,NIST-CSF,6.18,GOVERNMENT,recommended,high,4,Government entities must comply with NCA mandatory requirements,ATTESTATION|APPROVAL,False
6379,1066,NIST-CSF,6.18,ENERGY,recommended,high,4,Critical infrastructure requires enhanced OT security controls,BCP_DRP|INCIDENT_REPORT,False
6380,1066,NIST-CSF,6.18,MANUFACTURING,recommended,low,4,,,False
6381,1067,NIST-CSF,1.19,BANKING,recommended,critical,1,Financial institutions must implement enhanced controls per SAMA requirements,AUDIT_REPORT|RISK_ASSESSMENT,False
6382,1067,NIST-CSF,1.19,INSURANCE,recommended,critical,1,,,False
6383,1067,NIST-CSF,1.19,CAPITAL_MARKETS,recommended,critical,1,,,False
6384,1067,NIST-CSF,1.19,FINTECH,recommended,critical,1,FinTech companies must meet both SAMA and PCI requirements,PENTEST|SCAN_REPORT,False
6385,1067,NIST-CSF,1.19,HEALTHCARE,recommended,critical,1,Healthcare organizations must ensure patient data protection per MOH standards,CERTIFICATE|TRAINING_RECORD,False
6386,1067,NIST-CSF,1.19,TELECOM,recommended,critical,1,,,False
6387,1067,NIST-CSF,1.19,ICT,recommended,critical,1,,,False
6388,1067,NIST-CSF,1.19,CLOUD,recommended,critical,1,,,False
6389,1067,NIST-CSF,1.19,GOVERNMENT,recommended,critical,1,Government entities must comply with NCA mandatory requirements,ATTESTATION|APPROVAL,False
6390,1067,NIST-CSF,1.19,ENERGY,recommended,critical,1,Critical infrastructure requires enhanced OT security controls,BCP_DRP|INCIDENT_REPORT,False
6391,1067,NIST-CSF,1.19,MANUFACTURING,recommended,critical,1,,,False
6392,1068,NIST-CSF,2.19,BANKING,recommended,critical,2,Financial institutions must implement enhanced controls per SAMA requirements,AUDIT_REPORT|RISK_ASSESSMENT,False
6393,1068,NIST-CSF,2.19,INSURANCE,recommended,high,2,,,False
6394,1068,NIST-CSF,2.19,CAPITAL_MARKETS,recommended,high,2,,,False
6395,1068,NIST-CSF,2.19,FINTECH,recommended,critical,2,FinTech companies must meet both SAMA and PCI requirements,PENTEST|SCAN_REPORT,False
6396,1068,NIST-CSF,2.19,HEALTHCARE,recommended,critical,2,Healthcare organizations must ensure patient data protection per MOH standards,CERTIFICATE|TRAINING_RECORD,False
6397,1068,NIST-CSF,2.19,TELECOM,recommended,high,2,,,False
6398,1068,NIST-CSF,2.19,ICT,recommended,high,2,,,False
6399,1068,NIST-CSF,2.19,CLOUD,recommended,high,2,,,False
6400,1068,NIST-CSF,2.19,GOVERNMENT,recommended,critical,2,Government entities must comply with NCA mandatory requirements,ATTESTATION|APPROVAL,False
6401,1068,NIST-CSF,2.19,ENERGY,recommended,critical,2,Critical infrastructure requires enhanced OT security controls,BCP_DRP|INCIDENT_REPORT,False
6402,1068,NIST-CSF,2.19,MANUFACTURING,recommended,high,2,,,False
6403,1069,NIST-CSF,3.19,BANKING,recommended,high,3,Financial institutions must implement enhanced controls per SAMA requirements,AUDIT_REPORT|RISK_ASSESSMENT,False
6404,1069,NIST-CSF,3.19,INSURANCE,recommended,medium,3,,,False
6405,1069,NIST-CSF,3.19,CAPITAL_MARKETS,recommended,medium,3,,,False
6406,1069,NIST-CSF,3.19,FINTECH,recommended,high,3,FinTech companies must meet both SAMA and PCI requirements,PENTEST|SCAN_REPORT,False
6407,1069,NIST-CSF,3.19,HEALTHCARE,recommended,high,3,Healthcare organizations must ensure patient data protection per MOH standards,CERTIFICATE|TRAINING_RECORD,False
6408,1069,NIST-CSF,3.19,TELECOM,recommended,medium,3,,,False
6409,1069,NIST-CSF,3.19,ICT,recommended,medium,3,,,False
6410,1069,NIST-CSF,3.19,CLOUD,recommended,medium,3,,,False
6411,1069,NIST-CSF,3.19,GOVERNMENT,recommended,critical,3,Government entities must comply with NCA mandatory requirements,ATTESTATION|APPROVAL,False
6412,1069,NIST-CSF,3.19,ENERGY,recommended,critical,3,Critical infrastructure requires enhanced OT security controls,BCP_DRP|INCIDENT_REPORT,False
6413,1069,NIST-CSF,3.19,MANUFACTURING,recommended,medium,3,,,False
6414,1070,NIST-CSF,4.19,BANKING,recommended,medium,4,Financial institutions must implement enhanced controls per SAMA requirements,AUDIT_REPORT|RISK_ASSESSMENT,False
6415,1070,NIST-CSF,4.19,INSURANCE,recommended,low,4,,,False
6416,1070,NIST-CSF,4.19,CAPITAL_MARKETS,recommended,low,4,,,False
6417,1070,NIST-CSF,4.19,FINTECH,recommended,medium,4,FinTech companies must meet both SAMA and PCI requirements,PENTEST|SCAN_REPORT,False
6418,1070,NIST-CSF,4.19,HEALTHCARE,recommended,medium,4,Healthcare organizations must ensure patient data protection per MOH standards,CERTIFICATE|TRAINING_RECORD,False
6419,1070,NIST-CSF,4.19,TELECOM,recommended,low,4,,,False
6420,1070,NIST-CSF,4.19,ICT,recommended,low,4,,,False
6421,1070,NIST-CSF,4.19,CLOUD,recommended,low,4,,,False
6422,1070,NIST-CSF,4.19,GOVERNMENT,recommended,high,4,Government entities must comply with NCA mandatory requirements,ATTESTATION|APPROVAL,False
6423,1070,NIST-CSF,4.19,ENERGY,recommended,high,4,Critical infrastructure requires enhanced OT security controls,BCP_DRP|INCIDENT_REPORT,False
6424,1070,NIST-CSF,4.19,MANUFACTURING,recommended,low,4,,,False
6425,1071,NIST-CSF,5.19,BANKING,recommended,critical,1,Financial institutions must implement enhanced controls per SAMA requirements,AUDIT_REPORT|RISK_ASSESSMENT,False
6426,1071,NIST-CSF,5.19,INSURANCE,recommended,critical,1,,,False
6427,1071,NIST-CSF,5.19,CAPITAL_MARKETS,recommended,critical,1,,,False
6428,1071,NIST-CSF,5.19,FINTECH,recommended,critical,1,FinTech companies must meet both SAMA and PCI requirements,PENTEST|SCAN_REPORT,False
6429,1071,NIST-CSF,5.19,HEALTHCARE,recommended,critical,1,Healthcare organizations must ensure patient data protection per MOH standards,CERTIFICATE|TRAINING_RECORD,False
6430,1071,NIST-CSF,5.19,TELECOM,recommended,critical,1,,,False
6431,1071,NIST-CSF,5.19,ICT,recommended,critical,1,,,False
6432,1071,NIST-CSF,5.19,CLOUD,recommended,critical,1,,,False
6433,1071,NIST-CSF,5.19,GOVERNMENT,recommended,critical,1,Government entities must comply with NCA mandatory requirements,ATTESTATION|APPROVAL,False
6434,1071,NIST-CSF,5.19,ENERGY,recommended,critical,1,Critical infrastructure requires enhanced OT security controls,BCP_DRP|INCIDENT_REPORT,False
6435,1071,NIST-CSF,5.19,MANUFACTURING,recommended,critical,1,,,False
6436,1072,NIST-CSF,6.19,BANKING,recommended,critical,2,Financial institutions must implement enhanced controls per SAMA requirements,AUDIT_REPORT|RISK_ASSESSMENT,False
6437,1072,NIST-CSF,6.19,INSURANCE,recommended,high,2,,,False
6438,1072,NIST-CSF,6.19,CAPITAL_MARKETS,recommended,high,2,,,False
6439,1072,NIST-CSF,6.19,FINTECH,recommended,critical,2,FinTech companies must meet both SAMA and PCI requirements,PENTEST|SCAN_REPORT,False
6440,1072,NIST-CSF,6.19,HEALTHCARE,recommended,critical,2,Healthcare organizations must ensure patient data protection per MOH standards,CERTIFICATE|TRAINING_RECORD,False
6441,1072,NIST-CSF,6.19,TELECOM,recommended,high,2,,,False
6442,1072,NIST-CSF,6.19,ICT,recommended,high,2,,,False
6443,1072,NIST-CSF,6.19,CLOUD,recommended,high,2,,,False
6444,1072,NIST-CSF,6.19,GOVERNMENT,recommended,critical,2,Government entities must comply with NCA mandatory requirements,ATTESTATION|APPROVAL,False
6445,1072,NIST-CSF,6.19,ENERGY,recommended,critical,2,Critical infrastructure requires enhanced OT security controls,BCP_DRP|INCIDENT_REPORT,False
6446,1072,NIST-CSF,6.19,MANUFACTURING,recommended,high,2,,,False
6447,1073,NIST-CSF,1.20,BANKING,recommended,high,3,Financial institutions must implement enhanced controls per SAMA requirements,AUDIT_REPORT|RISK_ASSESSMENT,False
6448,1073,NIST-CSF,1.20,INSURANCE,recommended,medium,3,,,False
6449,1073,NIST-CSF,1.20,CAPITAL_MARKETS,recommended,medium,3,,,False
6450,1073,NIST-CSF,1.20,FINTECH,recommended,high,3,FinTech companies must meet both SAMA and PCI requirements,PENTEST|SCAN_REPORT,False
6451,1073,NIST-CSF,1.20,HEALTHCARE,recommended,high,3,Healthcare organizations must ensure patient data protection per MOH standards,CERTIFICATE|TRAINING_RECORD,False
6452,1073,NIST-CSF,1.20,TELECOM,recommended,medium,3,,,False
6453,1073,NIST-CSF,1.20,ICT,recommended,medium,3,,,False
6454,1073,NIST-CSF,1.20,CLOUD,recommended,medium,3,,,False
6455,1073,NIST-CSF,1.20,GOVERNMENT,recommended,critical,3,Government entities must comply with NCA mandatory requirements,ATTESTATION|APPROVAL,False
6456,1073,NIST-CSF,1.20,ENERGY,recommended,critical,3,Critical infrastructure requires enhanced OT security controls,BCP_DRP|INCIDENT_REPORT,False
6457,1073,NIST-CSF,1.20,MANUFACTURING,recommended,medium,3,,,False
6458,1074,NIST-CSF,2.20,BANKING,recommended,medium,4,Financial institutions must implement enhanced controls per SAMA requirements,AUDIT_REPORT|RISK_ASSESSMENT,False
6459,1074,NIST-CSF,2.20,INSURANCE,recommended,low,4,,,False
6460,1074,NIST-CSF,2.20,CAPITAL_MARKETS,recommended,low,4,,,False
6461,1074,NIST-CSF,2.20,FINTECH,recommended,medium,4,FinTech companies must meet both SAMA and PCI requirements,PENTEST|SCAN_REPORT,False
6462,1074,NIST-CSF,2.20,HEALTHCARE,recommended,medium,4,Healthcare organizations must ensure patient data protection per MOH standards,CERTIFICATE|TRAINING_RECORD,False
6463,1074,NIST-CSF,2.20,TELECOM,recommended,low,4,,,False
6464,1074,NIST-CSF,2.20,ICT,recommended,low,4,,,False
6465,1074,NIST-CSF,2.20,CLOUD,recommended,low,4,,,False
6466,1074,NIST-CSF,2.20,GOVERNMENT,recommended,high,4,Government entities must comply with NCA mandatory requirements,ATTESTATION|APPROVAL,False
6467,1074,NIST-CSF,2.20,ENERGY,recommended,high,4,Critical infrastructure requires enhanced OT security controls,BCP_DRP|INCIDENT_REPORT,False
6468,1074,NIST-CSF,2.20,MANUFACTURING,recommended,low,4,,,False
6469,1075,NIST-CSF,3.20,BANKING,recommended,critical,1,Financial institutions must implement enhanced controls per SAMA requirements,AUDIT_REPORT|RISK_ASSESSMENT,False
6470,1075,NIST-CSF,3.20,INSURANCE,recommended,critical,1,,,False
6471,1075,NIST-CSF,3.20,CAPITAL_MARKETS,recommended,critical,1,,,False
6472,1075,NIST-CSF,3.20,FINTECH,recommended,critical,1,FinTech companies must meet both SAMA and PCI requirements,PENTEST|SCAN_REPORT,False
6473,1075,NIST-CSF,3.20,HEALTHCARE,recommended,critical,1,Healthcare organizations must ensure patient data protection per MOH standards,CERTIFICATE|TRAINING_RECORD,False
6474,1075,NIST-CSF,3.20,TELECOM,recommended,critical,1,,,False
6475,1075,NIST-CSF,3.20,ICT,recommended,critical,1,,,False
6476,1075,NIST-CSF,3.20,CLOUD,recommended,critical,1,,,False
6477,1075,NIST-CSF,3.20,GOVERNMENT,recommended,critical,1,Government entities must comply with NCA mandatory requirements,ATTESTATION|APPROVAL,False
6478,1075,NIST-CSF,3.20,ENERGY,recommended,critical,1,Critical infrastructure requires enhanced OT security controls,BCP_DRP|INCIDENT_REPORT,False
6479,1075,NIST-CSF,3.20,MANUFACTURING,recommended,critical,1,,,False
6480,1076,NIST-CSF,4.20,BANKING,recommended,critical,2,Financial institutions must implement enhanced controls per SAMA requirements,AUDIT_REPORT|RISK_ASSESSMENT,False
6481,1076,NIST-CSF,4.20,INSURANCE,recommended,high,2,,,False
6482,1076,NIST-CSF,4.20,CAPITAL_MARKETS,recommended,high,2,,,False
6483,1076,NIST-CSF,4.20,FINTECH,recommended,critical,2,FinTech companies must meet both SAMA and PCI requirements,PENTEST|SCAN_REPORT,False
6484,1076,NIST-CSF,4.20,HEALTHCARE,recommended,critical,2,Healthcare organizations must ensure patient data protection per MOH standards,CERTIFICATE|TRAINING_RECORD,False
6485,1076,NIST-CSF,4.20,TELECOM,recommended,high,2,,,False
6486,1076,NIST-CSF,4.20,ICT,recommended,high,2,,,False
6487,1076,NIST-CSF,4.20,CLOUD,recommended,high,2,,,False
6488,1076,NIST-CSF,4.20,GOVERNMENT,recommended,critical,2,Government entities must comply with NCA mandatory requirements,ATTESTATION|APPROVAL,False
6489,1076,NIST-CSF,4.20,ENERGY,recommended,critical,2,Critical infrastructure requires enhanced OT security controls,BCP_DRP|INCIDENT_REPORT,False
6490,1076,NIST-CSF,4.20,MANUFACTURING,recommended,high,2,,,False
6491,1077,NIST-CSF,5.20,BANKING,recommended,high,3,Financial institutions must implement enhanced controls per SAMA requirements,AUDIT_REPORT|RISK_ASSESSMENT,False
6492,1077,NIST-CSF,5.20,INSURANCE,recommended,medium,3,,,False
6493,1077,NIST-CSF,5.20,CAPITAL_MARKETS,recommended,medium,3,,,False
6494,1077,NIST-CSF,5.20,FINTECH,recommended,high,3,FinTech companies must meet both SAMA and PCI requirements,PENTEST|SCAN_REPORT,False
6495,1077,NIST-CSF,5.20,HEALTHCARE,recommended,high,3,Healthcare organizations must ensure patient data protection per MOH standards,CERTIFICATE|TRAINING_RECORD,False
6496,1077,NIST-CSF,5.20,TELECOM,recommended,medium,3,,,False
6497,1077,NIST-CSF,5.20,ICT,recommended,medium,3,,,False
6498,1077,NIST-CSF,5.20,CLOUD,recommended,medium,3,,,False
6499,1077,NIST-CSF,5.20,GOVERNMENT,recommended,critical,3,Government entities must comply with NCA mandatory requirements,ATTESTATION|APPROVAL,False
6500,1077,NIST-CSF,5.20,ENERGY,recommended,critical,3,Critical infrastructure requires enhanced OT security controls,BCP_DRP|INCIDENT_REPORT,False
6501,1077,NIST-CSF,5.20,MANUFACTURING,recommended,medium,3,,,False
6502,1078,NIST-CSF,6.20,BANKING,recommended,medium,4,Financial institutions must implement enhanced controls per SAMA requirements,AUDIT_REPORT|RISK_ASSESSMENT,False
6503,1078,NIST-CSF,6.20,INSURANCE,recommended,low,4,,,False
6504,1078,NIST-CSF,6.20,CAPITAL_MARKETS,recommended,low,4,,,False
6505,1078,NIST-CSF,6.20,FINTECH,recommended,medium,4,FinTech companies must meet both SAMA and PCI requirements,PENTEST|SCAN_REPORT,False
6506,1078,NIST-CSF,6.20,HEALTHCARE,recommended,medium,4,Healthcare organizations must ensure patient data protection per MOH standards,CERTIFICATE|TRAINING_RECORD,False
6507,1078,NIST-CSF,6.20,TELECOM,recommended,low,4,,,False
6508,1078,NIST-CSF,6.20,ICT,recommended,low,4,,,False
6509,1078,NIST-CSF,6.20,CLOUD,recommended,low,4,,,False
6510,1078,NIST-CSF,6.20,GOVERNMENT,recommended,high,4,Government entities must comply with NCA mandatory requirements,ATTESTATION|APPROVAL,False
6511,1078,NIST-CSF,6.20,ENERGY,recommended,high,4,Critical infrastructure requires enhanced OT security controls,BCP_DRP|INCIDENT_REPORT,False
6512,1078,NIST-CSF,6.20,MANUFACTURING,recommended,low,4,,,False
6513,1079,NIST-CSF,1.21,BANKING,recommended,critical,1,Financial institutions must implement enhanced controls per SAMA requirements,AUDIT_REPORT|RISK_ASSESSMENT,False
6514,1079,NIST-CSF,1.21,INSURANCE,recommended,critical,1,,,False
6515,1079,NIST-CSF,1.21,CAPITAL_MARKETS,recommended,critical,1,,,False
6516,1079,NIST-CSF,1.21,FINTECH,recommended,critical,1,FinTech companies must meet both SAMA and PCI requirements,PENTEST|SCAN_REPORT,False
6517,1079,NIST-CSF,1.21,HEALTHCARE,recommended,critical,1,Healthcare organizations must ensure patient data protection per MOH standards,CERTIFICATE|TRAINING_RECORD,False
6518,1079,NIST-CSF,1.21,TELECOM,recommended,critical,1,,,False
6519,1079,NIST-CSF,1.21,ICT,recommended,critical,1,,,False
6520,1079,NIST-CSF,1.21,CLOUD,recommended,critical,1,,,False
6521,1079,NIST-CSF,1.21,GOVERNMENT,recommended,critical,1,Government entities must comply with NCA mandatory requirements,ATTESTATION|APPROVAL,False
6522,1079,NIST-CSF,1.21,ENERGY,recommended,critical,1,Critical infrastructure requires enhanced OT security controls,BCP_DRP|INCIDENT_REPORT,False
6523,1079,NIST-CSF,1.21,MANUFACTURING,recommended,critical,1,,,False
6524,1080,NIST-CSF,2.21,BANKING,recommended,critical,2,Financial institutions must implement enhanced controls per SAMA requirements,AUDIT_REPORT|RISK_ASSESSMENT,False
6525,1080,NIST-CSF,2.21,INSURANCE,recommended,high,2,,,False
6526,1080,NIST-CSF,2.21,CAPITAL_MARKETS,recommended,high,2,,,False
6527,1080,NIST-CSF,2.21,FINTECH,recommended,critical,2,FinTech companies must meet both SAMA and PCI requirements,PENTEST|SCAN_REPORT,False
6528,1080,NIST-CSF,2.21,HEALTHCARE,recommended,critical,2,Healthcare organizations must ensure patient data protection per MOH standards,CERTIFICATE|TRAINING_RECORD,False
6529,1080,NIST-CSF,2.21,TELECOM,recommended,high,2,,,False
6530,1080,NIST-CSF,2.21,ICT,recommended,high,2,,,False
6531,1080,NIST-CSF,2.21,CLOUD,recommended,high,2,,,False
6532,1080,NIST-CSF,2.21,GOVERNMENT,recommended,critical,2,Government entities must comply with NCA mandatory requirements,ATTESTATION|APPROVAL,False
6533,1080,NIST-CSF,2.21,ENERGY,recommended,critical,2,Critical infrastructure requires enhanced OT security controls,BCP_DRP|INCIDENT_REPORT,False
6534,1080,NIST-CSF,2.21,MANUFACTURING,recommended,high,2,,,False
6535,1081,NIST-CSF,3.21,BANKING,recommended,high,3,Financial institutions must implement enhanced controls per SAMA requirements,AUDIT_REPORT|RISK_ASSESSMENT,False
6536,1081,NIST-CSF,3.21,INSURANCE,recommended,medium,3,,,False
6537,1081,NIST-CSF,3.21,CAPITAL_MARKETS,recommended,medium,3,,,False
6538,1081,NIST-CSF,3.21,FINTECH,recommended,high,3,FinTech companies must meet both SAMA and PCI requirements,PENTEST|SCAN_REPORT,False
6539,1081,NIST-CSF,3.21,HEALTHCARE,recommended,high,3,Healthcare organizations must ensure patient data protection per MOH standards,CERTIFICATE|TRAINING_RECORD,False
6540,1081,NIST-CSF,3.21,TELECOM,recommended,medium,3,,,False
6541,1081,NIST-CSF,3.21,ICT,recommended,medium,3,,,False
6542,1081,NIST-CSF,3.21,CLOUD,recommended,medium,3,,,False
6543,1081,NIST-CSF,3.21,GOVERNMENT,recommended,critical,3,Government entities must comply with NCA mandatory requirements,ATTESTATION|APPROVAL,False
6544,1081,NIST-CSF,3.21,ENERGY,recommended,critical,3,Critical infrastructure requires enhanced OT security controls,BCP_DRP|INCIDENT_REPORT,False
6545,1081,NIST-CSF,3.21,MANUFACTURING,recommended,medium,3,,,False
6546,1082,NIST-CSF,4.21,BANKING,recommended,medium,4,Financial institutions must implement enhanced controls per SAMA requirements,AUDIT_REPORT|RISK_ASSESSMENT,False
6547,1082,NIST-CSF,4.21,INSURANCE,recommended,low,4,,,False
6548,1082,NIST-CSF,4.21,CAPITAL_MARKETS,recommended,low,4,,,False
6549,1082,NIST-CSF,4.21,FINTECH,recommended,medium,4,FinTech companies must meet both SAMA and PCI requirements,PENTEST|SCAN_REPORT,False
6550,1082,NIST-CSF,4.21,HEALTHCARE,recommended,medium,4,Healthcare organizations must ensure patient data protection per MOH standards,CERTIFICATE|TRAINING_RECORD,False
6551,1082,NIST-CSF,4.21,TELECOM,recommended,low,4,,,False
6552,1082,NIST-CSF,4.21,ICT,recommended,low,4,,,False
6553,1082,NIST-CSF,4.21,CLOUD,recommended,low,4,,,False
6554,1082,NIST-CSF,4.21,GOVERNMENT,recommended,high,4,Government entities must comply with NCA mandatory requirements,ATTESTATION|APPROVAL,False
6555,1082,NIST-CSF,4.21,ENERGY,recommended,high,4,Critical infrastructure requires enhanced OT security controls,BCP_DRP|INCIDENT_REPORT,False
6556,1082,NIST-CSF,4.21,MANUFACTURING,recommended,low,4,,,False
6557,1083,NIST-CSF,5.21,BANKING,recommended,critical,1,Financial institutions must implement enhanced controls per SAMA requirements,AUDIT_REPORT|RISK_ASSESSMENT,False
6558,1083,NIST-CSF,5.21,INSURANCE,recommended,critical,1,,,False
6559,1083,NIST-CSF,5.21,CAPITAL_MARKETS,recommended,critical,1,,,False
6560,1083,NIST-CSF,5.21,FINTECH,recommended,critical,1,FinTech companies must meet both SAMA and PCI requirements,PENTEST|SCAN_REPORT,False
6561,1083,NIST-CSF,5.21,HEALTHCARE,recommended,critical,1,Healthcare organizations must ensure patient data protection per MOH standards,CERTIFICATE|TRAINING_RECORD,False
6562,1083,NIST-CSF,5.21,TELECOM,recommended,critical,1,,,False
6563,1083,NIST-CSF,5.21,ICT,recommended,critical,1,,,False
6564,1083,NIST-CSF,5.21,CLOUD,recommended,critical,1,,,False
6565,1083,NIST-CSF,5.21,GOVERNMENT,recommended,critical,1,Government entities must comply with NCA mandatory requirements,ATTESTATION|APPROVAL,False
6566,1083,NIST-CSF,5.21,ENERGY,recommended,critical,1,Critical infrastructure requires enhanced OT security controls,BCP_DRP|INCIDENT_REPORT,False
6567,1083,NIST-CSF,5.21,MANUFACTURING,recommended,critical,1,,,False
6568,1084,PCI-DSS,1.1,BANKING,mandatory,critical,1,Financial institutions must implement enhanced controls per SAMA requirements,AUDIT_REPORT|RISK_ASSESSMENT,False
6569,1084,PCI-DSS,1.1,FINTECH,mandatory,critical,1,FinTech companies must meet both SAMA and PCI requirements,PENTEST|SCAN_REPORT,False
6570,1084,PCI-DSS,1.1,RETAIL,mandatory,critical,1,,,False
6571,1085,PCI-DSS,2.1,BANKING,mandatory,critical,2,Financial institutions must implement enhanced controls per SAMA requirements,AUDIT_REPORT|RISK_ASSESSMENT,False
6572,1085,PCI-DSS,2.1,FINTECH,mandatory,critical,2,FinTech companies must meet both SAMA and PCI requirements,PENTEST|SCAN_REPORT,False
6573,1085,PCI-DSS,2.1,RETAIL,mandatory,high,2,,,False
6574,1086,PCI-DSS,3.1,BANKING,mandatory,high,3,Financial institutions must implement enhanced controls per SAMA requirements,AUDIT_REPORT|RISK_ASSESSMENT,False
6575,1086,PCI-DSS,3.1,FINTECH,mandatory,high,3,FinTech companies must meet both SAMA and PCI requirements,PENTEST|SCAN_REPORT,False
6576,1086,PCI-DSS,3.1,RETAIL,mandatory,medium,3,,,False
6577,1087,PCI-DSS,4.1,BANKING,mandatory,medium,4,Financial institutions must implement enhanced controls per SAMA requirements,AUDIT_REPORT|RISK_ASSESSMENT,False
6578,1087,PCI-DSS,4.1,FINTECH,mandatory,medium,4,FinTech companies must meet both SAMA and PCI requirements,PENTEST|SCAN_REPORT,False
6579,1087,PCI-DSS,4.1,RETAIL,mandatory,low,4,,,False
6580,1088,PCI-DSS,5.1,BANKING,mandatory,critical,1,Financial institutions must implement enhanced controls per SAMA requirements,AUDIT_REPORT|RISK_ASSESSMENT,False
6581,1088,PCI-DSS,5.1,FINTECH,mandatory,critical,1,FinTech companies must meet both SAMA and PCI requirements,PENTEST|SCAN_REPORT,False
6582,1088,PCI-DSS,5.1,RETAIL,mandatory,critical,1,,,False
6583,1089,PCI-DSS,6.1,BANKING,mandatory,critical,2,Financial institutions must implement enhanced controls per SAMA requirements,AUDIT_REPORT|RISK_ASSESSMENT,False
6584,1089,PCI-DSS,6.1,FINTECH,mandatory,critical,2,FinTech companies must meet both SAMA and PCI requirements,PENTEST|SCAN_REPORT,False
6585,1089,PCI-DSS,6.1,RETAIL,mandatory,high,2,,,False
6586,1090,PCI-DSS,1.2,BANKING,mandatory,high,3,Financial institutions must implement enhanced controls per SAMA requirements,AUDIT_REPORT|RISK_ASSESSMENT,False
6587,1090,PCI-DSS,1.2,FINTECH,mandatory,high,3,FinTech companies must meet both SAMA and PCI requirements,PENTEST|SCAN_REPORT,False
6588,1090,PCI-DSS,1.2,RETAIL,mandatory,medium,3,,,False
6589,1091,PCI-DSS,2.2,BANKING,mandatory,medium,4,Financial institutions must implement enhanced controls per SAMA requirements,AUDIT_REPORT|RISK_ASSESSMENT,False
6590,1091,PCI-DSS,2.2,FINTECH,mandatory,medium,4,FinTech companies must meet both SAMA and PCI requirements,PENTEST|SCAN_REPORT,False
6591,1091,PCI-DSS,2.2,RETAIL,mandatory,low,4,,,False
6592,1092,PCI-DSS,3.2,BANKING,mandatory,critical,1,Financial institutions must implement enhanced controls per SAMA requirements,AUDIT_REPORT|RISK_ASSESSMENT,False
6593,1092,PCI-DSS,3.2,FINTECH,mandatory,critical,1,FinTech companies must meet both SAMA and PCI requirements,PENTEST|SCAN_REPORT,False
6594,1092,PCI-DSS,3.2,RETAIL,mandatory,critical,1,,,False
6595,1093,PCI-DSS,4.2,BANKING,mandatory,critical,2,Financial institutions must implement enhanced controls per SAMA requirements,AUDIT_REPORT|RISK_ASSESSMENT,False
6596,1093,PCI-DSS,4.2,FINTECH,mandatory,critical,2,FinTech companies must meet both SAMA and PCI requirements,PENTEST|SCAN_REPORT,False
6597,1093,PCI-DSS,4.2,RETAIL,mandatory,high,2,,,False
6598,1094,PCI-DSS,5.2,BANKING,mandatory,high,3,Financial institutions must implement enhanced controls per SAMA requirements,AUDIT_REPORT|RISK_ASSESSMENT,False
6599,1094,PCI-DSS,5.2,FINTECH,mandatory,high,3,FinTech companies must meet both SAMA and PCI requirements,PENTEST|SCAN_REPORT,False
6600,1094,PCI-DSS,5.2,RETAIL,mandatory,medium,3,,,False
6601,1095,PCI-DSS,6.2,BANKING,mandatory,medium,4,Financial institutions must implement enhanced controls per SAMA requirements,AUDIT_REPORT|RISK_ASSESSMENT,False
6602,1095,PCI-DSS,6.2,FINTECH,mandatory,medium,4,FinTech companies must meet both SAMA and PCI requirements,PENTEST|SCAN_REPORT,False
6603,1095,PCI-DSS,6.2,RETAIL,mandatory,low,4,,,False
6604,1096,PCI-DSS,1.3,BANKING,mandatory,critical,1,Financial institutions must implement enhanced controls per SAMA requirements,AUDIT_REPORT|RISK_ASSESSMENT,False
6605,1096,PCI-DSS,1.3,FINTECH,mandatory,critical,1,FinTech companies must meet both SAMA and PCI requirements,PENTEST|SCAN_REPORT,False
6606,1096,PCI-DSS,1.3,RETAIL,mandatory,critical,1,,,False
6607,1097,PCI-DSS,2.3,BANKING,mandatory,critical,2,Financial institutions must implement enhanced controls per SAMA requirements,AUDIT_REPORT|RISK_ASSESSMENT,False
6608,1097,PCI-DSS,2.3,FINTECH,mandatory,critical,2,FinTech companies must meet both SAMA and PCI requirements,PENTEST|SCAN_REPORT,False
6609,1097,PCI-DSS,2.3,RETAIL,mandatory,high,2,,,False
6610,1098,PCI-DSS,3.3,BANKING,mandatory,high,3,Financial institutions must implement enhanced controls per SAMA requirements,AUDIT_REPORT|RISK_ASSESSMENT,False
6611,1098,PCI-DSS,3.3,FINTECH,mandatory,high,3,FinTech companies must meet both SAMA and PCI requirements,PENTEST|SCAN_REPORT,False
6612,1098,PCI-DSS,3.3,RETAIL,mandatory,medium,3,,,False
6613,1099,PCI-DSS,4.3,BANKING,mandatory,medium,4,Financial institutions must implement enhanced controls per SAMA requirements,AUDIT_REPORT|RISK_ASSESSMENT,False
6614,1099,PCI-DSS,4.3,FINTECH,mandatory,medium,4,FinTech companies must meet both SAMA and PCI requirements,PENTEST|SCAN_REPORT,False
6615,1099,PCI-DSS,4.3,RETAIL,mandatory,low,4,,,False
6616,1100,PCI-DSS,5.3,BANKING,mandatory,critical,1,Financial institutions must implement enhanced controls per SAMA requirements,AUDIT_REPORT|RISK_ASSESSMENT,False
6617,1100,PCI-DSS,5.3,FINTECH,mandatory,critical,1,FinTech companies must meet both SAMA and PCI requirements,PENTEST|SCAN_REPORT,False
6618,1100,PCI-DSS,5.3,RETAIL,mandatory,critical,1,,,False
6619,1101,PCI-DSS,6.3,BANKING,mandatory,critical,2,Financial institutions must implement enhanced controls per SAMA requirements,AUDIT_REPORT|RISK_ASSESSMENT,False
6620,1101,PCI-DSS,6.3,FINTECH,mandatory,critical,2,FinTech companies must meet both SAMA and PCI requirements,PENTEST|SCAN_REPORT,False
6621,1101,PCI-DSS,6.3,RETAIL,mandatory,high,2,,,False
6622,1102,PCI-DSS,1.4,BANKING,mandatory,high,3,Financial institutions must implement enhanced controls per SAMA requirements,AUDIT_REPORT|RISK_ASSESSMENT,False
6623,1102,PCI-DSS,1.4,FINTECH,mandatory,high,3,FinTech companies must meet both SAMA and PCI requirements,PENTEST|SCAN_REPORT,False
6624,1102,PCI-DSS,1.4,RETAIL,mandatory,medium,3,,,False
6625,1103,PCI-DSS,2.4,BANKING,mandatory,medium,4,Financial institutions must implement enhanced controls per SAMA requirements,AUDIT_REPORT|RISK_ASSESSMENT,False
6626,1103,PCI-DSS,2.4,FINTECH,mandatory,medium,4,FinTech companies must meet both SAMA and PCI requirements,PENTEST|SCAN_REPORT,False
6627,1103,PCI-DSS,2.4,RETAIL,mandatory,low,4,,,False
6628,1104,PCI-DSS,3.4,BANKING,mandatory,critical,1,Financial institutions must implement enhanced controls per SAMA requirements,AUDIT_REPORT|RISK_ASSESSMENT,False
6629,1104,PCI-DSS,3.4,FINTECH,mandatory,critical,1,FinTech companies must meet both SAMA and PCI requirements,PENTEST|SCAN_REPORT,False
6630,1104,PCI-DSS,3.4,RETAIL,mandatory,critical,1,,,False
6631,1105,PCI-DSS,4.4,BANKING,mandatory,critical,2,Financial institutions must implement enhanced controls per SAMA requirements,AUDIT_REPORT|RISK_ASSESSMENT,False
6632,1105,PCI-DSS,4.4,FINTECH,mandatory,critical,2,FinTech companies must meet both SAMA and PCI requirements,PENTEST|SCAN_REPORT,False
6633,1105,PCI-DSS,4.4,RETAIL,mandatory,high,2,,,False
6634,1106,PCI-DSS,5.4,BANKING,mandatory,high,3,Financial institutions must implement enhanced controls per SAMA requirements,AUDIT_REPORT|RISK_ASSESSMENT,False
6635,1106,PCI-DSS,5.4,FINTECH,mandatory,high,3,FinTech companies must meet both SAMA and PCI requirements,PENTEST|SCAN_REPORT,False
6636,1106,PCI-DSS,5.4,RETAIL,mandatory,medium,3,,,False
6637,1107,PCI-DSS,6.4,BANKING,mandatory,medium,4,Financial institutions must implement enhanced controls per SAMA requirements,AUDIT_REPORT|RISK_ASSESSMENT,False
6638,1107,PCI-DSS,6.4,FINTECH,mandatory,medium,4,FinTech companies must meet both SAMA and PCI requirements,PENTEST|SCAN_REPORT,False
6639,1107,PCI-DSS,6.4,RETAIL,mandatory,low,4,,,False
6640,1108,PCI-DSS,1.5,BANKING,mandatory,critical,1,Financial institutions must implement enhanced controls per SAMA requirements,AUDIT_REPORT|RISK_ASSESSMENT,False
6641,1108,PCI-DSS,1.5,FINTECH,mandatory,critical,1,FinTech companies must meet both SAMA and PCI requirements,PENTEST|SCAN_REPORT,False
6642,1108,PCI-DSS,1.5,RETAIL,mandatory,critical,1,,,False
6643,1109,PCI-DSS,2.5,BANKING,mandatory,critical,2,Financial institutions must implement enhanced controls per SAMA requirements,AUDIT_REPORT|RISK_ASSESSMENT,False
6644,1109,PCI-DSS,2.5,FINTECH,mandatory,critical,2,FinTech companies must meet both SAMA and PCI requirements,PENTEST|SCAN_REPORT,False
6645,1109,PCI-DSS,2.5,RETAIL,mandatory,high,2,,,False
6646,1110,PCI-DSS,3.5,BANKING,mandatory,high,3,Financial institutions must implement enhanced controls per SAMA requirements,AUDIT_REPORT|RISK_ASSESSMENT,False
6647,1110,PCI-DSS,3.5,FINTECH,mandatory,high,3,FinTech companies must meet both SAMA and PCI requirements,PENTEST|SCAN_REPORT,False
6648,1110,PCI-DSS,3.5,RETAIL,mandatory,medium,3,,,False
6649,1111,PCI-DSS,4.5,BANKING,mandatory,medium,4,Financial institutions must implement enhanced controls per SAMA requirements,AUDIT_REPORT|RISK_ASSESSMENT,False
6650,1111,PCI-DSS,4.5,FINTECH,mandatory,medium,4,FinTech companies must meet both SAMA and PCI requirements,PENTEST|SCAN_REPORT,False
6651,1111,PCI-DSS,4.5,RETAIL,mandatory,low,4,,,False
6652,1112,PCI-DSS,5.5,BANKING,mandatory,critical,1,Financial institutions must implement enhanced controls per SAMA requirements,AUDIT_REPORT|RISK_ASSESSMENT,False
6653,1112,PCI-DSS,5.5,FINTECH,mandatory,critical,1,FinTech companies must meet both SAMA and PCI requirements,PENTEST|SCAN_REPORT,False
6654,1112,PCI-DSS,5.5,RETAIL,mandatory,critical,1,,,False
6655,1113,PCI-DSS,6.5,BANKING,mandatory,critical,2,Financial institutions must implement enhanced controls per SAMA requirements,AUDIT_REPORT|RISK_ASSESSMENT,False
6656,1113,PCI-DSS,6.5,FINTECH,mandatory,critical,2,FinTech companies must meet both SAMA and PCI requirements,PENTEST|SCAN_REPORT,False
6657,1113,PCI-DSS,6.5,RETAIL,mandatory,high,2,,,False
6658,1114,PCI-DSS,1.6,BANKING,mandatory,high,3,Financial institutions must implement enhanced controls per SAMA requirements,AUDIT_REPORT|RISK_ASSESSMENT,False
6659,1114,PCI-DSS,1.6,FINTECH,mandatory,high,3,FinTech companies must meet both SAMA and PCI requirements,PENTEST|SCAN_REPORT,False
6660,1114,PCI-DSS,1.6,RETAIL,mandatory,medium,3,,,False
6661,1115,PCI-DSS,2.6,BANKING,mandatory,medium,4,Financial institutions must implement enhanced controls per SAMA requirements,AUDIT_REPORT|RISK_ASSESSMENT,False
6662,1115,PCI-DSS,2.6,FINTECH,mandatory,medium,4,FinTech companies must meet both SAMA and PCI requirements,PENTEST|SCAN_REPORT,False
6663,1115,PCI-DSS,2.6,RETAIL,mandatory,low,4,,,False
6664,1116,PCI-DSS,3.6,BANKING,mandatory,critical,1,Financial institutions must implement enhanced controls per SAMA requirements,AUDIT_REPORT|RISK_ASSESSMENT,False
6665,1116,PCI-DSS,3.6,FINTECH,mandatory,critical,1,FinTech companies must meet both SAMA and PCI requirements,PENTEST|SCAN_REPORT,False
6666,1116,PCI-DSS,3.6,RETAIL,mandatory,critical,1,,,False
6667,1117,PCI-DSS,4.6,BANKING,mandatory,critical,2,Financial institutions must implement enhanced controls per SAMA requirements,AUDIT_REPORT|RISK_ASSESSMENT,False
6668,1117,PCI-DSS,4.6,FINTECH,mandatory,critical,2,FinTech companies must meet both SAMA and PCI requirements,PENTEST|SCAN_REPORT,False
6669,1117,PCI-DSS,4.6,RETAIL,mandatory,high,2,,,False
6670,1118,PCI-DSS,5.6,BANKING,mandatory,high,3,Financial institutions must implement enhanced controls per SAMA requirements,AUDIT_REPORT|RISK_ASSESSMENT,False
6671,1118,PCI-DSS,5.6,FINTECH,mandatory,high,3,FinTech companies must meet both SAMA and PCI requirements,PENTEST|SCAN_REPORT,False
6672,1118,PCI-DSS,5.6,RETAIL,mandatory,medium,3,,,False
6673,1119,PCI-DSS,6.6,BANKING,mandatory,medium,4,Financial institutions must implement enhanced controls per SAMA requirements,AUDIT_REPORT|RISK_ASSESSMENT,False
6674,1119,PCI-DSS,6.6,FINTECH,mandatory,medium,4,FinTech companies must meet both SAMA and PCI requirements,PENTEST|SCAN_REPORT,False
6675,1119,PCI-DSS,6.6,RETAIL,mandatory,low,4,,,False
6676,1120,PCI-DSS,1.7,BANKING,mandatory,critical,1,Financial institutions must implement enhanced controls per SAMA requirements,AUDIT_REPORT|RISK_ASSESSMENT,False
6677,1120,PCI-DSS,1.7,FINTECH,mandatory,critical,1,FinTech companies must meet both SAMA and PCI requirements,PENTEST|SCAN_REPORT,False
6678,1120,PCI-DSS,1.7,RETAIL,mandatory,critical,1,,,False
6679,1121,PCI-DSS,2.7,BANKING,mandatory,critical,2,Financial institutions must implement enhanced controls per SAMA requirements,AUDIT_REPORT|RISK_ASSESSMENT,False
6680,1121,PCI-DSS,2.7,FINTECH,mandatory,critical,2,FinTech companies must meet both SAMA and PCI requirements,PENTEST|SCAN_REPORT,False
6681,1121,PCI-DSS,2.7,RETAIL,mandatory,high,2,,,False
6682,1122,PCI-DSS,3.7,BANKING,mandatory,high,3,Financial institutions must implement enhanced controls per SAMA requirements,AUDIT_REPORT|RISK_ASSESSMENT,False
6683,1122,PCI-DSS,3.7,FINTECH,mandatory,high,3,FinTech companies must meet both SAMA and PCI requirements,PENTEST|SCAN_REPORT,False
6684,1122,PCI-DSS,3.7,RETAIL,mandatory,medium,3,,,False
6685,1123,PCI-DSS,4.7,BANKING,mandatory,medium,4,Financial institutions must implement enhanced controls per SAMA requirements,AUDIT_REPORT|RISK_ASSESSMENT,False
6686,1123,PCI-DSS,4.7,FINTECH,mandatory,medium,4,FinTech companies must meet both SAMA and PCI requirements,PENTEST|SCAN_REPORT,False
6687,1123,PCI-DSS,4.7,RETAIL,mandatory,low,4,,,False
6688,1124,PCI-DSS,5.7,BANKING,mandatory,critical,1,Financial institutions must implement enhanced controls per SAMA requirements,AUDIT_REPORT|RISK_ASSESSMENT,False
6689,1124,PCI-DSS,5.7,FINTECH,mandatory,critical,1,FinTech companies must meet both SAMA and PCI requirements,PENTEST|SCAN_REPORT,False
6690,1124,PCI-DSS,5.7,RETAIL,mandatory,critical,1,,,False
6691,1125,PCI-DSS,6.7,BANKING,mandatory,critical,2,Financial institutions must implement enhanced controls per SAMA requirements,AUDIT_REPORT|RISK_ASSESSMENT,False
6692,1125,PCI-DSS,6.7,FINTECH,mandatory,critical,2,FinTech companies must meet both SAMA and PCI requirements,PENTEST|SCAN_REPORT,False
6693,1125,PCI-DSS,6.7,RETAIL,mandatory,high,2,,,False
6694,1126,PCI-DSS,1.8,BANKING,mandatory,high,3,Financial institutions must implement enhanced controls per SAMA requirements,AUDIT_REPORT|RISK_ASSESSMENT,False
6695,1126,PCI-DSS,1.8,FINTECH,mandatory,high,3,FinTech companies must meet both SAMA and PCI requirements,PENTEST|SCAN_REPORT,False
6696,1126,PCI-DSS,1.8,RETAIL,mandatory,medium,3,,,False
6697,1127,PCI-DSS,2.8,BANKING,mandatory,medium,4,Financial institutions must implement enhanced controls per SAMA requirements,AUDIT_REPORT|RISK_ASSESSMENT,False
6698,1127,PCI-DSS,2.8,FINTECH,mandatory,medium,4,FinTech companies must meet both SAMA and PCI requirements,PENTEST|SCAN_REPORT,False
6699,1127,PCI-DSS,2.8,RETAIL,mandatory,low,4,,,False
6700,1128,PCI-DSS,3.8,BANKING,mandatory,critical,1,Financial institutions must implement enhanced controls per SAMA requirements,AUDIT_REPORT|RISK_ASSESSMENT,False
6701,1128,PCI-DSS,3.8,FINTECH,mandatory,critical,1,FinTech companies must meet both SAMA and PCI requirements,PENTEST|SCAN_REPORT,False
6702,1128,PCI-DSS,3.8,RETAIL,mandatory,critical,1,,,False
6703,1129,PCI-DSS,4.8,BANKING,mandatory,critical,2,Financial institutions must implement enhanced controls per SAMA requirements,AUDIT_REPORT|RISK_ASSESSMENT,False
6704,1129,PCI-DSS,4.8,FINTECH,mandatory,critical,2,FinTech companies must meet both SAMA and PCI requirements,PENTEST|SCAN_REPORT,False
6705,1129,PCI-DSS,4.8,RETAIL,mandatory,high,2,,,False
6706,1130,PCI-DSS,5.8,BANKING,mandatory,high,3,Financial institutions must implement enhanced controls per SAMA requirements,AUDIT_REPORT|RISK_ASSESSMENT,False
6707,1130,PCI-DSS,5.8,FINTECH,mandatory,high,3,FinTech companies must meet both SAMA and PCI requirements,PENTEST|SCAN_REPORT,False
6708,1130,PCI-DSS,5.8,RETAIL,mandatory,medium,3,,,False
6709,1131,PCI-DSS,6.8,BANKING,mandatory,medium,4,Financial institutions must implement enhanced controls per SAMA requirements,AUDIT_REPORT|RISK_ASSESSMENT,False
6710,1131,PCI-DSS,6.8,FINTECH,mandatory,medium,4,FinTech companies must meet both SAMA and PCI requirements,PENTEST|SCAN_REPORT,False
6711,1131,PCI-DSS,6.8,RETAIL,mandatory,low,4,,,False
6712,1132,PCI-DSS,1.9,BANKING,mandatory,critical,1,Financial institutions must implement enhanced controls per SAMA requirements,AUDIT_REPORT|RISK_ASSESSMENT,False
6713,1132,PCI-DSS,1.9,FINTECH,mandatory,critical,1,FinTech companies must meet both SAMA and PCI requirements,PENTEST|SCAN_REPORT,False
6714,1132,PCI-DSS,1.9,RETAIL,mandatory,critical,1,,,False
6715,1133,PCI-DSS,2.9,BANKING,mandatory,critical,2,Financial institutions must implement enhanced controls per SAMA requirements,AUDIT_REPORT|RISK_ASSESSMENT,False
6716,1133,PCI-DSS,2.9,FINTECH,mandatory,critical,2,FinTech companies must meet both SAMA and PCI requirements,PENTEST|SCAN_REPORT,False
6717,1133,PCI-DSS,2.9,RETAIL,mandatory,high,2,,,False
6718,1134,PCI-DSS,3.9,BANKING,mandatory,high,3,Financial institutions must implement enhanced controls per SAMA requirements,AUDIT_REPORT|RISK_ASSESSMENT,False
6719,1134,PCI-DSS,3.9,FINTECH,mandatory,high,3,FinTech companies must meet both SAMA and PCI requirements,PENTEST|SCAN_REPORT,False
6720,1134,PCI-DSS,3.9,RETAIL,mandatory,medium,3,,,False
6721,1135,PCI-DSS,4.9,BANKING,mandatory,medium,4,Financial institutions must implement enhanced controls per SAMA requirements,AUDIT_REPORT|RISK_ASSESSMENT,False
6722,1135,PCI-DSS,4.9,FINTECH,mandatory,medium,4,FinTech companies must meet both SAMA and PCI requirements,PENTEST|SCAN_REPORT,False
6723,1135,PCI-DSS,4.9,RETAIL,mandatory,low,4,,,False
6724,1136,PCI-DSS,5.9,BANKING,mandatory,critical,1,Financial institutions must implement enhanced controls per SAMA requirements,AUDIT_REPORT|RISK_ASSESSMENT,False
6725,1136,PCI-DSS,5.9,FINTECH,mandatory,critical,1,FinTech companies must meet both SAMA and PCI requirements,PENTEST|SCAN_REPORT,False
6726,1136,PCI-DSS,5.9,RETAIL,mandatory,critical,1,,,False
6727,1137,PCI-DSS,6.9,BANKING,mandatory,critical,2,Financial institutions must implement enhanced controls per SAMA requirements,AUDIT_REPORT|RISK_ASSESSMENT,False
6728,1137,PCI-DSS,6.9,FINTECH,mandatory,critical,2,FinTech companies must meet both SAMA and PCI requirements,PENTEST|SCAN_REPORT,False
6729,1137,PCI-DSS,6.9,RETAIL,mandatory,high,2,,,False
6730,1138,PCI-DSS,1.10,BANKING,mandatory,high,3,Financial institutions must implement enhanced controls per SAMA requirements,AUDIT_REPORT|RISK_ASSESSMENT,False
6731,1138,PCI-DSS,1.10,FINTECH,mandatory,high,3,FinTech companies must meet both SAMA and PCI requirements,PENTEST|SCAN_REPORT,False
6732,1138,PCI-DSS,1.10,RETAIL,mandatory,medium,3,,,False
6733,1139,PCI-DSS,2.10,BANKING,mandatory,medium,4,Financial institutions must implement enhanced controls per SAMA requirements,AUDIT_REPORT|RISK_ASSESSMENT,False
6734,1139,PCI-DSS,2.10,FINTECH,mandatory,medium,4,FinTech companies must meet both SAMA and PCI requirements,PENTEST|SCAN_REPORT,False
6735,1139,PCI-DSS,2.10,RETAIL,mandatory,low,4,,,False
6736,1140,PCI-DSS,3.10,BANKING,mandatory,critical,1,Financial institutions must implement enhanced controls per SAMA requirements,AUDIT_REPORT|RISK_ASSESSMENT,False
6737,1140,PCI-DSS,3.10,FINTECH,mandatory,critical,1,FinTech companies must meet both SAMA and PCI requirements,PENTEST|SCAN_REPORT,False
6738,1140,PCI-DSS,3.10,RETAIL,mandatory,critical,1,,,False
6739,1141,PCI-DSS,4.10,BANKING,mandatory,critical,2,Financial institutions must implement enhanced controls per SAMA requirements,AUDIT_REPORT|RISK_ASSESSMENT,False
6740,1141,PCI-DSS,4.10,FINTECH,mandatory,critical,2,FinTech companies must meet both SAMA and PCI requirements,PENTEST|SCAN_REPORT,False
6741,1141,PCI-DSS,4.10,RETAIL,mandatory,high,2,,,False
6742,1142,PCI-DSS,5.10,BANKING,mandatory,high,3,Financial institutions must implement enhanced controls per SAMA requirements,AUDIT_REPORT|RISK_ASSESSMENT,False
6743,1142,PCI-DSS,5.10,FINTECH,mandatory,high,3,FinTech companies must meet both SAMA and PCI requirements,PENTEST|SCAN_REPORT,False
6744,1142,PCI-DSS,5.10,RETAIL,mandatory,medium,3,,,False
6745,1143,PCI-DSS,6.10,BANKING,mandatory,medium,4,Financial institutions must implement enhanced controls per SAMA requirements,AUDIT_REPORT|RISK_ASSESSMENT,False
6746,1143,PCI-DSS,6.10,FINTECH,mandatory,medium,4,FinTech companies must meet both SAMA and PCI requirements,PENTEST|SCAN_REPORT,False
6747,1143,PCI-DSS,6.10,RETAIL,mandatory,low,4,,,False
6748,1144,PCI-DSS,1.11,BANKING,mandatory,critical,1,Financial institutions must implement enhanced controls per SAMA requirements,AUDIT_REPORT|RISK_ASSESSMENT,False
6749,1144,PCI-DSS,1.11,FINTECH,mandatory,critical,1,FinTech companies must meet both SAMA and PCI requirements,PENTEST|SCAN_REPORT,False
6750,1144,PCI-DSS,1.11,RETAIL,mandatory,critical,1,,,False
6751,1145,PCI-DSS,2.11,BANKING,mandatory,critical,2,Financial institutions must implement enhanced controls per SAMA requirements,AUDIT_REPORT|RISK_ASSESSMENT,False
6752,1145,PCI-DSS,2.11,FINTECH,mandatory,critical,2,FinTech companies must meet both SAMA and PCI requirements,PENTEST|SCAN_REPORT,False
6753,1145,PCI-DSS,2.11,RETAIL,mandatory,high,2,,,False
6754,1146,PCI-DSS,3.11,BANKING,mandatory,high,3,Financial institutions must implement enhanced controls per SAMA requirements,AUDIT_REPORT|RISK_ASSESSMENT,False
6755,1146,PCI-DSS,3.11,FINTECH,mandatory,high,3,FinTech companies must meet both SAMA and PCI requirements,PENTEST|SCAN_REPORT,False
6756,1146,PCI-DSS,3.11,RETAIL,mandatory,medium,3,,,False
6757,1147,PCI-DSS,4.11,BANKING,mandatory,medium,4,Financial institutions must implement enhanced controls per SAMA requirements,AUDIT_REPORT|RISK_ASSESSMENT,False
6758,1147,PCI-DSS,4.11,FINTECH,mandatory,medium,4,FinTech companies must meet both SAMA and PCI requirements,PENTEST|SCAN_REPORT,False
6759,1147,PCI-DSS,4.11,RETAIL,mandatory,low,4,,,False
6760,1148,PCI-DSS,5.11,BANKING,mandatory,critical,1,Financial institutions must implement enhanced controls per SAMA requirements,AUDIT_REPORT|RISK_ASSESSMENT,False
6761,1148,PCI-DSS,5.11,FINTECH,mandatory,critical,1,FinTech companies must meet both SAMA and PCI requirements,PENTEST|SCAN_REPORT,False
6762,1148,PCI-DSS,5.11,RETAIL,mandatory,critical,1,,,False
6763,1149,PCI-DSS,6.11,BANKING,mandatory,critical,2,Financial institutions must implement enhanced controls per SAMA requirements,AUDIT_REPORT|RISK_ASSESSMENT,False
6764,1149,PCI-DSS,6.11,FINTECH,mandatory,critical,2,FinTech companies must meet both SAMA and PCI requirements,PENTEST|SCAN_REPORT,False
6765,1149,PCI-DSS,6.11,RETAIL,mandatory,high,2,,,False
6766,1150,PCI-DSS,1.12,BANKING,mandatory,high,3,Financial institutions must implement enhanced controls per SAMA requirements,AUDIT_REPORT|RISK_ASSESSMENT,False
6767,1150,PCI-DSS,1.12,FINTECH,mandatory,high,3,FinTech companies must meet both SAMA and PCI requirements,PENTEST|SCAN_REPORT,False
6768,1150,PCI-DSS,1.12,RETAIL,mandatory,medium,3,,,False
6769,1151,PCI-DSS,2.12,BANKING,mandatory,medium,4,Financial institutions must implement enhanced controls per SAMA requirements,AUDIT_REPORT|RISK_ASSESSMENT,False
6770,1151,PCI-DSS,2.12,FINTECH,mandatory,medium,4,FinTech companies must meet both SAMA and PCI requirements,PENTEST|SCAN_REPORT,False
6771,1151,PCI-DSS,2.12,RETAIL,mandatory,low,4,,,False
6772,1152,PCI-DSS,3.12,BANKING,mandatory,critical,1,Financial institutions must implement enhanced controls per SAMA requirements,AUDIT_REPORT|RISK_ASSESSMENT,False
6773,1152,PCI-DSS,3.12,FINTECH,mandatory,critical,1,FinTech companies must meet both SAMA and PCI requirements,PENTEST|SCAN_REPORT,False
6774,1152,PCI-DSS,3.12,RETAIL,mandatory,critical,1,,,False
6775,1153,PCI-DSS,4.12,BANKING,mandatory,critical,2,Financial institutions must implement enhanced controls per SAMA requirements,AUDIT_REPORT|RISK_ASSESSMENT,False
6776,1153,PCI-DSS,4.12,FINTECH,mandatory,critical,2,FinTech companies must meet both SAMA and PCI requirements,PENTEST|SCAN_REPORT,False
6777,1153,PCI-DSS,4.12,RETAIL,mandatory,high,2,,,False
6778,1154,PCI-DSS,5.12,BANKING,mandatory,high,3,Financial institutions must implement enhanced controls per SAMA requirements,AUDIT_REPORT|RISK_ASSESSMENT,False
6779,1154,PCI-DSS,5.12,FINTECH,mandatory,high,3,FinTech companies must meet both SAMA and PCI requirements,PENTEST|SCAN_REPORT,False
6780,1154,PCI-DSS,5.12,RETAIL,mandatory,medium,3,,,False
6781,1155,PCI-DSS,6.12,BANKING,mandatory,medium,4,Financial institutions must implement enhanced controls per SAMA requirements,AUDIT_REPORT|RISK_ASSESSMENT,False
6782,1155,PCI-DSS,6.12,FINTECH,mandatory,medium,4,FinTech companies must meet both SAMA and PCI requirements,PENTEST|SCAN_REPORT,False
6783,1155,PCI-DSS,6.12,RETAIL,mandatory,low,4,,,False
6784,1156,PCI-DSS,1.13,BANKING,mandatory,critical,1,Financial institutions must implement enhanced controls per SAMA requirements,AUDIT_REPORT|RISK_ASSESSMENT,False
6785,1156,PCI-DSS,1.13,FINTECH,mandatory,critical,1,FinTech companies must meet both SAMA and PCI requirements,PENTEST|SCAN_REPORT,False
6786,1156,PCI-DSS,1.13,RETAIL,mandatory,critical,1,,,False
6787,1157,PCI-DSS,2.13,BANKING,mandatory,critical,2,Financial institutions must implement enhanced controls per SAMA requirements,AUDIT_REPORT|RISK_ASSESSMENT,False
6788,1157,PCI-DSS,2.13,FINTECH,mandatory,critical,2,FinTech companies must meet both SAMA and PCI requirements,PENTEST|SCAN_REPORT,False
6789,1157,PCI-DSS,2.13,RETAIL,mandatory,high,2,,,False
6790,1158,PCI-DSS,3.13,BANKING,mandatory,high,3,Financial institutions must implement enhanced controls per SAMA requirements,AUDIT_REPORT|RISK_ASSESSMENT,False
6791,1158,PCI-DSS,3.13,FINTECH,mandatory,high,3,FinTech companies must meet both SAMA and PCI requirements,PENTEST|SCAN_REPORT,False
6792,1158,PCI-DSS,3.13,RETAIL,mandatory,medium,3,,,False
6793,1159,PCI-DSS,4.13,BANKING,mandatory,medium,4,Financial institutions must implement enhanced controls per SAMA requirements,AUDIT_REPORT|RISK_ASSESSMENT,False
6794,1159,PCI-DSS,4.13,FINTECH,mandatory,medium,4,FinTech companies must meet both SAMA and PCI requirements,PENTEST|SCAN_REPORT,False
6795,1159,PCI-DSS,4.13,RETAIL,mandatory,low,4,,,False
6796,1160,PCI-DSS,5.13,BANKING,mandatory,critical,1,Financial institutions must implement enhanced controls per SAMA requirements,AUDIT_REPORT|RISK_ASSESSMENT,False
6797,1160,PCI-DSS,5.13,FINTECH,mandatory,critical,1,FinTech companies must meet both SAMA and PCI requirements,PENTEST|SCAN_REPORT,False
6798,1160,PCI-DSS,5.13,RETAIL,mandatory,critical,1,,,False
6799,1161,PCI-DSS,6.13,BANKING,mandatory,critical,2,Financial institutions must implement enhanced controls per SAMA requirements,AUDIT_REPORT|RISK_ASSESSMENT,False
6800,1161,PCI-DSS,6.13,FINTECH,mandatory,critical,2,FinTech companies must meet both SAMA and PCI requirements,PENTEST|SCAN_REPORT,False
6801,1161,PCI-DSS,6.13,RETAIL,mandatory,high,2,,,False
6802,1162,PCI-DSS,1.14,BANKING,mandatory,high,3,Financial institutions must implement enhanced controls per SAMA requirements,AUDIT_REPORT|RISK_ASSESSMENT,False
6803,1162,PCI-DSS,1.14,FINTECH,mandatory,high,3,FinTech companies must meet both SAMA and PCI requirements,PENTEST|SCAN_REPORT,False
6804,1162,PCI-DSS,1.14,RETAIL,mandatory,medium,3,,,False
6805,1163,PCI-DSS,2.14,BANKING,mandatory,medium,4,Financial institutions must implement enhanced controls per SAMA requirements,AUDIT_REPORT|RISK_ASSESSMENT,False
6806,1163,PCI-DSS,2.14,FINTECH,mandatory,medium,4,FinTech companies must meet both SAMA and PCI requirements,PENTEST|SCAN_REPORT,False
6807,1163,PCI-DSS,2.14,RETAIL,mandatory,low,4,,,False
6808,1164,PCI-DSS,3.14,BANKING,mandatory,critical,1,Financial institutions must implement enhanced controls per SAMA requirements,AUDIT_REPORT|RISK_ASSESSMENT,False
6809,1164,PCI-DSS,3.14,FINTECH,mandatory,critical,1,FinTech companies must meet both SAMA and PCI requirements,PENTEST|SCAN_REPORT,False
6810,1164,PCI-DSS,3.14,RETAIL,mandatory,critical,1,,,False
6811,1165,PCI-DSS,4.14,BANKING,mandatory,critical,2,Financial institutions must implement enhanced controls per SAMA requirements,AUDIT_REPORT|RISK_ASSESSMENT,False
6812,1165,PCI-DSS,4.14,FINTECH,mandatory,critical,2,FinTech companies must meet both SAMA and PCI requirements,PENTEST|SCAN_REPORT,False
6813,1165,PCI-DSS,4.14,RETAIL,mandatory,high,2,,,False
6814,1166,PCI-DSS,5.14,BANKING,mandatory,high,3,Financial institutions must implement enhanced controls per SAMA requirements,AUDIT_REPORT|RISK_ASSESSMENT,False
6815,1166,PCI-DSS,5.14,FINTECH,mandatory,high,3,FinTech companies must meet both SAMA and PCI requirements,PENTEST|SCAN_REPORT,False
6816,1166,PCI-DSS,5.14,RETAIL,mandatory,medium,3,,,False
6817,1167,PCI-DSS,6.14,BANKING,mandatory,medium,4,Financial institutions must implement enhanced controls per SAMA requirements,AUDIT_REPORT|RISK_ASSESSMENT,False
6818,1167,PCI-DSS,6.14,FINTECH,mandatory,medium,4,FinTech companies must meet both SAMA and PCI requirements,PENTEST|SCAN_REPORT,False
6819,1167,PCI-DSS,6.14,RETAIL,mandatory,low,4,,,False
6820,1168,PCI-DSS,1.15,BANKING,mandatory,critical,1,Financial institutions must implement enhanced controls per SAMA requirements,AUDIT_REPORT|RISK_ASSESSMENT,False
6821,1168,PCI-DSS,1.15,FINTECH,mandatory,critical,1,FinTech companies must meet both SAMA and PCI requirements,PENTEST|SCAN_REPORT,False
6822,1168,PCI-DSS,1.15,RETAIL,mandatory,critical,1,,,False
6823,1169,PCI-DSS,2.15,BANKING,mandatory,critical,2,Financial institutions must implement enhanced controls per SAMA requirements,AUDIT_REPORT|RISK_ASSESSMENT,False
6824,1169,PCI-DSS,2.15,FINTECH,mandatory,critical,2,FinTech companies must meet both SAMA and PCI requirements,PENTEST|SCAN_REPORT,False
6825,1169,PCI-DSS,2.15,RETAIL,mandatory,high,2,,,False
6826,1170,PCI-DSS,3.15,BANKING,mandatory,high,3,Financial institutions must implement enhanced controls per SAMA requirements,AUDIT_REPORT|RISK_ASSESSMENT,False
6827,1170,PCI-DSS,3.15,FINTECH,mandatory,high,3,FinTech companies must meet both SAMA and PCI requirements,PENTEST|SCAN_REPORT,False
6828,1170,PCI-DSS,3.15,RETAIL,mandatory,medium,3,,,False
6829,1171,PCI-DSS,4.15,BANKING,mandatory,medium,4,Financial institutions must implement enhanced controls per SAMA requirements,AUDIT_REPORT|RISK_ASSESSMENT,False
6830,1171,PCI-DSS,4.15,FINTECH,mandatory,medium,4,FinTech companies must meet both SAMA and PCI requirements,PENTEST|SCAN_REPORT,False
6831,1171,PCI-DSS,4.15,RETAIL,mandatory,low,4,,,False
6832,1172,PCI-DSS,5.15,BANKING,mandatory,critical,1,Financial institutions must implement enhanced controls per SAMA requirements,AUDIT_REPORT|RISK_ASSESSMENT,False
6833,1172,PCI-DSS,5.15,FINTECH,mandatory,critical,1,FinTech companies must meet both SAMA and PCI requirements,PENTEST|SCAN_REPORT,False
6834,1172,PCI-DSS,5.15,RETAIL,mandatory,critical,1,,,False
6835,1173,PCI-DSS,6.15,BANKING,mandatory,critical,2,Financial institutions must implement enhanced controls per SAMA requirements,AUDIT_REPORT|RISK_ASSESSMENT,False
6836,1173,PCI-DSS,6.15,FINTECH,mandatory,critical,2,FinTech companies must meet both SAMA and PCI requirements,PENTEST|SCAN_REPORT,False
6837,1173,PCI-DSS,6.15,RETAIL,mandatory,high,2,,,False
6838,1174,PCI-DSS,1.16,BANKING,mandatory,high,3,Financial institutions must implement enhanced controls per SAMA requirements,AUDIT_REPORT|RISK_ASSESSMENT,False
6839,1174,PCI-DSS,1.16,FINTECH,mandatory,high,3,FinTech companies must meet both SAMA and PCI requirements,PENTEST|SCAN_REPORT,False
6840,1174,PCI-DSS,1.16,RETAIL,mandatory,medium,3,,,False
6841,1175,PCI-DSS,2.16,BANKING,mandatory,medium,4,Financial institutions must implement enhanced controls per SAMA requirements,AUDIT_REPORT|RISK_ASSESSMENT,False
6842,1175,PCI-DSS,2.16,FINTECH,mandatory,medium,4,FinTech companies must meet both SAMA and PCI requirements,PENTEST|SCAN_REPORT,False
6843,1175,PCI-DSS,2.16,RETAIL,mandatory,low,4,,,False
6844,1176,PCI-DSS,3.16,BANKING,mandatory,critical,1,Financial institutions must implement enhanced controls per SAMA requirements,AUDIT_REPORT|RISK_ASSESSMENT,False
6845,1176,PCI-DSS,3.16,FINTECH,mandatory,critical,1,FinTech companies must meet both SAMA and PCI requirements,PENTEST|SCAN_REPORT,False
6846,1176,PCI-DSS,3.16,RETAIL,mandatory,critical,1,,,False
6847,1177,PCI-DSS,4.16,BANKING,mandatory,critical,2,Financial institutions must implement enhanced controls per SAMA requirements,AUDIT_REPORT|RISK_ASSESSMENT,False
6848,1177,PCI-DSS,4.16,FINTECH,mandatory,critical,2,FinTech companies must meet both SAMA and PCI requirements,PENTEST|SCAN_REPORT,False
6849,1177,PCI-DSS,4.16,RETAIL,mandatory,high,2,,,False
6850,1178,PCI-DSS,5.16,BANKING,mandatory,high,3,Financial institutions must implement enhanced controls per SAMA requirements,AUDIT_REPORT|RISK_ASSESSMENT,False
6851,1178,PCI-DSS,5.16,FINTECH,mandatory,high,3,FinTech companies must meet both SAMA and PCI requirements,PENTEST|SCAN_REPORT,False
6852,1178,PCI-DSS,5.16,RETAIL,mandatory,medium,3,,,False
6853,1179,PCI-DSS,6.16,BANKING,mandatory,medium,4,Financial institutions must implement enhanced controls per SAMA requirements,AUDIT_REPORT|RISK_ASSESSMENT,False
6854,1179,PCI-DSS,6.16,FINTECH,mandatory,medium,4,FinTech companies must meet both SAMA and PCI requirements,PENTEST|SCAN_REPORT,False
6855,1179,PCI-DSS,6.16,RETAIL,mandatory,low,4,,,False
6856,1180,PCI-DSS,1.17,BANKING,mandatory,critical,1,Financial institutions must implement enhanced controls per SAMA requirements,AUDIT_REPORT|RISK_ASSESSMENT,False
6857,1180,PCI-DSS,1.17,FINTECH,mandatory,critical,1,FinTech companies must meet both SAMA and PCI requirements,PENTEST|SCAN_REPORT,False
6858,1180,PCI-DSS,1.17,RETAIL,mandatory,critical,1,,,False
6859,1181,PCI-DSS,2.17,BANKING,mandatory,critical,2,Financial institutions must implement enhanced controls per SAMA requirements,AUDIT_REPORT|RISK_ASSESSMENT,False
6860,1181,PCI-DSS,2.17,FINTECH,mandatory,critical,2,FinTech companies must meet both SAMA and PCI requirements,PENTEST|SCAN_REPORT,False
6861,1181,PCI-DSS,2.17,RETAIL,mandatory,high,2,,,False
6862,1182,PCI-DSS,3.17,BANKING,mandatory,high,3,Financial institutions must implement enhanced controls per SAMA requirements,AUDIT_REPORT|RISK_ASSESSMENT,False
6863,1182,PCI-DSS,3.17,FINTECH,mandatory,high,3,FinTech companies must meet both SAMA and PCI requirements,PENTEST|SCAN_REPORT,False
6864,1182,PCI-DSS,3.17,RETAIL,mandatory,medium,3,,,False
6865,1183,PCI-DSS,4.17,BANKING,mandatory,medium,4,Financial institutions must implement enhanced controls per SAMA requirements,AUDIT_REPORT|RISK_ASSESSMENT,False
6866,1183,PCI-DSS,4.17,FINTECH,mandatory,medium,4,FinTech companies must meet both SAMA and PCI requirements,PENTEST|SCAN_REPORT,False
6867,1183,PCI-DSS,4.17,RETAIL,mandatory,low,4,,,False
6868,1184,PCI-DSS,5.17,BANKING,mandatory,critical,1,Financial institutions must implement enhanced controls per SAMA requirements,AUDIT_REPORT|RISK_ASSESSMENT,False
6869,1184,PCI-DSS,5.17,FINTECH,mandatory,critical,1,FinTech companies must meet both SAMA and PCI requirements,PENTEST|SCAN_REPORT,False
6870,1184,PCI-DSS,5.17,RETAIL,mandatory,critical,1,,,False
6871,1185,PCI-DSS,6.17,BANKING,mandatory,critical,2,Financial institutions must implement enhanced controls per SAMA requirements,AUDIT_REPORT|RISK_ASSESSMENT,False
6872,1185,PCI-DSS,6.17,FINTECH,mandatory,critical,2,FinTech companies must meet both SAMA and PCI requirements,PENTEST|SCAN_REPORT,False
6873,1185,PCI-DSS,6.17,RETAIL,mandatory,high,2,,,False
6874,1186,PCI-DSS,1.18,BANKING,mandatory,high,3,Financial institutions must implement enhanced controls per SAMA requirements,AUDIT_REPORT|RISK_ASSESSMENT,False
6875,1186,PCI-DSS,1.18,FINTECH,mandatory,high,3,FinTech companies must meet both SAMA and PCI requirements,PENTEST|SCAN_REPORT,False
6876,1186,PCI-DSS,1.18,RETAIL,mandatory,medium,3,,,False
6877,1187,PCI-DSS,2.18,BANKING,mandatory,medium,4,Financial institutions must implement enhanced controls per SAMA requirements,AUDIT_REPORT|RISK_ASSESSMENT,False
6878,1187,PCI-DSS,2.18,FINTECH,mandatory,medium,4,FinTech companies must meet both SAMA and PCI requirements,PENTEST|SCAN_REPORT,False
6879,1187,PCI-DSS,2.18,RETAIL,mandatory,low,4,,,False
6880,1188,PCI-DSS,3.18,BANKING,mandatory,critical,1,Financial institutions must implement enhanced controls per SAMA requirements,AUDIT_REPORT|RISK_ASSESSMENT,False
6881,1188,PCI-DSS,3.18,FINTECH,mandatory,critical,1,FinTech companies must meet both SAMA and PCI requirements,PENTEST|SCAN_REPORT,False
6882,1188,PCI-DSS,3.18,RETAIL,mandatory,critical,1,,,False
6883,1189,PCI-DSS,4.18,BANKING,mandatory,critical,2,Financial institutions must implement enhanced controls per SAMA requirements,AUDIT_REPORT|RISK_ASSESSMENT,False
6884,1189,PCI-DSS,4.18,FINTECH,mandatory,critical,2,FinTech companies must meet both SAMA and PCI requirements,PENTEST|SCAN_REPORT,False
6885,1189,PCI-DSS,4.18,RETAIL,mandatory,high,2,,,False
6886,1190,PCI-DSS,5.18,BANKING,mandatory,high,3,Financial institutions must implement enhanced controls per SAMA requirements,AUDIT_REPORT|RISK_ASSESSMENT,False
6887,1190,PCI-DSS,5.18,FINTECH,mandatory,high,3,FinTech companies must meet both SAMA and PCI requirements,PENTEST|SCAN_REPORT,False
6888,1190,PCI-DSS,5.18,RETAIL,mandatory,medium,3,,,False
6889,1191,PCI-DSS,6.18,BANKING,mandatory,medium,4,Financial institutions must implement enhanced controls per SAMA requirements,AUDIT_REPORT|RISK_ASSESSMENT,False
6890,1191,PCI-DSS,6.18,FINTECH,mandatory,medium,4,FinTech companies must meet both SAMA and PCI requirements,PENTEST|SCAN_REPORT,False
6891,1191,PCI-DSS,6.18,RETAIL,mandatory,low,4,,,False
6892,1192,PCI-DSS,1.19,BANKING,mandatory,critical,1,Financial institutions must implement enhanced controls per SAMA requirements,AUDIT_REPORT|RISK_ASSESSMENT,False
6893,1192,PCI-DSS,1.19,FINTECH,mandatory,critical,1,FinTech companies must meet both SAMA and PCI requirements,PENTEST|SCAN_REPORT,False
6894,1192,PCI-DSS,1.19,RETAIL,mandatory,critical,1,,,False
6895,1193,PCI-DSS,2.19,BANKING,mandatory,critical,2,Financial institutions must implement enhanced controls per SAMA requirements,AUDIT_REPORT|RISK_ASSESSMENT,False
6896,1193,PCI-DSS,2.19,FINTECH,mandatory,critical,2,FinTech companies must meet both SAMA and PCI requirements,PENTEST|SCAN_REPORT,False
6897,1193,PCI-DSS,2.19,RETAIL,mandatory,high,2,,,False
6898,1194,PCI-DSS,3.19,BANKING,mandatory,high,3,Financial institutions must implement enhanced controls per SAMA requirements,AUDIT_REPORT|RISK_ASSESSMENT,False
6899,1194,PCI-DSS,3.19,FINTECH,mandatory,high,3,FinTech companies must meet both SAMA and PCI requirements,PENTEST|SCAN_REPORT,False
6900,1194,PCI-DSS,3.19,RETAIL,mandatory,medium,3,,,False
6901,1195,PCI-DSS,4.19,BANKING,mandatory,medium,4,Financial institutions must implement enhanced controls per SAMA requirements,AUDIT_REPORT|RISK_ASSESSMENT,False
6902,1195,PCI-DSS,4.19,FINTECH,mandatory,medium,4,FinTech companies must meet both SAMA and PCI requirements,PENTEST|SCAN_REPORT,False
6903,1195,PCI-DSS,4.19,RETAIL,mandatory,low,4,,,False
6904,1196,PCI-DSS,5.19,BANKING,mandatory,critical,1,Financial institutions must implement enhanced controls per SAMA requirements,AUDIT_REPORT|RISK_ASSESSMENT,False
6905,1196,PCI-DSS,5.19,FINTECH,mandatory,critical,1,FinTech companies must meet both SAMA and PCI requirements,PENTEST|SCAN_REPORT,False
6906,1196,PCI-DSS,5.19,RETAIL,mandatory,critical,1,,,False
6907,1197,PCI-DSS,6.19,BANKING,mandatory,critical,2,Financial institutions must implement enhanced controls per SAMA requirements,AUDIT_REPORT|RISK_ASSESSMENT,False
6908,1197,PCI-DSS,6.19,FINTECH,mandatory,critical,2,FinTech companies must meet both SAMA and PCI requirements,PENTEST|SCAN_REPORT,False
6909,1197,PCI-DSS,6.19,RETAIL,mandatory,high,2,,,False
6910,1198,PCI-DSS,1.20,BANKING,mandatory,high,3,Financial institutions must implement enhanced controls per SAMA requirements,AUDIT_REPORT|RISK_ASSESSMENT,False
6911,1198,PCI-DSS,1.20,FINTECH,mandatory,high,3,FinTech companies must meet both SAMA and PCI requirements,PENTEST|SCAN_REPORT,False
6912,1198,PCI-DSS,1.20,RETAIL,mandatory,medium,3,,,False
6913,1199,PCI-DSS,2.20,BANKING,mandatory,medium,4,Financial institutions must implement enhanced controls per SAMA requirements,AUDIT_REPORT|RISK_ASSESSMENT,False
6914,1199,PCI-DSS,2.20,FINTECH,mandatory,medium,4,FinTech companies must meet both SAMA and PCI requirements,PENTEST|SCAN_REPORT,False
6915,1199,PCI-DSS,2.20,RETAIL,mandatory,low,4,,,False
6916,1200,PCI-DSS,3.20,BANKING,mandatory,critical,1,Financial institutions must implement enhanced controls per SAMA requirements,AUDIT_REPORT|RISK_ASSESSMENT,False
6917,1200,PCI-DSS,3.20,FINTECH,mandatory,critical,1,FinTech companies must meet both SAMA and PCI requirements,PENTEST|SCAN_REPORT,False
6918,1200,PCI-DSS,3.20,RETAIL,mandatory,critical,1,,,False
6919,1201,PCI-DSS,4.20,BANKING,mandatory,critical,2,Financial institutions must implement enhanced controls per SAMA requirements,AUDIT_REPORT|RISK_ASSESSMENT,False
6920,1201,PCI-DSS,4.20,FINTECH,mandatory,critical,2,FinTech companies must meet both SAMA and PCI requirements,PENTEST|SCAN_REPORT,False
6921,1201,PCI-DSS,4.20,RETAIL,mandatory,high,2,,,False
6922,1202,PCI-DSS,5.20,BANKING,mandatory,high,3,Financial institutions must implement enhanced controls per SAMA requirements,AUDIT_REPORT|RISK_ASSESSMENT,False
6923,1202,PCI-DSS,5.20,FINTECH,mandatory,high,3,FinTech companies must meet both SAMA and PCI requirements,PENTEST|SCAN_REPORT,False
6924,1202,PCI-DSS,5.20,RETAIL,mandatory,medium,3,,,False
6925,1203,PCI-DSS,6.20,BANKING,mandatory,medium,4,Financial institutions must implement enhanced controls per SAMA requirements,AUDIT_REPORT|RISK_ASSESSMENT,False
6926,1203,PCI-DSS,6.20,FINTECH,mandatory,medium,4,FinTech companies must meet both SAMA and PCI requirements,PENTEST|SCAN_REPORT,False
6927,1203,PCI-DSS,6.20,RETAIL,mandatory,low,4,,,False
6928,1204,PCI-DSS,1.21,BANKING,mandatory,critical,1,Financial institutions must implement enhanced controls per SAMA requirements,AUDIT_REPORT|RISK_ASSESSMENT,False
6929,1204,PCI-DSS,1.21,FINTECH,mandatory,critical,1,FinTech companies must meet both SAMA and PCI requirements,PENTEST|SCAN_REPORT,False
6930,1204,PCI-DSS,1.21,RETAIL,mandatory,critical,1,,,False
6931,1205,PCI-DSS,2.21,BANKING,mandatory,critical,2,Financial institutions must implement enhanced controls per SAMA requirements,AUDIT_REPORT|RISK_ASSESSMENT,False
6932,1205,PCI-DSS,2.21,FINTECH,mandatory,critical,2,FinTech companies must meet both SAMA and PCI requirements,PENTEST|SCAN_REPORT,False
6933,1205,PCI-DSS,2.21,RETAIL,mandatory,high,2,,,False
6934,1206,PCI-DSS,3.21,BANKING,mandatory,high,3,Financial institutions must implement enhanced controls per SAMA requirements,AUDIT_REPORT|RISK_ASSESSMENT,False
6935,1206,PCI-DSS,3.21,FINTECH,mandatory,high,3,FinTech companies must meet both SAMA and PCI requirements,PENTEST|SCAN_REPORT,False
6936,1206,PCI-DSS,3.21,RETAIL,mandatory,medium,3,,,False
6937,1207,PCI-DSS,4.21,BANKING,mandatory,medium,4,Financial institutions must implement enhanced controls per SAMA requirements,AUDIT_REPORT|RISK_ASSESSMENT,False
6938,1207,PCI-DSS,4.21,FINTECH,mandatory,medium,4,FinTech companies must meet both SAMA and PCI requirements,PENTEST|SCAN_REPORT,False
6939,1207,PCI-DSS,4.21,RETAIL,mandatory,low,4,,,False
6940,1208,PCI-DSS,5.21,BANKING,mandatory,critical,1,Financial institutions must implement enhanced controls per SAMA requirements,AUDIT_REPORT|RISK_ASSESSMENT,False
6941,1208,PCI-DSS,5.21,FINTECH,mandatory,critical,1,FinTech companies must meet both SAMA and PCI requirements,PENTEST|SCAN_REPORT,False
6942,1208,PCI-DSS,5.21,RETAIL,mandatory,critical,1,,,False
6943,1209,PCI-DSS,6.21,BANKING,mandatory,critical,2,Financial institutions must implement enhanced controls per SAMA requirements,AUDIT_REPORT|RISK_ASSESSMENT,False
6944,1209,PCI-DSS,6.21,FINTECH,mandatory,critical,2,FinTech companies must meet both SAMA and PCI requirements,PENTEST|SCAN_REPORT,False
6945,1209,PCI-DSS,6.21,RETAIL,mandatory,high,2,,,False
6946,1210,PCI-DSS,1.22,BANKING,mandatory,high,3,Financial institutions must implement enhanced controls per SAMA requirements,AUDIT_REPORT|RISK_ASSESSMENT,False
6947,1210,PCI-DSS,1.22,FINTECH,mandatory,high,3,FinTech companies must meet both SAMA and PCI requirements,PENTEST|SCAN_REPORT,False
6948,1210,PCI-DSS,1.22,RETAIL,mandatory,medium,3,,,False
6949,1211,PCI-DSS,2.22,BANKING,mandatory,medium,4,Financial institutions must implement enhanced controls per SAMA requirements,AUDIT_REPORT|RISK_ASSESSMENT,False
6950,1211,PCI-DSS,2.22,FINTECH,mandatory,medium,4,FinTech companies must meet both SAMA and PCI requirements,PENTEST|SCAN_REPORT,False
6951,1211,PCI-DSS,2.22,RETAIL,mandatory,low,4,,,False
6952,1212,PCI-DSS,3.22,BANKING,mandatory,critical,1,Financial institutions must implement enhanced controls per SAMA requirements,AUDIT_REPORT|RISK_ASSESSMENT,False
6953,1212,PCI-DSS,3.22,FINTECH,mandatory,critical,1,FinTech companies must meet both SAMA and PCI requirements,PENTEST|SCAN_REPORT,False
6954,1212,PCI-DSS,3.22,RETAIL,mandatory,critical,1,,,False
6955,1213,PCI-DSS,4.22,BANKING,mandatory,critical,2,Financial institutions must implement enhanced controls per SAMA requirements,AUDIT_REPORT|RISK_ASSESSMENT,False
6956,1213,PCI-DSS,4.22,FINTECH,mandatory,critical,2,FinTech companies must meet both SAMA and PCI requirements,PENTEST|SCAN_REPORT,False
6957,1213,PCI-DSS,4.22,RETAIL,mandatory,high,2,,,False
6958,1214,PCI-DSS,5.22,BANKING,mandatory,high,3,Financial institutions must implement enhanced controls per SAMA requirements,AUDIT_REPORT|RISK_ASSESSMENT,False
6959,1214,PCI-DSS,5.22,FINTECH,mandatory,high,3,FinTech companies must meet both SAMA and PCI requirements,PENTEST|SCAN_REPORT,False
6960,1214,PCI-DSS,5.22,RETAIL,mandatory,medium,3,,,False
6961,1215,PCI-DSS,6.22,BANKING,mandatory,medium,4,Financial institutions must implement enhanced controls per SAMA requirements,AUDIT_REPORT|RISK_ASSESSMENT,False
6962,1215,PCI-DSS,6.22,FINTECH,mandatory,medium,4,FinTech companies must meet both SAMA and PCI requirements,PENTEST|SCAN_REPORT,False
6963,1215,PCI-DSS,6.22,RETAIL,mandatory,low,4,,,False
6964,1216,PCI-DSS,1.23,BANKING,mandatory,critical,1,Financial institutions must implement enhanced controls per SAMA requirements,AUDIT_REPORT|RISK_ASSESSMENT,False
6965,1216,PCI-DSS,1.23,FINTECH,mandatory,critical,1,FinTech companies must meet both SAMA and PCI requirements,PENTEST|SCAN_REPORT,False
6966,1216,PCI-DSS,1.23,RETAIL,mandatory,critical,1,,,False
6967,1217,PCI-DSS,2.23,BANKING,mandatory,critical,2,Financial institutions must implement enhanced controls per SAMA requirements,AUDIT_REPORT|RISK_ASSESSMENT,False
6968,1217,PCI-DSS,2.23,FINTECH,mandatory,critical,2,FinTech companies must meet both SAMA and PCI requirements,PENTEST|SCAN_REPORT,False
6969,1217,PCI-DSS,2.23,RETAIL,mandatory,high,2,,,False
6970,1218,PCI-DSS,3.23,BANKING,mandatory,high,3,Financial institutions must implement enhanced controls per SAMA requirements,AUDIT_REPORT|RISK_ASSESSMENT,False
6971,1218,PCI-DSS,3.23,FINTECH,mandatory,high,3,FinTech companies must meet both SAMA and PCI requirements,PENTEST|SCAN_REPORT,False
6972,1218,PCI-DSS,3.23,RETAIL,mandatory,medium,3,,,False
6973,1219,PCI-DSS,4.23,BANKING,mandatory,medium,4,Financial institutions must implement enhanced controls per SAMA requirements,AUDIT_REPORT|RISK_ASSESSMENT,False
6974,1219,PCI-DSS,4.23,FINTECH,mandatory,medium,4,FinTech companies must meet both SAMA and PCI requirements,PENTEST|SCAN_REPORT,False
6975,1219,PCI-DSS,4.23,RETAIL,mandatory,low,4,,,False
6976,1220,PCI-DSS,5.23,BANKING,mandatory,critical,1,Financial institutions must implement enhanced controls per SAMA requirements,AUDIT_REPORT|RISK_ASSESSMENT,False
6977,1220,PCI-DSS,5.23,FINTECH,mandatory,critical,1,FinTech companies must meet both SAMA and PCI requirements,PENTEST|SCAN_REPORT,False
6978,1220,PCI-DSS,5.23,RETAIL,mandatory,critical,1,,,False
6979,1221,PCI-DSS,6.23,BANKING,mandatory,critical,2,Financial institutions must implement enhanced controls per SAMA requirements,AUDIT_REPORT|RISK_ASSESSMENT,False
6980,1221,PCI-DSS,6.23,FINTECH,mandatory,critical,2,FinTech companies must meet both SAMA and PCI requirements,PENTEST|SCAN_REPORT,False
6981,1221,PCI-DSS,6.23,RETAIL,mandatory,high,2,,,False
6982,1222,PCI-DSS,1.24,BANKING,mandatory,high,3,Financial institutions must implement enhanced controls per SAMA requirements,AUDIT_REPORT|RISK_ASSESSMENT,False
6983,1222,PCI-DSS,1.24,FINTECH,mandatory,high,3,FinTech companies must meet both SAMA and PCI requirements,PENTEST|SCAN_REPORT,False
6984,1222,PCI-DSS,1.24,RETAIL,mandatory,medium,3,,,False
6985,1223,PCI-DSS,2.24,BANKING,mandatory,medium,4,Financial institutions must implement enhanced controls per SAMA requirements,AUDIT_REPORT|RISK_ASSESSMENT,False
6986,1223,PCI-DSS,2.24,FINTECH,mandatory,medium,4,FinTech companies must meet both SAMA and PCI requirements,PENTEST|SCAN_REPORT,False
6987,1223,PCI-DSS,2.24,RETAIL,mandatory,low,4,,,False
6988,1224,PCI-DSS,3.24,BANKING,mandatory,critical,1,Financial institutions must implement enhanced controls per SAMA requirements,AUDIT_REPORT|RISK_ASSESSMENT,False
6989,1224,PCI-DSS,3.24,FINTECH,mandatory,critical,1,FinTech companies must meet both SAMA and PCI requirements,PENTEST|SCAN_REPORT,False
6990,1224,PCI-DSS,3.24,RETAIL,mandatory,critical,1,,,False
6991,1225,PCI-DSS,4.24,BANKING,mandatory,critical,2,Financial institutions must implement enhanced controls per SAMA requirements,AUDIT_REPORT|RISK_ASSESSMENT,False
6992,1225,PCI-DSS,4.24,FINTECH,mandatory,critical,2,FinTech companies must meet both SAMA and PCI requirements,PENTEST|SCAN_REPORT,False
6993,1225,PCI-DSS,4.24,RETAIL,mandatory,high,2,,,False
6994,1226,PCI-DSS,5.24,BANKING,mandatory,high,3,Financial institutions must implement enhanced controls per SAMA requirements,AUDIT_REPORT|RISK_ASSESSMENT,False
6995,1226,PCI-DSS,5.24,FINTECH,mandatory,high,3,FinTech companies must meet both SAMA and PCI requirements,PENTEST|SCAN_REPORT,False
6996,1226,PCI-DSS,5.24,RETAIL,mandatory,medium,3,,,False
6997,1227,PCI-DSS,6.24,BANKING,mandatory,medium,4,Financial institutions must implement enhanced controls per SAMA requirements,AUDIT_REPORT|RISK_ASSESSMENT,False
6998,1227,PCI-DSS,6.24,FINTECH,mandatory,medium,4,FinTech companies must meet both SAMA and PCI requirements,PENTEST|SCAN_REPORT,False
6999,1227,PCI-DSS,6.24,RETAIL,mandatory,low,4,,,False
7000,1228,PCI-DSS,1.25,BANKING,mandatory,critical,1,Financial institutions must implement enhanced controls per SAMA requirements,AUDIT_REPORT|RISK_ASSESSMENT,False
7001,1228,PCI-DSS,1.25,FINTECH,mandatory,critical,1,FinTech companies must meet both SAMA and PCI requirements,PENTEST|SCAN_REPORT,False
7002,1228,PCI-DSS,1.25,RETAIL,mandatory,critical,1,,,False
7003,1229,PCI-DSS,2.25,BANKING,mandatory,critical,2,Financial institutions must implement enhanced controls per SAMA requirements,AUDIT_REPORT|RISK_ASSESSMENT,False
7004,1229,PCI-DSS,2.25,FINTECH,mandatory,critical,2,FinTech companies must meet both SAMA and PCI requirements,PENTEST|SCAN_REPORT,False
7005,1229,PCI-DSS,2.25,RETAIL,mandatory,high,2,,,False
7006,1230,PCI-DSS,3.25,BANKING,mandatory,high,3,Financial institutions must implement enhanced controls per SAMA requirements,AUDIT_REPORT|RISK_ASSESSMENT,False
7007,1230,PCI-DSS,3.25,FINTECH,mandatory,high,3,FinTech companies must meet both SAMA and PCI requirements,PENTEST|SCAN_REPORT,False
7008,1230,PCI-DSS,3.25,RETAIL,mandatory,medium,3,,,False
7009,1231,PCI-DSS,4.25,BANKING,mandatory,medium,4,Financial institutions must implement enhanced controls per SAMA requirements,AUDIT_REPORT|RISK_ASSESSMENT,False
7010,1231,PCI-DSS,4.25,FINTECH,mandatory,medium,4,FinTech companies must meet both SAMA and PCI requirements,PENTEST|SCAN_REPORT,False
7011,1231,PCI-DSS,4.25,RETAIL,mandatory,low,4,,,False
7012,1232,PCI-DSS,5.25,BANKING,mandatory,critical,1,Financial institutions must implement enhanced controls per SAMA requirements,AUDIT_REPORT|RISK_ASSESSMENT,False
7013,1232,PCI-DSS,5.25,FINTECH,mandatory,critical,1,FinTech companies must meet both SAMA and PCI requirements,PENTEST|SCAN_REPORT,False
7014,1232,PCI-DSS,5.25,RETAIL,mandatory,critical,1,,,False
7015,1233,PCI-DSS,6.25,BANKING,mandatory,critical,2,Financial institutions must implement enhanced controls per SAMA requirements,AUDIT_REPORT|RISK_ASSESSMENT,False
7016,1233,PCI-DSS,6.25,FINTECH,mandatory,critical,2,FinTech companies must meet both SAMA and PCI requirements,PENTEST|SCAN_REPORT,False
7017,1233,PCI-DSS,6.25,RETAIL,mandatory,high,2,,,False
7018,1234,PCI-DSS,1.26,BANKING,mandatory,high,3,Financial institutions must implement enhanced controls per SAMA requirements,AUDIT_REPORT|RISK_ASSESSMENT,False
7019,1234,PCI-DSS,1.26,FINTECH,mandatory,high,3,FinTech companies must meet both SAMA and PCI requirements,PENTEST|SCAN_REPORT,False
7020,1234,PCI-DSS,1.26,RETAIL,mandatory,medium,3,,,False
7021,1235,PCI-DSS,2.26,BANKING,mandatory,medium,4,Financial institutions must implement enhanced controls per SAMA requirements,AUDIT_REPORT|RISK_ASSESSMENT,False
7022,1235,PCI-DSS,2.26,FINTECH,mandatory,medium,4,FinTech companies must meet both SAMA and PCI requirements,PENTEST|SCAN_REPORT,False
7023,1235,PCI-DSS,2.26,RETAIL,mandatory,low,4,,,False
7024,1236,PCI-DSS,3.26,BANKING,mandatory,critical,1,Financial institutions must implement enhanced controls per SAMA requirements,AUDIT_REPORT|RISK_ASSESSMENT,False
7025,1236,PCI-DSS,3.26,FINTECH,mandatory,critical,1,FinTech companies must meet both SAMA and PCI requirements,PENTEST|SCAN_REPORT,False
7026,1236,PCI-DSS,3.26,RETAIL,mandatory,critical,1,,,False
7027,1237,PCI-DSS,4.26,BANKING,mandatory,critical,2,Financial institutions must implement enhanced controls per SAMA requirements,AUDIT_REPORT|RISK_ASSESSMENT,False
7028,1237,PCI-DSS,4.26,FINTECH,mandatory,critical,2,FinTech companies must meet both SAMA and PCI requirements,PENTEST|SCAN_REPORT,False
7029,1237,PCI-DSS,4.26,RETAIL,mandatory,high,2,,,False
7030,1238,PCI-DSS,5.26,BANKING,mandatory,high,3,Financial institutions must implement enhanced controls per SAMA requirements,AUDIT_REPORT|RISK_ASSESSMENT,False
7031,1238,PCI-DSS,5.26,FINTECH,mandatory,high,3,FinTech companies must meet both SAMA and PCI requirements,PENTEST|SCAN_REPORT,False
7032,1238,PCI-DSS,5.26,RETAIL,mandatory,medium,3,,,False
7033,1239,PCI-DSS,6.26,BANKING,mandatory,medium,4,Financial institutions must implement enhanced controls per SAMA requirements,AUDIT_REPORT|RISK_ASSESSMENT,False
7034,1239,PCI-DSS,6.26,FINTECH,mandatory,medium,4,FinTech companies must meet both SAMA and PCI requirements,PENTEST|SCAN_REPORT,False
7035,1239,PCI-DSS,6.26,RETAIL,mandatory,low,4,,,False
7036,1240,PCI-DSS,1.27,BANKING,mandatory,critical,1,Financial institutions must implement enhanced controls per SAMA requirements,AUDIT_REPORT|RISK_ASSESSMENT,False
7037,1240,PCI-DSS,1.27,FINTECH,mandatory,critical,1,FinTech companies must meet both SAMA and PCI requirements,PENTEST|SCAN_REPORT,False
7038,1240,PCI-DSS,1.27,RETAIL,mandatory,critical,1,,,False
7039,1241,PCI-DSS,2.27,BANKING,mandatory,critical,2,Financial institutions must implement enhanced controls per SAMA requirements,AUDIT_REPORT|RISK_ASSESSMENT,False
7040,1241,PCI-DSS,2.27,FINTECH,mandatory,critical,2,FinTech companies must meet both SAMA and PCI requirements,PENTEST|SCAN_REPORT,False
7041,1241,PCI-DSS,2.27,RETAIL,mandatory,high,2,,,False
7042,1242,PCI-DSS,3.27,BANKING,mandatory,high,3,Financial institutions must implement enhanced controls per SAMA requirements,AUDIT_REPORT|RISK_ASSESSMENT,False
7043,1242,PCI-DSS,3.27,FINTECH,mandatory,high,3,FinTech companies must meet both SAMA and PCI requirements,PENTEST|SCAN_REPORT,False
7044,1242,PCI-DSS,3.27,RETAIL,mandatory,medium,3,,,False
7045,1243,PCI-DSS,4.27,BANKING,mandatory,medium,4,Financial institutions must implement enhanced controls per SAMA requirements,AUDIT_REPORT|RISK_ASSESSMENT,False
7046,1243,PCI-DSS,4.27,FINTECH,mandatory,medium,4,FinTech companies must meet both SAMA and PCI requirements,PENTEST|SCAN_REPORT,False
7047,1243,PCI-DSS,4.27,RETAIL,mandatory,low,4,,,False
7048,1244,PCI-DSS,5.27,BANKING,mandatory,critical,1,Financial institutions must implement enhanced controls per SAMA requirements,AUDIT_REPORT|RISK_ASSESSMENT,False
7049,1244,PCI-DSS,5.27,FINTECH,mandatory,critical,1,FinTech companies must meet both SAMA and PCI requirements,PENTEST|SCAN_REPORT,False
7050,1244,PCI-DSS,5.27,RETAIL,mandatory,critical,1,,,False
7051,1245,PCI-DSS,6.27,BANKING,mandatory,critical,2,Financial institutions must implement enhanced controls per SAMA requirements,AUDIT_REPORT|RISK_ASSESSMENT,False
7052,1245,PCI-DSS,6.27,FINTECH,mandatory,critical,2,FinTech companies must meet both SAMA and PCI requirements,PENTEST|SCAN_REPORT,False
7053,1245,PCI-DSS,6.27,RETAIL,mandatory,high,2,,,False
7054,1246,PCI-DSS,1.28,BANKING,mandatory,high,3,Financial institutions must implement enhanced controls per SAMA requirements,AUDIT_REPORT|RISK_ASSESSMENT,False
7055,1246,PCI-DSS,1.28,FINTECH,mandatory,high,3,FinTech companies must meet both SAMA and PCI requirements,PENTEST|SCAN_REPORT,False
7056,1246,PCI-DSS,1.28,RETAIL,mandatory,medium,3,,,False
7057,1247,PCI-DSS,2.28,BANKING,mandatory,medium,4,Financial institutions must implement enhanced controls per SAMA requirements,AUDIT_REPORT|RISK_ASSESSMENT,False
7058,1247,PCI-DSS,2.28,FINTECH,mandatory,medium,4,FinTech companies must meet both SAMA and PCI requirements,PENTEST|SCAN_REPORT,False
7059,1247,PCI-DSS,2.28,RETAIL,mandatory,low,4,,,False
7060,1248,PCI-DSS,3.28,BANKING,mandatory,critical,1,Financial institutions must implement enhanced controls per SAMA requirements,AUDIT_REPORT|RISK_ASSESSMENT,False
7061,1248,PCI-DSS,3.28,FINTECH,mandatory,critical,1,FinTech companies must meet both SAMA and PCI requirements,PENTEST|SCAN_REPORT,False
7062,1248,PCI-DSS,3.28,RETAIL,mandatory,critical,1,,,False
7063,1249,PCI-DSS,4.28,BANKING,mandatory,critical,2,Financial institutions must implement enhanced controls per SAMA requirements,AUDIT_REPORT|RISK_ASSESSMENT,False
7064,1249,PCI-DSS,4.28,FINTECH,mandatory,critical,2,FinTech companies must meet both SAMA and PCI requirements,PENTEST|SCAN_REPORT,False
7065,1249,PCI-DSS,4.28,RETAIL,mandatory,high,2,,,False
7066,1250,PCI-DSS,5.28,BANKING,mandatory,high,3,Financial institutions must implement enhanced controls per SAMA requirements,AUDIT_REPORT|RISK_ASSESSMENT,False
7067,1250,PCI-DSS,5.28,FINTECH,mandatory,high,3,FinTech companies must meet both SAMA and PCI requirements,PENTEST|SCAN_REPORT,False
7068,1250,PCI-DSS,5.28,RETAIL,mandatory,medium,3,,,False
7069,1251,PCI-DSS,6.28,BANKING,mandatory,medium,4,Financial institutions must implement enhanced controls per SAMA requirements,AUDIT_REPORT|RISK_ASSESSMENT,False
7070,1251,PCI-DSS,6.28,FINTECH,mandatory,medium,4,FinTech companies must meet both SAMA and PCI requirements,PENTEST|SCAN_REPORT,False
7071,1251,PCI-DSS,6.28,RETAIL,mandatory,low,4,,,False
7072,1252,PCI-DSS,1.29,BANKING,mandatory,critical,1,Financial institutions must implement enhanced controls per SAMA requirements,AUDIT_REPORT|RISK_ASSESSMENT,False
7073,1252,PCI-DSS,1.29,FINTECH,mandatory,critical,1,FinTech companies must meet both SAMA and PCI requirements,PENTEST|SCAN_REPORT,False
7074,1252,PCI-DSS,1.29,RETAIL,mandatory,critical,1,,,False
7075,1253,PCI-DSS,2.29,BANKING,mandatory,critical,2,Financial institutions must implement enhanced controls per SAMA requirements,AUDIT_REPORT|RISK_ASSESSMENT,False
7076,1253,PCI-DSS,2.29,FINTECH,mandatory,critical,2,FinTech companies must meet both SAMA and PCI requirements,PENTEST|SCAN_REPORT,False
7077,1253,PCI-DSS,2.29,RETAIL,mandatory,high,2,,,False
7078,1254,PCI-DSS,3.29,BANKING,mandatory,high,3,Financial institutions must implement enhanced controls per SAMA requirements,AUDIT_REPORT|RISK_ASSESSMENT,False
7079,1254,PCI-DSS,3.29,FINTECH,mandatory,high,3,FinTech companies must meet both SAMA and PCI requirements,PENTEST|SCAN_REPORT,False
7080,1254,PCI-DSS,3.29,RETAIL,mandatory,medium,3,,,False
7081,1255,PCI-DSS,4.29,BANKING,mandatory,medium,4,Financial institutions must implement enhanced controls per SAMA requirements,AUDIT_REPORT|RISK_ASSESSMENT,False
7082,1255,PCI-DSS,4.29,FINTECH,mandatory,medium,4,FinTech companies must meet both SAMA and PCI requirements,PENTEST|SCAN_REPORT,False
7083,1255,PCI-DSS,4.29,RETAIL,mandatory,low,4,,,False
7084,1256,PCI-DSS,5.29,BANKING,mandatory,critical,1,Financial institutions must implement enhanced controls per SAMA requirements,AUDIT_REPORT|RISK_ASSESSMENT,False
7085,1256,PCI-DSS,5.29,FINTECH,mandatory,critical,1,FinTech companies must meet both SAMA and PCI requirements,PENTEST|SCAN_REPORT,False
7086,1256,PCI-DSS,5.29,RETAIL,mandatory,critical,1,,,False
7087,1257,PCI-DSS,6.29,BANKING,mandatory,critical,2,Financial institutions must implement enhanced controls per SAMA requirements,AUDIT_REPORT|RISK_ASSESSMENT,False
7088,1257,PCI-DSS,6.29,FINTECH,mandatory,critical,2,FinTech companies must meet both SAMA and PCI requirements,PENTEST|SCAN_REPORT,False
7089,1257,PCI-DSS,6.29,RETAIL,mandatory,high,2,,,False
7090,1258,PCI-DSS,1.30,BANKING,mandatory,high,3,Financial institutions must implement enhanced controls per SAMA requirements,AUDIT_REPORT|RISK_ASSESSMENT,False
7091,1258,PCI-DSS,1.30,FINTECH,mandatory,high,3,FinTech companies must meet both SAMA and PCI requirements,PENTEST|SCAN_REPORT,False
7092,1258,PCI-DSS,1.30,RETAIL,mandatory,medium,3,,,False
7093,1259,PCI-DSS,2.30,BANKING,mandatory,medium,4,Financial institutions must implement enhanced controls per SAMA requirements,AUDIT_REPORT|RISK_ASSESSMENT,False
7094,1259,PCI-DSS,2.30,FINTECH,mandatory,medium,4,FinTech companies must meet both SAMA and PCI requirements,PENTEST|SCAN_REPORT,False
7095,1259,PCI-DSS,2.30,RETAIL,mandatory,low,4,,,False
7096,1260,PCI-DSS,3.30,BANKING,mandatory,critical,1,Financial institutions must implement enhanced controls per SAMA requirements,AUDIT_REPORT|RISK_ASSESSMENT,False
7097,1260,PCI-DSS,3.30,FINTECH,mandatory,critical,1,FinTech companies must meet both SAMA and PCI requirements,PENTEST|SCAN_REPORT,False
7098,1260,PCI-DSS,3.30,RETAIL,mandatory,critical,1,,,False
7099,1261,PCI-DSS,4.30,BANKING,mandatory,critical,2,Financial institutions must implement enhanced controls per SAMA requirements,AUDIT_REPORT|RISK_ASSESSMENT,False
7100,1261,PCI-DSS,4.30,FINTECH,mandatory,critical,2,FinTech companies must meet both SAMA and PCI requirements,PENTEST|SCAN_REPORT,False
7101,1261,PCI-DSS,4.30,RETAIL,mandatory,high,2,,,False
7102,1262,PCI-DSS,5.30,BANKING,mandatory,high,3,Financial institutions must implement enhanced controls per SAMA requirements,AUDIT_REPORT|RISK_ASSESSMENT,False
7103,1262,PCI-DSS,5.30,FINTECH,mandatory,high,3,FinTech companies must meet both SAMA and PCI requirements,PENTEST|SCAN_REPORT,False
7104,1262,PCI-DSS,5.30,RETAIL,mandatory,medium,3,,,False
7105,1263,PCI-DSS,6.30,BANKING,mandatory,medium,4,Financial institutions must implement enhanced controls per SAMA requirements,AUDIT_REPORT|RISK_ASSESSMENT,False
7106,1263,PCI-DSS,6.30,FINTECH,mandatory,medium,4,FinTech companies must meet both SAMA and PCI requirements,PENTEST|SCAN_REPORT,False
7107,1263,PCI-DSS,6.30,RETAIL,mandatory,low,4,,,False
7108,1264,PCI-DSS,1.31,BANKING,mandatory,critical,1,Financial institutions must implement enhanced controls per SAMA requirements,AUDIT_REPORT|RISK_ASSESSMENT,False
7109,1264,PCI-DSS,1.31,FINTECH,mandatory,critical,1,FinTech companies must meet both SAMA and PCI requirements,PENTEST|SCAN_REPORT,False
7110,1264,PCI-DSS,1.31,RETAIL,mandatory,critical,1,,,False
7111,1265,PCI-DSS,2.31,BANKING,mandatory,critical,2,Financial institutions must implement enhanced controls per SAMA requirements,AUDIT_REPORT|RISK_ASSESSMENT,False
7112,1265,PCI-DSS,2.31,FINTECH,mandatory,critical,2,FinTech companies must meet both SAMA and PCI requirements,PENTEST|SCAN_REPORT,False
7113,1265,PCI-DSS,2.31,RETAIL,mandatory,high,2,,,False
7114,1266,PCI-DSS,3.31,BANKING,mandatory,high,3,Financial institutions must implement enhanced controls per SAMA requirements,AUDIT_REPORT|RISK_ASSESSMENT,False
7115,1266,PCI-DSS,3.31,FINTECH,mandatory,high,3,FinTech companies must meet both SAMA and PCI requirements,PENTEST|SCAN_REPORT,False
7116,1266,PCI-DSS,3.31,RETAIL,mandatory,medium,3,,,False
7117,1267,PCI-DSS,4.31,BANKING,mandatory,medium,4,Financial institutions must implement enhanced controls per SAMA requirements,AUDIT_REPORT|RISK_ASSESSMENT,False
7118,1267,PCI-DSS,4.31,FINTECH,mandatory,medium,4,FinTech companies must meet both SAMA and PCI requirements,PENTEST|SCAN_REPORT,False
7119,1267,PCI-DSS,4.31,RETAIL,mandatory,low,4,,,False
7120,1268,PCI-DSS,5.31,BANKING,mandatory,critical,1,Financial institutions must implement enhanced controls per SAMA requirements,AUDIT_REPORT|RISK_ASSESSMENT,False
7121,1268,PCI-DSS,5.31,FINTECH,mandatory,critical,1,FinTech companies must meet both SAMA and PCI requirements,PENTEST|SCAN_REPORT,False
7122,1268,PCI-DSS,5.31,RETAIL,mandatory,critical,1,,,False
7123,1269,PCI-DSS,6.31,BANKING,mandatory,critical,2,Financial institutions must implement enhanced controls per SAMA requirements,AUDIT_REPORT|RISK_ASSESSMENT,False
7124,1269,PCI-DSS,6.31,FINTECH,mandatory,critical,2,FinTech companies must meet both SAMA and PCI requirements,PENTEST|SCAN_REPORT,False
7125,1269,PCI-DSS,6.31,RETAIL,mandatory,high,2,,,False
7126,1270,PCI-DSS,1.32,BANKING,mandatory,high,3,Financial institutions must implement enhanced controls per SAMA requirements,AUDIT_REPORT|RISK_ASSESSMENT,False
7127,1270,PCI-DSS,1.32,FINTECH,mandatory,high,3,FinTech companies must meet both SAMA and PCI requirements,PENTEST|SCAN_REPORT,False
7128,1270,PCI-DSS,1.32,RETAIL,mandatory,medium,3,,,False
7129,1271,PCI-DSS,2.32,BANKING,mandatory,medium,4,Financial institutions must implement enhanced controls per SAMA requirements,AUDIT_REPORT|RISK_ASSESSMENT,False
7130,1271,PCI-DSS,2.32,FINTECH,mandatory,medium,4,FinTech companies must meet both SAMA and PCI requirements,PENTEST|SCAN_REPORT,False
7131,1271,PCI-DSS,2.32,RETAIL,mandatory,low,4,,,False
7132,1272,PCI-DSS,3.32,BANKING,mandatory,critical,1,Financial institutions must implement enhanced controls per SAMA requirements,AUDIT_REPORT|RISK_ASSESSMENT,False
7133,1272,PCI-DSS,3.32,FINTECH,mandatory,critical,1,FinTech companies must meet both SAMA and PCI requirements,PENTEST|SCAN_REPORT,False
7134,1272,PCI-DSS,3.32,RETAIL,mandatory,critical,1,,,False
7135,1273,PCI-DSS,4.32,BANKING,mandatory,critical,2,Financial institutions must implement enhanced controls per SAMA requirements,AUDIT_REPORT|RISK_ASSESSMENT,False
7136,1273,PCI-DSS,4.32,FINTECH,mandatory,critical,2,FinTech companies must meet both SAMA and PCI requirements,PENTEST|SCAN_REPORT,False
7137,1273,PCI-DSS,4.32,RETAIL,mandatory,high,2,,,False
7138,1274,PCI-DSS,5.32,BANKING,mandatory,high,3,Financial institutions must implement enhanced controls per SAMA requirements,AUDIT_REPORT|RISK_ASSESSMENT,False
7139,1274,PCI-DSS,5.32,FINTECH,mandatory,high,3,FinTech companies must meet both SAMA and PCI requirements,PENTEST|SCAN_REPORT,False
7140,1274,PCI-DSS,5.32,RETAIL,mandatory,medium,3,,,False
7141,1275,PCI-DSS,6.32,BANKING,mandatory,medium,4,Financial institutions must implement enhanced controls per SAMA requirements,AUDIT_REPORT|RISK_ASSESSMENT,False
7142,1275,PCI-DSS,6.32,FINTECH,mandatory,medium,4,FinTech companies must meet both SAMA and PCI requirements,PENTEST|SCAN_REPORT,False
7143,1275,PCI-DSS,6.32,RETAIL,mandatory,low,4,,,False
7144,1276,PCI-DSS,1.33,BANKING,mandatory,critical,1,Financial institutions must implement enhanced controls per SAMA requirements,AUDIT_REPORT|RISK_ASSESSMENT,False
7145,1276,PCI-DSS,1.33,FINTECH,mandatory,critical,1,FinTech companies must meet both SAMA and PCI requirements,PENTEST|SCAN_REPORT,False
7146,1276,PCI-DSS,1.33,RETAIL,mandatory,critical,1,,,False
7147,1277,PCI-DSS,2.33,BANKING,mandatory,critical,2,Financial institutions must implement enhanced controls per SAMA requirements,AUDIT_REPORT|RISK_ASSESSMENT,False
7148,1277,PCI-DSS,2.33,FINTECH,mandatory,critical,2,FinTech companies must meet both SAMA and PCI requirements,PENTEST|SCAN_REPORT,False
7149,1277,PCI-DSS,2.33,RETAIL,mandatory,high,2,,,False
7150,1278,PCI-DSS,3.33,BANKING,mandatory,high,3,Financial institutions must implement enhanced controls per SAMA requirements,AUDIT_REPORT|RISK_ASSESSMENT,False
7151,1278,PCI-DSS,3.33,FINTECH,mandatory,high,3,FinTech companies must meet both SAMA and PCI requirements,PENTEST|SCAN_REPORT,False
7152,1278,PCI-DSS,3.33,RETAIL,mandatory,medium,3,,,False
7153,1279,PCI-DSS,4.33,BANKING,mandatory,medium,4,Financial institutions must implement enhanced controls per SAMA requirements,AUDIT_REPORT|RISK_ASSESSMENT,False
7154,1279,PCI-DSS,4.33,FINTECH,mandatory,medium,4,FinTech companies must meet both SAMA and PCI requirements,PENTEST|SCAN_REPORT,False
7155,1279,PCI-DSS,4.33,RETAIL,mandatory,low,4,,,False
7156,1280,PCI-DSS,5.33,BANKING,mandatory,critical,1,Financial institutions must implement enhanced controls per SAMA requirements,AUDIT_REPORT|RISK_ASSESSMENT,False
7157,1280,PCI-DSS,5.33,FINTECH,mandatory,critical,1,FinTech companies must meet both SAMA and PCI requirements,PENTEST|SCAN_REPORT,False
7158,1280,PCI-DSS,5.33,RETAIL,mandatory,critical,1,,,False
7159,1281,PCI-DSS,6.33,BANKING,mandatory,critical,2,Financial institutions must implement enhanced controls per SAMA requirements,AUDIT_REPORT|RISK_ASSESSMENT,False
7160,1281,PCI-DSS,6.33,FINTECH,mandatory,critical,2,FinTech companies must meet both SAMA and PCI requirements,PENTEST|SCAN_REPORT,False
7161,1281,PCI-DSS,6.33,RETAIL,mandatory,high,2,,,False
7162,1282,PCI-DSS,1.34,BANKING,mandatory,high,3,Financial institutions must implement enhanced controls per SAMA requirements,AUDIT_REPORT|RISK_ASSESSMENT,False
7163,1282,PCI-DSS,1.34,FINTECH,mandatory,high,3,FinTech companies must meet both SAMA and PCI requirements,PENTEST|SCAN_REPORT,False
7164,1282,PCI-DSS,1.34,RETAIL,mandatory,medium,3,,,False
7165,1283,PCI-DSS,2.34,BANKING,mandatory,medium,4,Financial institutions must implement enhanced controls per SAMA requirements,AUDIT_REPORT|RISK_ASSESSMENT,False
7166,1283,PCI-DSS,2.34,FINTECH,mandatory,medium,4,FinTech companies must meet both SAMA and PCI requirements,PENTEST|SCAN_REPORT,False
7167,1283,PCI-DSS,2.34,RETAIL,mandatory,low,4,,,False
7168,1284,PCI-DSS,3.34,BANKING,mandatory,critical,1,Financial institutions must implement enhanced controls per SAMA requirements,AUDIT_REPORT|RISK_ASSESSMENT,False
7169,1284,PCI-DSS,3.34,FINTECH,mandatory,critical,1,FinTech companies must meet both SAMA and PCI requirements,PENTEST|SCAN_REPORT,False
7170,1284,PCI-DSS,3.34,RETAIL,mandatory,critical,1,,,False
7171,1285,PCI-DSS,4.34,BANKING,mandatory,critical,2,Financial institutions must implement enhanced controls per SAMA requirements,AUDIT_REPORT|RISK_ASSESSMENT,False
7172,1285,PCI-DSS,4.34,FINTECH,mandatory,critical,2,FinTech companies must meet both SAMA and PCI requirements,PENTEST|SCAN_REPORT,False
7173,1285,PCI-DSS,4.34,RETAIL,mandatory,high,2,,,False
7174,1286,PCI-DSS,5.34,BANKING,mandatory,high,3,Financial institutions must implement enhanced controls per SAMA requirements,AUDIT_REPORT|RISK_ASSESSMENT,False
7175,1286,PCI-DSS,5.34,FINTECH,mandatory,high,3,FinTech companies must meet both SAMA and PCI requirements,PENTEST|SCAN_REPORT,False
7176,1286,PCI-DSS,5.34,RETAIL,mandatory,medium,3,,,False
7177,1287,PCI-DSS,6.34,BANKING,mandatory,medium,4,Financial institutions must implement enhanced controls per SAMA requirements,AUDIT_REPORT|RISK_ASSESSMENT,False
7178,1287,PCI-DSS,6.34,FINTECH,mandatory,medium,4,FinTech companies must meet both SAMA and PCI requirements,PENTEST|SCAN_REPORT,False
7179,1287,PCI-DSS,6.34,RETAIL,mandatory,low,4,,,False
7180,1288,PCI-DSS,1.35,BANKING,mandatory,critical,1,Financial institutions must implement enhanced controls per SAMA requirements,AUDIT_REPORT|RISK_ASSESSMENT,False
7181,1288,PCI-DSS,1.35,FINTECH,mandatory,critical,1,FinTech companies must meet both SAMA and PCI requirements,PENTEST|SCAN_REPORT,False
7182,1288,PCI-DSS,1.35,RETAIL,mandatory,critical,1,,,False
7183,1289,PCI-DSS,2.35,BANKING,mandatory,critical,2,Financial institutions must implement enhanced controls per SAMA requirements,AUDIT_REPORT|RISK_ASSESSMENT,False
7184,1289,PCI-DSS,2.35,FINTECH,mandatory,critical,2,FinTech companies must meet both SAMA and PCI requirements,PENTEST|SCAN_REPORT,False
7185,1289,PCI-DSS,2.35,RETAIL,mandatory,high,2,,,False
7186,1290,PCI-DSS,3.35,BANKING,mandatory,high,3,Financial institutions must implement enhanced controls per SAMA requirements,AUDIT_REPORT|RISK_ASSESSMENT,False
7187,1290,PCI-DSS,3.35,FINTECH,mandatory,high,3,FinTech companies must meet both SAMA and PCI requirements,PENTEST|SCAN_REPORT,False
7188,1290,PCI-DSS,3.35,RETAIL,mandatory,medium,3,,,False
7189,1291,PCI-DSS,4.35,BANKING,mandatory,medium,4,Financial institutions must implement enhanced controls per SAMA requirements,AUDIT_REPORT|RISK_ASSESSMENT,False
7190,1291,PCI-DSS,4.35,FINTECH,mandatory,medium,4,FinTech companies must meet both SAMA and PCI requirements,PENTEST|SCAN_REPORT,False
7191,1291,PCI-DSS,4.35,RETAIL,mandatory,low,4,,,False
7192,1292,PCI-DSS,5.35,BANKING,mandatory,critical,1,Financial institutions must implement enhanced controls per SAMA requirements,AUDIT_REPORT|RISK_ASSESSMENT,False
7193,1292,PCI-DSS,5.35,FINTECH,mandatory,critical,1,FinTech companies must meet both SAMA and PCI requirements,PENTEST|SCAN_REPORT,False
7194,1292,PCI-DSS,5.35,RETAIL,mandatory,critical,1,,,False
7195,1293,PCI-DSS,6.35,BANKING,mandatory,critical,2,Financial institutions must implement enhanced controls per SAMA requirements,AUDIT_REPORT|RISK_ASSESSMENT,False
7196,1293,PCI-DSS,6.35,FINTECH,mandatory,critical,2,FinTech companies must meet both SAMA and PCI requirements,PENTEST|SCAN_REPORT,False
7197,1293,PCI-DSS,6.35,RETAIL,mandatory,high,2,,,False
7198,1294,PCI-DSS,1.36,BANKING,mandatory,high,3,Financial institutions must implement enhanced controls per SAMA requirements,AUDIT_REPORT|RISK_ASSESSMENT,False
7199,1294,PCI-DSS,1.36,FINTECH,mandatory,high,3,FinTech companies must meet both SAMA and PCI requirements,PENTEST|SCAN_REPORT,False
7200,1294,PCI-DSS,1.36,RETAIL,mandatory,medium,3,,,False
7201,1295,PCI-DSS,2.36,BANKING,mandatory,medium,4,Financial institutions must implement enhanced controls per SAMA requirements,AUDIT_REPORT|RISK_ASSESSMENT,False
7202,1295,PCI-DSS,2.36,FINTECH,mandatory,medium,4,FinTech companies must meet both SAMA and PCI requirements,PENTEST|SCAN_REPORT,False
7203,1295,PCI-DSS,2.36,RETAIL,mandatory,low,4,,,False
7204,1296,PCI-DSS,3.36,BANKING,mandatory,critical,1,Financial institutions must implement enhanced controls per SAMA requirements,AUDIT_REPORT|RISK_ASSESSMENT,False
7205,1296,PCI-DSS,3.36,FINTECH,mandatory,critical,1,FinTech companies must meet both SAMA and PCI requirements,PENTEST|SCAN_REPORT,False
7206,1296,PCI-DSS,3.36,RETAIL,mandatory,critical,1,,,False
7207,1297,PCI-DSS,4.36,BANKING,mandatory,critical,2,Financial institutions must implement enhanced controls per SAMA requirements,AUDIT_REPORT|RISK_ASSESSMENT,False
7208,1297,PCI-DSS,4.36,FINTECH,mandatory,critical,2,FinTech companies must meet both SAMA and PCI requirements,PENTEST|SCAN_REPORT,False
7209,1297,PCI-DSS,4.36,RETAIL,mandatory,high,2,,,False
7210,1298,PCI-DSS,5.36,BANKING,mandatory,high,3,Financial institutions must implement enhanced controls per SAMA requirements,AUDIT_REPORT|RISK_ASSESSMENT,False
7211,1298,PCI-DSS,5.36,FINTECH,mandatory,high,3,FinTech companies must meet both SAMA and PCI requirements,PENTEST|SCAN_REPORT,False
7212,1298,PCI-DSS,5.36,RETAIL,mandatory,medium,3,,,False
7213,1299,PCI-DSS,6.36,BANKING,mandatory,medium,4,Financial institutions must implement enhanced controls per SAMA requirements,AUDIT_REPORT|RISK_ASSESSMENT,False
7214,1299,PCI-DSS,6.36,FINTECH,mandatory,medium,4,FinTech companies must meet both SAMA and PCI requirements,PENTEST|SCAN_REPORT,False
7215,1299,PCI-DSS,6.36,RETAIL,mandatory,low,4,,,False
7216,1300,PCI-DSS,1.37,BANKING,mandatory,critical,1,Financial institutions must implement enhanced controls per SAMA requirements,AUDIT_REPORT|RISK_ASSESSMENT,False
7217,1300,PCI-DSS,1.37,FINTECH,mandatory,critical,1,FinTech companies must meet both SAMA and PCI requirements,PENTEST|SCAN_REPORT,False
7218,1300,PCI-DSS,1.37,RETAIL,mandatory,critical,1,,,False
7219,1301,PCI-DSS,2.37,BANKING,mandatory,critical,2,Financial institutions must implement enhanced controls per SAMA requirements,AUDIT_REPORT|RISK_ASSESSMENT,False
7220,1301,PCI-DSS,2.37,FINTECH,mandatory,critical,2,FinTech companies must meet both SAMA and PCI requirements,PENTEST|SCAN_REPORT,False
7221,1301,PCI-DSS,2.37,RETAIL,mandatory,high,2,,,False
7222,1302,PCI-DSS,3.37,BANKING,mandatory,high,3,Financial institutions must implement enhanced controls per SAMA requirements,AUDIT_REPORT|RISK_ASSESSMENT,False
7223,1302,PCI-DSS,3.37,FINTECH,mandatory,high,3,FinTech companies must meet both SAMA and PCI requirements,PENTEST|SCAN_REPORT,False
7224,1302,PCI-DSS,3.37,RETAIL,mandatory,medium,3,,,False
7225,1303,PCI-DSS,4.37,BANKING,mandatory,medium,4,Financial institutions must implement enhanced controls per SAMA requirements,AUDIT_REPORT|RISK_ASSESSMENT,False
7226,1303,PCI-DSS,4.37,FINTECH,mandatory,medium,4,FinTech companies must meet both SAMA and PCI requirements,PENTEST|SCAN_REPORT,False
7227,1303,PCI-DSS,4.37,RETAIL,mandatory,low,4,,,False
7228,1304,PCI-DSS,5.37,BANKING,mandatory,critical,1,Financial institutions must implement enhanced controls per SAMA requirements,AUDIT_REPORT|RISK_ASSESSMENT,False
7229,1304,PCI-DSS,5.37,FINTECH,mandatory,critical,1,FinTech companies must meet both SAMA and PCI requirements,PENTEST|SCAN_REPORT,False
7230,1304,PCI-DSS,5.37,RETAIL,mandatory,critical,1,,,False
7231,1305,PCI-DSS,6.37,BANKING,mandatory,critical,2,Financial institutions must implement enhanced controls per SAMA requirements,AUDIT_REPORT|RISK_ASSESSMENT,False
7232,1305,PCI-DSS,6.37,FINTECH,mandatory,critical,2,FinTech companies must meet both SAMA and PCI requirements,PENTEST|SCAN_REPORT,False
7233,1305,PCI-DSS,6.37,RETAIL,mandatory,high,2,,,False
7234,1306,PCI-DSS,1.38,BANKING,mandatory,high,3,Financial institutions must implement enhanced controls per SAMA requirements,AUDIT_REPORT|RISK_ASSESSMENT,False
7235,1306,PCI-DSS,1.38,FINTECH,mandatory,high,3,FinTech companies must meet both SAMA and PCI requirements,PENTEST|SCAN_REPORT,False
7236,1306,PCI-DSS,1.38,RETAIL,mandatory,medium,3,,,False
7237,1307,PCI-DSS,2.38,BANKING,mandatory,medium,4,Financial institutions must implement enhanced controls per SAMA requirements,AUDIT_REPORT|RISK_ASSESSMENT,False
7238,1307,PCI-DSS,2.38,FINTECH,mandatory,medium,4,FinTech companies must meet both SAMA and PCI requirements,PENTEST|SCAN_REPORT,False
7239,1307,PCI-DSS,2.38,RETAIL,mandatory,low,4,,,False
7240,1308,PCI-DSS,3.38,BANKING,mandatory,critical,1,Financial institutions must implement enhanced controls per SAMA requirements,AUDIT_REPORT|RISK_ASSESSMENT,False
7241,1308,PCI-DSS,3.38,FINTECH,mandatory,critical,1,FinTech companies must meet both SAMA and PCI requirements,PENTEST|SCAN_REPORT,False
7242,1308,PCI-DSS,3.38,RETAIL,mandatory,critical,1,,,False
7243,1309,PCI-DSS,4.38,BANKING,mandatory,critical,2,Financial institutions must implement enhanced controls per SAMA requirements,AUDIT_REPORT|RISK_ASSESSMENT,False
7244,1309,PCI-DSS,4.38,FINTECH,mandatory,critical,2,FinTech companies must meet both SAMA and PCI requirements,PENTEST|SCAN_REPORT,False
7245,1309,PCI-DSS,4.38,RETAIL,mandatory,high,2,,,False
7246,1310,PCI-DSS,5.38,BANKING,mandatory,high,3,Financial institutions must implement enhanced controls per SAMA requirements,AUDIT_REPORT|RISK_ASSESSMENT,False
7247,1310,PCI-DSS,5.38,FINTECH,mandatory,high,3,FinTech companies must meet both SAMA and PCI requirements,PENTEST|SCAN_REPORT,False
7248,1310,PCI-DSS,5.38,RETAIL,mandatory,medium,3,,,False
7249,1311,PCI-DSS,6.38,BANKING,mandatory,medium,4,Financial institutions must implement enhanced controls per SAMA requirements,AUDIT_REPORT|RISK_ASSESSMENT,False
7250,1311,PCI-DSS,6.38,FINTECH,mandatory,medium,4,FinTech companies must meet both SAMA and PCI requirements,PENTEST|SCAN_REPORT,False
7251,1311,PCI-DSS,6.38,RETAIL,mandatory,low,4,,,False
7252,1312,PCI-DSS,1.39,BANKING,mandatory,critical,1,Financial institutions must implement enhanced controls per SAMA requirements,AUDIT_REPORT|RISK_ASSESSMENT,False
7253,1312,PCI-DSS,1.39,FINTECH,mandatory,critical,1,FinTech companies must meet both SAMA and PCI requirements,PENTEST|SCAN_REPORT,False
7254,1312,PCI-DSS,1.39,RETAIL,mandatory,critical,1,,,False
7255,1313,PCI-DSS,2.39,BANKING,mandatory,critical,2,Financial institutions must implement enhanced controls per SAMA requirements,AUDIT_REPORT|RISK_ASSESSMENT,False
7256,1313,PCI-DSS,2.39,FINTECH,mandatory,critical,2,FinTech companies must meet both SAMA and PCI requirements,PENTEST|SCAN_REPORT,False
7257,1313,PCI-DSS,2.39,RETAIL,mandatory,high,2,,,False
7258,1314,PCI-DSS,3.39,BANKING,mandatory,high,3,Financial institutions must implement enhanced controls per SAMA requirements,AUDIT_REPORT|RISK_ASSESSMENT,False
7259,1314,PCI-DSS,3.39,FINTECH,mandatory,high,3,FinTech companies must meet both SAMA and PCI requirements,PENTEST|SCAN_REPORT,False
7260,1314,PCI-DSS,3.39,RETAIL,mandatory,medium,3,,,False
7261,1315,PCI-DSS,4.39,BANKING,mandatory,medium,4,Financial institutions must implement enhanced controls per SAMA requirements,AUDIT_REPORT|RISK_ASSESSMENT,False
7262,1315,PCI-DSS,4.39,FINTECH,mandatory,medium,4,FinTech companies must meet both SAMA and PCI requirements,PENTEST|SCAN_REPORT,False
7263,1315,PCI-DSS,4.39,RETAIL,mandatory,low,4,,,False
7264,1316,PCI-DSS,5.39,BANKING,mandatory,critical,1,Financial institutions must implement enhanced controls per SAMA requirements,AUDIT_REPORT|RISK_ASSESSMENT,False
7265,1316,PCI-DSS,5.39,FINTECH,mandatory,critical,1,FinTech companies must meet both SAMA and PCI requirements,PENTEST|SCAN_REPORT,False
7266,1316,PCI-DSS,5.39,RETAIL,mandatory,critical,1,,,False
7267,1317,PCI-DSS,6.39,BANKING,mandatory,critical,2,Financial institutions must implement enhanced controls per SAMA requirements,AUDIT_REPORT|RISK_ASSESSMENT,False
7268,1317,PCI-DSS,6.39,FINTECH,mandatory,critical,2,FinTech companies must meet both SAMA and PCI requirements,PENTEST|SCAN_REPORT,False
7269,1317,PCI-DSS,6.39,RETAIL,mandatory,high,2,,,False
7270,1318,PCI-DSS,1.40,BANKING,mandatory,high,3,Financial institutions must implement enhanced controls per SAMA requirements,AUDIT_REPORT|RISK_ASSESSMENT,False
7271,1318,PCI-DSS,1.40,FINTECH,mandatory,high,3,FinTech companies must meet both SAMA and PCI requirements,PENTEST|SCAN_REPORT,False
7272,1318,PCI-DSS,1.40,RETAIL,mandatory,medium,3,,,False
7273,1319,PCI-DSS,2.40,BANKING,mandatory,medium,4,Financial institutions must implement enhanced controls per SAMA requirements,AUDIT_REPORT|RISK_ASSESSMENT,False
7274,1319,PCI-DSS,2.40,FINTECH,mandatory,medium,4,FinTech companies must meet both SAMA and PCI requirements,PENTEST|SCAN_REPORT,False
7275,1319,PCI-DSS,2.40,RETAIL,mandatory,low,4,,,False
7276,1320,PCI-DSS,3.40,BANKING,mandatory,critical,1,Financial institutions must implement enhanced controls per SAMA requirements,AUDIT_REPORT|RISK_ASSESSMENT,False
7277,1320,PCI-DSS,3.40,FINTECH,mandatory,critical,1,FinTech companies must meet both SAMA and PCI requirements,PENTEST|SCAN_REPORT,False
7278,1320,PCI-DSS,3.40,RETAIL,mandatory,critical,1,,,False
7279,1321,PCI-DSS,4.40,BANKING,mandatory,critical,2,Financial institutions must implement enhanced controls per SAMA requirements,AUDIT_REPORT|RISK_ASSESSMENT,False
7280,1321,PCI-DSS,4.40,FINTECH,mandatory,critical,2,FinTech companies must meet both SAMA and PCI requirements,PENTEST|SCAN_REPORT,False
7281,1321,PCI-DSS,4.40,RETAIL,mandatory,high,2,,,False
7282,1322,PCI-DSS,5.40,BANKING,mandatory,high,3,Financial institutions must implement enhanced controls per SAMA requirements,AUDIT_REPORT|RISK_ASSESSMENT,False
7283,1322,PCI-DSS,5.40,FINTECH,mandatory,high,3,FinTech companies must meet both SAMA and PCI requirements,PENTEST|SCAN_REPORT,False
7284,1322,PCI-DSS,5.40,RETAIL,mandatory,medium,3,,,False
7285,1323,PCI-DSS,6.40,BANKING,mandatory,medium,4,Financial institutions must implement enhanced controls per SAMA requirements,AUDIT_REPORT|RISK_ASSESSMENT,False
7286,1323,PCI-DSS,6.40,FINTECH,mandatory,medium,4,FinTech companies must meet both SAMA and PCI requirements,PENTEST|SCAN_REPORT,False
7287,1323,PCI-DSS,6.40,RETAIL,mandatory,low,4,,,False
7288,1324,PCI-DSS,1.41,BANKING,mandatory,critical,1,Financial institutions must implement enhanced controls per SAMA requirements,AUDIT_REPORT|RISK_ASSESSMENT,False
7289,1324,PCI-DSS,1.41,FINTECH,mandatory,critical,1,FinTech companies must meet both SAMA and PCI requirements,PENTEST|SCAN_REPORT,False
7290,1324,PCI-DSS,1.41,RETAIL,mandatory,critical,1,,,False
7291,1325,PCI-DSS,2.41,BANKING,mandatory,critical,2,Financial institutions must implement enhanced controls per SAMA requirements,AUDIT_REPORT|RISK_ASSESSMENT,False
7292,1325,PCI-DSS,2.41,FINTECH,mandatory,critical,2,FinTech companies must meet both SAMA and PCI requirements,PENTEST|SCAN_REPORT,False
7293,1325,PCI-DSS,2.41,RETAIL,mandatory,high,2,,,False
7294,1326,PCI-DSS,3.41,BANKING,mandatory,high,3,Financial institutions must implement enhanced controls per SAMA requirements,AUDIT_REPORT|RISK_ASSESSMENT,False
7295,1326,PCI-DSS,3.41,FINTECH,mandatory,high,3,FinTech companies must meet both SAMA and PCI requirements,PENTEST|SCAN_REPORT,False
7296,1326,PCI-DSS,3.41,RETAIL,mandatory,medium,3,,,False
7297,1327,PCI-DSS,4.41,BANKING,mandatory,medium,4,Financial institutions must implement enhanced controls per SAMA requirements,AUDIT_REPORT|RISK_ASSESSMENT,False
7298,1327,PCI-DSS,4.41,FINTECH,mandatory,medium,4,FinTech companies must meet both SAMA and PCI requirements,PENTEST|SCAN_REPORT,False
7299,1327,PCI-DSS,4.41,RETAIL,mandatory,low,4,,,False
7300,1328,PCI-DSS,5.41,BANKING,mandatory,critical,1,Financial institutions must implement enhanced controls per SAMA requirements,AUDIT_REPORT|RISK_ASSESSMENT,False
7301,1328,PCI-DSS,5.41,FINTECH,mandatory,critical,1,FinTech companies must meet both SAMA and PCI requirements,PENTEST|SCAN_REPORT,False
7302,1328,PCI-DSS,5.41,RETAIL,mandatory,critical,1,,,False
7303,1329,PCI-DSS,6.41,BANKING,mandatory,critical,2,Financial institutions must implement enhanced controls per SAMA requirements,AUDIT_REPORT|RISK_ASSESSMENT,False
7304,1329,PCI-DSS,6.41,FINTECH,mandatory,critical,2,FinTech companies must meet both SAMA and PCI requirements,PENTEST|SCAN_REPORT,False
7305,1329,PCI-DSS,6.41,RETAIL,mandatory,high,2,,,False
7306,1330,PCI-DSS,1.42,BANKING,mandatory,high,3,Financial institutions must implement enhanced controls per SAMA requirements,AUDIT_REPORT|RISK_ASSESSMENT,False
7307,1330,PCI-DSS,1.42,FINTECH,mandatory,high,3,FinTech companies must meet both SAMA and PCI requirements,PENTEST|SCAN_REPORT,False
7308,1330,PCI-DSS,1.42,RETAIL,mandatory,medium,3,,,False
7309,1331,PCI-DSS,2.42,BANKING,mandatory,medium,4,Financial institutions must implement enhanced controls per SAMA requirements,AUDIT_REPORT|RISK_ASSESSMENT,False
7310,1331,PCI-DSS,2.42,FINTECH,mandatory,medium,4,FinTech companies must meet both SAMA and PCI requirements,PENTEST|SCAN_REPORT,False
7311,1331,PCI-DSS,2.42,RETAIL,mandatory,low,4,,,False
7312,1332,PCI-DSS,3.42,BANKING,mandatory,critical,1,Financial institutions must implement enhanced controls per SAMA requirements,AUDIT_REPORT|RISK_ASSESSMENT,False
7313,1332,PCI-DSS,3.42,FINTECH,mandatory,critical,1,FinTech companies must meet both SAMA and PCI requirements,PENTEST|SCAN_REPORT,False
7314,1332,PCI-DSS,3.42,RETAIL,mandatory,critical,1,,,False
7315,1333,PCI-DSS,4.42,BANKING,mandatory,critical,2,Financial institutions must implement enhanced controls per SAMA requirements,AUDIT_REPORT|RISK_ASSESSMENT,False
7316,1333,PCI-DSS,4.42,FINTECH,mandatory,critical,2,FinTech companies must meet both SAMA and PCI requirements,PENTEST|SCAN_REPORT,False
7317,1333,PCI-DSS,4.42,RETAIL,mandatory,high,2,,,False
7318,1334,PCI-DSS,5.42,BANKING,mandatory,high,3,Financial institutions must implement enhanced controls per SAMA requirements,AUDIT_REPORT|RISK_ASSESSMENT,False
7319,1334,PCI-DSS,5.42,FINTECH,mandatory,high,3,FinTech companies must meet both SAMA and PCI requirements,PENTEST|SCAN_REPORT,False
7320,1334,PCI-DSS,5.42,RETAIL,mandatory,medium,3,,,False
7321,1335,PCI-DSS,6.42,BANKING,mandatory,medium,4,Financial institutions must implement enhanced controls per SAMA requirements,AUDIT_REPORT|RISK_ASSESSMENT,False
7322,1335,PCI-DSS,6.42,FINTECH,mandatory,medium,4,FinTech companies must meet both SAMA and PCI requirements,PENTEST|SCAN_REPORT,False
7323,1335,PCI-DSS,6.42,RETAIL,mandatory,low,4,,,False
7324,1336,PCI-DSS,1.43,BANKING,mandatory,critical,1,Financial institutions must implement enhanced controls per SAMA requirements,AUDIT_REPORT|RISK_ASSESSMENT,False
7325,1336,PCI-DSS,1.43,FINTECH,mandatory,critical,1,FinTech companies must meet both SAMA and PCI requirements,PENTEST|SCAN_REPORT,False
7326,1336,PCI-DSS,1.43,RETAIL,mandatory,critical,1,,,False
7327,1337,PCI-DSS,2.43,BANKING,mandatory,critical,2,Financial institutions must implement enhanced controls per SAMA requirements,AUDIT_REPORT|RISK_ASSESSMENT,False
7328,1337,PCI-DSS,2.43,FINTECH,mandatory,critical,2,FinTech companies must meet both SAMA and PCI requirements,PENTEST|SCAN_REPORT,False
7329,1337,PCI-DSS,2.43,RETAIL,mandatory,high,2,,,False
7330,1338,PCI-DSS,3.43,BANKING,mandatory,high,3,Financial institutions must implement enhanced controls per SAMA requirements,AUDIT_REPORT|RISK_ASSESSMENT,False
7331,1338,PCI-DSS,3.43,FINTECH,mandatory,high,3,FinTech companies must meet both SAMA and PCI requirements,PENTEST|SCAN_REPORT,False
7332,1338,PCI-DSS,3.43,RETAIL,mandatory,medium,3,,,False
7333,1339,PCI-DSS,4.43,BANKING,mandatory,medium,4,Financial institutions must implement enhanced controls per SAMA requirements,AUDIT_REPORT|RISK_ASSESSMENT,False
7334,1339,PCI-DSS,4.43,FINTECH,mandatory,medium,4,FinTech companies must meet both SAMA and PCI requirements,PENTEST|SCAN_REPORT,False
7335,1339,PCI-DSS,4.43,RETAIL,mandatory,low,4,,,False
7336,1340,PCI-DSS,5.43,BANKING,mandatory,critical,1,Financial institutions must implement enhanced controls per SAMA requirements,AUDIT_REPORT|RISK_ASSESSMENT,False
7337,1340,PCI-DSS,5.43,FINTECH,mandatory,critical,1,FinTech companies must meet both SAMA and PCI requirements,PENTEST|SCAN_REPORT,False
7338,1340,PCI-DSS,5.43,RETAIL,mandatory,critical,1,,,False
7339,1341,PCI-DSS,6.43,BANKING,mandatory,critical,2,Financial institutions must implement enhanced controls per SAMA requirements,AUDIT_REPORT|RISK_ASSESSMENT,False
7340,1341,PCI-DSS,6.43,FINTECH,mandatory,critical,2,FinTech companies must meet both SAMA and PCI requirements,PENTEST|SCAN_REPORT,False
7341,1341,PCI-DSS,6.43,RETAIL,mandatory,high,2,,,False
7342,1342,PCI-DSS,1.44,BANKING,mandatory,high,3,Financial institutions must implement enhanced controls per SAMA requirements,AUDIT_REPORT|RISK_ASSESSMENT,False
7343,1342,PCI-DSS,1.44,FINTECH,mandatory,high,3,FinTech companies must meet both SAMA and PCI requirements,PENTEST|SCAN_REPORT,False
7344,1342,PCI-DSS,1.44,RETAIL,mandatory,medium,3,,,False
7345,1343,PCI-DSS,2.44,BANKING,mandatory,medium,4,Financial institutions must implement enhanced controls per SAMA requirements,AUDIT_REPORT|RISK_ASSESSMENT,False
7346,1343,PCI-DSS,2.44,FINTECH,mandatory,medium,4,FinTech companies must meet both SAMA and PCI requirements,PENTEST|SCAN_REPORT,False
7347,1343,PCI-DSS,2.44,RETAIL,mandatory,low,4,,,False
7348,1344,PCI-DSS,3.44,BANKING,mandatory,critical,1,Financial institutions must implement enhanced controls per SAMA requirements,AUDIT_REPORT|RISK_ASSESSMENT,False
7349,1344,PCI-DSS,3.44,FINTECH,mandatory,critical,1,FinTech companies must meet both SAMA and PCI requirements,PENTEST|SCAN_REPORT,False
7350,1344,PCI-DSS,3.44,RETAIL,mandatory,critical,1,,,False
7351,1345,PCI-DSS,4.44,BANKING,mandatory,critical,2,Financial institutions must implement enhanced controls per SAMA requirements,AUDIT_REPORT|RISK_ASSESSMENT,False
7352,1345,PCI-DSS,4.44,FINTECH,mandatory,critical,2,FinTech companies must meet both SAMA and PCI requirements,PENTEST|SCAN_REPORT,False
7353,1345,PCI-DSS,4.44,RETAIL,mandatory,high,2,,,False
7354,1346,PCI-DSS,5.44,BANKING,mandatory,high,3,Financial institutions must implement enhanced controls per SAMA requirements,AUDIT_REPORT|RISK_ASSESSMENT,False
7355,1346,PCI-DSS,5.44,FINTECH,mandatory,high,3,FinTech companies must meet both SAMA and PCI requirements,PENTEST|SCAN_REPORT,False
7356,1346,PCI-DSS,5.44,RETAIL,mandatory,medium,3,,,False
7357,1347,PCI-DSS,6.44,BANKING,mandatory,medium,4,Financial institutions must implement enhanced controls per SAMA requirements,AUDIT_REPORT|RISK_ASSESSMENT,False
7358,1347,PCI-DSS,6.44,FINTECH,mandatory,medium,4,FinTech companies must meet both SAMA and PCI requirements,PENTEST|SCAN_REPORT,False
7359,1347,PCI-DSS,6.44,RETAIL,mandatory,low,4,,,False
7360,1348,PCI-DSS,1.45,BANKING,mandatory,critical,1,Financial institutions must implement enhanced controls per SAMA requirements,AUDIT_REPORT|RISK_ASSESSMENT,False
7361,1348,PCI-DSS,1.45,FINTECH,mandatory,critical,1,FinTech companies must meet both SAMA and PCI requirements,PENTEST|SCAN_REPORT,False
7362,1348,PCI-DSS,1.45,RETAIL,mandatory,critical,1,,,False
7363,1349,PCI-DSS,2.45,BANKING,mandatory,critical,2,Financial institutions must implement enhanced controls per SAMA requirements,AUDIT_REPORT|RISK_ASSESSMENT,False
7364,1349,PCI-DSS,2.45,FINTECH,mandatory,critical,2,FinTech companies must meet both SAMA and PCI requirements,PENTEST|SCAN_REPORT,False
7365,1349,PCI-DSS,2.45,RETAIL,mandatory,high,2,,,False
7366,1350,PCI-DSS,3.45,BANKING,mandatory,high,3,Financial institutions must implement enhanced controls per SAMA requirements,AUDIT_REPORT|RISK_ASSESSMENT,False
7367,1350,PCI-DSS,3.45,FINTECH,mandatory,high,3,FinTech companies must meet both SAMA and PCI requirements,PENTEST|SCAN_REPORT,False
7368,1350,PCI-DSS,3.45,RETAIL,mandatory,medium,3,,,False
7369,1351,PCI-DSS,4.45,BANKING,mandatory,medium,4,Financial institutions must implement enhanced controls per SAMA requirements,AUDIT_REPORT|RISK_ASSESSMENT,False
7370,1351,PCI-DSS,4.45,FINTECH,mandatory,medium,4,FinTech companies must meet both SAMA and PCI requirements,PENTEST|SCAN_REPORT,False
7371,1351,PCI-DSS,4.45,RETAIL,mandatory,low,4,,,False
7372,1352,PCI-DSS,5.45,BANKING,mandatory,critical,1,Financial institutions must implement enhanced controls per SAMA requirements,AUDIT_REPORT|RISK_ASSESSMENT,False
7373,1352,PCI-DSS,5.45,FINTECH,mandatory,critical,1,FinTech companies must meet both SAMA and PCI requirements,PENTEST|SCAN_REPORT,False
7374,1352,PCI-DSS,5.45,RETAIL,mandatory,critical,1,,,False
7375,1353,PCI-DSS,6.45,BANKING,mandatory,critical,2,Financial institutions must implement enhanced controls per SAMA requirements,AUDIT_REPORT|RISK_ASSESSMENT,False
7376,1353,PCI-DSS,6.45,FINTECH,mandatory,critical,2,FinTech companies must meet both SAMA and PCI requirements,PENTEST|SCAN_REPORT,False
7377,1353,PCI-DSS,6.45,RETAIL,mandatory,high,2,,,False
7378,1354,PCI-DSS,1.46,BANKING,mandatory,high,3,Financial institutions must implement enhanced controls per SAMA requirements,AUDIT_REPORT|RISK_ASSESSMENT,False
7379,1354,PCI-DSS,1.46,FINTECH,mandatory,high,3,FinTech companies must meet both SAMA and PCI requirements,PENTEST|SCAN_REPORT,False
7380,1354,PCI-DSS,1.46,RETAIL,mandatory,medium,3,,,False
7381,1355,PCI-DSS,2.46,BANKING,mandatory,medium,4,Financial institutions must implement enhanced controls per SAMA requirements,AUDIT_REPORT|RISK_ASSESSMENT,False
7382,1355,PCI-DSS,2.46,FINTECH,mandatory,medium,4,FinTech companies must meet both SAMA and PCI requirements,PENTEST|SCAN_REPORT,False
7383,1355,PCI-DSS,2.46,RETAIL,mandatory,low,4,,,False
7384,1356,PCI-DSS,3.46,BANKING,mandatory,critical,1,Financial institutions must implement enhanced controls per SAMA requirements,AUDIT_REPORT|RISK_ASSESSMENT,False
7385,1356,PCI-DSS,3.46,FINTECH,mandatory,critical,1,FinTech companies must meet both SAMA and PCI requirements,PENTEST|SCAN_REPORT,False
7386,1356,PCI-DSS,3.46,RETAIL,mandatory,critical,1,,,False
7387,1357,PCI-DSS,4.46,BANKING,mandatory,critical,2,Financial institutions must implement enhanced controls per SAMA requirements,AUDIT_REPORT|RISK_ASSESSMENT,False
7388,1357,PCI-DSS,4.46,FINTECH,mandatory,critical,2,FinTech companies must meet both SAMA and PCI requirements,PENTEST|SCAN_REPORT,False
7389,1357,PCI-DSS,4.46,RETAIL,mandatory,high,2,,,False
7390,1358,PCI-DSS,5.46,BANKING,mandatory,high,3,Financial institutions must implement enhanced controls per SAMA requirements,AUDIT_REPORT|RISK_ASSESSMENT,False
7391,1358,PCI-DSS,5.46,FINTECH,mandatory,high,3,FinTech companies must meet both SAMA and PCI requirements,PENTEST|SCAN_REPORT,False
7392,1358,PCI-DSS,5.46,RETAIL,mandatory,medium,3,,,False
7393,1359,PCI-DSS,6.46,BANKING,mandatory,medium,4,Financial institutions must implement enhanced controls per SAMA requirements,AUDIT_REPORT|RISK_ASSESSMENT,False
7394,1359,PCI-DSS,6.46,FINTECH,mandatory,medium,4,FinTech companies must meet both SAMA and PCI requirements,PENTEST|SCAN_REPORT,False
7395,1359,PCI-DSS,6.46,RETAIL,mandatory,low,4,,,False
7396,1360,PCI-DSS,1.47,BANKING,mandatory,critical,1,Financial institutions must implement enhanced controls per SAMA requirements,AUDIT_REPORT|RISK_ASSESSMENT,False
7397,1360,PCI-DSS,1.47,FINTECH,mandatory,critical,1,FinTech companies must meet both SAMA and PCI requirements,PENTEST|SCAN_REPORT,False
7398,1360,PCI-DSS,1.47,RETAIL,mandatory,critical,1,,,False
7399,1361,PCI-DSS,2.47,BANKING,mandatory,critical,2,Financial institutions must implement enhanced controls per SAMA requirements,AUDIT_REPORT|RISK_ASSESSMENT,False
7400,1361,PCI-DSS,2.47,FINTECH,mandatory,critical,2,FinTech companies must meet both SAMA and PCI requirements,PENTEST|SCAN_REPORT,False
7401,1361,PCI-DSS,2.47,RETAIL,mandatory,high,2,,,False
7402,1362,PCI-DSS,3.47,BANKING,mandatory,high,3,Financial institutions must implement enhanced controls per SAMA requirements,AUDIT_REPORT|RISK_ASSESSMENT,False
7403,1362,PCI-DSS,3.47,FINTECH,mandatory,high,3,FinTech companies must meet both SAMA and PCI requirements,PENTEST|SCAN_REPORT,False
7404,1362,PCI-DSS,3.47,RETAIL,mandatory,medium,3,,,False
7405,1363,PCI-DSS,4.47,BANKING,mandatory,medium,4,Financial institutions must implement enhanced controls per SAMA requirements,AUDIT_REPORT|RISK_ASSESSMENT,False
7406,1363,PCI-DSS,4.47,FINTECH,mandatory,medium,4,FinTech companies must meet both SAMA and PCI requirements,PENTEST|SCAN_REPORT,False
7407,1363,PCI-DSS,4.47,RETAIL,mandatory,low,4,,,False
7408,1364,PCI-DSS,5.47,BANKING,mandatory,critical,1,Financial institutions must implement enhanced controls per SAMA requirements,AUDIT_REPORT|RISK_ASSESSMENT,False
7409,1364,PCI-DSS,5.47,FINTECH,mandatory,critical,1,FinTech companies must meet both SAMA and PCI requirements,PENTEST|SCAN_REPORT,False
7410,1364,PCI-DSS,5.47,RETAIL,mandatory,critical,1,,,False
7411,1365,PCI-DSS,6.47,BANKING,mandatory,critical,2,Financial institutions must implement enhanced controls per SAMA requirements,AUDIT_REPORT|RISK_ASSESSMENT,False
7412,1365,PCI-DSS,6.47,FINTECH,mandatory,critical,2,FinTech companies must meet both SAMA and PCI requirements,PENTEST|SCAN_REPORT,False
7413,1365,PCI-DSS,6.47,RETAIL,mandatory,high,2,,,False
7414,1366,PCI-DSS,1.48,BANKING,mandatory,high,3,Financial institutions must implement enhanced controls per SAMA requirements,AUDIT_REPORT|RISK_ASSESSMENT,False
7415,1366,PCI-DSS,1.48,FINTECH,mandatory,high,3,FinTech companies must meet both SAMA and PCI requirements,PENTEST|SCAN_REPORT,False
7416,1366,PCI-DSS,1.48,RETAIL,mandatory,medium,3,,,False
7417,1367,PCI-DSS,2.48,BANKING,mandatory,medium,4,Financial institutions must implement enhanced controls per SAMA requirements,AUDIT_REPORT|RISK_ASSESSMENT,False
7418,1367,PCI-DSS,2.48,FINTECH,mandatory,medium,4,FinTech companies must meet both SAMA and PCI requirements,PENTEST|SCAN_REPORT,False
7419,1367,PCI-DSS,2.48,RETAIL,mandatory,low,4,,,False
7420,1368,PCI-DSS,3.48,BANKING,mandatory,critical,1,Financial institutions must implement enhanced controls per SAMA requirements,AUDIT_REPORT|RISK_ASSESSMENT,False
7421,1368,PCI-DSS,3.48,FINTECH,mandatory,critical,1,FinTech companies must meet both SAMA and PCI requirements,PENTEST|SCAN_REPORT,False
7422,1368,PCI-DSS,3.48,RETAIL,mandatory,critical,1,,,False
7423,1369,PCI-DSS,4.48,BANKING,mandatory,critical,2,Financial institutions must implement enhanced controls per SAMA requirements,AUDIT_REPORT|RISK_ASSESSMENT,False
7424,1369,PCI-DSS,4.48,FINTECH,mandatory,critical,2,FinTech companies must meet both SAMA and PCI requirements,PENTEST|SCAN_REPORT,False
7425,1369,PCI-DSS,4.48,RETAIL,mandatory,high,2,,,False
7426,1370,PCI-DSS,5.48,BANKING,mandatory,high,3,Financial institutions must implement enhanced controls per SAMA requirements,AUDIT_REPORT|RISK_ASSESSMENT,False
7427,1370,PCI-DSS,5.48,FINTECH,mandatory,high,3,FinTech companies must meet both SAMA and PCI requirements,PENTEST|SCAN_REPORT,False
7428,1370,PCI-DSS,5.48,RETAIL,mandatory,medium,3,,,False
7429,1371,PCI-DSS,6.48,BANKING,mandatory,medium,4,Financial institutions must implement enhanced controls per SAMA requirements,AUDIT_REPORT|RISK_ASSESSMENT,False
7430,1371,PCI-DSS,6.48,FINTECH,mandatory,medium,4,FinTech companies must meet both SAMA and PCI requirements,PENTEST|SCAN_REPORT,False
7431,1371,PCI-DSS,6.48,RETAIL,mandatory,low,4,,,False
7432,1372,PCI-DSS,1.49,BANKING,mandatory,critical,1,Financial institutions must implement enhanced controls per SAMA requirements,AUDIT_REPORT|RISK_ASSESSMENT,False
7433,1372,PCI-DSS,1.49,FINTECH,mandatory,critical,1,FinTech companies must meet both SAMA and PCI requirements,PENTEST|SCAN_REPORT,False
7434,1372,PCI-DSS,1.49,RETAIL,mandatory,critical,1,,,False
7435,1373,PCI-DSS,2.49,BANKING,mandatory,critical,2,Financial institutions must implement enhanced controls per SAMA requirements,AUDIT_REPORT|RISK_ASSESSMENT,False
7436,1373,PCI-DSS,2.49,FINTECH,mandatory,critical,2,FinTech companies must meet both SAMA and PCI requirements,PENTEST|SCAN_REPORT,False
7437,1373,PCI-DSS,2.49,RETAIL,mandatory,high,2,,,False
7438,1374,PCI-DSS,3.49,BANKING,mandatory,high,3,Financial institutions must implement enhanced controls per SAMA requirements,AUDIT_REPORT|RISK_ASSESSMENT,False
7439,1374,PCI-DSS,3.49,FINTECH,mandatory,high,3,FinTech companies must meet both SAMA and PCI requirements,PENTEST|SCAN_REPORT,False
7440,1374,PCI-DSS,3.49,RETAIL,mandatory,medium,3,,,False
7441,1375,PCI-DSS,4.49,BANKING,mandatory,medium,4,Financial institutions must implement enhanced controls per SAMA requirements,AUDIT_REPORT|RISK_ASSESSMENT,False
7442,1375,PCI-DSS,4.49,FINTECH,mandatory,medium,4,FinTech companies must meet both SAMA and PCI requirements,PENTEST|SCAN_REPORT,False
7443,1375,PCI-DSS,4.49,RETAIL,mandatory,low,4,,,False
7444,1376,PCI-DSS,5.49,BANKING,mandatory,critical,1,Financial institutions must implement enhanced controls per SAMA requirements,AUDIT_REPORT|RISK_ASSESSMENT,False
7445,1376,PCI-DSS,5.49,FINTECH,mandatory,critical,1,FinTech companies must meet both SAMA and PCI requirements,PENTEST|SCAN_REPORT,False
7446,1376,PCI-DSS,5.49,RETAIL,mandatory,critical,1,,,False
7447,1377,PCI-DSS,6.49,BANKING,mandatory,critical,2,Financial institutions must implement enhanced controls per SAMA requirements,AUDIT_REPORT|RISK_ASSESSMENT,False
7448,1377,PCI-DSS,6.49,FINTECH,mandatory,critical,2,FinTech companies must meet both SAMA and PCI requirements,PENTEST|SCAN_REPORT,False
7449,1377,PCI-DSS,6.49,RETAIL,mandatory,high,2,,,False
7450,1378,PCI-DSS,1.50,BANKING,mandatory,high,3,Financial institutions must implement enhanced controls per SAMA requirements,AUDIT_REPORT|RISK_ASSESSMENT,False
7451,1378,PCI-DSS,1.50,FINTECH,mandatory,high,3,FinTech companies must meet both SAMA and PCI requirements,PENTEST|SCAN_REPORT,False
7452,1378,PCI-DSS,1.50,RETAIL,mandatory,medium,3,,,False
7453,1379,PCI-DSS,2.50,BANKING,mandatory,medium,4,Financial institutions must implement enhanced controls per SAMA requirements,AUDIT_REPORT|RISK_ASSESSMENT,False
7454,1379,PCI-DSS,2.50,FINTECH,mandatory,medium,4,FinTech companies must meet both SAMA and PCI requirements,PENTEST|SCAN_REPORT,False
7455,1379,PCI-DSS,2.50,RETAIL,mandatory,low,4,,,False
7456,1380,PCI-DSS,3.50,BANKING,mandatory,critical,1,Financial institutions must implement enhanced controls per SAMA requirements,AUDIT_REPORT|RISK_ASSESSMENT,False
7457,1380,PCI-DSS,3.50,FINTECH,mandatory,critical,1,FinTech companies must meet both SAMA and PCI requirements,PENTEST|SCAN_REPORT,False
7458,1380,PCI-DSS,3.50,RETAIL,mandatory,critical,1,,,False
7459,1381,PCI-DSS,4.50,BANKING,mandatory,critical,2,Financial institutions must implement enhanced controls per SAMA requirements,AUDIT_REPORT|RISK_ASSESSMENT,False
7460,1381,PCI-DSS,4.50,FINTECH,mandatory,critical,2,FinTech companies must meet both SAMA and PCI requirements,PENTEST|SCAN_REPORT,False
7461,1381,PCI-DSS,4.50,RETAIL,mandatory,high,2,,,False
7462,1382,PCI-DSS,5.50,BANKING,mandatory,high,3,Financial institutions must implement enhanced controls per SAMA requirements,AUDIT_REPORT|RISK_ASSESSMENT,False
7463,1382,PCI-DSS,5.50,FINTECH,mandatory,high,3,FinTech companies must meet both SAMA and PCI requirements,PENTEST|SCAN_REPORT,False
7464,1382,PCI-DSS,5.50,RETAIL,mandatory,medium,3,,,False
7465,1383,PCI-DSS,6.50,BANKING,mandatory,medium,4,Financial institutions must implement enhanced controls per SAMA requirements,AUDIT_REPORT|RISK_ASSESSMENT,False
7466,1383,PCI-DSS,6.50,FINTECH,mandatory,medium,4,FinTech companies must meet both SAMA and PCI requirements,PENTEST|SCAN_REPORT,False
7467,1383,PCI-DSS,6.50,RETAIL,mandatory,low,4,,,False
7468,1384,PCI-DSS,1.51,BANKING,mandatory,critical,1,Financial institutions must implement enhanced controls per SAMA requirements,AUDIT_REPORT|RISK_ASSESSMENT,False
7469,1384,PCI-DSS,1.51,FINTECH,mandatory,critical,1,FinTech companies must meet both SAMA and PCI requirements,PENTEST|SCAN_REPORT,False
7470,1384,PCI-DSS,1.51,RETAIL,mandatory,critical,1,,,False
7471,1385,PCI-DSS,2.51,BANKING,mandatory,critical,2,Financial institutions must implement enhanced controls per SAMA requirements,AUDIT_REPORT|RISK_ASSESSMENT,False
7472,1385,PCI-DSS,2.51,FINTECH,mandatory,critical,2,FinTech companies must meet both SAMA and PCI requirements,PENTEST|SCAN_REPORT,False
7473,1385,PCI-DSS,2.51,RETAIL,mandatory,high,2,,,False
7474,1386,PCI-DSS,3.51,BANKING,mandatory,high,3,Financial institutions must implement enhanced controls per SAMA requirements,AUDIT_REPORT|RISK_ASSESSMENT,False
7475,1386,PCI-DSS,3.51,FINTECH,mandatory,high,3,FinTech companies must meet both SAMA and PCI requirements,PENTEST|SCAN_REPORT,False
7476,1386,PCI-DSS,3.51,RETAIL,mandatory,medium,3,,,False
7477,1387,PCI-DSS,4.51,BANKING,mandatory,medium,4,Financial institutions must implement enhanced controls per SAMA requirements,AUDIT_REPORT|RISK_ASSESSMENT,False
7478,1387,PCI-DSS,4.51,FINTECH,mandatory,medium,4,FinTech companies must meet both SAMA and PCI requirements,PENTEST|SCAN_REPORT,False
7479,1387,PCI-DSS,4.51,RETAIL,mandatory,low,4,,,False
7480,1388,PCI-DSS,5.51,BANKING,mandatory,critical,1,Financial institutions must implement enhanced controls per SAMA requirements,AUDIT_REPORT|RISK_ASSESSMENT,False
7481,1388,PCI-DSS,5.51,FINTECH,mandatory,critical,1,FinTech companies must meet both SAMA and PCI requirements,PENTEST|SCAN_REPORT,False
7482,1388,PCI-DSS,5.51,RETAIL,mandatory,critical,1,,,False
7483,1389,PCI-DSS,6.51,BANKING,mandatory,critical,2,Financial institutions must implement enhanced controls per SAMA requirements,AUDIT_REPORT|RISK_ASSESSMENT,False
7484,1389,PCI-DSS,6.51,FINTECH,mandatory,critical,2,FinTech companies must meet both SAMA and PCI requirements,PENTEST|SCAN_REPORT,False
7485,1389,PCI-DSS,6.51,RETAIL,mandatory,high,2,,,False
7486,1390,PCI-DSS,1.52,BANKING,mandatory,high,3,Financial institutions must implement enhanced controls per SAMA requirements,AUDIT_REPORT|RISK_ASSESSMENT,False
7487,1390,PCI-DSS,1.52,FINTECH,mandatory,high,3,FinTech companies must meet both SAMA and PCI requirements,PENTEST|SCAN_REPORT,False
7488,1390,PCI-DSS,1.52,RETAIL,mandatory,medium,3,,,False
7489,1391,PCI-DSS,2.52,BANKING,mandatory,medium,4,Financial institutions must implement enhanced controls per SAMA requirements,AUDIT_REPORT|RISK_ASSESSMENT,False
7490,1391,PCI-DSS,2.52,FINTECH,mandatory,medium,4,FinTech companies must meet both SAMA and PCI requirements,PENTEST|SCAN_REPORT,False
7491,1391,PCI-DSS,2.52,RETAIL,mandatory,low,4,,,False
7492,1392,PCI-DSS,3.52,BANKING,mandatory,critical,1,Financial institutions must implement enhanced controls per SAMA requirements,AUDIT_REPORT|RISK_ASSESSMENT,False
7493,1392,PCI-DSS,3.52,FINTECH,mandatory,critical,1,FinTech companies must meet both SAMA and PCI requirements,PENTEST|SCAN_REPORT,False
7494,1392,PCI-DSS,3.52,RETAIL,mandatory,critical,1,,,False
7495,1393,PCI-DSS,4.52,BANKING,mandatory,critical,2,Financial institutions must implement enhanced controls per SAMA requirements,AUDIT_REPORT|RISK_ASSESSMENT,False
7496,1393,PCI-DSS,4.52,FINTECH,mandatory,critical,2,FinTech companies must meet both SAMA and PCI requirements,PENTEST|SCAN_REPORT,False
7497,1393,PCI-DSS,4.52,RETAIL,mandatory,high,2,,,False
7498,1394,PCI-DSS,5.52,BANKING,mandatory,high,3,Financial institutions must implement enhanced controls per SAMA requirements,AUDIT_REPORT|RISK_ASSESSMENT,False
7499,1394,PCI-DSS,5.52,FINTECH,mandatory,high,3,FinTech companies must meet both SAMA and PCI requirements,PENTEST|SCAN_REPORT,False
7500,1394,PCI-DSS,5.52,RETAIL,mandatory,medium,3,,,False
7501,1395,PCI-DSS,6.52,BANKING,mandatory,medium,4,Financial institutions must implement enhanced controls per SAMA requirements,AUDIT_REPORT|RISK_ASSESSMENT,False
7502,1395,PCI-DSS,6.52,FINTECH,mandatory,medium,4,FinTech companies must meet both SAMA and PCI requirements,PENTEST|SCAN_REPORT,False
7503,1395,PCI-DSS,6.52,RETAIL,mandatory,low,4,,,False
7504,1396,PCI-DSS,1.53,BANKING,mandatory,critical,1,Financial institutions must implement enhanced controls per SAMA requirements,AUDIT_REPORT|RISK_ASSESSMENT,False
7505,1396,PCI-DSS,1.53,FINTECH,mandatory,critical,1,FinTech companies must meet both SAMA and PCI requirements,PENTEST|SCAN_REPORT,False
7506,1396,PCI-DSS,1.53,RETAIL,mandatory,critical,1,,,False
7507,1397,PCI-DSS,2.53,BANKING,mandatory,critical,2,Financial institutions must implement enhanced controls per SAMA requirements,AUDIT_REPORT|RISK_ASSESSMENT,False
7508,1397,PCI-DSS,2.53,FINTECH,mandatory,critical,2,FinTech companies must meet both SAMA and PCI requirements,PENTEST|SCAN_REPORT,False
7509,1397,PCI-DSS,2.53,RETAIL,mandatory,high,2,,,False
7510,1398,PCI-DSS,3.53,BANKING,mandatory,high,3,Financial institutions must implement enhanced controls per SAMA requirements,AUDIT_REPORT|RISK_ASSESSMENT,False
7511,1398,PCI-DSS,3.53,FINTECH,mandatory,high,3,FinTech companies must meet both SAMA and PCI requirements,PENTEST|SCAN_REPORT,False
7512,1398,PCI-DSS,3.53,RETAIL,mandatory,medium,3,,,False
7513,1399,PCI-DSS,4.53,BANKING,mandatory,medium,4,Financial institutions must implement enhanced controls per SAMA requirements,AUDIT_REPORT|RISK_ASSESSMENT,False
7514,1399,PCI-DSS,4.53,FINTECH,mandatory,medium,4,FinTech companies must meet both SAMA and PCI requirements,PENTEST|SCAN_REPORT,False
7515,1399,PCI-DSS,4.53,RETAIL,mandatory,low,4,,,False
7516,1400,PCI-DSS,5.53,BANKING,mandatory,critical,1,Financial institutions must implement enhanced controls per SAMA requirements,AUDIT_REPORT|RISK_ASSESSMENT,False
7517,1400,PCI-DSS,5.53,FINTECH,mandatory,critical,1,FinTech companies must meet both SAMA and PCI requirements,PENTEST|SCAN_REPORT,False
7518,1400,PCI-DSS,5.53,RETAIL,mandatory,critical,1,,,False
7519,1401,PCI-DSS,6.53,BANKING,mandatory,critical,2,Financial institutions must implement enhanced controls per SAMA requirements,AUDIT_REPORT|RISK_ASSESSMENT,False
7520,1401,PCI-DSS,6.53,FINTECH,mandatory,critical,2,FinTech companies must meet both SAMA and PCI requirements,PENTEST|SCAN_REPORT,False
7521,1401,PCI-DSS,6.53,RETAIL,mandatory,high,2,,,False
7522,1402,PCI-DSS,1.54,BANKING,mandatory,high,3,Financial institutions must implement enhanced controls per SAMA requirements,AUDIT_REPORT|RISK_ASSESSMENT,False
7523,1402,PCI-DSS,1.54,FINTECH,mandatory,high,3,FinTech companies must meet both SAMA and PCI requirements,PENTEST|SCAN_REPORT,False
7524,1402,PCI-DSS,1.54,RETAIL,mandatory,medium,3,,,False
7525,1403,PCI-DSS,2.54,BANKING,mandatory,medium,4,Financial institutions must implement enhanced controls per SAMA requirements,AUDIT_REPORT|RISK_ASSESSMENT,False
7526,1403,PCI-DSS,2.54,FINTECH,mandatory,medium,4,FinTech companies must meet both SAMA and PCI requirements,PENTEST|SCAN_REPORT,False
7527,1403,PCI-DSS,2.54,RETAIL,mandatory,low,4,,,False
7528,1404,PCI-DSS,3.54,BANKING,mandatory,critical,1,Financial institutions must implement enhanced controls per SAMA requirements,AUDIT_REPORT|RISK_ASSESSMENT,False
7529,1404,PCI-DSS,3.54,FINTECH,mandatory,critical,1,FinTech companies must meet both SAMA and PCI requirements,PENTEST|SCAN_REPORT,False
7530,1404,PCI-DSS,3.54,RETAIL,mandatory,critical,1,,,False
7531,1405,PCI-DSS,4.54,BANKING,mandatory,critical,2,Financial institutions must implement enhanced controls per SAMA requirements,AUDIT_REPORT|RISK_ASSESSMENT,False
7532,1405,PCI-DSS,4.54,FINTECH,mandatory,critical,2,FinTech companies must meet both SAMA and PCI requirements,PENTEST|SCAN_REPORT,False
7533,1405,PCI-DSS,4.54,RETAIL,mandatory,high,2,,,False
7534,1406,PCI-DSS,5.54,BANKING,mandatory,high,3,Financial institutions must implement enhanced controls per SAMA requirements,AUDIT_REPORT|RISK_ASSESSMENT,False
7535,1406,PCI-DSS,5.54,FINTECH,mandatory,high,3,FinTech companies must meet both SAMA and PCI requirements,PENTEST|SCAN_REPORT,False
7536,1406,PCI-DSS,5.54,RETAIL,mandatory,medium,3,,,False
7537,1407,PCI-DSS,6.54,BANKING,mandatory,medium,4,Financial institutions must implement enhanced controls per SAMA requirements,AUDIT_REPORT|RISK_ASSESSMENT,False
7538,1407,PCI-DSS,6.54,FINTECH,mandatory,medium,4,FinTech companies must meet both SAMA and PCI requirements,PENTEST|SCAN_REPORT,False
7539,1407,PCI-DSS,6.54,RETAIL,mandatory,low,4,,,False
7540,1408,PCI-DSS,1.55,BANKING,mandatory,critical,1,Financial institutions must implement enhanced controls per SAMA requirements,AUDIT_REPORT|RISK_ASSESSMENT,False
7541,1408,PCI-DSS,1.55,FINTECH,mandatory,critical,1,FinTech companies must meet both SAMA and PCI requirements,PENTEST|SCAN_REPORT,False
7542,1408,PCI-DSS,1.55,RETAIL,mandatory,critical,1,,,False
7543,1409,PCI-DSS,2.55,BANKING,mandatory,critical,2,Financial institutions must implement enhanced controls per SAMA requirements,AUDIT_REPORT|RISK_ASSESSMENT,False
7544,1409,PCI-DSS,2.55,FINTECH,mandatory,critical,2,FinTech companies must meet both SAMA and PCI requirements,PENTEST|SCAN_REPORT,False
7545,1409,PCI-DSS,2.55,RETAIL,mandatory,high,2,,,False
7546,1410,PCI-DSS,3.55,BANKING,mandatory,high,3,Financial institutions must implement enhanced controls per SAMA requirements,AUDIT_REPORT|RISK_ASSESSMENT,False
7547,1410,PCI-DSS,3.55,FINTECH,mandatory,high,3,FinTech companies must meet both SAMA and PCI requirements,PENTEST|SCAN_REPORT,False
7548,1410,PCI-DSS,3.55,RETAIL,mandatory,medium,3,,,False
7549,1411,PCI-DSS,4.55,BANKING,mandatory,medium,4,Financial institutions must implement enhanced controls per SAMA requirements,AUDIT_REPORT|RISK_ASSESSMENT,False
7550,1411,PCI-DSS,4.55,FINTECH,mandatory,medium,4,FinTech companies must meet both SAMA and PCI requirements,PENTEST|SCAN_REPORT,False
7551,1411,PCI-DSS,4.55,RETAIL,mandatory,low,4,,,False
7552,1412,PCI-DSS,5.55,BANKING,mandatory,critical,1,Financial institutions must implement enhanced controls per SAMA requirements,AUDIT_REPORT|RISK_ASSESSMENT,False
7553,1412,PCI-DSS,5.55,FINTECH,mandatory,critical,1,FinTech companies must meet both SAMA and PCI requirements,PENTEST|SCAN_REPORT,False
7554,1412,PCI-DSS,5.55,RETAIL,mandatory,critical,1,,,False
7555,1413,PCI-DSS,6.55,BANKING,mandatory,critical,2,Financial institutions must implement enhanced controls per SAMA requirements,AUDIT_REPORT|RISK_ASSESSMENT,False
7556,1413,PCI-DSS,6.55,FINTECH,mandatory,critical,2,FinTech companies must meet both SAMA and PCI requirements,PENTEST|SCAN_REPORT,False
7557,1413,PCI-DSS,6.55,RETAIL,mandatory,high,2,,,False
7558,1414,PCI-DSS,1.56,BANKING,mandatory,high,3,Financial institutions must implement enhanced controls per SAMA requirements,AUDIT_REPORT|RISK_ASSESSMENT,False
7559,1414,PCI-DSS,1.56,FINTECH,mandatory,high,3,FinTech companies must meet both SAMA and PCI requirements,PENTEST|SCAN_REPORT,False
7560,1414,PCI-DSS,1.56,RETAIL,mandatory,medium,3,,,False
7561,1415,PCI-DSS,2.56,BANKING,mandatory,medium,4,Financial institutions must implement enhanced controls per SAMA requirements,AUDIT_REPORT|RISK_ASSESSMENT,False
7562,1415,PCI-DSS,2.56,FINTECH,mandatory,medium,4,FinTech companies must meet both SAMA and PCI requirements,PENTEST|SCAN_REPORT,False
7563,1415,PCI-DSS,2.56,RETAIL,mandatory,low,4,,,False
7564,1416,PCI-DSS,3.56,BANKING,mandatory,critical,1,Financial institutions must implement enhanced controls per SAMA requirements,AUDIT_REPORT|RISK_ASSESSMENT,False
7565,1416,PCI-DSS,3.56,FINTECH,mandatory,critical,1,FinTech companies must meet both SAMA and PCI requirements,PENTEST|SCAN_REPORT,False
7566,1416,PCI-DSS,3.56,RETAIL,mandatory,critical,1,,,False
7567,1417,PCI-DSS,4.56,BANKING,mandatory,critical,2,Financial institutions must implement enhanced controls per SAMA requirements,AUDIT_REPORT|RISK_ASSESSMENT,False
7568,1417,PCI-DSS,4.56,FINTECH,mandatory,critical,2,FinTech companies must meet both SAMA and PCI requirements,PENTEST|SCAN_REPORT,False
7569,1417,PCI-DSS,4.56,RETAIL,mandatory,high,2,,,False
7570,1418,PCI-DSS,5.56,BANKING,mandatory,high,3,Financial institutions must implement enhanced controls per SAMA requirements,AUDIT_REPORT|RISK_ASSESSMENT,False
7571,1418,PCI-DSS,5.56,FINTECH,mandatory,high,3,FinTech companies must meet both SAMA and PCI requirements,PENTEST|SCAN_REPORT,False
7572,1418,PCI-DSS,5.56,RETAIL,mandatory,medium,3,,,False
7573,1419,PCI-DSS,6.56,BANKING,mandatory,medium,4,Financial institutions must implement enhanced controls per SAMA requirements,AUDIT_REPORT|RISK_ASSESSMENT,False
7574,1419,PCI-DSS,6.56,FINTECH,mandatory,medium,4,FinTech companies must meet both SAMA and PCI requirements,PENTEST|SCAN_REPORT,False
7575,1419,PCI-DSS,6.56,RETAIL,mandatory,low,4,,,False
7576,1420,PCI-DSS,1.57,BANKING,mandatory,critical,1,Financial institutions must implement enhanced controls per SAMA requirements,AUDIT_REPORT|RISK_ASSESSMENT,False
7577,1420,PCI-DSS,1.57,FINTECH,mandatory,critical,1,FinTech companies must meet both SAMA and PCI requirements,PENTEST|SCAN_REPORT,False
7578,1420,PCI-DSS,1.57,RETAIL,mandatory,critical,1,,,False
7579,1421,PCI-DSS,2.57,BANKING,mandatory,critical,2,Financial institutions must implement enhanced controls per SAMA requirements,AUDIT_REPORT|RISK_ASSESSMENT,False
7580,1421,PCI-DSS,2.57,FINTECH,mandatory,critical,2,FinTech companies must meet both SAMA and PCI requirements,PENTEST|SCAN_REPORT,False
7581,1421,PCI-DSS,2.57,RETAIL,mandatory,high,2,,,False
7582,1422,PCI-DSS,3.57,BANKING,mandatory,high,3,Financial institutions must implement enhanced controls per SAMA requirements,AUDIT_REPORT|RISK_ASSESSMENT,False
7583,1422,PCI-DSS,3.57,FINTECH,mandatory,high,3,FinTech companies must meet both SAMA and PCI requirements,PENTEST|SCAN_REPORT,False
7584,1422,PCI-DSS,3.57,RETAIL,mandatory,medium,3,,,False
7585,1423,PCI-DSS,4.57,BANKING,mandatory,medium,4,Financial institutions must implement enhanced controls per SAMA requirements,AUDIT_REPORT|RISK_ASSESSMENT,False
7586,1423,PCI-DSS,4.57,FINTECH,mandatory,medium,4,FinTech companies must meet both SAMA and PCI requirements,PENTEST|SCAN_REPORT,False
7587,1423,PCI-DSS,4.57,RETAIL,mandatory,low,4,,,False
7588,1424,PCI-DSS,5.57,BANKING,mandatory,critical,1,Financial institutions must implement enhanced controls per SAMA requirements,AUDIT_REPORT|RISK_ASSESSMENT,False
7589,1424,PCI-DSS,5.57,FINTECH,mandatory,critical,1,FinTech companies must meet both SAMA and PCI requirements,PENTEST|SCAN_REPORT,False
7590,1424,PCI-DSS,5.57,RETAIL,mandatory,critical,1,,,False
7591,1425,PCI-DSS,6.57,BANKING,mandatory,critical,2,Financial institutions must implement enhanced controls per SAMA requirements,AUDIT_REPORT|RISK_ASSESSMENT,False
7592,1425,PCI-DSS,6.57,FINTECH,mandatory,critical,2,FinTech companies must meet both SAMA and PCI requirements,PENTEST|SCAN_REPORT,False
7593,1425,PCI-DSS,6.57,RETAIL,mandatory,high,2,,,False
7594,1426,PCI-DSS,1.58,BANKING,mandatory,high,3,Financial institutions must implement enhanced controls per SAMA requirements,AUDIT_REPORT|RISK_ASSESSMENT,False
7595,1426,PCI-DSS,1.58,FINTECH,mandatory,high,3,FinTech companies must meet both SAMA and PCI requirements,PENTEST|SCAN_REPORT,False
7596,1426,PCI-DSS,1.58,RETAIL,mandatory,medium,3,,,False
7597,1427,PCI-DSS,2.58,BANKING,mandatory,medium,4,Financial institutions must implement enhanced controls per SAMA requirements,AUDIT_REPORT|RISK_ASSESSMENT,False
7598,1427,PCI-DSS,2.58,FINTECH,mandatory,medium,4,FinTech companies must meet both SAMA and PCI requirements,PENTEST|SCAN_REPORT,False
7599,1427,PCI-DSS,2.58,RETAIL,mandatory,low,4,,,False
7600,1428,PCI-DSS,3.58,BANKING,mandatory,critical,1,Financial institutions must implement enhanced controls per SAMA requirements,AUDIT_REPORT|RISK_ASSESSMENT,False
7601,1428,PCI-DSS,3.58,FINTECH,mandatory,critical,1,FinTech companies must meet both SAMA and PCI requirements,PENTEST|SCAN_REPORT,False
7602,1428,PCI-DSS,3.58,RETAIL,mandatory,critical,1,,,False
7603,1429,PCI-DSS,4.58,BANKING,mandatory,critical,2,Financial institutions must implement enhanced controls per SAMA requirements,AUDIT_REPORT|RISK_ASSESSMENT,False
7604,1429,PCI-DSS,4.58,FINTECH,mandatory,critical,2,FinTech companies must meet both SAMA and PCI requirements,PENTEST|SCAN_REPORT,False
7605,1429,PCI-DSS,4.58,RETAIL,mandatory,high,2,,,False
7606,1430,PCI-DSS,5.58,BANKING,mandatory,high,3,Financial institutions must implement enhanced controls per SAMA requirements,AUDIT_REPORT|RISK_ASSESSMENT,False
7607,1430,PCI-DSS,5.58,FINTECH,mandatory,high,3,FinTech companies must meet both SAMA and PCI requirements,PENTEST|SCAN_REPORT,False
7608,1430,PCI-DSS,5.58,RETAIL,mandatory,medium,3,,,False
7609,1431,PCI-DSS,6.58,BANKING,mandatory,medium,4,Financial institutions must implement enhanced controls per SAMA requirements,AUDIT_REPORT|RISK_ASSESSMENT,False
7610,1431,PCI-DSS,6.58,FINTECH,mandatory,medium,4,FinTech companies must meet both SAMA and PCI requirements,PENTEST|SCAN_REPORT,False
7611,1431,PCI-DSS,6.58,RETAIL,mandatory,low,4,,,False
7612,1432,PCI-DSS,1.59,BANKING,mandatory,critical,1,Financial institutions must implement enhanced controls per SAMA requirements,AUDIT_REPORT|RISK_ASSESSMENT,False
7613,1432,PCI-DSS,1.59,FINTECH,mandatory,critical,1,FinTech companies must meet both SAMA and PCI requirements,PENTEST|SCAN_REPORT,False
7614,1432,PCI-DSS,1.59,RETAIL,mandatory,critical,1,,,False
7615,1433,PCI-DSS,2.59,BANKING,mandatory,critical,2,Financial institutions must implement enhanced controls per SAMA requirements,AUDIT_REPORT|RISK_ASSESSMENT,False
7616,1433,PCI-DSS,2.59,FINTECH,mandatory,critical,2,FinTech companies must meet both SAMA and PCI requirements,PENTEST|SCAN_REPORT,False
7617,1433,PCI-DSS,2.59,RETAIL,mandatory,high,2,,,False
7618,1434,PCI-DSS,3.59,BANKING,mandatory,high,3,Financial institutions must implement enhanced controls per SAMA requirements,AUDIT_REPORT|RISK_ASSESSMENT,False
7619,1434,PCI-DSS,3.59,FINTECH,mandatory,high,3,FinTech companies must meet both SAMA and PCI requirements,PENTEST|SCAN_REPORT,False
7620,1434,PCI-DSS,3.59,RETAIL,mandatory,medium,3,,,False
7621,1435,PCI-DSS,4.59,BANKING,mandatory,medium,4,Financial institutions must implement enhanced controls per SAMA requirements,AUDIT_REPORT|RISK_ASSESSMENT,False
7622,1435,PCI-DSS,4.59,FINTECH,mandatory,medium,4,FinTech companies must meet both SAMA and PCI requirements,PENTEST|SCAN_REPORT,False
7623,1435,PCI-DSS,4.59,RETAIL,mandatory,low,4,,,False
7624,1436,PCI-DSS,5.59,BANKING,mandatory,critical,1,Financial institutions must implement enhanced controls per SAMA requirements,AUDIT_REPORT|RISK_ASSESSMENT,False
7625,1436,PCI-DSS,5.59,FINTECH,mandatory,critical,1,FinTech companies must meet both SAMA and PCI requirements,PENTEST|SCAN_REPORT,False
7626,1436,PCI-DSS,5.59,RETAIL,mandatory,critical,1,,,False
7627,1437,PCI-DSS,6.59,BANKING,mandatory,critical,2,Financial institutions must implement enhanced controls per SAMA requirements,AUDIT_REPORT|RISK_ASSESSMENT,False
7628,1437,PCI-DSS,6.59,FINTECH,mandatory,critical,2,FinTech companies must meet both SAMA and PCI requirements,PENTEST|SCAN_REPORT,False
7629,1437,PCI-DSS,6.59,RETAIL,mandatory,high,2,,,False
7630,1438,PCI-DSS,1.60,BANKING,mandatory,high,3,Financial institutions must implement enhanced controls per SAMA requirements,AUDIT_REPORT|RISK_ASSESSMENT,False
7631,1438,PCI-DSS,1.60,FINTECH,mandatory,high,3,FinTech companies must meet both SAMA and PCI requirements,PENTEST|SCAN_REPORT,False
7632,1438,PCI-DSS,1.60,RETAIL,mandatory,medium,3,,,False
7633,1439,PCI-DSS,2.60,BANKING,mandatory,medium,4,Financial institutions must implement enhanced controls per SAMA requirements,AUDIT_REPORT|RISK_ASSESSMENT,False
7634,1439,PCI-DSS,2.60,FINTECH,mandatory,medium,4,FinTech companies must meet both SAMA and PCI requirements,PENTEST|SCAN_REPORT,False
7635,1439,PCI-DSS,2.60,RETAIL,mandatory,low,4,,,False
7636,1440,PCI-DSS,3.60,BANKING,mandatory,critical,1,Financial institutions must implement enhanced controls per SAMA requirements,AUDIT_REPORT|RISK_ASSESSMENT,False
7637,1440,PCI-DSS,3.60,FINTECH,mandatory,critical,1,FinTech companies must meet both SAMA and PCI requirements,PENTEST|SCAN_REPORT,False
7638,1440,PCI-DSS,3.60,RETAIL,mandatory,critical,1,,,False
7639,1441,PCI-DSS,4.60,BANKING,mandatory,critical,2,Financial institutions must implement enhanced controls per SAMA requirements,AUDIT_REPORT|RISK_ASSESSMENT,False
7640,1441,PCI-DSS,4.60,FINTECH,mandatory,critical,2,FinTech companies must meet both SAMA and PCI requirements,PENTEST|SCAN_REPORT,False
7641,1441,PCI-DSS,4.60,RETAIL,mandatory,high,2,,,False
7642,1442,PCI-DSS,5.60,BANKING,mandatory,high,3,Financial institutions must implement enhanced controls per SAMA requirements,AUDIT_REPORT|RISK_ASSESSMENT,False
7643,1442,PCI-DSS,5.60,FINTECH,mandatory,high,3,FinTech companies must meet both SAMA and PCI requirements,PENTEST|SCAN_REPORT,False
7644,1442,PCI-DSS,5.60,RETAIL,mandatory,medium,3,,,False
7645,1443,PCI-DSS,6.60,BANKING,mandatory,medium,4,Financial institutions must implement enhanced controls per SAMA requirements,AUDIT_REPORT|RISK_ASSESSMENT,False
7646,1443,PCI-DSS,6.60,FINTECH,mandatory,medium,4,FinTech companies must meet both SAMA and PCI requirements,PENTEST|SCAN_REPORT,False
7647,1443,PCI-DSS,6.60,RETAIL,mandatory,low,4,,,False
7648,1444,PCI-DSS,1.61,BANKING,mandatory,critical,1,Financial institutions must implement enhanced controls per SAMA requirements,AUDIT_REPORT|RISK_ASSESSMENT,False
7649,1444,PCI-DSS,1.61,FINTECH,mandatory,critical,1,FinTech companies must meet both SAMA and PCI requirements,PENTEST|SCAN_REPORT,False
7650,1444,PCI-DSS,1.61,RETAIL,mandatory,critical,1,,,False
7651,1445,PCI-DSS,2.61,BANKING,mandatory,critical,2,Financial institutions must implement enhanced controls per SAMA requirements,AUDIT_REPORT|RISK_ASSESSMENT,False
7652,1445,PCI-DSS,2.61,FINTECH,mandatory,critical,2,FinTech companies must meet both SAMA and PCI requirements,PENTEST|SCAN_REPORT,False
7653,1445,PCI-DSS,2.61,RETAIL,mandatory,high,2,,,False
