id,framework_code,version_number,control_number,domain_code,domain_name_en,title_en,title_ar,requirement_en,requirement_ar,objective_en,control_type,control_category,maturity_level,priority,is_mandatory,testing_frequency,status
1,NCA-ECC,2.0,1.1,1,Governance,Governance - Control 1,Governance - ضابط 1,The organization shall implement governance controls to ensure compliance with Essential Cybersecurity Controls requirements.,يجب على المنظمة تطبيق ضوابط Governance لضمان الامتثال لمتطلبات الضوابط الأساسية للأمن السيبراني,To establish effective governance practices,preventive,administrative,1,critical,True,annually,active
2,NCA-ECC,2.0,2.1,2,Defense,Defense - Control 1,Defense - ضابط 1,The organization shall implement defense controls to ensure compliance with Essential Cybersecurity Controls requirements.,يجب على المنظمة تطبيق ضوابط Defense لضمان الامتثال لمتطلبات الضوابط الأساسية للأمن السيبراني,To establish effective defense practices,detective,technical,2,high,True,quarterly,active
3,NCA-ECC,2.0,3.1,3,Resilience,Resilience - Control 1,Resilience - ضابط 1,The organization shall implement resilience controls to ensure compliance with Essential Cybersecurity Controls requirements.,يجب على المنظمة تطبيق ضوابط Resilience لضمان الامتثال لمتطلبات الضوابط الأساسية للأمن السيبراني,To establish effective resilience practices,corrective,operational,3,medium,True,monthly,active
4,NCA-ECC,2.0,4.1,4,Third Party,Third Party - Control 1,Third Party - ضابط 1,The organization shall implement third party controls to ensure compliance with Essential Cybersecurity Controls requirements.,يجب على المنظمة تطبيق ضوابط Third Party لضمان الامتثال لمتطلبات الضوابط الأساسية للأمن السيبراني,To establish effective third party practices,preventive,administrative,4,low,True,continuous,active
5,NCA-ECC,2.0,5.1,5,ICS,ICS - Control 1,ICS - ضابط 1,The organization shall implement ics controls to ensure compliance with Essential Cybersecurity Controls requirements.,يجب على المنظمة تطبيق ضوابط ICS لضمان الامتثال لمتطلبات الضوابط الأساسية للأمن السيبراني,To establish effective ics practices,detective,technical,1,critical,True,annually,active
6,NCA-ECC,2.0,1.2,1,Governance,Governance - Control 2,Governance - ضابط 2,The organization shall implement governance controls to ensure compliance with Essential Cybersecurity Controls requirements.,يجب على المنظمة تطبيق ضوابط Governance لضمان الامتثال لمتطلبات الضوابط الأساسية للأمن السيبراني,To establish effective governance practices,corrective,operational,2,high,True,quarterly,active
7,NCA-ECC,2.0,2.2,2,Defense,Defense - Control 2,Defense - ضابط 2,The organization shall implement defense controls to ensure compliance with Essential Cybersecurity Controls requirements.,يجب على المنظمة تطبيق ضوابط Defense لضمان الامتثال لمتطلبات الضوابط الأساسية للأمن السيبراني,To establish effective defense practices,preventive,administrative,3,medium,True,monthly,active
8,NCA-ECC,2.0,3.2,3,Resilience,Resilience - Control 2,Resilience - ضابط 2,The organization shall implement resilience controls to ensure compliance with Essential Cybersecurity Controls requirements.,يجب على المنظمة تطبيق ضوابط Resilience لضمان الامتثال لمتطلبات الضوابط الأساسية للأمن السيبراني,To establish effective resilience practices,detective,technical,4,low,True,continuous,active
9,NCA-ECC,2.0,4.2,4,Third Party,Third Party - Control 2,Third Party - ضابط 2,The organization shall implement third party controls to ensure compliance with Essential Cybersecurity Controls requirements.,يجب على المنظمة تطبيق ضوابط Third Party لضمان الامتثال لمتطلبات الضوابط الأساسية للأمن السيبراني,To establish effective third party practices,corrective,operational,1,critical,True,annually,active
10,NCA-ECC,2.0,5.2,5,ICS,ICS - Control 2,ICS - ضابط 2,The organization shall implement ics controls to ensure compliance with Essential Cybersecurity Controls requirements.,يجب على المنظمة تطبيق ضوابط ICS لضمان الامتثال لمتطلبات الضوابط الأساسية للأمن السيبراني,To establish effective ics practices,preventive,administrative,2,high,True,quarterly,active
11,NCA-ECC,2.0,1.3,1,Governance,Governance - Control 3,Governance - ضابط 3,The organization shall implement governance controls to ensure compliance with Essential Cybersecurity Controls requirements.,يجب على المنظمة تطبيق ضوابط Governance لضمان الامتثال لمتطلبات الضوابط الأساسية للأمن السيبراني,To establish effective governance practices,detective,technical,3,medium,True,monthly,active
12,NCA-ECC,2.0,2.3,2,Defense,Defense - Control 3,Defense - ضابط 3,The organization shall implement defense controls to ensure compliance with Essential Cybersecurity Controls requirements.,يجب على المنظمة تطبيق ضوابط Defense لضمان الامتثال لمتطلبات الضوابط الأساسية للأمن السيبراني,To establish effective defense practices,corrective,operational,4,low,True,continuous,active
13,NCA-ECC,2.0,3.3,3,Resilience,Resilience - Control 3,Resilience - ضابط 3,The organization shall implement resilience controls to ensure compliance with Essential Cybersecurity Controls requirements.,يجب على المنظمة تطبيق ضوابط Resilience لضمان الامتثال لمتطلبات الضوابط الأساسية للأمن السيبراني,To establish effective resilience practices,preventive,administrative,1,critical,True,annually,active
14,NCA-ECC,2.0,4.3,4,Third Party,Third Party - Control 3,Third Party - ضابط 3,The organization shall implement third party controls to ensure compliance with Essential Cybersecurity Controls requirements.,يجب على المنظمة تطبيق ضوابط Third Party لضمان الامتثال لمتطلبات الضوابط الأساسية للأمن السيبراني,To establish effective third party practices,detective,technical,2,high,True,quarterly,active
15,NCA-ECC,2.0,5.3,5,ICS,ICS - Control 3,ICS - ضابط 3,The organization shall implement ics controls to ensure compliance with Essential Cybersecurity Controls requirements.,يجب على المنظمة تطبيق ضوابط ICS لضمان الامتثال لمتطلبات الضوابط الأساسية للأمن السيبراني,To establish effective ics practices,corrective,operational,3,medium,True,monthly,active
16,NCA-ECC,2.0,1.4,1,Governance,Governance - Control 4,Governance - ضابط 4,The organization shall implement governance controls to ensure compliance with Essential Cybersecurity Controls requirements.,يجب على المنظمة تطبيق ضوابط Governance لضمان الامتثال لمتطلبات الضوابط الأساسية للأمن السيبراني,To establish effective governance practices,preventive,administrative,4,low,True,continuous,active
17,NCA-ECC,2.0,2.4,2,Defense,Defense - Control 4,Defense - ضابط 4,The organization shall implement defense controls to ensure compliance with Essential Cybersecurity Controls requirements.,يجب على المنظمة تطبيق ضوابط Defense لضمان الامتثال لمتطلبات الضوابط الأساسية للأمن السيبراني,To establish effective defense practices,detective,technical,1,critical,True,annually,active
18,NCA-ECC,2.0,3.4,3,Resilience,Resilience - Control 4,Resilience - ضابط 4,The organization shall implement resilience controls to ensure compliance with Essential Cybersecurity Controls requirements.,يجب على المنظمة تطبيق ضوابط Resilience لضمان الامتثال لمتطلبات الضوابط الأساسية للأمن السيبراني,To establish effective resilience practices,corrective,operational,2,high,True,quarterly,active
19,NCA-ECC,2.0,4.4,4,Third Party,Third Party - Control 4,Third Party - ضابط 4,The organization shall implement third party controls to ensure compliance with Essential Cybersecurity Controls requirements.,يجب على المنظمة تطبيق ضوابط Third Party لضمان الامتثال لمتطلبات الضوابط الأساسية للأمن السيبراني,To establish effective third party practices,preventive,administrative,3,medium,True,monthly,active
20,NCA-ECC,2.0,5.4,5,ICS,ICS - Control 4,ICS - ضابط 4,The organization shall implement ics controls to ensure compliance with Essential Cybersecurity Controls requirements.,يجب على المنظمة تطبيق ضوابط ICS لضمان الامتثال لمتطلبات الضوابط الأساسية للأمن السيبراني,To establish effective ics practices,detective,technical,4,low,True,continuous,active
21,NCA-ECC,2.0,1.5,1,Governance,Governance - Control 5,Governance - ضابط 5,The organization shall implement governance controls to ensure compliance with Essential Cybersecurity Controls requirements.,يجب على المنظمة تطبيق ضوابط Governance لضمان الامتثال لمتطلبات الضوابط الأساسية للأمن السيبراني,To establish effective governance practices,corrective,operational,1,critical,True,annually,active
22,NCA-ECC,2.0,2.5,2,Defense,Defense - Control 5,Defense - ضابط 5,The organization shall implement defense controls to ensure compliance with Essential Cybersecurity Controls requirements.,يجب على المنظمة تطبيق ضوابط Defense لضمان الامتثال لمتطلبات الضوابط الأساسية للأمن السيبراني,To establish effective defense practices,preventive,administrative,2,high,True,quarterly,active
23,NCA-ECC,2.0,3.5,3,Resilience,Resilience - Control 5,Resilience - ضابط 5,The organization shall implement resilience controls to ensure compliance with Essential Cybersecurity Controls requirements.,يجب على المنظمة تطبيق ضوابط Resilience لضمان الامتثال لمتطلبات الضوابط الأساسية للأمن السيبراني,To establish effective resilience practices,detective,technical,3,medium,True,monthly,active
24,NCA-ECC,2.0,4.5,4,Third Party,Third Party - Control 5,Third Party - ضابط 5,The organization shall implement third party controls to ensure compliance with Essential Cybersecurity Controls requirements.,يجب على المنظمة تطبيق ضوابط Third Party لضمان الامتثال لمتطلبات الضوابط الأساسية للأمن السيبراني,To establish effective third party practices,corrective,operational,4,low,True,continuous,active
25,NCA-ECC,2.0,5.5,5,ICS,ICS - Control 5,ICS - ضابط 5,The organization shall implement ics controls to ensure compliance with Essential Cybersecurity Controls requirements.,يجب على المنظمة تطبيق ضوابط ICS لضمان الامتثال لمتطلبات الضوابط الأساسية للأمن السيبراني,To establish effective ics practices,preventive,administrative,1,critical,True,annually,active
26,NCA-ECC,2.0,1.6,1,Governance,Governance - Control 6,Governance - ضابط 6,The organization shall implement governance controls to ensure compliance with Essential Cybersecurity Controls requirements.,يجب على المنظمة تطبيق ضوابط Governance لضمان الامتثال لمتطلبات الضوابط الأساسية للأمن السيبراني,To establish effective governance practices,detective,technical,2,high,True,quarterly,active
27,NCA-ECC,2.0,2.6,2,Defense,Defense - Control 6,Defense - ضابط 6,The organization shall implement defense controls to ensure compliance with Essential Cybersecurity Controls requirements.,يجب على المنظمة تطبيق ضوابط Defense لضمان الامتثال لمتطلبات الضوابط الأساسية للأمن السيبراني,To establish effective defense practices,corrective,operational,3,medium,True,monthly,active
28,NCA-ECC,2.0,3.6,3,Resilience,Resilience - Control 6,Resilience - ضابط 6,The organization shall implement resilience controls to ensure compliance with Essential Cybersecurity Controls requirements.,يجب على المنظمة تطبيق ضوابط Resilience لضمان الامتثال لمتطلبات الضوابط الأساسية للأمن السيبراني,To establish effective resilience practices,preventive,administrative,4,low,True,continuous,active
29,NCA-ECC,2.0,4.6,4,Third Party,Third Party - Control 6,Third Party - ضابط 6,The organization shall implement third party controls to ensure compliance with Essential Cybersecurity Controls requirements.,يجب على المنظمة تطبيق ضوابط Third Party لضمان الامتثال لمتطلبات الضوابط الأساسية للأمن السيبراني,To establish effective third party practices,detective,technical,1,critical,True,annually,active
30,NCA-ECC,2.0,5.6,5,ICS,ICS - Control 6,ICS - ضابط 6,The organization shall implement ics controls to ensure compliance with Essential Cybersecurity Controls requirements.,يجب على المنظمة تطبيق ضوابط ICS لضمان الامتثال لمتطلبات الضوابط الأساسية للأمن السيبراني,To establish effective ics practices,corrective,operational,2,high,True,quarterly,active
31,NCA-ECC,2.0,1.7,1,Governance,Governance - Control 7,Governance - ضابط 7,The organization shall implement governance controls to ensure compliance with Essential Cybersecurity Controls requirements.,يجب على المنظمة تطبيق ضوابط Governance لضمان الامتثال لمتطلبات الضوابط الأساسية للأمن السيبراني,To establish effective governance practices,preventive,administrative,3,medium,True,monthly,active
32,NCA-ECC,2.0,2.7,2,Defense,Defense - Control 7,Defense - ضابط 7,The organization shall implement defense controls to ensure compliance with Essential Cybersecurity Controls requirements.,يجب على المنظمة تطبيق ضوابط Defense لضمان الامتثال لمتطلبات الضوابط الأساسية للأمن السيبراني,To establish effective defense practices,detective,technical,4,low,True,continuous,active
33,NCA-ECC,2.0,3.7,3,Resilience,Resilience - Control 7,Resilience - ضابط 7,The organization shall implement resilience controls to ensure compliance with Essential Cybersecurity Controls requirements.,يجب على المنظمة تطبيق ضوابط Resilience لضمان الامتثال لمتطلبات الضوابط الأساسية للأمن السيبراني,To establish effective resilience practices,corrective,operational,1,critical,True,annually,active
34,NCA-ECC,2.0,4.7,4,Third Party,Third Party - Control 7,Third Party - ضابط 7,The organization shall implement third party controls to ensure compliance with Essential Cybersecurity Controls requirements.,يجب على المنظمة تطبيق ضوابط Third Party لضمان الامتثال لمتطلبات الضوابط الأساسية للأمن السيبراني,To establish effective third party practices,preventive,administrative,2,high,True,quarterly,active
35,NCA-ECC,2.0,5.7,5,ICS,ICS - Control 7,ICS - ضابط 7,The organization shall implement ics controls to ensure compliance with Essential Cybersecurity Controls requirements.,يجب على المنظمة تطبيق ضوابط ICS لضمان الامتثال لمتطلبات الضوابط الأساسية للأمن السيبراني,To establish effective ics practices,detective,technical,3,medium,True,monthly,active
36,NCA-ECC,2.0,1.8,1,Governance,Governance - Control 8,Governance - ضابط 8,The organization shall implement governance controls to ensure compliance with Essential Cybersecurity Controls requirements.,يجب على المنظمة تطبيق ضوابط Governance لضمان الامتثال لمتطلبات الضوابط الأساسية للأمن السيبراني,To establish effective governance practices,corrective,operational,4,low,True,continuous,active
37,NCA-ECC,2.0,2.8,2,Defense,Defense - Control 8,Defense - ضابط 8,The organization shall implement defense controls to ensure compliance with Essential Cybersecurity Controls requirements.,يجب على المنظمة تطبيق ضوابط Defense لضمان الامتثال لمتطلبات الضوابط الأساسية للأمن السيبراني,To establish effective defense practices,preventive,administrative,1,critical,True,annually,active
38,NCA-ECC,2.0,3.8,3,Resilience,Resilience - Control 8,Resilience - ضابط 8,The organization shall implement resilience controls to ensure compliance with Essential Cybersecurity Controls requirements.,يجب على المنظمة تطبيق ضوابط Resilience لضمان الامتثال لمتطلبات الضوابط الأساسية للأمن السيبراني,To establish effective resilience practices,detective,technical,2,high,True,quarterly,active
39,NCA-ECC,2.0,4.8,4,Third Party,Third Party - Control 8,Third Party - ضابط 8,The organization shall implement third party controls to ensure compliance with Essential Cybersecurity Controls requirements.,يجب على المنظمة تطبيق ضوابط Third Party لضمان الامتثال لمتطلبات الضوابط الأساسية للأمن السيبراني,To establish effective third party practices,corrective,operational,3,medium,True,monthly,active
40,NCA-ECC,2.0,5.8,5,ICS,ICS - Control 8,ICS - ضابط 8,The organization shall implement ics controls to ensure compliance with Essential Cybersecurity Controls requirements.,يجب على المنظمة تطبيق ضوابط ICS لضمان الامتثال لمتطلبات الضوابط الأساسية للأمن السيبراني,To establish effective ics practices,preventive,administrative,4,low,True,continuous,active
41,NCA-ECC,2.0,1.9,1,Governance,Governance - Control 9,Governance - ضابط 9,The organization shall implement governance controls to ensure compliance with Essential Cybersecurity Controls requirements.,يجب على المنظمة تطبيق ضوابط Governance لضمان الامتثال لمتطلبات الضوابط الأساسية للأمن السيبراني,To establish effective governance practices,detective,technical,1,critical,True,annually,active
42,NCA-ECC,2.0,2.9,2,Defense,Defense - Control 9,Defense - ضابط 9,The organization shall implement defense controls to ensure compliance with Essential Cybersecurity Controls requirements.,يجب على المنظمة تطبيق ضوابط Defense لضمان الامتثال لمتطلبات الضوابط الأساسية للأمن السيبراني,To establish effective defense practices,corrective,operational,2,high,True,quarterly,active
43,NCA-ECC,2.0,3.9,3,Resilience,Resilience - Control 9,Resilience - ضابط 9,The organization shall implement resilience controls to ensure compliance with Essential Cybersecurity Controls requirements.,يجب على المنظمة تطبيق ضوابط Resilience لضمان الامتثال لمتطلبات الضوابط الأساسية للأمن السيبراني,To establish effective resilience practices,preventive,administrative,3,medium,True,monthly,active
44,NCA-ECC,2.0,4.9,4,Third Party,Third Party - Control 9,Third Party - ضابط 9,The organization shall implement third party controls to ensure compliance with Essential Cybersecurity Controls requirements.,يجب على المنظمة تطبيق ضوابط Third Party لضمان الامتثال لمتطلبات الضوابط الأساسية للأمن السيبراني,To establish effective third party practices,detective,technical,4,low,True,continuous,active
45,NCA-ECC,2.0,5.9,5,ICS,ICS - Control 9,ICS - ضابط 9,The organization shall implement ics controls to ensure compliance with Essential Cybersecurity Controls requirements.,يجب على المنظمة تطبيق ضوابط ICS لضمان الامتثال لمتطلبات الضوابط الأساسية للأمن السيبراني,To establish effective ics practices,corrective,operational,1,critical,True,annually,active
46,NCA-ECC,2.0,1.10,1,Governance,Governance - Control 10,Governance - ضابط 10,The organization shall implement governance controls to ensure compliance with Essential Cybersecurity Controls requirements.,يجب على المنظمة تطبيق ضوابط Governance لضمان الامتثال لمتطلبات الضوابط الأساسية للأمن السيبراني,To establish effective governance practices,preventive,administrative,2,high,True,quarterly,active
47,NCA-ECC,2.0,2.10,2,Defense,Defense - Control 10,Defense - ضابط 10,The organization shall implement defense controls to ensure compliance with Essential Cybersecurity Controls requirements.,يجب على المنظمة تطبيق ضوابط Defense لضمان الامتثال لمتطلبات الضوابط الأساسية للأمن السيبراني,To establish effective defense practices,detective,technical,3,medium,True,monthly,active
48,NCA-ECC,2.0,3.10,3,Resilience,Resilience - Control 10,Resilience - ضابط 10,The organization shall implement resilience controls to ensure compliance with Essential Cybersecurity Controls requirements.,يجب على المنظمة تطبيق ضوابط Resilience لضمان الامتثال لمتطلبات الضوابط الأساسية للأمن السيبراني,To establish effective resilience practices,corrective,operational,4,low,True,continuous,active
49,NCA-ECC,2.0,4.10,4,Third Party,Third Party - Control 10,Third Party - ضابط 10,The organization shall implement third party controls to ensure compliance with Essential Cybersecurity Controls requirements.,يجب على المنظمة تطبيق ضوابط Third Party لضمان الامتثال لمتطلبات الضوابط الأساسية للأمن السيبراني,To establish effective third party practices,preventive,administrative,1,critical,True,annually,active
50,NCA-ECC,2.0,5.10,5,ICS,ICS - Control 10,ICS - ضابط 10,The organization shall implement ics controls to ensure compliance with Essential Cybersecurity Controls requirements.,يجب على المنظمة تطبيق ضوابط ICS لضمان الامتثال لمتطلبات الضوابط الأساسية للأمن السيبراني,To establish effective ics practices,detective,technical,2,high,True,quarterly,active
51,NCA-ECC,2.0,1.11,1,Governance,Governance - Control 11,Governance - ضابط 11,The organization shall implement governance controls to ensure compliance with Essential Cybersecurity Controls requirements.,يجب على المنظمة تطبيق ضوابط Governance لضمان الامتثال لمتطلبات الضوابط الأساسية للأمن السيبراني,To establish effective governance practices,corrective,operational,3,medium,True,monthly,active
52,NCA-ECC,2.0,2.11,2,Defense,Defense - Control 11,Defense - ضابط 11,The organization shall implement defense controls to ensure compliance with Essential Cybersecurity Controls requirements.,يجب على المنظمة تطبيق ضوابط Defense لضمان الامتثال لمتطلبات الضوابط الأساسية للأمن السيبراني,To establish effective defense practices,preventive,administrative,4,low,True,continuous,active
53,NCA-ECC,2.0,3.11,3,Resilience,Resilience - Control 11,Resilience - ضابط 11,The organization shall implement resilience controls to ensure compliance with Essential Cybersecurity Controls requirements.,يجب على المنظمة تطبيق ضوابط Resilience لضمان الامتثال لمتطلبات الضوابط الأساسية للأمن السيبراني,To establish effective resilience practices,detective,technical,1,critical,True,annually,active
54,NCA-ECC,2.0,4.11,4,Third Party,Third Party - Control 11,Third Party - ضابط 11,The organization shall implement third party controls to ensure compliance with Essential Cybersecurity Controls requirements.,يجب على المنظمة تطبيق ضوابط Third Party لضمان الامتثال لمتطلبات الضوابط الأساسية للأمن السيبراني,To establish effective third party practices,corrective,operational,2,high,True,quarterly,active
55,NCA-ECC,2.0,5.11,5,ICS,ICS - Control 11,ICS - ضابط 11,The organization shall implement ics controls to ensure compliance with Essential Cybersecurity Controls requirements.,يجب على المنظمة تطبيق ضوابط ICS لضمان الامتثال لمتطلبات الضوابط الأساسية للأمن السيبراني,To establish effective ics practices,preventive,administrative,3,medium,True,monthly,active
56,NCA-ECC,2.0,1.12,1,Governance,Governance - Control 12,Governance - ضابط 12,The organization shall implement governance controls to ensure compliance with Essential Cybersecurity Controls requirements.,يجب على المنظمة تطبيق ضوابط Governance لضمان الامتثال لمتطلبات الضوابط الأساسية للأمن السيبراني,To establish effective governance practices,detective,technical,4,low,True,continuous,active
57,NCA-ECC,2.0,2.12,2,Defense,Defense - Control 12,Defense - ضابط 12,The organization shall implement defense controls to ensure compliance with Essential Cybersecurity Controls requirements.,يجب على المنظمة تطبيق ضوابط Defense لضمان الامتثال لمتطلبات الضوابط الأساسية للأمن السيبراني,To establish effective defense practices,corrective,operational,1,critical,True,annually,active
58,NCA-ECC,2.0,3.12,3,Resilience,Resilience - Control 12,Resilience - ضابط 12,The organization shall implement resilience controls to ensure compliance with Essential Cybersecurity Controls requirements.,يجب على المنظمة تطبيق ضوابط Resilience لضمان الامتثال لمتطلبات الضوابط الأساسية للأمن السيبراني,To establish effective resilience practices,preventive,administrative,2,high,True,quarterly,active
59,NCA-ECC,2.0,4.12,4,Third Party,Third Party - Control 12,Third Party - ضابط 12,The organization shall implement third party controls to ensure compliance with Essential Cybersecurity Controls requirements.,يجب على المنظمة تطبيق ضوابط Third Party لضمان الامتثال لمتطلبات الضوابط الأساسية للأمن السيبراني,To establish effective third party practices,detective,technical,3,medium,True,monthly,active
60,NCA-ECC,2.0,5.12,5,ICS,ICS - Control 12,ICS - ضابط 12,The organization shall implement ics controls to ensure compliance with Essential Cybersecurity Controls requirements.,يجب على المنظمة تطبيق ضوابط ICS لضمان الامتثال لمتطلبات الضوابط الأساسية للأمن السيبراني,To establish effective ics practices,corrective,operational,4,low,True,continuous,active
61,NCA-ECC,2.0,1.13,1,Governance,Governance - Control 13,Governance - ضابط 13,The organization shall implement governance controls to ensure compliance with Essential Cybersecurity Controls requirements.,يجب على المنظمة تطبيق ضوابط Governance لضمان الامتثال لمتطلبات الضوابط الأساسية للأمن السيبراني,To establish effective governance practices,preventive,administrative,1,critical,True,annually,active
62,NCA-ECC,2.0,2.13,2,Defense,Defense - Control 13,Defense - ضابط 13,The organization shall implement defense controls to ensure compliance with Essential Cybersecurity Controls requirements.,يجب على المنظمة تطبيق ضوابط Defense لضمان الامتثال لمتطلبات الضوابط الأساسية للأمن السيبراني,To establish effective defense practices,detective,technical,2,high,True,quarterly,active
63,NCA-ECC,2.0,3.13,3,Resilience,Resilience - Control 13,Resilience - ضابط 13,The organization shall implement resilience controls to ensure compliance with Essential Cybersecurity Controls requirements.,يجب على المنظمة تطبيق ضوابط Resilience لضمان الامتثال لمتطلبات الضوابط الأساسية للأمن السيبراني,To establish effective resilience practices,corrective,operational,3,medium,True,monthly,active
64,NCA-ECC,2.0,4.13,4,Third Party,Third Party - Control 13,Third Party - ضابط 13,The organization shall implement third party controls to ensure compliance with Essential Cybersecurity Controls requirements.,يجب على المنظمة تطبيق ضوابط Third Party لضمان الامتثال لمتطلبات الضوابط الأساسية للأمن السيبراني,To establish effective third party practices,preventive,administrative,4,low,True,continuous,active
65,NCA-ECC,2.0,5.13,5,ICS,ICS - Control 13,ICS - ضابط 13,The organization shall implement ics controls to ensure compliance with Essential Cybersecurity Controls requirements.,يجب على المنظمة تطبيق ضوابط ICS لضمان الامتثال لمتطلبات الضوابط الأساسية للأمن السيبراني,To establish effective ics practices,detective,technical,1,critical,True,annually,active
66,NCA-ECC,2.0,1.14,1,Governance,Governance - Control 14,Governance - ضابط 14,The organization shall implement governance controls to ensure compliance with Essential Cybersecurity Controls requirements.,يجب على المنظمة تطبيق ضوابط Governance لضمان الامتثال لمتطلبات الضوابط الأساسية للأمن السيبراني,To establish effective governance practices,corrective,operational,2,high,True,quarterly,active
67,NCA-ECC,2.0,2.14,2,Defense,Defense - Control 14,Defense - ضابط 14,The organization shall implement defense controls to ensure compliance with Essential Cybersecurity Controls requirements.,يجب على المنظمة تطبيق ضوابط Defense لضمان الامتثال لمتطلبات الضوابط الأساسية للأمن السيبراني,To establish effective defense practices,preventive,administrative,3,medium,True,monthly,active
68,NCA-ECC,2.0,3.14,3,Resilience,Resilience - Control 14,Resilience - ضابط 14,The organization shall implement resilience controls to ensure compliance with Essential Cybersecurity Controls requirements.,يجب على المنظمة تطبيق ضوابط Resilience لضمان الامتثال لمتطلبات الضوابط الأساسية للأمن السيبراني,To establish effective resilience practices,detective,technical,4,low,True,continuous,active
69,NCA-ECC,2.0,4.14,4,Third Party,Third Party - Control 14,Third Party - ضابط 14,The organization shall implement third party controls to ensure compliance with Essential Cybersecurity Controls requirements.,يجب على المنظمة تطبيق ضوابط Third Party لضمان الامتثال لمتطلبات الضوابط الأساسية للأمن السيبراني,To establish effective third party practices,corrective,operational,1,critical,True,annually,active
70,NCA-ECC,2.0,5.14,5,ICS,ICS - Control 14,ICS - ضابط 14,The organization shall implement ics controls to ensure compliance with Essential Cybersecurity Controls requirements.,يجب على المنظمة تطبيق ضوابط ICS لضمان الامتثال لمتطلبات الضوابط الأساسية للأمن السيبراني,To establish effective ics practices,preventive,administrative,2,high,True,quarterly,active
71,NCA-ECC,2.0,1.15,1,Governance,Governance - Control 15,Governance - ضابط 15,The organization shall implement governance controls to ensure compliance with Essential Cybersecurity Controls requirements.,يجب على المنظمة تطبيق ضوابط Governance لضمان الامتثال لمتطلبات الضوابط الأساسية للأمن السيبراني,To establish effective governance practices,detective,technical,3,medium,True,monthly,active
72,NCA-ECC,2.0,2.15,2,Defense,Defense - Control 15,Defense - ضابط 15,The organization shall implement defense controls to ensure compliance with Essential Cybersecurity Controls requirements.,يجب على المنظمة تطبيق ضوابط Defense لضمان الامتثال لمتطلبات الضوابط الأساسية للأمن السيبراني,To establish effective defense practices,corrective,operational,4,low,True,continuous,active
73,NCA-ECC,2.0,3.15,3,Resilience,Resilience - Control 15,Resilience - ضابط 15,The organization shall implement resilience controls to ensure compliance with Essential Cybersecurity Controls requirements.,يجب على المنظمة تطبيق ضوابط Resilience لضمان الامتثال لمتطلبات الضوابط الأساسية للأمن السيبراني,To establish effective resilience practices,preventive,administrative,1,critical,True,annually,active
74,NCA-ECC,2.0,4.15,4,Third Party,Third Party - Control 15,Third Party - ضابط 15,The organization shall implement third party controls to ensure compliance with Essential Cybersecurity Controls requirements.,يجب على المنظمة تطبيق ضوابط Third Party لضمان الامتثال لمتطلبات الضوابط الأساسية للأمن السيبراني,To establish effective third party practices,detective,technical,2,high,True,quarterly,active
75,NCA-ECC,2.0,5.15,5,ICS,ICS - Control 15,ICS - ضابط 15,The organization shall implement ics controls to ensure compliance with Essential Cybersecurity Controls requirements.,يجب على المنظمة تطبيق ضوابط ICS لضمان الامتثال لمتطلبات الضوابط الأساسية للأمن السيبراني,To establish effective ics practices,corrective,operational,3,medium,True,monthly,active
76,NCA-ECC,2.0,1.16,1,Governance,Governance - Control 16,Governance - ضابط 16,The organization shall implement governance controls to ensure compliance with Essential Cybersecurity Controls requirements.,يجب على المنظمة تطبيق ضوابط Governance لضمان الامتثال لمتطلبات الضوابط الأساسية للأمن السيبراني,To establish effective governance practices,preventive,administrative,4,low,True,continuous,active
77,NCA-ECC,2.0,2.16,2,Defense,Defense - Control 16,Defense - ضابط 16,The organization shall implement defense controls to ensure compliance with Essential Cybersecurity Controls requirements.,يجب على المنظمة تطبيق ضوابط Defense لضمان الامتثال لمتطلبات الضوابط الأساسية للأمن السيبراني,To establish effective defense practices,detective,technical,1,critical,True,annually,active
78,NCA-ECC,2.0,3.16,3,Resilience,Resilience - Control 16,Resilience - ضابط 16,The organization shall implement resilience controls to ensure compliance with Essential Cybersecurity Controls requirements.,يجب على المنظمة تطبيق ضوابط Resilience لضمان الامتثال لمتطلبات الضوابط الأساسية للأمن السيبراني,To establish effective resilience practices,corrective,operational,2,high,True,quarterly,active
79,NCA-ECC,2.0,4.16,4,Third Party,Third Party - Control 16,Third Party - ضابط 16,The organization shall implement third party controls to ensure compliance with Essential Cybersecurity Controls requirements.,يجب على المنظمة تطبيق ضوابط Third Party لضمان الامتثال لمتطلبات الضوابط الأساسية للأمن السيبراني,To establish effective third party practices,preventive,administrative,3,medium,True,monthly,active
80,NCA-ECC,2.0,5.16,5,ICS,ICS - Control 16,ICS - ضابط 16,The organization shall implement ics controls to ensure compliance with Essential Cybersecurity Controls requirements.,يجب على المنظمة تطبيق ضوابط ICS لضمان الامتثال لمتطلبات الضوابط الأساسية للأمن السيبراني,To establish effective ics practices,detective,technical,4,low,True,continuous,active
81,NCA-ECC,2.0,1.17,1,Governance,Governance - Control 17,Governance - ضابط 17,The organization shall implement governance controls to ensure compliance with Essential Cybersecurity Controls requirements.,يجب على المنظمة تطبيق ضوابط Governance لضمان الامتثال لمتطلبات الضوابط الأساسية للأمن السيبراني,To establish effective governance practices,corrective,operational,1,critical,True,annually,active
82,NCA-ECC,2.0,2.17,2,Defense,Defense - Control 17,Defense - ضابط 17,The organization shall implement defense controls to ensure compliance with Essential Cybersecurity Controls requirements.,يجب على المنظمة تطبيق ضوابط Defense لضمان الامتثال لمتطلبات الضوابط الأساسية للأمن السيبراني,To establish effective defense practices,preventive,administrative,2,high,True,quarterly,active
83,NCA-ECC,2.0,3.17,3,Resilience,Resilience - Control 17,Resilience - ضابط 17,The organization shall implement resilience controls to ensure compliance with Essential Cybersecurity Controls requirements.,يجب على المنظمة تطبيق ضوابط Resilience لضمان الامتثال لمتطلبات الضوابط الأساسية للأمن السيبراني,To establish effective resilience practices,detective,technical,3,medium,True,monthly,active
84,NCA-ECC,2.0,4.17,4,Third Party,Third Party - Control 17,Third Party - ضابط 17,The organization shall implement third party controls to ensure compliance with Essential Cybersecurity Controls requirements.,يجب على المنظمة تطبيق ضوابط Third Party لضمان الامتثال لمتطلبات الضوابط الأساسية للأمن السيبراني,To establish effective third party practices,corrective,operational,4,low,True,continuous,active
85,NCA-ECC,2.0,5.17,5,ICS,ICS - Control 17,ICS - ضابط 17,The organization shall implement ics controls to ensure compliance with Essential Cybersecurity Controls requirements.,يجب على المنظمة تطبيق ضوابط ICS لضمان الامتثال لمتطلبات الضوابط الأساسية للأمن السيبراني,To establish effective ics practices,preventive,administrative,1,critical,True,annually,active
86,NCA-ECC,2.0,1.18,1,Governance,Governance - Control 18,Governance - ضابط 18,The organization shall implement governance controls to ensure compliance with Essential Cybersecurity Controls requirements.,يجب على المنظمة تطبيق ضوابط Governance لضمان الامتثال لمتطلبات الضوابط الأساسية للأمن السيبراني,To establish effective governance practices,detective,technical,2,high,True,quarterly,active
87,NCA-ECC,2.0,2.18,2,Defense,Defense - Control 18,Defense - ضابط 18,The organization shall implement defense controls to ensure compliance with Essential Cybersecurity Controls requirements.,يجب على المنظمة تطبيق ضوابط Defense لضمان الامتثال لمتطلبات الضوابط الأساسية للأمن السيبراني,To establish effective defense practices,corrective,operational,3,medium,True,monthly,active
88,NCA-ECC,2.0,3.18,3,Resilience,Resilience - Control 18,Resilience - ضابط 18,The organization shall implement resilience controls to ensure compliance with Essential Cybersecurity Controls requirements.,يجب على المنظمة تطبيق ضوابط Resilience لضمان الامتثال لمتطلبات الضوابط الأساسية للأمن السيبراني,To establish effective resilience practices,preventive,administrative,4,low,True,continuous,active
89,NCA-ECC,2.0,4.18,4,Third Party,Third Party - Control 18,Third Party - ضابط 18,The organization shall implement third party controls to ensure compliance with Essential Cybersecurity Controls requirements.,يجب على المنظمة تطبيق ضوابط Third Party لضمان الامتثال لمتطلبات الضوابط الأساسية للأمن السيبراني,To establish effective third party practices,detective,technical,1,critical,True,annually,active
90,NCA-ECC,2.0,5.18,5,ICS,ICS - Control 18,ICS - ضابط 18,The organization shall implement ics controls to ensure compliance with Essential Cybersecurity Controls requirements.,يجب على المنظمة تطبيق ضوابط ICS لضمان الامتثال لمتطلبات الضوابط الأساسية للأمن السيبراني,To establish effective ics practices,corrective,operational,2,high,True,quarterly,active
91,NCA-ECC,2.0,1.19,1,Governance,Governance - Control 19,Governance - ضابط 19,The organization shall implement governance controls to ensure compliance with Essential Cybersecurity Controls requirements.,يجب على المنظمة تطبيق ضوابط Governance لضمان الامتثال لمتطلبات الضوابط الأساسية للأمن السيبراني,To establish effective governance practices,preventive,administrative,3,medium,True,monthly,active
92,NCA-ECC,2.0,2.19,2,Defense,Defense - Control 19,Defense - ضابط 19,The organization shall implement defense controls to ensure compliance with Essential Cybersecurity Controls requirements.,يجب على المنظمة تطبيق ضوابط Defense لضمان الامتثال لمتطلبات الضوابط الأساسية للأمن السيبراني,To establish effective defense practices,detective,technical,4,low,True,continuous,active
93,NCA-ECC,2.0,3.19,3,Resilience,Resilience - Control 19,Resilience - ضابط 19,The organization shall implement resilience controls to ensure compliance with Essential Cybersecurity Controls requirements.,يجب على المنظمة تطبيق ضوابط Resilience لضمان الامتثال لمتطلبات الضوابط الأساسية للأمن السيبراني,To establish effective resilience practices,corrective,operational,1,critical,True,annually,active
94,NCA-ECC,2.0,4.19,4,Third Party,Third Party - Control 19,Third Party - ضابط 19,The organization shall implement third party controls to ensure compliance with Essential Cybersecurity Controls requirements.,يجب على المنظمة تطبيق ضوابط Third Party لضمان الامتثال لمتطلبات الضوابط الأساسية للأمن السيبراني,To establish effective third party practices,preventive,administrative,2,high,True,quarterly,active
95,NCA-ECC,2.0,5.19,5,ICS,ICS - Control 19,ICS - ضابط 19,The organization shall implement ics controls to ensure compliance with Essential Cybersecurity Controls requirements.,يجب على المنظمة تطبيق ضوابط ICS لضمان الامتثال لمتطلبات الضوابط الأساسية للأمن السيبراني,To establish effective ics practices,detective,technical,3,medium,True,monthly,active
96,NCA-ECC,2.0,1.20,1,Governance,Governance - Control 20,Governance - ضابط 20,The organization shall implement governance controls to ensure compliance with Essential Cybersecurity Controls requirements.,يجب على المنظمة تطبيق ضوابط Governance لضمان الامتثال لمتطلبات الضوابط الأساسية للأمن السيبراني,To establish effective governance practices,corrective,operational,4,low,True,continuous,active
97,NCA-ECC,2.0,2.20,2,Defense,Defense - Control 20,Defense - ضابط 20,The organization shall implement defense controls to ensure compliance with Essential Cybersecurity Controls requirements.,يجب على المنظمة تطبيق ضوابط Defense لضمان الامتثال لمتطلبات الضوابط الأساسية للأمن السيبراني,To establish effective defense practices,preventive,administrative,1,critical,True,annually,active
98,NCA-ECC,2.0,3.20,3,Resilience,Resilience - Control 20,Resilience - ضابط 20,The organization shall implement resilience controls to ensure compliance with Essential Cybersecurity Controls requirements.,يجب على المنظمة تطبيق ضوابط Resilience لضمان الامتثال لمتطلبات الضوابط الأساسية للأمن السيبراني,To establish effective resilience practices,detective,technical,2,high,True,quarterly,active
99,NCA-ECC,2.0,4.20,4,Third Party,Third Party - Control 20,Third Party - ضابط 20,The organization shall implement third party controls to ensure compliance with Essential Cybersecurity Controls requirements.,يجب على المنظمة تطبيق ضوابط Third Party لضمان الامتثال لمتطلبات الضوابط الأساسية للأمن السيبراني,To establish effective third party practices,corrective,operational,3,medium,True,monthly,active
100,NCA-ECC,2.0,5.20,5,ICS,ICS - Control 20,ICS - ضابط 20,The organization shall implement ics controls to ensure compliance with Essential Cybersecurity Controls requirements.,يجب على المنظمة تطبيق ضوابط ICS لضمان الامتثال لمتطلبات الضوابط الأساسية للأمن السيبراني,To establish effective ics practices,preventive,administrative,4,low,True,continuous,active
101,NCA-ECC,2.0,1.21,1,Governance,Governance - Control 21,Governance - ضابط 21,The organization shall implement governance controls to ensure compliance with Essential Cybersecurity Controls requirements.,يجب على المنظمة تطبيق ضوابط Governance لضمان الامتثال لمتطلبات الضوابط الأساسية للأمن السيبراني,To establish effective governance practices,detective,technical,1,critical,True,annually,active
102,NCA-ECC,2.0,2.21,2,Defense,Defense - Control 21,Defense - ضابط 21,The organization shall implement defense controls to ensure compliance with Essential Cybersecurity Controls requirements.,يجب على المنظمة تطبيق ضوابط Defense لضمان الامتثال لمتطلبات الضوابط الأساسية للأمن السيبراني,To establish effective defense practices,corrective,operational,2,high,True,quarterly,active
103,NCA-ECC,2.0,3.21,3,Resilience,Resilience - Control 21,Resilience - ضابط 21,The organization shall implement resilience controls to ensure compliance with Essential Cybersecurity Controls requirements.,يجب على المنظمة تطبيق ضوابط Resilience لضمان الامتثال لمتطلبات الضوابط الأساسية للأمن السيبراني,To establish effective resilience practices,preventive,administrative,3,medium,True,monthly,active
104,NCA-ECC,2.0,4.21,4,Third Party,Third Party - Control 21,Third Party - ضابط 21,The organization shall implement third party controls to ensure compliance with Essential Cybersecurity Controls requirements.,يجب على المنظمة تطبيق ضوابط Third Party لضمان الامتثال لمتطلبات الضوابط الأساسية للأمن السيبراني,To establish effective third party practices,detective,technical,4,low,True,continuous,active
105,NCA-ECC,2.0,5.21,5,ICS,ICS - Control 21,ICS - ضابط 21,The organization shall implement ics controls to ensure compliance with Essential Cybersecurity Controls requirements.,يجب على المنظمة تطبيق ضوابط ICS لضمان الامتثال لمتطلبات الضوابط الأساسية للأمن السيبراني,To establish effective ics practices,corrective,operational,1,critical,True,annually,active
106,NCA-ECC,2.0,1.22,1,Governance,Governance - Control 22,Governance - ضابط 22,The organization shall implement governance controls to ensure compliance with Essential Cybersecurity Controls requirements.,يجب على المنظمة تطبيق ضوابط Governance لضمان الامتثال لمتطلبات الضوابط الأساسية للأمن السيبراني,To establish effective governance practices,preventive,administrative,2,high,True,quarterly,active
107,NCA-ECC,2.0,2.22,2,Defense,Defense - Control 22,Defense - ضابط 22,The organization shall implement defense controls to ensure compliance with Essential Cybersecurity Controls requirements.,يجب على المنظمة تطبيق ضوابط Defense لضمان الامتثال لمتطلبات الضوابط الأساسية للأمن السيبراني,To establish effective defense practices,detective,technical,3,medium,True,monthly,active
108,NCA-ECC,2.0,3.22,3,Resilience,Resilience - Control 22,Resilience - ضابط 22,The organization shall implement resilience controls to ensure compliance with Essential Cybersecurity Controls requirements.,يجب على المنظمة تطبيق ضوابط Resilience لضمان الامتثال لمتطلبات الضوابط الأساسية للأمن السيبراني,To establish effective resilience practices,corrective,operational,4,low,True,continuous,active
109,NCA-ECC,2.0,4.22,4,Third Party,Third Party - Control 22,Third Party - ضابط 22,The organization shall implement third party controls to ensure compliance with Essential Cybersecurity Controls requirements.,يجب على المنظمة تطبيق ضوابط Third Party لضمان الامتثال لمتطلبات الضوابط الأساسية للأمن السيبراني,To establish effective third party practices,preventive,administrative,1,critical,True,annually,active
110,NCA-ECC,2.0,5.22,5,ICS,ICS - Control 22,ICS - ضابط 22,The organization shall implement ics controls to ensure compliance with Essential Cybersecurity Controls requirements.,يجب على المنظمة تطبيق ضوابط ICS لضمان الامتثال لمتطلبات الضوابط الأساسية للأمن السيبراني,To establish effective ics practices,detective,technical,2,high,True,quarterly,active
111,NCA-ECC,2.0,1.23,1,Governance,Governance - Control 23,Governance - ضابط 23,The organization shall implement governance controls to ensure compliance with Essential Cybersecurity Controls requirements.,يجب على المنظمة تطبيق ضوابط Governance لضمان الامتثال لمتطلبات الضوابط الأساسية للأمن السيبراني,To establish effective governance practices,corrective,operational,3,medium,True,monthly,active
112,NCA-ECC,2.0,2.23,2,Defense,Defense - Control 23,Defense - ضابط 23,The organization shall implement defense controls to ensure compliance with Essential Cybersecurity Controls requirements.,يجب على المنظمة تطبيق ضوابط Defense لضمان الامتثال لمتطلبات الضوابط الأساسية للأمن السيبراني,To establish effective defense practices,preventive,administrative,4,low,True,continuous,active
113,NCA-ECC,2.0,3.23,3,Resilience,Resilience - Control 23,Resilience - ضابط 23,The organization shall implement resilience controls to ensure compliance with Essential Cybersecurity Controls requirements.,يجب على المنظمة تطبيق ضوابط Resilience لضمان الامتثال لمتطلبات الضوابط الأساسية للأمن السيبراني,To establish effective resilience practices,detective,technical,1,critical,True,annually,active
114,NCA-ECC,2.0,4.23,4,Third Party,Third Party - Control 23,Third Party - ضابط 23,The organization shall implement third party controls to ensure compliance with Essential Cybersecurity Controls requirements.,يجب على المنظمة تطبيق ضوابط Third Party لضمان الامتثال لمتطلبات الضوابط الأساسية للأمن السيبراني,To establish effective third party practices,corrective,operational,2,high,True,quarterly,active
115,NCA-CCC,1.0,1.1,1,Governance,Governance - Control 1,Governance - ضابط 1,The organization shall implement governance controls to ensure compliance with Cloud Cybersecurity Controls requirements.,يجب على المنظمة تطبيق ضوابط Governance لضمان الامتثال لمتطلبات ضوابط الأمن السيبراني السحابية,To establish effective governance practices,preventive,administrative,1,critical,True,annually,active
116,NCA-CCC,1.0,2.1,2,Architecture,Architecture - Control 1,Architecture - ضابط 1,The organization shall implement architecture controls to ensure compliance with Cloud Cybersecurity Controls requirements.,يجب على المنظمة تطبيق ضوابط Architecture لضمان الامتثال لمتطلبات ضوابط الأمن السيبراني السحابية,To establish effective architecture practices,detective,technical,2,high,True,quarterly,active
117,NCA-CCC,1.0,3.1,3,Identity,Identity - Control 1,Identity - ضابط 1,The organization shall implement identity controls to ensure compliance with Cloud Cybersecurity Controls requirements.,يجب على المنظمة تطبيق ضوابط Identity لضمان الامتثال لمتطلبات ضوابط الأمن السيبراني السحابية,To establish effective identity practices,corrective,operational,3,medium,True,monthly,active
118,NCA-CCC,1.0,4.1,4,Data,Data - Control 1,Data - ضابط 1,The organization shall implement data controls to ensure compliance with Cloud Cybersecurity Controls requirements.,يجب على المنظمة تطبيق ضوابط Data لضمان الامتثال لمتطلبات ضوابط الأمن السيبراني السحابية,To establish effective data practices,preventive,administrative,4,low,True,continuous,active
119,NCA-CCC,1.0,5.1,5,Operations,Operations - Control 1,Operations - ضابط 1,The organization shall implement operations controls to ensure compliance with Cloud Cybersecurity Controls requirements.,يجب على المنظمة تطبيق ضوابط Operations لضمان الامتثال لمتطلبات ضوابط الأمن السيبراني السحابية,To establish effective operations practices,detective,technical,1,critical,True,annually,active
120,NCA-CCC,1.0,1.2,1,Governance,Governance - Control 2,Governance - ضابط 2,The organization shall implement governance controls to ensure compliance with Cloud Cybersecurity Controls requirements.,يجب على المنظمة تطبيق ضوابط Governance لضمان الامتثال لمتطلبات ضوابط الأمن السيبراني السحابية,To establish effective governance practices,corrective,operational,2,high,True,quarterly,active
121,NCA-CCC,1.0,2.2,2,Architecture,Architecture - Control 2,Architecture - ضابط 2,The organization shall implement architecture controls to ensure compliance with Cloud Cybersecurity Controls requirements.,يجب على المنظمة تطبيق ضوابط Architecture لضمان الامتثال لمتطلبات ضوابط الأمن السيبراني السحابية,To establish effective architecture practices,preventive,administrative,3,medium,True,monthly,active
122,NCA-CCC,1.0,3.2,3,Identity,Identity - Control 2,Identity - ضابط 2,The organization shall implement identity controls to ensure compliance with Cloud Cybersecurity Controls requirements.,يجب على المنظمة تطبيق ضوابط Identity لضمان الامتثال لمتطلبات ضوابط الأمن السيبراني السحابية,To establish effective identity practices,detective,technical,4,low,True,continuous,active
123,NCA-CCC,1.0,4.2,4,Data,Data - Control 2,Data - ضابط 2,The organization shall implement data controls to ensure compliance with Cloud Cybersecurity Controls requirements.,يجب على المنظمة تطبيق ضوابط Data لضمان الامتثال لمتطلبات ضوابط الأمن السيبراني السحابية,To establish effective data practices,corrective,operational,1,critical,True,annually,active
124,NCA-CCC,1.0,5.2,5,Operations,Operations - Control 2,Operations - ضابط 2,The organization shall implement operations controls to ensure compliance with Cloud Cybersecurity Controls requirements.,يجب على المنظمة تطبيق ضوابط Operations لضمان الامتثال لمتطلبات ضوابط الأمن السيبراني السحابية,To establish effective operations practices,preventive,administrative,2,high,True,quarterly,active
125,NCA-CCC,1.0,1.3,1,Governance,Governance - Control 3,Governance - ضابط 3,The organization shall implement governance controls to ensure compliance with Cloud Cybersecurity Controls requirements.,يجب على المنظمة تطبيق ضوابط Governance لضمان الامتثال لمتطلبات ضوابط الأمن السيبراني السحابية,To establish effective governance practices,detective,technical,3,medium,True,monthly,active
126,NCA-CCC,1.0,2.3,2,Architecture,Architecture - Control 3,Architecture - ضابط 3,The organization shall implement architecture controls to ensure compliance with Cloud Cybersecurity Controls requirements.,يجب على المنظمة تطبيق ضوابط Architecture لضمان الامتثال لمتطلبات ضوابط الأمن السيبراني السحابية,To establish effective architecture practices,corrective,operational,4,low,True,continuous,active
127,NCA-CCC,1.0,3.3,3,Identity,Identity - Control 3,Identity - ضابط 3,The organization shall implement identity controls to ensure compliance with Cloud Cybersecurity Controls requirements.,يجب على المنظمة تطبيق ضوابط Identity لضمان الامتثال لمتطلبات ضوابط الأمن السيبراني السحابية,To establish effective identity practices,preventive,administrative,1,critical,True,annually,active
128,NCA-CCC,1.0,4.3,4,Data,Data - Control 3,Data - ضابط 3,The organization shall implement data controls to ensure compliance with Cloud Cybersecurity Controls requirements.,يجب على المنظمة تطبيق ضوابط Data لضمان الامتثال لمتطلبات ضوابط الأمن السيبراني السحابية,To establish effective data practices,detective,technical,2,high,True,quarterly,active
129,NCA-CCC,1.0,5.3,5,Operations,Operations - Control 3,Operations - ضابط 3,The organization shall implement operations controls to ensure compliance with Cloud Cybersecurity Controls requirements.,يجب على المنظمة تطبيق ضوابط Operations لضمان الامتثال لمتطلبات ضوابط الأمن السيبراني السحابية,To establish effective operations practices,corrective,operational,3,medium,True,monthly,active
130,NCA-CCC,1.0,1.4,1,Governance,Governance - Control 4,Governance - ضابط 4,The organization shall implement governance controls to ensure compliance with Cloud Cybersecurity Controls requirements.,يجب على المنظمة تطبيق ضوابط Governance لضمان الامتثال لمتطلبات ضوابط الأمن السيبراني السحابية,To establish effective governance practices,preventive,administrative,4,low,True,continuous,active
131,NCA-CCC,1.0,2.4,2,Architecture,Architecture - Control 4,Architecture - ضابط 4,The organization shall implement architecture controls to ensure compliance with Cloud Cybersecurity Controls requirements.,يجب على المنظمة تطبيق ضوابط Architecture لضمان الامتثال لمتطلبات ضوابط الأمن السيبراني السحابية,To establish effective architecture practices,detective,technical,1,critical,True,annually,active
132,NCA-CCC,1.0,3.4,3,Identity,Identity - Control 4,Identity - ضابط 4,The organization shall implement identity controls to ensure compliance with Cloud Cybersecurity Controls requirements.,يجب على المنظمة تطبيق ضوابط Identity لضمان الامتثال لمتطلبات ضوابط الأمن السيبراني السحابية,To establish effective identity practices,corrective,operational,2,high,True,quarterly,active
133,NCA-CCC,1.0,4.4,4,Data,Data - Control 4,Data - ضابط 4,The organization shall implement data controls to ensure compliance with Cloud Cybersecurity Controls requirements.,يجب على المنظمة تطبيق ضوابط Data لضمان الامتثال لمتطلبات ضوابط الأمن السيبراني السحابية,To establish effective data practices,preventive,administrative,3,medium,True,monthly,active
134,NCA-CCC,1.0,5.4,5,Operations,Operations - Control 4,Operations - ضابط 4,The organization shall implement operations controls to ensure compliance with Cloud Cybersecurity Controls requirements.,يجب على المنظمة تطبيق ضوابط Operations لضمان الامتثال لمتطلبات ضوابط الأمن السيبراني السحابية,To establish effective operations practices,detective,technical,4,low,True,continuous,active
135,NCA-CCC,1.0,1.5,1,Governance,Governance - Control 5,Governance - ضابط 5,The organization shall implement governance controls to ensure compliance with Cloud Cybersecurity Controls requirements.,يجب على المنظمة تطبيق ضوابط Governance لضمان الامتثال لمتطلبات ضوابط الأمن السيبراني السحابية,To establish effective governance practices,corrective,operational,1,critical,True,annually,active
136,NCA-CCC,1.0,2.5,2,Architecture,Architecture - Control 5,Architecture - ضابط 5,The organization shall implement architecture controls to ensure compliance with Cloud Cybersecurity Controls requirements.,يجب على المنظمة تطبيق ضوابط Architecture لضمان الامتثال لمتطلبات ضوابط الأمن السيبراني السحابية,To establish effective architecture practices,preventive,administrative,2,high,True,quarterly,active
137,NCA-CCC,1.0,3.5,3,Identity,Identity - Control 5,Identity - ضابط 5,The organization shall implement identity controls to ensure compliance with Cloud Cybersecurity Controls requirements.,يجب على المنظمة تطبيق ضوابط Identity لضمان الامتثال لمتطلبات ضوابط الأمن السيبراني السحابية,To establish effective identity practices,detective,technical,3,medium,True,monthly,active
138,NCA-CCC,1.0,4.5,4,Data,Data - Control 5,Data - ضابط 5,The organization shall implement data controls to ensure compliance with Cloud Cybersecurity Controls requirements.,يجب على المنظمة تطبيق ضوابط Data لضمان الامتثال لمتطلبات ضوابط الأمن السيبراني السحابية,To establish effective data practices,corrective,operational,4,low,True,continuous,active
139,NCA-CCC,1.0,5.5,5,Operations,Operations - Control 5,Operations - ضابط 5,The organization shall implement operations controls to ensure compliance with Cloud Cybersecurity Controls requirements.,يجب على المنظمة تطبيق ضوابط Operations لضمان الامتثال لمتطلبات ضوابط الأمن السيبراني السحابية,To establish effective operations practices,preventive,administrative,1,critical,True,annually,active
140,NCA-CCC,1.0,1.6,1,Governance,Governance - Control 6,Governance - ضابط 6,The organization shall implement governance controls to ensure compliance with Cloud Cybersecurity Controls requirements.,يجب على المنظمة تطبيق ضوابط Governance لضمان الامتثال لمتطلبات ضوابط الأمن السيبراني السحابية,To establish effective governance practices,detective,technical,2,high,True,quarterly,active
141,NCA-CCC,1.0,2.6,2,Architecture,Architecture - Control 6,Architecture - ضابط 6,The organization shall implement architecture controls to ensure compliance with Cloud Cybersecurity Controls requirements.,يجب على المنظمة تطبيق ضوابط Architecture لضمان الامتثال لمتطلبات ضوابط الأمن السيبراني السحابية,To establish effective architecture practices,corrective,operational,3,medium,True,monthly,active
142,NCA-CCC,1.0,3.6,3,Identity,Identity - Control 6,Identity - ضابط 6,The organization shall implement identity controls to ensure compliance with Cloud Cybersecurity Controls requirements.,يجب على المنظمة تطبيق ضوابط Identity لضمان الامتثال لمتطلبات ضوابط الأمن السيبراني السحابية,To establish effective identity practices,preventive,administrative,4,low,True,continuous,active
143,NCA-CCC,1.0,4.6,4,Data,Data - Control 6,Data - ضابط 6,The organization shall implement data controls to ensure compliance with Cloud Cybersecurity Controls requirements.,يجب على المنظمة تطبيق ضوابط Data لضمان الامتثال لمتطلبات ضوابط الأمن السيبراني السحابية,To establish effective data practices,detective,technical,1,critical,True,annually,active
144,NCA-CCC,1.0,5.6,5,Operations,Operations - Control 6,Operations - ضابط 6,The organization shall implement operations controls to ensure compliance with Cloud Cybersecurity Controls requirements.,يجب على المنظمة تطبيق ضوابط Operations لضمان الامتثال لمتطلبات ضوابط الأمن السيبراني السحابية,To establish effective operations practices,corrective,operational,2,high,True,quarterly,active
145,NCA-CCC,1.0,1.7,1,Governance,Governance - Control 7,Governance - ضابط 7,The organization shall implement governance controls to ensure compliance with Cloud Cybersecurity Controls requirements.,يجب على المنظمة تطبيق ضوابط Governance لضمان الامتثال لمتطلبات ضوابط الأمن السيبراني السحابية,To establish effective governance practices,preventive,administrative,3,medium,True,monthly,active
146,NCA-CCC,1.0,2.7,2,Architecture,Architecture - Control 7,Architecture - ضابط 7,The organization shall implement architecture controls to ensure compliance with Cloud Cybersecurity Controls requirements.,يجب على المنظمة تطبيق ضوابط Architecture لضمان الامتثال لمتطلبات ضوابط الأمن السيبراني السحابية,To establish effective architecture practices,detective,technical,4,low,True,continuous,active
147,NCA-CCC,1.0,3.7,3,Identity,Identity - Control 7,Identity - ضابط 7,The organization shall implement identity controls to ensure compliance with Cloud Cybersecurity Controls requirements.,يجب على المنظمة تطبيق ضوابط Identity لضمان الامتثال لمتطلبات ضوابط الأمن السيبراني السحابية,To establish effective identity practices,corrective,operational,1,critical,True,annually,active
148,NCA-CCC,1.0,4.7,4,Data,Data - Control 7,Data - ضابط 7,The organization shall implement data controls to ensure compliance with Cloud Cybersecurity Controls requirements.,يجب على المنظمة تطبيق ضوابط Data لضمان الامتثال لمتطلبات ضوابط الأمن السيبراني السحابية,To establish effective data practices,preventive,administrative,2,high,True,quarterly,active
149,NCA-CCC,1.0,5.7,5,Operations,Operations - Control 7,Operations - ضابط 7,The organization shall implement operations controls to ensure compliance with Cloud Cybersecurity Controls requirements.,يجب على المنظمة تطبيق ضوابط Operations لضمان الامتثال لمتطلبات ضوابط الأمن السيبراني السحابية,To establish effective operations practices,detective,technical,3,medium,True,monthly,active
150,NCA-CCC,1.0,1.8,1,Governance,Governance - Control 8,Governance - ضابط 8,The organization shall implement governance controls to ensure compliance with Cloud Cybersecurity Controls requirements.,يجب على المنظمة تطبيق ضوابط Governance لضمان الامتثال لمتطلبات ضوابط الأمن السيبراني السحابية,To establish effective governance practices,corrective,operational,4,low,True,continuous,active
151,NCA-CCC,1.0,2.8,2,Architecture,Architecture - Control 8,Architecture - ضابط 8,The organization shall implement architecture controls to ensure compliance with Cloud Cybersecurity Controls requirements.,يجب على المنظمة تطبيق ضوابط Architecture لضمان الامتثال لمتطلبات ضوابط الأمن السيبراني السحابية,To establish effective architecture practices,preventive,administrative,1,critical,True,annually,active
152,NCA-CCC,1.0,3.8,3,Identity,Identity - Control 8,Identity - ضابط 8,The organization shall implement identity controls to ensure compliance with Cloud Cybersecurity Controls requirements.,يجب على المنظمة تطبيق ضوابط Identity لضمان الامتثال لمتطلبات ضوابط الأمن السيبراني السحابية,To establish effective identity practices,detective,technical,2,high,True,quarterly,active
153,NCA-CCC,1.0,4.8,4,Data,Data - Control 8,Data - ضابط 8,The organization shall implement data controls to ensure compliance with Cloud Cybersecurity Controls requirements.,يجب على المنظمة تطبيق ضوابط Data لضمان الامتثال لمتطلبات ضوابط الأمن السيبراني السحابية,To establish effective data practices,corrective,operational,3,medium,True,monthly,active
154,NCA-CCC,1.0,5.8,5,Operations,Operations - Control 8,Operations - ضابط 8,The organization shall implement operations controls to ensure compliance with Cloud Cybersecurity Controls requirements.,يجب على المنظمة تطبيق ضوابط Operations لضمان الامتثال لمتطلبات ضوابط الأمن السيبراني السحابية,To establish effective operations practices,preventive,administrative,4,low,True,continuous,active
155,NCA-CCC,1.0,1.9,1,Governance,Governance - Control 9,Governance - ضابط 9,The organization shall implement governance controls to ensure compliance with Cloud Cybersecurity Controls requirements.,يجب على المنظمة تطبيق ضوابط Governance لضمان الامتثال لمتطلبات ضوابط الأمن السيبراني السحابية,To establish effective governance practices,detective,technical,1,critical,True,annually,active
156,NCA-CCC,1.0,2.9,2,Architecture,Architecture - Control 9,Architecture - ضابط 9,The organization shall implement architecture controls to ensure compliance with Cloud Cybersecurity Controls requirements.,يجب على المنظمة تطبيق ضوابط Architecture لضمان الامتثال لمتطلبات ضوابط الأمن السيبراني السحابية,To establish effective architecture practices,corrective,operational,2,high,True,quarterly,active
157,NCA-CCC,1.0,3.9,3,Identity,Identity - Control 9,Identity - ضابط 9,The organization shall implement identity controls to ensure compliance with Cloud Cybersecurity Controls requirements.,يجب على المنظمة تطبيق ضوابط Identity لضمان الامتثال لمتطلبات ضوابط الأمن السيبراني السحابية,To establish effective identity practices,preventive,administrative,3,medium,True,monthly,active
158,NCA-CCC,1.0,4.9,4,Data,Data - Control 9,Data - ضابط 9,The organization shall implement data controls to ensure compliance with Cloud Cybersecurity Controls requirements.,يجب على المنظمة تطبيق ضوابط Data لضمان الامتثال لمتطلبات ضوابط الأمن السيبراني السحابية,To establish effective data practices,detective,technical,4,low,True,continuous,active
159,NCA-CCC,1.0,5.9,5,Operations,Operations - Control 9,Operations - ضابط 9,The organization shall implement operations controls to ensure compliance with Cloud Cybersecurity Controls requirements.,يجب على المنظمة تطبيق ضوابط Operations لضمان الامتثال لمتطلبات ضوابط الأمن السيبراني السحابية,To establish effective operations practices,corrective,operational,1,critical,True,annually,active
160,NCA-CCC,1.0,1.10,1,Governance,Governance - Control 10,Governance - ضابط 10,The organization shall implement governance controls to ensure compliance with Cloud Cybersecurity Controls requirements.,يجب على المنظمة تطبيق ضوابط Governance لضمان الامتثال لمتطلبات ضوابط الأمن السيبراني السحابية,To establish effective governance practices,preventive,administrative,2,high,True,quarterly,active
161,NCA-CCC,1.0,2.10,2,Architecture,Architecture - Control 10,Architecture - ضابط 10,The organization shall implement architecture controls to ensure compliance with Cloud Cybersecurity Controls requirements.,يجب على المنظمة تطبيق ضوابط Architecture لضمان الامتثال لمتطلبات ضوابط الأمن السيبراني السحابية,To establish effective architecture practices,detective,technical,3,medium,True,monthly,active
162,NCA-CCC,1.0,3.10,3,Identity,Identity - Control 10,Identity - ضابط 10,The organization shall implement identity controls to ensure compliance with Cloud Cybersecurity Controls requirements.,يجب على المنظمة تطبيق ضوابط Identity لضمان الامتثال لمتطلبات ضوابط الأمن السيبراني السحابية,To establish effective identity practices,corrective,operational,4,low,True,continuous,active
163,NCA-CCC,1.0,4.10,4,Data,Data - Control 10,Data - ضابط 10,The organization shall implement data controls to ensure compliance with Cloud Cybersecurity Controls requirements.,يجب على المنظمة تطبيق ضوابط Data لضمان الامتثال لمتطلبات ضوابط الأمن السيبراني السحابية,To establish effective data practices,preventive,administrative,1,critical,True,annually,active
164,NCA-CCC,1.0,5.10,5,Operations,Operations - Control 10,Operations - ضابط 10,The organization shall implement operations controls to ensure compliance with Cloud Cybersecurity Controls requirements.,يجب على المنظمة تطبيق ضوابط Operations لضمان الامتثال لمتطلبات ضوابط الأمن السيبراني السحابية,To establish effective operations practices,detective,technical,2,high,True,quarterly,active
165,NCA-CCC,1.0,1.11,1,Governance,Governance - Control 11,Governance - ضابط 11,The organization shall implement governance controls to ensure compliance with Cloud Cybersecurity Controls requirements.,يجب على المنظمة تطبيق ضوابط Governance لضمان الامتثال لمتطلبات ضوابط الأمن السيبراني السحابية,To establish effective governance practices,corrective,operational,3,medium,True,monthly,active
166,NCA-CCC,1.0,2.11,2,Architecture,Architecture - Control 11,Architecture - ضابط 11,The organization shall implement architecture controls to ensure compliance with Cloud Cybersecurity Controls requirements.,يجب على المنظمة تطبيق ضوابط Architecture لضمان الامتثال لمتطلبات ضوابط الأمن السيبراني السحابية,To establish effective architecture practices,preventive,administrative,4,low,True,continuous,active
167,NCA-CCC,1.0,3.11,3,Identity,Identity - Control 11,Identity - ضابط 11,The organization shall implement identity controls to ensure compliance with Cloud Cybersecurity Controls requirements.,يجب على المنظمة تطبيق ضوابط Identity لضمان الامتثال لمتطلبات ضوابط الأمن السيبراني السحابية,To establish effective identity practices,detective,technical,1,critical,True,annually,active
168,NCA-CCC,1.0,4.11,4,Data,Data - Control 11,Data - ضابط 11,The organization shall implement data controls to ensure compliance with Cloud Cybersecurity Controls requirements.,يجب على المنظمة تطبيق ضوابط Data لضمان الامتثال لمتطلبات ضوابط الأمن السيبراني السحابية,To establish effective data practices,corrective,operational,2,high,True,quarterly,active
169,NCA-CCC,1.0,5.11,5,Operations,Operations - Control 11,Operations - ضابط 11,The organization shall implement operations controls to ensure compliance with Cloud Cybersecurity Controls requirements.,يجب على المنظمة تطبيق ضوابط Operations لضمان الامتثال لمتطلبات ضوابط الأمن السيبراني السحابية,To establish effective operations practices,preventive,administrative,3,medium,True,monthly,active
170,NCA-CCC,1.0,1.12,1,Governance,Governance - Control 12,Governance - ضابط 12,The organization shall implement governance controls to ensure compliance with Cloud Cybersecurity Controls requirements.,يجب على المنظمة تطبيق ضوابط Governance لضمان الامتثال لمتطلبات ضوابط الأمن السيبراني السحابية,To establish effective governance practices,detective,technical,4,low,True,continuous,active
171,NCA-CCC,1.0,2.12,2,Architecture,Architecture - Control 12,Architecture - ضابط 12,The organization shall implement architecture controls to ensure compliance with Cloud Cybersecurity Controls requirements.,يجب على المنظمة تطبيق ضوابط Architecture لضمان الامتثال لمتطلبات ضوابط الأمن السيبراني السحابية,To establish effective architecture practices,corrective,operational,1,critical,True,annually,active
172,NCA-CCC,1.0,3.12,3,Identity,Identity - Control 12,Identity - ضابط 12,The organization shall implement identity controls to ensure compliance with Cloud Cybersecurity Controls requirements.,يجب على المنظمة تطبيق ضوابط Identity لضمان الامتثال لمتطلبات ضوابط الأمن السيبراني السحابية,To establish effective identity practices,preventive,administrative,2,high,True,quarterly,active
173,NCA-CCC,1.0,4.12,4,Data,Data - Control 12,Data - ضابط 12,The organization shall implement data controls to ensure compliance with Cloud Cybersecurity Controls requirements.,يجب على المنظمة تطبيق ضوابط Data لضمان الامتثال لمتطلبات ضوابط الأمن السيبراني السحابية,To establish effective data practices,detective,technical,3,medium,True,monthly,active
174,NCA-CCC,1.0,5.12,5,Operations,Operations - Control 12,Operations - ضابط 12,The organization shall implement operations controls to ensure compliance with Cloud Cybersecurity Controls requirements.,يجب على المنظمة تطبيق ضوابط Operations لضمان الامتثال لمتطلبات ضوابط الأمن السيبراني السحابية,To establish effective operations practices,corrective,operational,4,low,True,continuous,active
175,NCA-CCC,1.0,1.13,1,Governance,Governance - Control 13,Governance - ضابط 13,The organization shall implement governance controls to ensure compliance with Cloud Cybersecurity Controls requirements.,يجب على المنظمة تطبيق ضوابط Governance لضمان الامتثال لمتطلبات ضوابط الأمن السيبراني السحابية,To establish effective governance practices,preventive,administrative,1,critical,True,annually,active
176,NCA-CCC,1.0,2.13,2,Architecture,Architecture - Control 13,Architecture - ضابط 13,The organization shall implement architecture controls to ensure compliance with Cloud Cybersecurity Controls requirements.,يجب على المنظمة تطبيق ضوابط Architecture لضمان الامتثال لمتطلبات ضوابط الأمن السيبراني السحابية,To establish effective architecture practices,detective,technical,2,high,True,quarterly,active
177,NCA-CCC,1.0,3.13,3,Identity,Identity - Control 13,Identity - ضابط 13,The organization shall implement identity controls to ensure compliance with Cloud Cybersecurity Controls requirements.,يجب على المنظمة تطبيق ضوابط Identity لضمان الامتثال لمتطلبات ضوابط الأمن السيبراني السحابية,To establish effective identity practices,corrective,operational,3,medium,True,monthly,active
178,NCA-CCC,1.0,4.13,4,Data,Data - Control 13,Data - ضابط 13,The organization shall implement data controls to ensure compliance with Cloud Cybersecurity Controls requirements.,يجب على المنظمة تطبيق ضوابط Data لضمان الامتثال لمتطلبات ضوابط الأمن السيبراني السحابية,To establish effective data practices,preventive,administrative,4,low,True,continuous,active
179,NCA-CCC,1.0,5.13,5,Operations,Operations - Control 13,Operations - ضابط 13,The organization shall implement operations controls to ensure compliance with Cloud Cybersecurity Controls requirements.,يجب على المنظمة تطبيق ضوابط Operations لضمان الامتثال لمتطلبات ضوابط الأمن السيبراني السحابية,To establish effective operations practices,detective,technical,1,critical,True,annually,active
180,NCA-CCC,1.0,1.14,1,Governance,Governance - Control 14,Governance - ضابط 14,The organization shall implement governance controls to ensure compliance with Cloud Cybersecurity Controls requirements.,يجب على المنظمة تطبيق ضوابط Governance لضمان الامتثال لمتطلبات ضوابط الأمن السيبراني السحابية,To establish effective governance practices,corrective,operational,2,high,True,quarterly,active
181,NCA-CCC,1.0,2.14,2,Architecture,Architecture - Control 14,Architecture - ضابط 14,The organization shall implement architecture controls to ensure compliance with Cloud Cybersecurity Controls requirements.,يجب على المنظمة تطبيق ضوابط Architecture لضمان الامتثال لمتطلبات ضوابط الأمن السيبراني السحابية,To establish effective architecture practices,preventive,administrative,3,medium,True,monthly,active
182,NCA-OTCC,1.0,1.1,1,Governance,Governance - Control 1,Governance - ضابط 1,The organization shall implement governance controls to ensure compliance with OT Cybersecurity Controls requirements.,يجب على المنظمة تطبيق ضوابط Governance لضمان الامتثال لمتطلبات ضوابط الأمن السيبراني للتقنيات التشغيلية,To establish effective governance practices,preventive,administrative,1,critical,True,annually,active
183,NCA-OTCC,1.0,2.1,2,Network,Network - Control 1,Network - ضابط 1,The organization shall implement network controls to ensure compliance with OT Cybersecurity Controls requirements.,يجب على المنظمة تطبيق ضوابط Network لضمان الامتثال لمتطلبات ضوابط الأمن السيبراني للتقنيات التشغيلية,To establish effective network practices,detective,technical,2,high,True,quarterly,active
184,NCA-OTCC,1.0,3.1,3,Endpoint,Endpoint - Control 1,Endpoint - ضابط 1,The organization shall implement endpoint controls to ensure compliance with OT Cybersecurity Controls requirements.,يجب على المنظمة تطبيق ضوابط Endpoint لضمان الامتثال لمتطلبات ضوابط الأمن السيبراني للتقنيات التشغيلية,To establish effective endpoint practices,corrective,operational,3,medium,True,monthly,active
185,NCA-OTCC,1.0,4.1,4,Monitoring,Monitoring - Control 1,Monitoring - ضابط 1,The organization shall implement monitoring controls to ensure compliance with OT Cybersecurity Controls requirements.,يجب على المنظمة تطبيق ضوابط Monitoring لضمان الامتثال لمتطلبات ضوابط الأمن السيبراني للتقنيات التشغيلية,To establish effective monitoring practices,preventive,administrative,4,low,True,continuous,active
186,NCA-OTCC,1.0,1.2,1,Governance,Governance - Control 2,Governance - ضابط 2,The organization shall implement governance controls to ensure compliance with OT Cybersecurity Controls requirements.,يجب على المنظمة تطبيق ضوابط Governance لضمان الامتثال لمتطلبات ضوابط الأمن السيبراني للتقنيات التشغيلية,To establish effective governance practices,detective,technical,1,critical,True,annually,active
187,NCA-OTCC,1.0,2.2,2,Network,Network - Control 2,Network - ضابط 2,The organization shall implement network controls to ensure compliance with OT Cybersecurity Controls requirements.,يجب على المنظمة تطبيق ضوابط Network لضمان الامتثال لمتطلبات ضوابط الأمن السيبراني للتقنيات التشغيلية,To establish effective network practices,corrective,operational,2,high,True,quarterly,active
188,NCA-OTCC,1.0,3.2,3,Endpoint,Endpoint - Control 2,Endpoint - ضابط 2,The organization shall implement endpoint controls to ensure compliance with OT Cybersecurity Controls requirements.,يجب على المنظمة تطبيق ضوابط Endpoint لضمان الامتثال لمتطلبات ضوابط الأمن السيبراني للتقنيات التشغيلية,To establish effective endpoint practices,preventive,administrative,3,medium,True,monthly,active
189,NCA-OTCC,1.0,4.2,4,Monitoring,Monitoring - Control 2,Monitoring - ضابط 2,The organization shall implement monitoring controls to ensure compliance with OT Cybersecurity Controls requirements.,يجب على المنظمة تطبيق ضوابط Monitoring لضمان الامتثال لمتطلبات ضوابط الأمن السيبراني للتقنيات التشغيلية,To establish effective monitoring practices,detective,technical,4,low,True,continuous,active
190,NCA-OTCC,1.0,1.3,1,Governance,Governance - Control 3,Governance - ضابط 3,The organization shall implement governance controls to ensure compliance with OT Cybersecurity Controls requirements.,يجب على المنظمة تطبيق ضوابط Governance لضمان الامتثال لمتطلبات ضوابط الأمن السيبراني للتقنيات التشغيلية,To establish effective governance practices,corrective,operational,1,critical,True,annually,active
191,NCA-OTCC,1.0,2.3,2,Network,Network - Control 3,Network - ضابط 3,The organization shall implement network controls to ensure compliance with OT Cybersecurity Controls requirements.,يجب على المنظمة تطبيق ضوابط Network لضمان الامتثال لمتطلبات ضوابط الأمن السيبراني للتقنيات التشغيلية,To establish effective network practices,preventive,administrative,2,high,True,quarterly,active
192,NCA-OTCC,1.0,3.3,3,Endpoint,Endpoint - Control 3,Endpoint - ضابط 3,The organization shall implement endpoint controls to ensure compliance with OT Cybersecurity Controls requirements.,يجب على المنظمة تطبيق ضوابط Endpoint لضمان الامتثال لمتطلبات ضوابط الأمن السيبراني للتقنيات التشغيلية,To establish effective endpoint practices,detective,technical,3,medium,True,monthly,active
193,NCA-OTCC,1.0,4.3,4,Monitoring,Monitoring - Control 3,Monitoring - ضابط 3,The organization shall implement monitoring controls to ensure compliance with OT Cybersecurity Controls requirements.,يجب على المنظمة تطبيق ضوابط Monitoring لضمان الامتثال لمتطلبات ضوابط الأمن السيبراني للتقنيات التشغيلية,To establish effective monitoring practices,corrective,operational,4,low,True,continuous,active
194,NCA-OTCC,1.0,1.4,1,Governance,Governance - Control 4,Governance - ضابط 4,The organization shall implement governance controls to ensure compliance with OT Cybersecurity Controls requirements.,يجب على المنظمة تطبيق ضوابط Governance لضمان الامتثال لمتطلبات ضوابط الأمن السيبراني للتقنيات التشغيلية,To establish effective governance practices,preventive,administrative,1,critical,True,annually,active
195,NCA-OTCC,1.0,2.4,2,Network,Network - Control 4,Network - ضابط 4,The organization shall implement network controls to ensure compliance with OT Cybersecurity Controls requirements.,يجب على المنظمة تطبيق ضوابط Network لضمان الامتثال لمتطلبات ضوابط الأمن السيبراني للتقنيات التشغيلية,To establish effective network practices,detective,technical,2,high,True,quarterly,active
196,NCA-OTCC,1.0,3.4,3,Endpoint,Endpoint - Control 4,Endpoint - ضابط 4,The organization shall implement endpoint controls to ensure compliance with OT Cybersecurity Controls requirements.,يجب على المنظمة تطبيق ضوابط Endpoint لضمان الامتثال لمتطلبات ضوابط الأمن السيبراني للتقنيات التشغيلية,To establish effective endpoint practices,corrective,operational,3,medium,True,monthly,active
197,NCA-OTCC,1.0,4.4,4,Monitoring,Monitoring - Control 4,Monitoring - ضابط 4,The organization shall implement monitoring controls to ensure compliance with OT Cybersecurity Controls requirements.,يجب على المنظمة تطبيق ضوابط Monitoring لضمان الامتثال لمتطلبات ضوابط الأمن السيبراني للتقنيات التشغيلية,To establish effective monitoring practices,preventive,administrative,4,low,True,continuous,active
198,NCA-OTCC,1.0,1.5,1,Governance,Governance - Control 5,Governance - ضابط 5,The organization shall implement governance controls to ensure compliance with OT Cybersecurity Controls requirements.,يجب على المنظمة تطبيق ضوابط Governance لضمان الامتثال لمتطلبات ضوابط الأمن السيبراني للتقنيات التشغيلية,To establish effective governance practices,detective,technical,1,critical,True,annually,active
199,NCA-OTCC,1.0,2.5,2,Network,Network - Control 5,Network - ضابط 5,The organization shall implement network controls to ensure compliance with OT Cybersecurity Controls requirements.,يجب على المنظمة تطبيق ضوابط Network لضمان الامتثال لمتطلبات ضوابط الأمن السيبراني للتقنيات التشغيلية,To establish effective network practices,corrective,operational,2,high,True,quarterly,active
200,NCA-OTCC,1.0,3.5,3,Endpoint,Endpoint - Control 5,Endpoint - ضابط 5,The organization shall implement endpoint controls to ensure compliance with OT Cybersecurity Controls requirements.,يجب على المنظمة تطبيق ضوابط Endpoint لضمان الامتثال لمتطلبات ضوابط الأمن السيبراني للتقنيات التشغيلية,To establish effective endpoint practices,preventive,administrative,3,medium,True,monthly,active
201,NCA-OTCC,1.0,4.5,4,Monitoring,Monitoring - Control 5,Monitoring - ضابط 5,The organization shall implement monitoring controls to ensure compliance with OT Cybersecurity Controls requirements.,يجب على المنظمة تطبيق ضوابط Monitoring لضمان الامتثال لمتطلبات ضوابط الأمن السيبراني للتقنيات التشغيلية,To establish effective monitoring practices,detective,technical,4,low,True,continuous,active
202,NCA-OTCC,1.0,1.6,1,Governance,Governance - Control 6,Governance - ضابط 6,The organization shall implement governance controls to ensure compliance with OT Cybersecurity Controls requirements.,يجب على المنظمة تطبيق ضوابط Governance لضمان الامتثال لمتطلبات ضوابط الأمن السيبراني للتقنيات التشغيلية,To establish effective governance practices,corrective,operational,1,critical,True,annually,active
203,NCA-OTCC,1.0,2.6,2,Network,Network - Control 6,Network - ضابط 6,The organization shall implement network controls to ensure compliance with OT Cybersecurity Controls requirements.,يجب على المنظمة تطبيق ضوابط Network لضمان الامتثال لمتطلبات ضوابط الأمن السيبراني للتقنيات التشغيلية,To establish effective network practices,preventive,administrative,2,high,True,quarterly,active
204,NCA-OTCC,1.0,3.6,3,Endpoint,Endpoint - Control 6,Endpoint - ضابط 6,The organization shall implement endpoint controls to ensure compliance with OT Cybersecurity Controls requirements.,يجب على المنظمة تطبيق ضوابط Endpoint لضمان الامتثال لمتطلبات ضوابط الأمن السيبراني للتقنيات التشغيلية,To establish effective endpoint practices,detective,technical,3,medium,True,monthly,active
205,NCA-OTCC,1.0,4.6,4,Monitoring,Monitoring - Control 6,Monitoring - ضابط 6,The organization shall implement monitoring controls to ensure compliance with OT Cybersecurity Controls requirements.,يجب على المنظمة تطبيق ضوابط Monitoring لضمان الامتثال لمتطلبات ضوابط الأمن السيبراني للتقنيات التشغيلية,To establish effective monitoring practices,corrective,operational,4,low,True,continuous,active
206,NCA-OTCC,1.0,1.7,1,Governance,Governance - Control 7,Governance - ضابط 7,The organization shall implement governance controls to ensure compliance with OT Cybersecurity Controls requirements.,يجب على المنظمة تطبيق ضوابط Governance لضمان الامتثال لمتطلبات ضوابط الأمن السيبراني للتقنيات التشغيلية,To establish effective governance practices,preventive,administrative,1,critical,True,annually,active
207,NCA-OTCC,1.0,2.7,2,Network,Network - Control 7,Network - ضابط 7,The organization shall implement network controls to ensure compliance with OT Cybersecurity Controls requirements.,يجب على المنظمة تطبيق ضوابط Network لضمان الامتثال لمتطلبات ضوابط الأمن السيبراني للتقنيات التشغيلية,To establish effective network practices,detective,technical,2,high,True,quarterly,active
208,NCA-OTCC,1.0,3.7,3,Endpoint,Endpoint - Control 7,Endpoint - ضابط 7,The organization shall implement endpoint controls to ensure compliance with OT Cybersecurity Controls requirements.,يجب على المنظمة تطبيق ضوابط Endpoint لضمان الامتثال لمتطلبات ضوابط الأمن السيبراني للتقنيات التشغيلية,To establish effective endpoint practices,corrective,operational,3,medium,True,monthly,active
209,NCA-OTCC,1.0,4.7,4,Monitoring,Monitoring - Control 7,Monitoring - ضابط 7,The organization shall implement monitoring controls to ensure compliance with OT Cybersecurity Controls requirements.,يجب على المنظمة تطبيق ضوابط Monitoring لضمان الامتثال لمتطلبات ضوابط الأمن السيبراني للتقنيات التشغيلية,To establish effective monitoring practices,preventive,administrative,4,low,True,continuous,active
210,NCA-OTCC,1.0,1.8,1,Governance,Governance - Control 8,Governance - ضابط 8,The organization shall implement governance controls to ensure compliance with OT Cybersecurity Controls requirements.,يجب على المنظمة تطبيق ضوابط Governance لضمان الامتثال لمتطلبات ضوابط الأمن السيبراني للتقنيات التشغيلية,To establish effective governance practices,detective,technical,1,critical,True,annually,active
211,NCA-OTCC,1.0,2.8,2,Network,Network - Control 8,Network - ضابط 8,The organization shall implement network controls to ensure compliance with OT Cybersecurity Controls requirements.,يجب على المنظمة تطبيق ضوابط Network لضمان الامتثال لمتطلبات ضوابط الأمن السيبراني للتقنيات التشغيلية,To establish effective network practices,corrective,operational,2,high,True,quarterly,active
212,NCA-OTCC,1.0,3.8,3,Endpoint,Endpoint - Control 8,Endpoint - ضابط 8,The organization shall implement endpoint controls to ensure compliance with OT Cybersecurity Controls requirements.,يجب على المنظمة تطبيق ضوابط Endpoint لضمان الامتثال لمتطلبات ضوابط الأمن السيبراني للتقنيات التشغيلية,To establish effective endpoint practices,preventive,administrative,3,medium,True,monthly,active
213,NCA-OTCC,1.0,4.8,4,Monitoring,Monitoring - Control 8,Monitoring - ضابط 8,The organization shall implement monitoring controls to ensure compliance with OT Cybersecurity Controls requirements.,يجب على المنظمة تطبيق ضوابط Monitoring لضمان الامتثال لمتطلبات ضوابط الأمن السيبراني للتقنيات التشغيلية,To establish effective monitoring practices,detective,technical,4,low,True,continuous,active
214,NCA-OTCC,1.0,1.9,1,Governance,Governance - Control 9,Governance - ضابط 9,The organization shall implement governance controls to ensure compliance with OT Cybersecurity Controls requirements.,يجب على المنظمة تطبيق ضوابط Governance لضمان الامتثال لمتطلبات ضوابط الأمن السيبراني للتقنيات التشغيلية,To establish effective governance practices,corrective,operational,1,critical,True,annually,active
215,NCA-OTCC,1.0,2.9,2,Network,Network - Control 9,Network - ضابط 9,The organization shall implement network controls to ensure compliance with OT Cybersecurity Controls requirements.,يجب على المنظمة تطبيق ضوابط Network لضمان الامتثال لمتطلبات ضوابط الأمن السيبراني للتقنيات التشغيلية,To establish effective network practices,preventive,administrative,2,high,True,quarterly,active
216,NCA-OTCC,1.0,3.9,3,Endpoint,Endpoint - Control 9,Endpoint - ضابط 9,The organization shall implement endpoint controls to ensure compliance with OT Cybersecurity Controls requirements.,يجب على المنظمة تطبيق ضوابط Endpoint لضمان الامتثال لمتطلبات ضوابط الأمن السيبراني للتقنيات التشغيلية,To establish effective endpoint practices,detective,technical,3,medium,True,monthly,active
217,NCA-OTCC,1.0,4.9,4,Monitoring,Monitoring - Control 9,Monitoring - ضابط 9,The organization shall implement monitoring controls to ensure compliance with OT Cybersecurity Controls requirements.,يجب على المنظمة تطبيق ضوابط Monitoring لضمان الامتثال لمتطلبات ضوابط الأمن السيبراني للتقنيات التشغيلية,To establish effective monitoring practices,corrective,operational,4,low,True,continuous,active
218,NCA-OTCC,1.0,1.10,1,Governance,Governance - Control 10,Governance - ضابط 10,The organization shall implement governance controls to ensure compliance with OT Cybersecurity Controls requirements.,يجب على المنظمة تطبيق ضوابط Governance لضمان الامتثال لمتطلبات ضوابط الأمن السيبراني للتقنيات التشغيلية,To establish effective governance practices,preventive,administrative,1,critical,True,annually,active
219,NCA-OTCC,1.0,2.10,2,Network,Network - Control 10,Network - ضابط 10,The organization shall implement network controls to ensure compliance with OT Cybersecurity Controls requirements.,يجب على المنظمة تطبيق ضوابط Network لضمان الامتثال لمتطلبات ضوابط الأمن السيبراني للتقنيات التشغيلية,To establish effective network practices,detective,technical,2,high,True,quarterly,active
220,NCA-OTCC,1.0,3.10,3,Endpoint,Endpoint - Control 10,Endpoint - ضابط 10,The organization shall implement endpoint controls to ensure compliance with OT Cybersecurity Controls requirements.,يجب على المنظمة تطبيق ضوابط Endpoint لضمان الامتثال لمتطلبات ضوابط الأمن السيبراني للتقنيات التشغيلية,To establish effective endpoint practices,corrective,operational,3,medium,True,monthly,active
221,NCA-OTCC,1.0,4.10,4,Monitoring,Monitoring - Control 10,Monitoring - ضابط 10,The organization shall implement monitoring controls to ensure compliance with OT Cybersecurity Controls requirements.,يجب على المنظمة تطبيق ضوابط Monitoring لضمان الامتثال لمتطلبات ضوابط الأمن السيبراني للتقنيات التشغيلية,To establish effective monitoring practices,preventive,administrative,4,low,True,continuous,active
222,NCA-OTCC,1.0,1.11,1,Governance,Governance - Control 11,Governance - ضابط 11,The organization shall implement governance controls to ensure compliance with OT Cybersecurity Controls requirements.,يجب على المنظمة تطبيق ضوابط Governance لضمان الامتثال لمتطلبات ضوابط الأمن السيبراني للتقنيات التشغيلية,To establish effective governance practices,detective,technical,1,critical,True,annually,active
223,NCA-OTCC,1.0,2.11,2,Network,Network - Control 11,Network - ضابط 11,The organization shall implement network controls to ensure compliance with OT Cybersecurity Controls requirements.,يجب على المنظمة تطبيق ضوابط Network لضمان الامتثال لمتطلبات ضوابط الأمن السيبراني للتقنيات التشغيلية,To establish effective network practices,corrective,operational,2,high,True,quarterly,active
224,NCA-OTCC,1.0,3.11,3,Endpoint,Endpoint - Control 11,Endpoint - ضابط 11,The organization shall implement endpoint controls to ensure compliance with OT Cybersecurity Controls requirements.,يجب على المنظمة تطبيق ضوابط Endpoint لضمان الامتثال لمتطلبات ضوابط الأمن السيبراني للتقنيات التشغيلية,To establish effective endpoint practices,preventive,administrative,3,medium,True,monthly,active
225,NCA-OTCC,1.0,4.11,4,Monitoring,Monitoring - Control 11,Monitoring - ضابط 11,The organization shall implement monitoring controls to ensure compliance with OT Cybersecurity Controls requirements.,يجب على المنظمة تطبيق ضوابط Monitoring لضمان الامتثال لمتطلبات ضوابط الأمن السيبراني للتقنيات التشغيلية,To establish effective monitoring practices,detective,technical,4,low,True,continuous,active
226,NCA-OTCC,1.0,1.12,1,Governance,Governance - Control 12,Governance - ضابط 12,The organization shall implement governance controls to ensure compliance with OT Cybersecurity Controls requirements.,يجب على المنظمة تطبيق ضوابط Governance لضمان الامتثال لمتطلبات ضوابط الأمن السيبراني للتقنيات التشغيلية,To establish effective governance practices,corrective,operational,1,critical,True,annually,active
227,NCA-OTCC,1.0,2.12,2,Network,Network - Control 12,Network - ضابط 12,The organization shall implement network controls to ensure compliance with OT Cybersecurity Controls requirements.,يجب على المنظمة تطبيق ضوابط Network لضمان الامتثال لمتطلبات ضوابط الأمن السيبراني للتقنيات التشغيلية,To establish effective network practices,preventive,administrative,2,high,True,quarterly,active
228,NCA-OTCC,1.0,3.12,3,Endpoint,Endpoint - Control 12,Endpoint - ضابط 12,The organization shall implement endpoint controls to ensure compliance with OT Cybersecurity Controls requirements.,يجب على المنظمة تطبيق ضوابط Endpoint لضمان الامتثال لمتطلبات ضوابط الأمن السيبراني للتقنيات التشغيلية,To establish effective endpoint practices,detective,technical,3,medium,True,monthly,active
229,NCA-OTCC,1.0,4.12,4,Monitoring,Monitoring - Control 12,Monitoring - ضابط 12,The organization shall implement monitoring controls to ensure compliance with OT Cybersecurity Controls requirements.,يجب على المنظمة تطبيق ضوابط Monitoring لضمان الامتثال لمتطلبات ضوابط الأمن السيبراني للتقنيات التشغيلية,To establish effective monitoring practices,corrective,operational,4,low,True,continuous,active
230,NCA-OTCC,1.0,1.13,1,Governance,Governance - Control 13,Governance - ضابط 13,The organization shall implement governance controls to ensure compliance with OT Cybersecurity Controls requirements.,يجب على المنظمة تطبيق ضوابط Governance لضمان الامتثال لمتطلبات ضوابط الأمن السيبراني للتقنيات التشغيلية,To establish effective governance practices,preventive,administrative,1,critical,True,annually,active
231,NCA-OTCC,1.0,2.13,2,Network,Network - Control 13,Network - ضابط 13,The organization shall implement network controls to ensure compliance with OT Cybersecurity Controls requirements.,يجب على المنظمة تطبيق ضوابط Network لضمان الامتثال لمتطلبات ضوابط الأمن السيبراني للتقنيات التشغيلية,To establish effective network practices,detective,technical,2,high,True,quarterly,active
232,NCA-OTCC,1.0,3.13,3,Endpoint,Endpoint - Control 13,Endpoint - ضابط 13,The organization shall implement endpoint controls to ensure compliance with OT Cybersecurity Controls requirements.,يجب على المنظمة تطبيق ضوابط Endpoint لضمان الامتثال لمتطلبات ضوابط الأمن السيبراني للتقنيات التشغيلية,To establish effective endpoint practices,corrective,operational,3,medium,True,monthly,active
233,NCA-OTCC,1.0,4.13,4,Monitoring,Monitoring - Control 13,Monitoring - ضابط 13,The organization shall implement monitoring controls to ensure compliance with OT Cybersecurity Controls requirements.,يجب على المنظمة تطبيق ضوابط Monitoring لضمان الامتثال لمتطلبات ضوابط الأمن السيبراني للتقنيات التشغيلية,To establish effective monitoring practices,preventive,administrative,4,low,True,continuous,active
234,NCA-OTCC,1.0,1.14,1,Governance,Governance - Control 14,Governance - ضابط 14,The organization shall implement governance controls to ensure compliance with OT Cybersecurity Controls requirements.,يجب على المنظمة تطبيق ضوابط Governance لضمان الامتثال لمتطلبات ضوابط الأمن السيبراني للتقنيات التشغيلية,To establish effective governance practices,detective,technical,1,critical,True,annually,active
235,SAMA-CSF,2.0,1.1,1,Governance,Governance - Control 1,Governance - ضابط 1,The organization shall implement governance controls to ensure compliance with Cybersecurity Framework requirements.,يجب على المنظمة تطبيق ضوابط Governance لضمان الامتثال لمتطلبات إطار الأمن السيبراني,To establish effective governance practices,preventive,administrative,1,critical,True,annually,active
236,SAMA-CSF,2.0,2.1,2,Risk,Risk - Control 1,Risk - ضابط 1,The organization shall implement risk controls to ensure compliance with Cybersecurity Framework requirements.,يجب على المنظمة تطبيق ضوابط Risk لضمان الامتثال لمتطلبات إطار الأمن السيبراني,To establish effective risk practices,detective,technical,2,high,True,quarterly,active
237,SAMA-CSF,2.0,3.1,3,Compliance,Compliance - Control 1,Compliance - ضابط 1,The organization shall implement compliance controls to ensure compliance with Cybersecurity Framework requirements.,يجب على المنظمة تطبيق ضوابط Compliance لضمان الامتثال لمتطلبات إطار الأمن السيبراني,To establish effective compliance practices,corrective,operational,3,medium,True,monthly,active
238,SAMA-CSF,2.0,4.1,4,Operations,Operations - Control 1,Operations - ضابط 1,The organization shall implement operations controls to ensure compliance with Cybersecurity Framework requirements.,يجب على المنظمة تطبيق ضوابط Operations لضمان الامتثال لمتطلبات إطار الأمن السيبراني,To establish effective operations practices,preventive,administrative,4,low,True,continuous,active
239,SAMA-CSF,2.0,5.1,5,Technology,Technology - Control 1,Technology - ضابط 1,The organization shall implement technology controls to ensure compliance with Cybersecurity Framework requirements.,يجب على المنظمة تطبيق ضوابط Technology لضمان الامتثال لمتطلبات إطار الأمن السيبراني,To establish effective technology practices,detective,technical,1,critical,True,annually,active
240,SAMA-CSF,2.0,6.1,6,People,People - Control 1,People - ضابط 1,The organization shall implement people controls to ensure compliance with Cybersecurity Framework requirements.,يجب على المنظمة تطبيق ضوابط People لضمان الامتثال لمتطلبات إطار الأمن السيبراني,To establish effective people practices,corrective,operational,2,high,True,quarterly,active
241,SAMA-CSF,2.0,1.2,1,Governance,Governance - Control 2,Governance - ضابط 2,The organization shall implement governance controls to ensure compliance with Cybersecurity Framework requirements.,يجب على المنظمة تطبيق ضوابط Governance لضمان الامتثال لمتطلبات إطار الأمن السيبراني,To establish effective governance practices,preventive,administrative,3,medium,True,monthly,active
242,SAMA-CSF,2.0,2.2,2,Risk,Risk - Control 2,Risk - ضابط 2,The organization shall implement risk controls to ensure compliance with Cybersecurity Framework requirements.,يجب على المنظمة تطبيق ضوابط Risk لضمان الامتثال لمتطلبات إطار الأمن السيبراني,To establish effective risk practices,detective,technical,4,low,True,continuous,active
243,SAMA-CSF,2.0,3.2,3,Compliance,Compliance - Control 2,Compliance - ضابط 2,The organization shall implement compliance controls to ensure compliance with Cybersecurity Framework requirements.,يجب على المنظمة تطبيق ضوابط Compliance لضمان الامتثال لمتطلبات إطار الأمن السيبراني,To establish effective compliance practices,corrective,operational,1,critical,True,annually,active
244,SAMA-CSF,2.0,4.2,4,Operations,Operations - Control 2,Operations - ضابط 2,The organization shall implement operations controls to ensure compliance with Cybersecurity Framework requirements.,يجب على المنظمة تطبيق ضوابط Operations لضمان الامتثال لمتطلبات إطار الأمن السيبراني,To establish effective operations practices,preventive,administrative,2,high,True,quarterly,active
245,SAMA-CSF,2.0,5.2,5,Technology,Technology - Control 2,Technology - ضابط 2,The organization shall implement technology controls to ensure compliance with Cybersecurity Framework requirements.,يجب على المنظمة تطبيق ضوابط Technology لضمان الامتثال لمتطلبات إطار الأمن السيبراني,To establish effective technology practices,detective,technical,3,medium,True,monthly,active
246,SAMA-CSF,2.0,6.2,6,People,People - Control 2,People - ضابط 2,The organization shall implement people controls to ensure compliance with Cybersecurity Framework requirements.,يجب على المنظمة تطبيق ضوابط People لضمان الامتثال لمتطلبات إطار الأمن السيبراني,To establish effective people practices,corrective,operational,4,low,True,continuous,active
247,SAMA-CSF,2.0,1.3,1,Governance,Governance - Control 3,Governance - ضابط 3,The organization shall implement governance controls to ensure compliance with Cybersecurity Framework requirements.,يجب على المنظمة تطبيق ضوابط Governance لضمان الامتثال لمتطلبات إطار الأمن السيبراني,To establish effective governance practices,preventive,administrative,1,critical,True,annually,active
248,SAMA-CSF,2.0,2.3,2,Risk,Risk - Control 3,Risk - ضابط 3,The organization shall implement risk controls to ensure compliance with Cybersecurity Framework requirements.,يجب على المنظمة تطبيق ضوابط Risk لضمان الامتثال لمتطلبات إطار الأمن السيبراني,To establish effective risk practices,detective,technical,2,high,True,quarterly,active
249,SAMA-CSF,2.0,3.3,3,Compliance,Compliance - Control 3,Compliance - ضابط 3,The organization shall implement compliance controls to ensure compliance with Cybersecurity Framework requirements.,يجب على المنظمة تطبيق ضوابط Compliance لضمان الامتثال لمتطلبات إطار الأمن السيبراني,To establish effective compliance practices,corrective,operational,3,medium,True,monthly,active
250,SAMA-CSF,2.0,4.3,4,Operations,Operations - Control 3,Operations - ضابط 3,The organization shall implement operations controls to ensure compliance with Cybersecurity Framework requirements.,يجب على المنظمة تطبيق ضوابط Operations لضمان الامتثال لمتطلبات إطار الأمن السيبراني,To establish effective operations practices,preventive,administrative,4,low,True,continuous,active
251,SAMA-CSF,2.0,5.3,5,Technology,Technology - Control 3,Technology - ضابط 3,The organization shall implement technology controls to ensure compliance with Cybersecurity Framework requirements.,يجب على المنظمة تطبيق ضوابط Technology لضمان الامتثال لمتطلبات إطار الأمن السيبراني,To establish effective technology practices,detective,technical,1,critical,True,annually,active
252,SAMA-CSF,2.0,6.3,6,People,People - Control 3,People - ضابط 3,The organization shall implement people controls to ensure compliance with Cybersecurity Framework requirements.,يجب على المنظمة تطبيق ضوابط People لضمان الامتثال لمتطلبات إطار الأمن السيبراني,To establish effective people practices,corrective,operational,2,high,True,quarterly,active
253,SAMA-CSF,2.0,1.4,1,Governance,Governance - Control 4,Governance - ضابط 4,The organization shall implement governance controls to ensure compliance with Cybersecurity Framework requirements.,يجب على المنظمة تطبيق ضوابط Governance لضمان الامتثال لمتطلبات إطار الأمن السيبراني,To establish effective governance practices,preventive,administrative,3,medium,True,monthly,active
254,SAMA-CSF,2.0,2.4,2,Risk,Risk - Control 4,Risk - ضابط 4,The organization shall implement risk controls to ensure compliance with Cybersecurity Framework requirements.,يجب على المنظمة تطبيق ضوابط Risk لضمان الامتثال لمتطلبات إطار الأمن السيبراني,To establish effective risk practices,detective,technical,4,low,True,continuous,active
255,SAMA-CSF,2.0,3.4,3,Compliance,Compliance - Control 4,Compliance - ضابط 4,The organization shall implement compliance controls to ensure compliance with Cybersecurity Framework requirements.,يجب على المنظمة تطبيق ضوابط Compliance لضمان الامتثال لمتطلبات إطار الأمن السيبراني,To establish effective compliance practices,corrective,operational,1,critical,True,annually,active
256,SAMA-CSF,2.0,4.4,4,Operations,Operations - Control 4,Operations - ضابط 4,The organization shall implement operations controls to ensure compliance with Cybersecurity Framework requirements.,يجب على المنظمة تطبيق ضوابط Operations لضمان الامتثال لمتطلبات إطار الأمن السيبراني,To establish effective operations practices,preventive,administrative,2,high,True,quarterly,active
257,SAMA-CSF,2.0,5.4,5,Technology,Technology - Control 4,Technology - ضابط 4,The organization shall implement technology controls to ensure compliance with Cybersecurity Framework requirements.,يجب على المنظمة تطبيق ضوابط Technology لضمان الامتثال لمتطلبات إطار الأمن السيبراني,To establish effective technology practices,detective,technical,3,medium,True,monthly,active
258,SAMA-CSF,2.0,6.4,6,People,People - Control 4,People - ضابط 4,The organization shall implement people controls to ensure compliance with Cybersecurity Framework requirements.,يجب على المنظمة تطبيق ضوابط People لضمان الامتثال لمتطلبات إطار الأمن السيبراني,To establish effective people practices,corrective,operational,4,low,True,continuous,active
259,SAMA-CSF,2.0,1.5,1,Governance,Governance - Control 5,Governance - ضابط 5,The organization shall implement governance controls to ensure compliance with Cybersecurity Framework requirements.,يجب على المنظمة تطبيق ضوابط Governance لضمان الامتثال لمتطلبات إطار الأمن السيبراني,To establish effective governance practices,preventive,administrative,1,critical,True,annually,active
260,SAMA-CSF,2.0,2.5,2,Risk,Risk - Control 5,Risk - ضابط 5,The organization shall implement risk controls to ensure compliance with Cybersecurity Framework requirements.,يجب على المنظمة تطبيق ضوابط Risk لضمان الامتثال لمتطلبات إطار الأمن السيبراني,To establish effective risk practices,detective,technical,2,high,True,quarterly,active
261,SAMA-CSF,2.0,3.5,3,Compliance,Compliance - Control 5,Compliance - ضابط 5,The organization shall implement compliance controls to ensure compliance with Cybersecurity Framework requirements.,يجب على المنظمة تطبيق ضوابط Compliance لضمان الامتثال لمتطلبات إطار الأمن السيبراني,To establish effective compliance practices,corrective,operational,3,medium,True,monthly,active
262,SAMA-CSF,2.0,4.5,4,Operations,Operations - Control 5,Operations - ضابط 5,The organization shall implement operations controls to ensure compliance with Cybersecurity Framework requirements.,يجب على المنظمة تطبيق ضوابط Operations لضمان الامتثال لمتطلبات إطار الأمن السيبراني,To establish effective operations practices,preventive,administrative,4,low,True,continuous,active
263,SAMA-CSF,2.0,5.5,5,Technology,Technology - Control 5,Technology - ضابط 5,The organization shall implement technology controls to ensure compliance with Cybersecurity Framework requirements.,يجب على المنظمة تطبيق ضوابط Technology لضمان الامتثال لمتطلبات إطار الأمن السيبراني,To establish effective technology practices,detective,technical,1,critical,True,annually,active
264,SAMA-CSF,2.0,6.5,6,People,People - Control 5,People - ضابط 5,The organization shall implement people controls to ensure compliance with Cybersecurity Framework requirements.,يجب على المنظمة تطبيق ضوابط People لضمان الامتثال لمتطلبات إطار الأمن السيبراني,To establish effective people practices,corrective,operational,2,high,True,quarterly,active
265,SAMA-CSF,2.0,1.6,1,Governance,Governance - Control 6,Governance - ضابط 6,The organization shall implement governance controls to ensure compliance with Cybersecurity Framework requirements.,يجب على المنظمة تطبيق ضوابط Governance لضمان الامتثال لمتطلبات إطار الأمن السيبراني,To establish effective governance practices,preventive,administrative,3,medium,True,monthly,active
266,SAMA-CSF,2.0,2.6,2,Risk,Risk - Control 6,Risk - ضابط 6,The organization shall implement risk controls to ensure compliance with Cybersecurity Framework requirements.,يجب على المنظمة تطبيق ضوابط Risk لضمان الامتثال لمتطلبات إطار الأمن السيبراني,To establish effective risk practices,detective,technical,4,low,True,continuous,active
267,SAMA-CSF,2.0,3.6,3,Compliance,Compliance - Control 6,Compliance - ضابط 6,The organization shall implement compliance controls to ensure compliance with Cybersecurity Framework requirements.,يجب على المنظمة تطبيق ضوابط Compliance لضمان الامتثال لمتطلبات إطار الأمن السيبراني,To establish effective compliance practices,corrective,operational,1,critical,True,annually,active
268,SAMA-CSF,2.0,4.6,4,Operations,Operations - Control 6,Operations - ضابط 6,The organization shall implement operations controls to ensure compliance with Cybersecurity Framework requirements.,يجب على المنظمة تطبيق ضوابط Operations لضمان الامتثال لمتطلبات إطار الأمن السيبراني,To establish effective operations practices,preventive,administrative,2,high,True,quarterly,active
269,SAMA-CSF,2.0,5.6,5,Technology,Technology - Control 6,Technology - ضابط 6,The organization shall implement technology controls to ensure compliance with Cybersecurity Framework requirements.,يجب على المنظمة تطبيق ضوابط Technology لضمان الامتثال لمتطلبات إطار الأمن السيبراني,To establish effective technology practices,detective,technical,3,medium,True,monthly,active
270,SAMA-CSF,2.0,6.6,6,People,People - Control 6,People - ضابط 6,The organization shall implement people controls to ensure compliance with Cybersecurity Framework requirements.,يجب على المنظمة تطبيق ضوابط People لضمان الامتثال لمتطلبات إطار الأمن السيبراني,To establish effective people practices,corrective,operational,4,low,True,continuous,active
271,SAMA-CSF,2.0,1.7,1,Governance,Governance - Control 7,Governance - ضابط 7,The organization shall implement governance controls to ensure compliance with Cybersecurity Framework requirements.,يجب على المنظمة تطبيق ضوابط Governance لضمان الامتثال لمتطلبات إطار الأمن السيبراني,To establish effective governance practices,preventive,administrative,1,critical,True,annually,active
272,SAMA-CSF,2.0,2.7,2,Risk,Risk - Control 7,Risk - ضابط 7,The organization shall implement risk controls to ensure compliance with Cybersecurity Framework requirements.,يجب على المنظمة تطبيق ضوابط Risk لضمان الامتثال لمتطلبات إطار الأمن السيبراني,To establish effective risk practices,detective,technical,2,high,True,quarterly,active
273,SAMA-CSF,2.0,3.7,3,Compliance,Compliance - Control 7,Compliance - ضابط 7,The organization shall implement compliance controls to ensure compliance with Cybersecurity Framework requirements.,يجب على المنظمة تطبيق ضوابط Compliance لضمان الامتثال لمتطلبات إطار الأمن السيبراني,To establish effective compliance practices,corrective,operational,3,medium,True,monthly,active
274,SAMA-CSF,2.0,4.7,4,Operations,Operations - Control 7,Operations - ضابط 7,The organization shall implement operations controls to ensure compliance with Cybersecurity Framework requirements.,يجب على المنظمة تطبيق ضوابط Operations لضمان الامتثال لمتطلبات إطار الأمن السيبراني,To establish effective operations practices,preventive,administrative,4,low,True,continuous,active
275,SAMA-CSF,2.0,5.7,5,Technology,Technology - Control 7,Technology - ضابط 7,The organization shall implement technology controls to ensure compliance with Cybersecurity Framework requirements.,يجب على المنظمة تطبيق ضوابط Technology لضمان الامتثال لمتطلبات إطار الأمن السيبراني,To establish effective technology practices,detective,technical,1,critical,True,annually,active
276,SAMA-CSF,2.0,6.7,6,People,People - Control 7,People - ضابط 7,The organization shall implement people controls to ensure compliance with Cybersecurity Framework requirements.,يجب على المنظمة تطبيق ضوابط People لضمان الامتثال لمتطلبات إطار الأمن السيبراني,To establish effective people practices,corrective,operational,2,high,True,quarterly,active
277,SAMA-CSF,2.0,1.8,1,Governance,Governance - Control 8,Governance - ضابط 8,The organization shall implement governance controls to ensure compliance with Cybersecurity Framework requirements.,يجب على المنظمة تطبيق ضوابط Governance لضمان الامتثال لمتطلبات إطار الأمن السيبراني,To establish effective governance practices,preventive,administrative,3,medium,True,monthly,active
278,SAMA-CSF,2.0,2.8,2,Risk,Risk - Control 8,Risk - ضابط 8,The organization shall implement risk controls to ensure compliance with Cybersecurity Framework requirements.,يجب على المنظمة تطبيق ضوابط Risk لضمان الامتثال لمتطلبات إطار الأمن السيبراني,To establish effective risk practices,detective,technical,4,low,True,continuous,active
279,SAMA-CSF,2.0,3.8,3,Compliance,Compliance - Control 8,Compliance - ضابط 8,The organization shall implement compliance controls to ensure compliance with Cybersecurity Framework requirements.,يجب على المنظمة تطبيق ضوابط Compliance لضمان الامتثال لمتطلبات إطار الأمن السيبراني,To establish effective compliance practices,corrective,operational,1,critical,True,annually,active
280,SAMA-CSF,2.0,4.8,4,Operations,Operations - Control 8,Operations - ضابط 8,The organization shall implement operations controls to ensure compliance with Cybersecurity Framework requirements.,يجب على المنظمة تطبيق ضوابط Operations لضمان الامتثال لمتطلبات إطار الأمن السيبراني,To establish effective operations practices,preventive,administrative,2,high,True,quarterly,active
281,SAMA-CSF,2.0,5.8,5,Technology,Technology - Control 8,Technology - ضابط 8,The organization shall implement technology controls to ensure compliance with Cybersecurity Framework requirements.,يجب على المنظمة تطبيق ضوابط Technology لضمان الامتثال لمتطلبات إطار الأمن السيبراني,To establish effective technology practices,detective,technical,3,medium,True,monthly,active
282,SAMA-CSF,2.0,6.8,6,People,People - Control 8,People - ضابط 8,The organization shall implement people controls to ensure compliance with Cybersecurity Framework requirements.,يجب على المنظمة تطبيق ضوابط People لضمان الامتثال لمتطلبات إطار الأمن السيبراني,To establish effective people practices,corrective,operational,4,low,True,continuous,active
283,SAMA-CSF,2.0,1.9,1,Governance,Governance - Control 9,Governance - ضابط 9,The organization shall implement governance controls to ensure compliance with Cybersecurity Framework requirements.,يجب على المنظمة تطبيق ضوابط Governance لضمان الامتثال لمتطلبات إطار الأمن السيبراني,To establish effective governance practices,preventive,administrative,1,critical,True,annually,active
284,SAMA-CSF,2.0,2.9,2,Risk,Risk - Control 9,Risk - ضابط 9,The organization shall implement risk controls to ensure compliance with Cybersecurity Framework requirements.,يجب على المنظمة تطبيق ضوابط Risk لضمان الامتثال لمتطلبات إطار الأمن السيبراني,To establish effective risk practices,detective,technical,2,high,True,quarterly,active
285,SAMA-CSF,2.0,3.9,3,Compliance,Compliance - Control 9,Compliance - ضابط 9,The organization shall implement compliance controls to ensure compliance with Cybersecurity Framework requirements.,يجب على المنظمة تطبيق ضوابط Compliance لضمان الامتثال لمتطلبات إطار الأمن السيبراني,To establish effective compliance practices,corrective,operational,3,medium,True,monthly,active
286,SAMA-CSF,2.0,4.9,4,Operations,Operations - Control 9,Operations - ضابط 9,The organization shall implement operations controls to ensure compliance with Cybersecurity Framework requirements.,يجب على المنظمة تطبيق ضوابط Operations لضمان الامتثال لمتطلبات إطار الأمن السيبراني,To establish effective operations practices,preventive,administrative,4,low,True,continuous,active
287,SAMA-CSF,2.0,5.9,5,Technology,Technology - Control 9,Technology - ضابط 9,The organization shall implement technology controls to ensure compliance with Cybersecurity Framework requirements.,يجب على المنظمة تطبيق ضوابط Technology لضمان الامتثال لمتطلبات إطار الأمن السيبراني,To establish effective technology practices,detective,technical,1,critical,True,annually,active
288,SAMA-CSF,2.0,6.9,6,People,People - Control 9,People - ضابط 9,The organization shall implement people controls to ensure compliance with Cybersecurity Framework requirements.,يجب على المنظمة تطبيق ضوابط People لضمان الامتثال لمتطلبات إطار الأمن السيبراني,To establish effective people practices,corrective,operational,2,high,True,quarterly,active
289,SAMA-CSF,2.0,1.10,1,Governance,Governance - Control 10,Governance - ضابط 10,The organization shall implement governance controls to ensure compliance with Cybersecurity Framework requirements.,يجب على المنظمة تطبيق ضوابط Governance لضمان الامتثال لمتطلبات إطار الأمن السيبراني,To establish effective governance practices,preventive,administrative,3,medium,True,monthly,active
290,SAMA-CSF,2.0,2.10,2,Risk,Risk - Control 10,Risk - ضابط 10,The organization shall implement risk controls to ensure compliance with Cybersecurity Framework requirements.,يجب على المنظمة تطبيق ضوابط Risk لضمان الامتثال لمتطلبات إطار الأمن السيبراني,To establish effective risk practices,detective,technical,4,low,True,continuous,active
291,SAMA-CSF,2.0,3.10,3,Compliance,Compliance - Control 10,Compliance - ضابط 10,The organization shall implement compliance controls to ensure compliance with Cybersecurity Framework requirements.,يجب على المنظمة تطبيق ضوابط Compliance لضمان الامتثال لمتطلبات إطار الأمن السيبراني,To establish effective compliance practices,corrective,operational,1,critical,True,annually,active
292,SAMA-CSF,2.0,4.10,4,Operations,Operations - Control 10,Operations - ضابط 10,The organization shall implement operations controls to ensure compliance with Cybersecurity Framework requirements.,يجب على المنظمة تطبيق ضوابط Operations لضمان الامتثال لمتطلبات إطار الأمن السيبراني,To establish effective operations practices,preventive,administrative,2,high,True,quarterly,active
293,SAMA-CSF,2.0,5.10,5,Technology,Technology - Control 10,Technology - ضابط 10,The organization shall implement technology controls to ensure compliance with Cybersecurity Framework requirements.,يجب على المنظمة تطبيق ضوابط Technology لضمان الامتثال لمتطلبات إطار الأمن السيبراني,To establish effective technology practices,detective,technical,3,medium,True,monthly,active
294,SAMA-CSF,2.0,6.10,6,People,People - Control 10,People - ضابط 10,The organization shall implement people controls to ensure compliance with Cybersecurity Framework requirements.,يجب على المنظمة تطبيق ضوابط People لضمان الامتثال لمتطلبات إطار الأمن السيبراني,To establish effective people practices,corrective,operational,4,low,True,continuous,active
295,SAMA-CSF,2.0,1.11,1,Governance,Governance - Control 11,Governance - ضابط 11,The organization shall implement governance controls to ensure compliance with Cybersecurity Framework requirements.,يجب على المنظمة تطبيق ضوابط Governance لضمان الامتثال لمتطلبات إطار الأمن السيبراني,To establish effective governance practices,preventive,administrative,1,critical,True,annually,active
296,SAMA-CSF,2.0,2.11,2,Risk,Risk - Control 11,Risk - ضابط 11,The organization shall implement risk controls to ensure compliance with Cybersecurity Framework requirements.,يجب على المنظمة تطبيق ضوابط Risk لضمان الامتثال لمتطلبات إطار الأمن السيبراني,To establish effective risk practices,detective,technical,2,high,True,quarterly,active
297,SAMA-CSF,2.0,3.11,3,Compliance,Compliance - Control 11,Compliance - ضابط 11,The organization shall implement compliance controls to ensure compliance with Cybersecurity Framework requirements.,يجب على المنظمة تطبيق ضوابط Compliance لضمان الامتثال لمتطلبات إطار الأمن السيبراني,To establish effective compliance practices,corrective,operational,3,medium,True,monthly,active
298,SAMA-CSF,2.0,4.11,4,Operations,Operations - Control 11,Operations - ضابط 11,The organization shall implement operations controls to ensure compliance with Cybersecurity Framework requirements.,يجب على المنظمة تطبيق ضوابط Operations لضمان الامتثال لمتطلبات إطار الأمن السيبراني,To establish effective operations practices,preventive,administrative,4,low,True,continuous,active
299,SAMA-CSF,2.0,5.11,5,Technology,Technology - Control 11,Technology - ضابط 11,The organization shall implement technology controls to ensure compliance with Cybersecurity Framework requirements.,يجب على المنظمة تطبيق ضوابط Technology لضمان الامتثال لمتطلبات إطار الأمن السيبراني,To establish effective technology practices,detective,technical,1,critical,True,annually,active
300,SAMA-CSF,2.0,6.11,6,People,People - Control 11,People - ضابط 11,The organization shall implement people controls to ensure compliance with Cybersecurity Framework requirements.,يجب على المنظمة تطبيق ضوابط People لضمان الامتثال لمتطلبات إطار الأمن السيبراني,To establish effective people practices,corrective,operational,2,high,True,quarterly,active
301,SAMA-CSF,2.0,1.12,1,Governance,Governance - Control 12,Governance - ضابط 12,The organization shall implement governance controls to ensure compliance with Cybersecurity Framework requirements.,يجب على المنظمة تطبيق ضوابط Governance لضمان الامتثال لمتطلبات إطار الأمن السيبراني,To establish effective governance practices,preventive,administrative,3,medium,True,monthly,active
302,SAMA-CSF,2.0,2.12,2,Risk,Risk - Control 12,Risk - ضابط 12,The organization shall implement risk controls to ensure compliance with Cybersecurity Framework requirements.,يجب على المنظمة تطبيق ضوابط Risk لضمان الامتثال لمتطلبات إطار الأمن السيبراني,To establish effective risk practices,detective,technical,4,low,True,continuous,active
303,SAMA-CSF,2.0,3.12,3,Compliance,Compliance - Control 12,Compliance - ضابط 12,The organization shall implement compliance controls to ensure compliance with Cybersecurity Framework requirements.,يجب على المنظمة تطبيق ضوابط Compliance لضمان الامتثال لمتطلبات إطار الأمن السيبراني,To establish effective compliance practices,corrective,operational,1,critical,True,annually,active
304,SAMA-CSF,2.0,4.12,4,Operations,Operations - Control 12,Operations - ضابط 12,The organization shall implement operations controls to ensure compliance with Cybersecurity Framework requirements.,يجب على المنظمة تطبيق ضوابط Operations لضمان الامتثال لمتطلبات إطار الأمن السيبراني,To establish effective operations practices,preventive,administrative,2,high,True,quarterly,active
305,SAMA-CSF,2.0,5.12,5,Technology,Technology - Control 12,Technology - ضابط 12,The organization shall implement technology controls to ensure compliance with Cybersecurity Framework requirements.,يجب على المنظمة تطبيق ضوابط Technology لضمان الامتثال لمتطلبات إطار الأمن السيبراني,To establish effective technology practices,detective,technical,3,medium,True,monthly,active
306,SAMA-CSF,2.0,6.12,6,People,People - Control 12,People - ضابط 12,The organization shall implement people controls to ensure compliance with Cybersecurity Framework requirements.,يجب على المنظمة تطبيق ضوابط People لضمان الامتثال لمتطلبات إطار الأمن السيبراني,To establish effective people practices,corrective,operational,4,low,True,continuous,active
307,SAMA-CSF,2.0,1.13,1,Governance,Governance - Control 13,Governance - ضابط 13,The organization shall implement governance controls to ensure compliance with Cybersecurity Framework requirements.,يجب على المنظمة تطبيق ضوابط Governance لضمان الامتثال لمتطلبات إطار الأمن السيبراني,To establish effective governance practices,preventive,administrative,1,critical,True,annually,active
308,SAMA-CSF,2.0,2.13,2,Risk,Risk - Control 13,Risk - ضابط 13,The organization shall implement risk controls to ensure compliance with Cybersecurity Framework requirements.,يجب على المنظمة تطبيق ضوابط Risk لضمان الامتثال لمتطلبات إطار الأمن السيبراني,To establish effective risk practices,detective,technical,2,high,True,quarterly,active
309,SAMA-CSF,2.0,3.13,3,Compliance,Compliance - Control 13,Compliance - ضابط 13,The organization shall implement compliance controls to ensure compliance with Cybersecurity Framework requirements.,يجب على المنظمة تطبيق ضوابط Compliance لضمان الامتثال لمتطلبات إطار الأمن السيبراني,To establish effective compliance practices,corrective,operational,3,medium,True,monthly,active
310,SAMA-CSF,2.0,4.13,4,Operations,Operations - Control 13,Operations - ضابط 13,The organization shall implement operations controls to ensure compliance with Cybersecurity Framework requirements.,يجب على المنظمة تطبيق ضوابط Operations لضمان الامتثال لمتطلبات إطار الأمن السيبراني,To establish effective operations practices,preventive,administrative,4,low,True,continuous,active
311,SAMA-CSF,2.0,5.13,5,Technology,Technology - Control 13,Technology - ضابط 13,The organization shall implement technology controls to ensure compliance with Cybersecurity Framework requirements.,يجب على المنظمة تطبيق ضوابط Technology لضمان الامتثال لمتطلبات إطار الأمن السيبراني,To establish effective technology practices,detective,technical,1,critical,True,annually,active
312,SAMA-CSF,2.0,6.13,6,People,People - Control 13,People - ضابط 13,The organization shall implement people controls to ensure compliance with Cybersecurity Framework requirements.,يجب على المنظمة تطبيق ضوابط People لضمان الامتثال لمتطلبات إطار الأمن السيبراني,To establish effective people practices,corrective,operational,2,high,True,quarterly,active
313,SAMA-CSF,2.0,1.14,1,Governance,Governance - Control 14,Governance - ضابط 14,The organization shall implement governance controls to ensure compliance with Cybersecurity Framework requirements.,يجب على المنظمة تطبيق ضوابط Governance لضمان الامتثال لمتطلبات إطار الأمن السيبراني,To establish effective governance practices,preventive,administrative,3,medium,True,monthly,active
314,SAMA-CSF,2.0,2.14,2,Risk,Risk - Control 14,Risk - ضابط 14,The organization shall implement risk controls to ensure compliance with Cybersecurity Framework requirements.,يجب على المنظمة تطبيق ضوابط Risk لضمان الامتثال لمتطلبات إطار الأمن السيبراني,To establish effective risk practices,detective,technical,4,low,True,continuous,active
315,SAMA-CSF,2.0,3.14,3,Compliance,Compliance - Control 14,Compliance - ضابط 14,The organization shall implement compliance controls to ensure compliance with Cybersecurity Framework requirements.,يجب على المنظمة تطبيق ضوابط Compliance لضمان الامتثال لمتطلبات إطار الأمن السيبراني,To establish effective compliance practices,corrective,operational,1,critical,True,annually,active
316,SAMA-CSF,2.0,4.14,4,Operations,Operations - Control 14,Operations - ضابط 14,The organization shall implement operations controls to ensure compliance with Cybersecurity Framework requirements.,يجب على المنظمة تطبيق ضوابط Operations لضمان الامتثال لمتطلبات إطار الأمن السيبراني,To establish effective operations practices,preventive,administrative,2,high,True,quarterly,active
317,SAMA-CSF,2.0,5.14,5,Technology,Technology - Control 14,Technology - ضابط 14,The organization shall implement technology controls to ensure compliance with Cybersecurity Framework requirements.,يجب على المنظمة تطبيق ضوابط Technology لضمان الامتثال لمتطلبات إطار الأمن السيبراني,To establish effective technology practices,detective,technical,3,medium,True,monthly,active
318,SAMA-CSF,2.0,6.14,6,People,People - Control 14,People - ضابط 14,The organization shall implement people controls to ensure compliance with Cybersecurity Framework requirements.,يجب على المنظمة تطبيق ضوابط People لضمان الامتثال لمتطلبات إطار الأمن السيبراني,To establish effective people practices,corrective,operational,4,low,True,continuous,active
319,SAMA-CSF,2.0,1.15,1,Governance,Governance - Control 15,Governance - ضابط 15,The organization shall implement governance controls to ensure compliance with Cybersecurity Framework requirements.,يجب على المنظمة تطبيق ضوابط Governance لضمان الامتثال لمتطلبات إطار الأمن السيبراني,To establish effective governance practices,preventive,administrative,1,critical,True,annually,active
320,SAMA-CSF,2.0,2.15,2,Risk,Risk - Control 15,Risk - ضابط 15,The organization shall implement risk controls to ensure compliance with Cybersecurity Framework requirements.,يجب على المنظمة تطبيق ضوابط Risk لضمان الامتثال لمتطلبات إطار الأمن السيبراني,To establish effective risk practices,detective,technical,2,high,True,quarterly,active
321,SAMA-CSF,2.0,3.15,3,Compliance,Compliance - Control 15,Compliance - ضابط 15,The organization shall implement compliance controls to ensure compliance with Cybersecurity Framework requirements.,يجب على المنظمة تطبيق ضوابط Compliance لضمان الامتثال لمتطلبات إطار الأمن السيبراني,To establish effective compliance practices,corrective,operational,3,medium,True,monthly,active
322,SAMA-CSF,2.0,4.15,4,Operations,Operations - Control 15,Operations - ضابط 15,The organization shall implement operations controls to ensure compliance with Cybersecurity Framework requirements.,يجب على المنظمة تطبيق ضوابط Operations لضمان الامتثال لمتطلبات إطار الأمن السيبراني,To establish effective operations practices,preventive,administrative,4,low,True,continuous,active
323,SAMA-CSF,2.0,5.15,5,Technology,Technology - Control 15,Technology - ضابط 15,The organization shall implement technology controls to ensure compliance with Cybersecurity Framework requirements.,يجب على المنظمة تطبيق ضوابط Technology لضمان الامتثال لمتطلبات إطار الأمن السيبراني,To establish effective technology practices,detective,technical,1,critical,True,annually,active
324,SAMA-CSF,2.0,6.15,6,People,People - Control 15,People - ضابط 15,The organization shall implement people controls to ensure compliance with Cybersecurity Framework requirements.,يجب على المنظمة تطبيق ضوابط People لضمان الامتثال لمتطلبات إطار الأمن السيبراني,To establish effective people practices,corrective,operational,2,high,True,quarterly,active
325,SAMA-CSF,2.0,1.16,1,Governance,Governance - Control 16,Governance - ضابط 16,The organization shall implement governance controls to ensure compliance with Cybersecurity Framework requirements.,يجب على المنظمة تطبيق ضوابط Governance لضمان الامتثال لمتطلبات إطار الأمن السيبراني,To establish effective governance practices,preventive,administrative,3,medium,True,monthly,active
326,SAMA-CSF,2.0,2.16,2,Risk,Risk - Control 16,Risk - ضابط 16,The organization shall implement risk controls to ensure compliance with Cybersecurity Framework requirements.,يجب على المنظمة تطبيق ضوابط Risk لضمان الامتثال لمتطلبات إطار الأمن السيبراني,To establish effective risk practices,detective,technical,4,low,True,continuous,active
327,SAMA-CSF,2.0,3.16,3,Compliance,Compliance - Control 16,Compliance - ضابط 16,The organization shall implement compliance controls to ensure compliance with Cybersecurity Framework requirements.,يجب على المنظمة تطبيق ضوابط Compliance لضمان الامتثال لمتطلبات إطار الأمن السيبراني,To establish effective compliance practices,corrective,operational,1,critical,True,annually,active
328,SAMA-CSF,2.0,4.16,4,Operations,Operations - Control 16,Operations - ضابط 16,The organization shall implement operations controls to ensure compliance with Cybersecurity Framework requirements.,يجب على المنظمة تطبيق ضوابط Operations لضمان الامتثال لمتطلبات إطار الأمن السيبراني,To establish effective operations practices,preventive,administrative,2,high,True,quarterly,active
329,SAMA-CSF,2.0,5.16,5,Technology,Technology - Control 16,Technology - ضابط 16,The organization shall implement technology controls to ensure compliance with Cybersecurity Framework requirements.,يجب على المنظمة تطبيق ضوابط Technology لضمان الامتثال لمتطلبات إطار الأمن السيبراني,To establish effective technology practices,detective,technical,3,medium,True,monthly,active
330,SAMA-CSF,2.0,6.16,6,People,People - Control 16,People - ضابط 16,The organization shall implement people controls to ensure compliance with Cybersecurity Framework requirements.,يجب على المنظمة تطبيق ضوابط People لضمان الامتثال لمتطلبات إطار الأمن السيبراني,To establish effective people practices,corrective,operational,4,low,True,continuous,active
331,SAMA-CSF,2.0,1.17,1,Governance,Governance - Control 17,Governance - ضابط 17,The organization shall implement governance controls to ensure compliance with Cybersecurity Framework requirements.,يجب على المنظمة تطبيق ضوابط Governance لضمان الامتثال لمتطلبات إطار الأمن السيبراني,To establish effective governance practices,preventive,administrative,1,critical,True,annually,active
332,SAMA-CSF,2.0,2.17,2,Risk,Risk - Control 17,Risk - ضابط 17,The organization shall implement risk controls to ensure compliance with Cybersecurity Framework requirements.,يجب على المنظمة تطبيق ضوابط Risk لضمان الامتثال لمتطلبات إطار الأمن السيبراني,To establish effective risk practices,detective,technical,2,high,True,quarterly,active
333,SAMA-CSF,2.0,3.17,3,Compliance,Compliance - Control 17,Compliance - ضابط 17,The organization shall implement compliance controls to ensure compliance with Cybersecurity Framework requirements.,يجب على المنظمة تطبيق ضوابط Compliance لضمان الامتثال لمتطلبات إطار الأمن السيبراني,To establish effective compliance practices,corrective,operational,3,medium,True,monthly,active
334,SAMA-CSF,2.0,4.17,4,Operations,Operations - Control 17,Operations - ضابط 17,The organization shall implement operations controls to ensure compliance with Cybersecurity Framework requirements.,يجب على المنظمة تطبيق ضوابط Operations لضمان الامتثال لمتطلبات إطار الأمن السيبراني,To establish effective operations practices,preventive,administrative,4,low,True,continuous,active
335,SAMA-CSF,2.0,5.17,5,Technology,Technology - Control 17,Technology - ضابط 17,The organization shall implement technology controls to ensure compliance with Cybersecurity Framework requirements.,يجب على المنظمة تطبيق ضوابط Technology لضمان الامتثال لمتطلبات إطار الأمن السيبراني,To establish effective technology practices,detective,technical,1,critical,True,annually,active
336,SAMA-CSF,2.0,6.17,6,People,People - Control 17,People - ضابط 17,The organization shall implement people controls to ensure compliance with Cybersecurity Framework requirements.,يجب على المنظمة تطبيق ضوابط People لضمان الامتثال لمتطلبات إطار الأمن السيبراني,To establish effective people practices,corrective,operational,2,high,True,quarterly,active
337,SAMA-CSF,2.0,1.18,1,Governance,Governance - Control 18,Governance - ضابط 18,The organization shall implement governance controls to ensure compliance with Cybersecurity Framework requirements.,يجب على المنظمة تطبيق ضوابط Governance لضمان الامتثال لمتطلبات إطار الأمن السيبراني,To establish effective governance practices,preventive,administrative,3,medium,True,monthly,active
338,SAMA-CSF,2.0,2.18,2,Risk,Risk - Control 18,Risk - ضابط 18,The organization shall implement risk controls to ensure compliance with Cybersecurity Framework requirements.,يجب على المنظمة تطبيق ضوابط Risk لضمان الامتثال لمتطلبات إطار الأمن السيبراني,To establish effective risk practices,detective,technical,4,low,True,continuous,active
339,SAMA-CSF,2.0,3.18,3,Compliance,Compliance - Control 18,Compliance - ضابط 18,The organization shall implement compliance controls to ensure compliance with Cybersecurity Framework requirements.,يجب على المنظمة تطبيق ضوابط Compliance لضمان الامتثال لمتطلبات إطار الأمن السيبراني,To establish effective compliance practices,corrective,operational,1,critical,True,annually,active
340,SAMA-CSF,2.0,4.18,4,Operations,Operations - Control 18,Operations - ضابط 18,The organization shall implement operations controls to ensure compliance with Cybersecurity Framework requirements.,يجب على المنظمة تطبيق ضوابط Operations لضمان الامتثال لمتطلبات إطار الأمن السيبراني,To establish effective operations practices,preventive,administrative,2,high,True,quarterly,active
341,SAMA-CSF,2.0,5.18,5,Technology,Technology - Control 18,Technology - ضابط 18,The organization shall implement technology controls to ensure compliance with Cybersecurity Framework requirements.,يجب على المنظمة تطبيق ضوابط Technology لضمان الامتثال لمتطلبات إطار الأمن السيبراني,To establish effective technology practices,detective,technical,3,medium,True,monthly,active
342,SAMA-CSF,2.0,6.18,6,People,People - Control 18,People - ضابط 18,The organization shall implement people controls to ensure compliance with Cybersecurity Framework requirements.,يجب على المنظمة تطبيق ضوابط People لضمان الامتثال لمتطلبات إطار الأمن السيبراني,To establish effective people practices,corrective,operational,4,low,True,continuous,active
343,SAMA-CSF,2.0,1.19,1,Governance,Governance - Control 19,Governance - ضابط 19,The organization shall implement governance controls to ensure compliance with Cybersecurity Framework requirements.,يجب على المنظمة تطبيق ضوابط Governance لضمان الامتثال لمتطلبات إطار الأمن السيبراني,To establish effective governance practices,preventive,administrative,1,critical,True,annually,active
344,SAMA-CSF,2.0,2.19,2,Risk,Risk - Control 19,Risk - ضابط 19,The organization shall implement risk controls to ensure compliance with Cybersecurity Framework requirements.,يجب على المنظمة تطبيق ضوابط Risk لضمان الامتثال لمتطلبات إطار الأمن السيبراني,To establish effective risk practices,detective,technical,2,high,True,quarterly,active
345,SAMA-CSF,2.0,3.19,3,Compliance,Compliance - Control 19,Compliance - ضابط 19,The organization shall implement compliance controls to ensure compliance with Cybersecurity Framework requirements.,يجب على المنظمة تطبيق ضوابط Compliance لضمان الامتثال لمتطلبات إطار الأمن السيبراني,To establish effective compliance practices,corrective,operational,3,medium,True,monthly,active
346,SAMA-CSF,2.0,4.19,4,Operations,Operations - Control 19,Operations - ضابط 19,The organization shall implement operations controls to ensure compliance with Cybersecurity Framework requirements.,يجب على المنظمة تطبيق ضوابط Operations لضمان الامتثال لمتطلبات إطار الأمن السيبراني,To establish effective operations practices,preventive,administrative,4,low,True,continuous,active
347,SAMA-CSF,2.0,5.19,5,Technology,Technology - Control 19,Technology - ضابط 19,The organization shall implement technology controls to ensure compliance with Cybersecurity Framework requirements.,يجب على المنظمة تطبيق ضوابط Technology لضمان الامتثال لمتطلبات إطار الأمن السيبراني,To establish effective technology practices,detective,technical,1,critical,True,annually,active
348,SAMA-CSF,2.0,6.19,6,People,People - Control 19,People - ضابط 19,The organization shall implement people controls to ensure compliance with Cybersecurity Framework requirements.,يجب على المنظمة تطبيق ضوابط People لضمان الامتثال لمتطلبات إطار الأمن السيبراني,To establish effective people practices,corrective,operational,2,high,True,quarterly,active
349,SAMA-CSF,2.0,1.20,1,Governance,Governance - Control 20,Governance - ضابط 20,The organization shall implement governance controls to ensure compliance with Cybersecurity Framework requirements.,يجب على المنظمة تطبيق ضوابط Governance لضمان الامتثال لمتطلبات إطار الأمن السيبراني,To establish effective governance practices,preventive,administrative,3,medium,True,monthly,active
350,SAMA-CSF,2.0,2.20,2,Risk,Risk - Control 20,Risk - ضابط 20,The organization shall implement risk controls to ensure compliance with Cybersecurity Framework requirements.,يجب على المنظمة تطبيق ضوابط Risk لضمان الامتثال لمتطلبات إطار الأمن السيبراني,To establish effective risk practices,detective,technical,4,low,True,continuous,active
351,SAMA-CSF,2.0,3.20,3,Compliance,Compliance - Control 20,Compliance - ضابط 20,The organization shall implement compliance controls to ensure compliance with Cybersecurity Framework requirements.,يجب على المنظمة تطبيق ضوابط Compliance لضمان الامتثال لمتطلبات إطار الأمن السيبراني,To establish effective compliance practices,corrective,operational,1,critical,True,annually,active
352,SAMA-CSF,2.0,4.20,4,Operations,Operations - Control 20,Operations - ضابط 20,The organization shall implement operations controls to ensure compliance with Cybersecurity Framework requirements.,يجب على المنظمة تطبيق ضوابط Operations لضمان الامتثال لمتطلبات إطار الأمن السيبراني,To establish effective operations practices,preventive,administrative,2,high,True,quarterly,active
353,SAMA-CSF,2.0,5.20,5,Technology,Technology - Control 20,Technology - ضابط 20,The organization shall implement technology controls to ensure compliance with Cybersecurity Framework requirements.,يجب على المنظمة تطبيق ضوابط Technology لضمان الامتثال لمتطلبات إطار الأمن السيبراني,To establish effective technology practices,detective,technical,3,medium,True,monthly,active
354,SAMA-CSF,2.0,6.20,6,People,People - Control 20,People - ضابط 20,The organization shall implement people controls to ensure compliance with Cybersecurity Framework requirements.,يجب على المنظمة تطبيق ضوابط People لضمان الامتثال لمتطلبات إطار الأمن السيبراني,To establish effective people practices,corrective,operational,4,low,True,continuous,active
355,SAMA-CSF,2.0,1.21,1,Governance,Governance - Control 21,Governance - ضابط 21,The organization shall implement governance controls to ensure compliance with Cybersecurity Framework requirements.,يجب على المنظمة تطبيق ضوابط Governance لضمان الامتثال لمتطلبات إطار الأمن السيبراني,To establish effective governance practices,preventive,administrative,1,critical,True,annually,active
356,SAMA-CSF,2.0,2.21,2,Risk,Risk - Control 21,Risk - ضابط 21,The organization shall implement risk controls to ensure compliance with Cybersecurity Framework requirements.,يجب على المنظمة تطبيق ضوابط Risk لضمان الامتثال لمتطلبات إطار الأمن السيبراني,To establish effective risk practices,detective,technical,2,high,True,quarterly,active
357,SAMA-CSF,2.0,3.21,3,Compliance,Compliance - Control 21,Compliance - ضابط 21,The organization shall implement compliance controls to ensure compliance with Cybersecurity Framework requirements.,يجب على المنظمة تطبيق ضوابط Compliance لضمان الامتثال لمتطلبات إطار الأمن السيبراني,To establish effective compliance practices,corrective,operational,3,medium,True,monthly,active
358,SAMA-CSF,2.0,4.21,4,Operations,Operations - Control 21,Operations - ضابط 21,The organization shall implement operations controls to ensure compliance with Cybersecurity Framework requirements.,يجب على المنظمة تطبيق ضوابط Operations لضمان الامتثال لمتطلبات إطار الأمن السيبراني,To establish effective operations practices,preventive,administrative,4,low,True,continuous,active
359,SAMA-CSF,2.0,5.21,5,Technology,Technology - Control 21,Technology - ضابط 21,The organization shall implement technology controls to ensure compliance with Cybersecurity Framework requirements.,يجب على المنظمة تطبيق ضوابط Technology لضمان الامتثال لمتطلبات إطار الأمن السيبراني,To establish effective technology practices,detective,technical,1,critical,True,annually,active
360,SAMA-CSF,2.0,6.21,6,People,People - Control 21,People - ضابط 21,The organization shall implement people controls to ensure compliance with Cybersecurity Framework requirements.,يجب على المنظمة تطبيق ضوابط People لضمان الامتثال لمتطلبات إطار الأمن السيبراني,To establish effective people practices,corrective,operational,2,high,True,quarterly,active
361,SAMA-CSF,2.0,1.22,1,Governance,Governance - Control 22,Governance - ضابط 22,The organization shall implement governance controls to ensure compliance with Cybersecurity Framework requirements.,يجب على المنظمة تطبيق ضوابط Governance لضمان الامتثال لمتطلبات إطار الأمن السيبراني,To establish effective governance practices,preventive,administrative,3,medium,True,monthly,active
362,SAMA-CSF,2.0,2.22,2,Risk,Risk - Control 22,Risk - ضابط 22,The organization shall implement risk controls to ensure compliance with Cybersecurity Framework requirements.,يجب على المنظمة تطبيق ضوابط Risk لضمان الامتثال لمتطلبات إطار الأمن السيبراني,To establish effective risk practices,detective,technical,4,low,True,continuous,active
363,SAMA-CSF,2.0,3.22,3,Compliance,Compliance - Control 22,Compliance - ضابط 22,The organization shall implement compliance controls to ensure compliance with Cybersecurity Framework requirements.,يجب على المنظمة تطبيق ضوابط Compliance لضمان الامتثال لمتطلبات إطار الأمن السيبراني,To establish effective compliance practices,corrective,operational,1,critical,True,annually,active
364,SAMA-CSF,2.0,4.22,4,Operations,Operations - Control 22,Operations - ضابط 22,The organization shall implement operations controls to ensure compliance with Cybersecurity Framework requirements.,يجب على المنظمة تطبيق ضوابط Operations لضمان الامتثال لمتطلبات إطار الأمن السيبراني,To establish effective operations practices,preventive,administrative,2,high,True,quarterly,active
365,SAMA-CSF,2.0,5.22,5,Technology,Technology - Control 22,Technology - ضابط 22,The organization shall implement technology controls to ensure compliance with Cybersecurity Framework requirements.,يجب على المنظمة تطبيق ضوابط Technology لضمان الامتثال لمتطلبات إطار الأمن السيبراني,To establish effective technology practices,detective,technical,3,medium,True,monthly,active
366,SAMA-CSF,2.0,6.22,6,People,People - Control 22,People - ضابط 22,The organization shall implement people controls to ensure compliance with Cybersecurity Framework requirements.,يجب على المنظمة تطبيق ضوابط People لضمان الامتثال لمتطلبات إطار الأمن السيبراني,To establish effective people practices,corrective,operational,4,low,True,continuous,active
367,SAMA-CSF,2.0,1.23,1,Governance,Governance - Control 23,Governance - ضابط 23,The organization shall implement governance controls to ensure compliance with Cybersecurity Framework requirements.,يجب على المنظمة تطبيق ضوابط Governance لضمان الامتثال لمتطلبات إطار الأمن السيبراني,To establish effective governance practices,preventive,administrative,1,critical,True,annually,active
368,SAMA-CSF,2.0,2.23,2,Risk,Risk - Control 23,Risk - ضابط 23,The organization shall implement risk controls to ensure compliance with Cybersecurity Framework requirements.,يجب على المنظمة تطبيق ضوابط Risk لضمان الامتثال لمتطلبات إطار الأمن السيبراني,To establish effective risk practices,detective,technical,2,high,True,quarterly,active
369,SAMA-CSF,2.0,3.23,3,Compliance,Compliance - Control 23,Compliance - ضابط 23,The organization shall implement compliance controls to ensure compliance with Cybersecurity Framework requirements.,يجب على المنظمة تطبيق ضوابط Compliance لضمان الامتثال لمتطلبات إطار الأمن السيبراني,To establish effective compliance practices,corrective,operational,3,medium,True,monthly,active
370,SAMA-CSF,2.0,4.23,4,Operations,Operations - Control 23,Operations - ضابط 23,The organization shall implement operations controls to ensure compliance with Cybersecurity Framework requirements.,يجب على المنظمة تطبيق ضوابط Operations لضمان الامتثال لمتطلبات إطار الأمن السيبراني,To establish effective operations practices,preventive,administrative,4,low,True,continuous,active
371,SAMA-CSF,2.0,5.23,5,Technology,Technology - Control 23,Technology - ضابط 23,The organization shall implement technology controls to ensure compliance with Cybersecurity Framework requirements.,يجب على المنظمة تطبيق ضوابط Technology لضمان الامتثال لمتطلبات إطار الأمن السيبراني,To establish effective technology practices,detective,technical,1,critical,True,annually,active
372,SAMA-CSF,2.0,6.23,6,People,People - Control 23,People - ضابط 23,The organization shall implement people controls to ensure compliance with Cybersecurity Framework requirements.,يجب على المنظمة تطبيق ضوابط People لضمان الامتثال لمتطلبات إطار الأمن السيبراني,To establish effective people practices,corrective,operational,2,high,True,quarterly,active
373,SAMA-CSF,2.0,1.24,1,Governance,Governance - Control 24,Governance - ضابط 24,The organization shall implement governance controls to ensure compliance with Cybersecurity Framework requirements.,يجب على المنظمة تطبيق ضوابط Governance لضمان الامتثال لمتطلبات إطار الأمن السيبراني,To establish effective governance practices,preventive,administrative,3,medium,True,monthly,active
374,SAMA-CSF,2.0,2.24,2,Risk,Risk - Control 24,Risk - ضابط 24,The organization shall implement risk controls to ensure compliance with Cybersecurity Framework requirements.,يجب على المنظمة تطبيق ضوابط Risk لضمان الامتثال لمتطلبات إطار الأمن السيبراني,To establish effective risk practices,detective,technical,4,low,True,continuous,active
375,SAMA-CSF,2.0,3.24,3,Compliance,Compliance - Control 24,Compliance - ضابط 24,The organization shall implement compliance controls to ensure compliance with Cybersecurity Framework requirements.,يجب على المنظمة تطبيق ضوابط Compliance لضمان الامتثال لمتطلبات إطار الأمن السيبراني,To establish effective compliance practices,corrective,operational,1,critical,True,annually,active
376,SAMA-CSF,2.0,4.24,4,Operations,Operations - Control 24,Operations - ضابط 24,The organization shall implement operations controls to ensure compliance with Cybersecurity Framework requirements.,يجب على المنظمة تطبيق ضوابط Operations لضمان الامتثال لمتطلبات إطار الأمن السيبراني,To establish effective operations practices,preventive,administrative,2,high,True,quarterly,active
377,SAMA-CSF,2.0,5.24,5,Technology,Technology - Control 24,Technology - ضابط 24,The organization shall implement technology controls to ensure compliance with Cybersecurity Framework requirements.,يجب على المنظمة تطبيق ضوابط Technology لضمان الامتثال لمتطلبات إطار الأمن السيبراني,To establish effective technology practices,detective,technical,3,medium,True,monthly,active
378,SAMA-CSF,2.0,6.24,6,People,People - Control 24,People - ضابط 24,The organization shall implement people controls to ensure compliance with Cybersecurity Framework requirements.,يجب على المنظمة تطبيق ضوابط People لضمان الامتثال لمتطلبات إطار الأمن السيبراني,To establish effective people practices,corrective,operational,4,low,True,continuous,active
379,SAMA-CSF,2.0,1.25,1,Governance,Governance - Control 25,Governance - ضابط 25,The organization shall implement governance controls to ensure compliance with Cybersecurity Framework requirements.,يجب على المنظمة تطبيق ضوابط Governance لضمان الامتثال لمتطلبات إطار الأمن السيبراني,To establish effective governance practices,preventive,administrative,1,critical,True,annually,active
380,SAMA-CSF,2.0,2.25,2,Risk,Risk - Control 25,Risk - ضابط 25,The organization shall implement risk controls to ensure compliance with Cybersecurity Framework requirements.,يجب على المنظمة تطبيق ضوابط Risk لضمان الامتثال لمتطلبات إطار الأمن السيبراني,To establish effective risk practices,detective,technical,2,high,True,quarterly,active
381,SAMA-CSF,2.0,3.25,3,Compliance,Compliance - Control 25,Compliance - ضابط 25,The organization shall implement compliance controls to ensure compliance with Cybersecurity Framework requirements.,يجب على المنظمة تطبيق ضوابط Compliance لضمان الامتثال لمتطلبات إطار الأمن السيبراني,To establish effective compliance practices,corrective,operational,3,medium,True,monthly,active
382,SAMA-CSF,2.0,4.25,4,Operations,Operations - Control 25,Operations - ضابط 25,The organization shall implement operations controls to ensure compliance with Cybersecurity Framework requirements.,يجب على المنظمة تطبيق ضوابط Operations لضمان الامتثال لمتطلبات إطار الأمن السيبراني,To establish effective operations practices,preventive,administrative,4,low,True,continuous,active
383,SAMA-CSF,2.0,5.25,5,Technology,Technology - Control 25,Technology - ضابط 25,The organization shall implement technology controls to ensure compliance with Cybersecurity Framework requirements.,يجب على المنظمة تطبيق ضوابط Technology لضمان الامتثال لمتطلبات إطار الأمن السيبراني,To establish effective technology practices,detective,technical,1,critical,True,annually,active
384,SAMA-CSF,2.0,6.25,6,People,People - Control 25,People - ضابط 25,The organization shall implement people controls to ensure compliance with Cybersecurity Framework requirements.,يجب على المنظمة تطبيق ضوابط People لضمان الامتثال لمتطلبات إطار الأمن السيبراني,To establish effective people practices,corrective,operational,2,high,True,quarterly,active
385,SAMA-CSF,2.0,1.26,1,Governance,Governance - Control 26,Governance - ضابط 26,The organization shall implement governance controls to ensure compliance with Cybersecurity Framework requirements.,يجب على المنظمة تطبيق ضوابط Governance لضمان الامتثال لمتطلبات إطار الأمن السيبراني,To establish effective governance practices,preventive,administrative,3,medium,True,monthly,active
386,SAMA-CSF,2.0,2.26,2,Risk,Risk - Control 26,Risk - ضابط 26,The organization shall implement risk controls to ensure compliance with Cybersecurity Framework requirements.,يجب على المنظمة تطبيق ضوابط Risk لضمان الامتثال لمتطلبات إطار الأمن السيبراني,To establish effective risk practices,detective,technical,4,low,True,continuous,active
387,SAMA-CSF,2.0,3.26,3,Compliance,Compliance - Control 26,Compliance - ضابط 26,The organization shall implement compliance controls to ensure compliance with Cybersecurity Framework requirements.,يجب على المنظمة تطبيق ضوابط Compliance لضمان الامتثال لمتطلبات إطار الأمن السيبراني,To establish effective compliance practices,corrective,operational,1,critical,True,annually,active
388,SAMA-CSF,2.0,4.26,4,Operations,Operations - Control 26,Operations - ضابط 26,The organization shall implement operations controls to ensure compliance with Cybersecurity Framework requirements.,يجب على المنظمة تطبيق ضوابط Operations لضمان الامتثال لمتطلبات إطار الأمن السيبراني,To establish effective operations practices,preventive,administrative,2,high,True,quarterly,active
389,SAMA-CSF,2.0,5.26,5,Technology,Technology - Control 26,Technology - ضابط 26,The organization shall implement technology controls to ensure compliance with Cybersecurity Framework requirements.,يجب على المنظمة تطبيق ضوابط Technology لضمان الامتثال لمتطلبات إطار الأمن السيبراني,To establish effective technology practices,detective,technical,3,medium,True,monthly,active
390,SAMA-CSF,2.0,6.26,6,People,People - Control 26,People - ضابط 26,The organization shall implement people controls to ensure compliance with Cybersecurity Framework requirements.,يجب على المنظمة تطبيق ضوابط People لضمان الامتثال لمتطلبات إطار الأمن السيبراني,To establish effective people practices,corrective,operational,4,low,True,continuous,active
391,SAMA-AML,5.0,1.1,1,CDD,CDD - Control 1,CDD - ضابط 1,The organization shall implement cdd controls to ensure compliance with Anti-Money Laundering Rules requirements.,يجب على المنظمة تطبيق ضوابط CDD لضمان الامتثال لمتطلبات قواعد مكافحة غسل الأموال,To establish effective cdd practices,preventive,administrative,1,critical,True,annually,active
392,SAMA-AML,5.0,2.1,2,Monitoring,Monitoring - Control 1,Monitoring - ضابط 1,The organization shall implement monitoring controls to ensure compliance with Anti-Money Laundering Rules requirements.,يجب على المنظمة تطبيق ضوابط Monitoring لضمان الامتثال لمتطلبات قواعد مكافحة غسل الأموال,To establish effective monitoring practices,detective,technical,2,high,True,quarterly,active
393,SAMA-AML,5.0,3.1,3,Reporting,Reporting - Control 1,Reporting - ضابط 1,The organization shall implement reporting controls to ensure compliance with Anti-Money Laundering Rules requirements.,يجب على المنظمة تطبيق ضوابط Reporting لضمان الامتثال لمتطلبات قواعد مكافحة غسل الأموال,To establish effective reporting practices,corrective,operational,3,medium,True,monthly,active
394,SAMA-AML,5.0,4.1,4,Training,Training - Control 1,Training - ضابط 1,The organization shall implement training controls to ensure compliance with Anti-Money Laundering Rules requirements.,يجب على المنظمة تطبيق ضوابط Training لضمان الامتثال لمتطلبات قواعد مكافحة غسل الأموال,To establish effective training practices,preventive,administrative,4,low,True,continuous,active
395,SAMA-AML,5.0,5.1,5,Governance,Governance - Control 1,Governance - ضابط 1,The organization shall implement governance controls to ensure compliance with Anti-Money Laundering Rules requirements.,يجب على المنظمة تطبيق ضوابط Governance لضمان الامتثال لمتطلبات قواعد مكافحة غسل الأموال,To establish effective governance practices,detective,technical,1,critical,True,annually,active
396,SAMA-AML,5.0,6.1,6,Technology,Technology - Control 1,Technology - ضابط 1,The organization shall implement technology controls to ensure compliance with Anti-Money Laundering Rules requirements.,يجب على المنظمة تطبيق ضوابط Technology لضمان الامتثال لمتطلبات قواعد مكافحة غسل الأموال,To establish effective technology practices,corrective,operational,2,high,True,quarterly,active
397,SAMA-AML,5.0,1.2,1,CDD,CDD - Control 2,CDD - ضابط 2,The organization shall implement cdd controls to ensure compliance with Anti-Money Laundering Rules requirements.,يجب على المنظمة تطبيق ضوابط CDD لضمان الامتثال لمتطلبات قواعد مكافحة غسل الأموال,To establish effective cdd practices,preventive,administrative,3,medium,True,monthly,active
398,SAMA-AML,5.0,2.2,2,Monitoring,Monitoring - Control 2,Monitoring - ضابط 2,The organization shall implement monitoring controls to ensure compliance with Anti-Money Laundering Rules requirements.,يجب على المنظمة تطبيق ضوابط Monitoring لضمان الامتثال لمتطلبات قواعد مكافحة غسل الأموال,To establish effective monitoring practices,detective,technical,4,low,True,continuous,active
399,SAMA-AML,5.0,3.2,3,Reporting,Reporting - Control 2,Reporting - ضابط 2,The organization shall implement reporting controls to ensure compliance with Anti-Money Laundering Rules requirements.,يجب على المنظمة تطبيق ضوابط Reporting لضمان الامتثال لمتطلبات قواعد مكافحة غسل الأموال,To establish effective reporting practices,corrective,operational,1,critical,True,annually,active
400,SAMA-AML,5.0,4.2,4,Training,Training - Control 2,Training - ضابط 2,The organization shall implement training controls to ensure compliance with Anti-Money Laundering Rules requirements.,يجب على المنظمة تطبيق ضوابط Training لضمان الامتثال لمتطلبات قواعد مكافحة غسل الأموال,To establish effective training practices,preventive,administrative,2,high,True,quarterly,active
401,SAMA-AML,5.0,5.2,5,Governance,Governance - Control 2,Governance - ضابط 2,The organization shall implement governance controls to ensure compliance with Anti-Money Laundering Rules requirements.,يجب على المنظمة تطبيق ضوابط Governance لضمان الامتثال لمتطلبات قواعد مكافحة غسل الأموال,To establish effective governance practices,detective,technical,3,medium,True,monthly,active
402,SAMA-AML,5.0,6.2,6,Technology,Technology - Control 2,Technology - ضابط 2,The organization shall implement technology controls to ensure compliance with Anti-Money Laundering Rules requirements.,يجب على المنظمة تطبيق ضوابط Technology لضمان الامتثال لمتطلبات قواعد مكافحة غسل الأموال,To establish effective technology practices,corrective,operational,4,low,True,continuous,active
403,SAMA-AML,5.0,1.3,1,CDD,CDD - Control 3,CDD - ضابط 3,The organization shall implement cdd controls to ensure compliance with Anti-Money Laundering Rules requirements.,يجب على المنظمة تطبيق ضوابط CDD لضمان الامتثال لمتطلبات قواعد مكافحة غسل الأموال,To establish effective cdd practices,preventive,administrative,1,critical,True,annually,active
404,SAMA-AML,5.0,2.3,2,Monitoring,Monitoring - Control 3,Monitoring - ضابط 3,The organization shall implement monitoring controls to ensure compliance with Anti-Money Laundering Rules requirements.,يجب على المنظمة تطبيق ضوابط Monitoring لضمان الامتثال لمتطلبات قواعد مكافحة غسل الأموال,To establish effective monitoring practices,detective,technical,2,high,True,quarterly,active
405,SAMA-AML,5.0,3.3,3,Reporting,Reporting - Control 3,Reporting - ضابط 3,The organization shall implement reporting controls to ensure compliance with Anti-Money Laundering Rules requirements.,يجب على المنظمة تطبيق ضوابط Reporting لضمان الامتثال لمتطلبات قواعد مكافحة غسل الأموال,To establish effective reporting practices,corrective,operational,3,medium,True,monthly,active
406,SAMA-AML,5.0,4.3,4,Training,Training - Control 3,Training - ضابط 3,The organization shall implement training controls to ensure compliance with Anti-Money Laundering Rules requirements.,يجب على المنظمة تطبيق ضوابط Training لضمان الامتثال لمتطلبات قواعد مكافحة غسل الأموال,To establish effective training practices,preventive,administrative,4,low,True,continuous,active
407,SAMA-AML,5.0,5.3,5,Governance,Governance - Control 3,Governance - ضابط 3,The organization shall implement governance controls to ensure compliance with Anti-Money Laundering Rules requirements.,يجب على المنظمة تطبيق ضوابط Governance لضمان الامتثال لمتطلبات قواعد مكافحة غسل الأموال,To establish effective governance practices,detective,technical,1,critical,True,annually,active
408,SAMA-AML,5.0,6.3,6,Technology,Technology - Control 3,Technology - ضابط 3,The organization shall implement technology controls to ensure compliance with Anti-Money Laundering Rules requirements.,يجب على المنظمة تطبيق ضوابط Technology لضمان الامتثال لمتطلبات قواعد مكافحة غسل الأموال,To establish effective technology practices,corrective,operational,2,high,True,quarterly,active
409,SAMA-AML,5.0,1.4,1,CDD,CDD - Control 4,CDD - ضابط 4,The organization shall implement cdd controls to ensure compliance with Anti-Money Laundering Rules requirements.,يجب على المنظمة تطبيق ضوابط CDD لضمان الامتثال لمتطلبات قواعد مكافحة غسل الأموال,To establish effective cdd practices,preventive,administrative,3,medium,True,monthly,active
410,SAMA-AML,5.0,2.4,2,Monitoring,Monitoring - Control 4,Monitoring - ضابط 4,The organization shall implement monitoring controls to ensure compliance with Anti-Money Laundering Rules requirements.,يجب على المنظمة تطبيق ضوابط Monitoring لضمان الامتثال لمتطلبات قواعد مكافحة غسل الأموال,To establish effective monitoring practices,detective,technical,4,low,True,continuous,active
411,SAMA-AML,5.0,3.4,3,Reporting,Reporting - Control 4,Reporting - ضابط 4,The organization shall implement reporting controls to ensure compliance with Anti-Money Laundering Rules requirements.,يجب على المنظمة تطبيق ضوابط Reporting لضمان الامتثال لمتطلبات قواعد مكافحة غسل الأموال,To establish effective reporting practices,corrective,operational,1,critical,True,annually,active
412,SAMA-AML,5.0,4.4,4,Training,Training - Control 4,Training - ضابط 4,The organization shall implement training controls to ensure compliance with Anti-Money Laundering Rules requirements.,يجب على المنظمة تطبيق ضوابط Training لضمان الامتثال لمتطلبات قواعد مكافحة غسل الأموال,To establish effective training practices,preventive,administrative,2,high,True,quarterly,active
413,SAMA-AML,5.0,5.4,5,Governance,Governance - Control 4,Governance - ضابط 4,The organization shall implement governance controls to ensure compliance with Anti-Money Laundering Rules requirements.,يجب على المنظمة تطبيق ضوابط Governance لضمان الامتثال لمتطلبات قواعد مكافحة غسل الأموال,To establish effective governance practices,detective,technical,3,medium,True,monthly,active
414,SAMA-AML,5.0,6.4,6,Technology,Technology - Control 4,Technology - ضابط 4,The organization shall implement technology controls to ensure compliance with Anti-Money Laundering Rules requirements.,يجب على المنظمة تطبيق ضوابط Technology لضمان الامتثال لمتطلبات قواعد مكافحة غسل الأموال,To establish effective technology practices,corrective,operational,4,low,True,continuous,active
415,SAMA-AML,5.0,1.5,1,CDD,CDD - Control 5,CDD - ضابط 5,The organization shall implement cdd controls to ensure compliance with Anti-Money Laundering Rules requirements.,يجب على المنظمة تطبيق ضوابط CDD لضمان الامتثال لمتطلبات قواعد مكافحة غسل الأموال,To establish effective cdd practices,preventive,administrative,1,critical,True,annually,active
416,SAMA-AML,5.0,2.5,2,Monitoring,Monitoring - Control 5,Monitoring - ضابط 5,The organization shall implement monitoring controls to ensure compliance with Anti-Money Laundering Rules requirements.,يجب على المنظمة تطبيق ضوابط Monitoring لضمان الامتثال لمتطلبات قواعد مكافحة غسل الأموال,To establish effective monitoring practices,detective,technical,2,high,True,quarterly,active
417,SAMA-AML,5.0,3.5,3,Reporting,Reporting - Control 5,Reporting - ضابط 5,The organization shall implement reporting controls to ensure compliance with Anti-Money Laundering Rules requirements.,يجب على المنظمة تطبيق ضوابط Reporting لضمان الامتثال لمتطلبات قواعد مكافحة غسل الأموال,To establish effective reporting practices,corrective,operational,3,medium,True,monthly,active
418,SAMA-AML,5.0,4.5,4,Training,Training - Control 5,Training - ضابط 5,The organization shall implement training controls to ensure compliance with Anti-Money Laundering Rules requirements.,يجب على المنظمة تطبيق ضوابط Training لضمان الامتثال لمتطلبات قواعد مكافحة غسل الأموال,To establish effective training practices,preventive,administrative,4,low,True,continuous,active
419,SAMA-AML,5.0,5.5,5,Governance,Governance - Control 5,Governance - ضابط 5,The organization shall implement governance controls to ensure compliance with Anti-Money Laundering Rules requirements.,يجب على المنظمة تطبيق ضوابط Governance لضمان الامتثال لمتطلبات قواعد مكافحة غسل الأموال,To establish effective governance practices,detective,technical,1,critical,True,annually,active
420,SAMA-AML,5.0,6.5,6,Technology,Technology - Control 5,Technology - ضابط 5,The organization shall implement technology controls to ensure compliance with Anti-Money Laundering Rules requirements.,يجب على المنظمة تطبيق ضوابط Technology لضمان الامتثال لمتطلبات قواعد مكافحة غسل الأموال,To establish effective technology practices,corrective,operational,2,high,True,quarterly,active
421,SAMA-AML,5.0,1.6,1,CDD,CDD - Control 6,CDD - ضابط 6,The organization shall implement cdd controls to ensure compliance with Anti-Money Laundering Rules requirements.,يجب على المنظمة تطبيق ضوابط CDD لضمان الامتثال لمتطلبات قواعد مكافحة غسل الأموال,To establish effective cdd practices,preventive,administrative,3,medium,True,monthly,active
422,SAMA-AML,5.0,2.6,2,Monitoring,Monitoring - Control 6,Monitoring - ضابط 6,The organization shall implement monitoring controls to ensure compliance with Anti-Money Laundering Rules requirements.,يجب على المنظمة تطبيق ضوابط Monitoring لضمان الامتثال لمتطلبات قواعد مكافحة غسل الأموال,To establish effective monitoring practices,detective,technical,4,low,True,continuous,active
423,SAMA-AML,5.0,3.6,3,Reporting,Reporting - Control 6,Reporting - ضابط 6,The organization shall implement reporting controls to ensure compliance with Anti-Money Laundering Rules requirements.,يجب على المنظمة تطبيق ضوابط Reporting لضمان الامتثال لمتطلبات قواعد مكافحة غسل الأموال,To establish effective reporting practices,corrective,operational,1,critical,True,annually,active
424,SAMA-AML,5.0,4.6,4,Training,Training - Control 6,Training - ضابط 6,The organization shall implement training controls to ensure compliance with Anti-Money Laundering Rules requirements.,يجب على المنظمة تطبيق ضوابط Training لضمان الامتثال لمتطلبات قواعد مكافحة غسل الأموال,To establish effective training practices,preventive,administrative,2,high,True,quarterly,active
425,SAMA-AML,5.0,5.6,5,Governance,Governance - Control 6,Governance - ضابط 6,The organization shall implement governance controls to ensure compliance with Anti-Money Laundering Rules requirements.,يجب على المنظمة تطبيق ضوابط Governance لضمان الامتثال لمتطلبات قواعد مكافحة غسل الأموال,To establish effective governance practices,detective,technical,3,medium,True,monthly,active
426,SAMA-AML,5.0,6.6,6,Technology,Technology - Control 6,Technology - ضابط 6,The organization shall implement technology controls to ensure compliance with Anti-Money Laundering Rules requirements.,يجب على المنظمة تطبيق ضوابط Technology لضمان الامتثال لمتطلبات قواعد مكافحة غسل الأموال,To establish effective technology practices,corrective,operational,4,low,True,continuous,active
427,SAMA-AML,5.0,1.7,1,CDD,CDD - Control 7,CDD - ضابط 7,The organization shall implement cdd controls to ensure compliance with Anti-Money Laundering Rules requirements.,يجب على المنظمة تطبيق ضوابط CDD لضمان الامتثال لمتطلبات قواعد مكافحة غسل الأموال,To establish effective cdd practices,preventive,administrative,1,critical,True,annually,active
428,SAMA-AML,5.0,2.7,2,Monitoring,Monitoring - Control 7,Monitoring - ضابط 7,The organization shall implement monitoring controls to ensure compliance with Anti-Money Laundering Rules requirements.,يجب على المنظمة تطبيق ضوابط Monitoring لضمان الامتثال لمتطلبات قواعد مكافحة غسل الأموال,To establish effective monitoring practices,detective,technical,2,high,True,quarterly,active
429,SAMA-AML,5.0,3.7,3,Reporting,Reporting - Control 7,Reporting - ضابط 7,The organization shall implement reporting controls to ensure compliance with Anti-Money Laundering Rules requirements.,يجب على المنظمة تطبيق ضوابط Reporting لضمان الامتثال لمتطلبات قواعد مكافحة غسل الأموال,To establish effective reporting practices,corrective,operational,3,medium,True,monthly,active
430,SAMA-AML,5.0,4.7,4,Training,Training - Control 7,Training - ضابط 7,The organization shall implement training controls to ensure compliance with Anti-Money Laundering Rules requirements.,يجب على المنظمة تطبيق ضوابط Training لضمان الامتثال لمتطلبات قواعد مكافحة غسل الأموال,To establish effective training practices,preventive,administrative,4,low,True,continuous,active
431,SAMA-AML,5.0,5.7,5,Governance,Governance - Control 7,Governance - ضابط 7,The organization shall implement governance controls to ensure compliance with Anti-Money Laundering Rules requirements.,يجب على المنظمة تطبيق ضوابط Governance لضمان الامتثال لمتطلبات قواعد مكافحة غسل الأموال,To establish effective governance practices,detective,technical,1,critical,True,annually,active
432,SAMA-AML,5.0,6.7,6,Technology,Technology - Control 7,Technology - ضابط 7,The organization shall implement technology controls to ensure compliance with Anti-Money Laundering Rules requirements.,يجب على المنظمة تطبيق ضوابط Technology لضمان الامتثال لمتطلبات قواعد مكافحة غسل الأموال,To establish effective technology practices,corrective,operational,2,high,True,quarterly,active
433,SAMA-AML,5.0,1.8,1,CDD,CDD - Control 8,CDD - ضابط 8,The organization shall implement cdd controls to ensure compliance with Anti-Money Laundering Rules requirements.,يجب على المنظمة تطبيق ضوابط CDD لضمان الامتثال لمتطلبات قواعد مكافحة غسل الأموال,To establish effective cdd practices,preventive,administrative,3,medium,True,monthly,active
434,SAMA-AML,5.0,2.8,2,Monitoring,Monitoring - Control 8,Monitoring - ضابط 8,The organization shall implement monitoring controls to ensure compliance with Anti-Money Laundering Rules requirements.,يجب على المنظمة تطبيق ضوابط Monitoring لضمان الامتثال لمتطلبات قواعد مكافحة غسل الأموال,To establish effective monitoring practices,detective,technical,4,low,True,continuous,active
435,SAMA-AML,5.0,3.8,3,Reporting,Reporting - Control 8,Reporting - ضابط 8,The organization shall implement reporting controls to ensure compliance with Anti-Money Laundering Rules requirements.,يجب على المنظمة تطبيق ضوابط Reporting لضمان الامتثال لمتطلبات قواعد مكافحة غسل الأموال,To establish effective reporting practices,corrective,operational,1,critical,True,annually,active
436,SAMA-AML,5.0,4.8,4,Training,Training - Control 8,Training - ضابط 8,The organization shall implement training controls to ensure compliance with Anti-Money Laundering Rules requirements.,يجب على المنظمة تطبيق ضوابط Training لضمان الامتثال لمتطلبات قواعد مكافحة غسل الأموال,To establish effective training practices,preventive,administrative,2,high,True,quarterly,active
437,SAMA-AML,5.0,5.8,5,Governance,Governance - Control 8,Governance - ضابط 8,The organization shall implement governance controls to ensure compliance with Anti-Money Laundering Rules requirements.,يجب على المنظمة تطبيق ضوابط Governance لضمان الامتثال لمتطلبات قواعد مكافحة غسل الأموال,To establish effective governance practices,detective,technical,3,medium,True,monthly,active
438,SAMA-AML,5.0,6.8,6,Technology,Technology - Control 8,Technology - ضابط 8,The organization shall implement technology controls to ensure compliance with Anti-Money Laundering Rules requirements.,يجب على المنظمة تطبيق ضوابط Technology لضمان الامتثال لمتطلبات قواعد مكافحة غسل الأموال,To establish effective technology practices,corrective,operational,4,low,True,continuous,active
439,SAMA-AML,5.0,1.9,1,CDD,CDD - Control 9,CDD - ضابط 9,The organization shall implement cdd controls to ensure compliance with Anti-Money Laundering Rules requirements.,يجب على المنظمة تطبيق ضوابط CDD لضمان الامتثال لمتطلبات قواعد مكافحة غسل الأموال,To establish effective cdd practices,preventive,administrative,1,critical,True,annually,active
440,SAMA-AML,5.0,2.9,2,Monitoring,Monitoring - Control 9,Monitoring - ضابط 9,The organization shall implement monitoring controls to ensure compliance with Anti-Money Laundering Rules requirements.,يجب على المنظمة تطبيق ضوابط Monitoring لضمان الامتثال لمتطلبات قواعد مكافحة غسل الأموال,To establish effective monitoring practices,detective,technical,2,high,True,quarterly,active
441,SAMA-AML,5.0,3.9,3,Reporting,Reporting - Control 9,Reporting - ضابط 9,The organization shall implement reporting controls to ensure compliance with Anti-Money Laundering Rules requirements.,يجب على المنظمة تطبيق ضوابط Reporting لضمان الامتثال لمتطلبات قواعد مكافحة غسل الأموال,To establish effective reporting practices,corrective,operational,3,medium,True,monthly,active
442,SAMA-AML,5.0,4.9,4,Training,Training - Control 9,Training - ضابط 9,The organization shall implement training controls to ensure compliance with Anti-Money Laundering Rules requirements.,يجب على المنظمة تطبيق ضوابط Training لضمان الامتثال لمتطلبات قواعد مكافحة غسل الأموال,To establish effective training practices,preventive,administrative,4,low,True,continuous,active
443,SAMA-AML,5.0,5.9,5,Governance,Governance - Control 9,Governance - ضابط 9,The organization shall implement governance controls to ensure compliance with Anti-Money Laundering Rules requirements.,يجب على المنظمة تطبيق ضوابط Governance لضمان الامتثال لمتطلبات قواعد مكافحة غسل الأموال,To establish effective governance practices,detective,technical,1,critical,True,annually,active
444,SAMA-AML,5.0,6.9,6,Technology,Technology - Control 9,Technology - ضابط 9,The organization shall implement technology controls to ensure compliance with Anti-Money Laundering Rules requirements.,يجب على المنظمة تطبيق ضوابط Technology لضمان الامتثال لمتطلبات قواعد مكافحة غسل الأموال,To establish effective technology practices,corrective,operational,2,high,True,quarterly,active
445,SAMA-AML,5.0,1.10,1,CDD,CDD - Control 10,CDD - ضابط 10,The organization shall implement cdd controls to ensure compliance with Anti-Money Laundering Rules requirements.,يجب على المنظمة تطبيق ضوابط CDD لضمان الامتثال لمتطلبات قواعد مكافحة غسل الأموال,To establish effective cdd practices,preventive,administrative,3,medium,True,monthly,active
446,SAMA-AML,5.0,2.10,2,Monitoring,Monitoring - Control 10,Monitoring - ضابط 10,The organization shall implement monitoring controls to ensure compliance with Anti-Money Laundering Rules requirements.,يجب على المنظمة تطبيق ضوابط Monitoring لضمان الامتثال لمتطلبات قواعد مكافحة غسل الأموال,To establish effective monitoring practices,detective,technical,4,low,True,continuous,active
447,SAMA-AML,5.0,3.10,3,Reporting,Reporting - Control 10,Reporting - ضابط 10,The organization shall implement reporting controls to ensure compliance with Anti-Money Laundering Rules requirements.,يجب على المنظمة تطبيق ضوابط Reporting لضمان الامتثال لمتطلبات قواعد مكافحة غسل الأموال,To establish effective reporting practices,corrective,operational,1,critical,True,annually,active
448,SAMA-AML,5.0,4.10,4,Training,Training - Control 10,Training - ضابط 10,The organization shall implement training controls to ensure compliance with Anti-Money Laundering Rules requirements.,يجب على المنظمة تطبيق ضوابط Training لضمان الامتثال لمتطلبات قواعد مكافحة غسل الأموال,To establish effective training practices,preventive,administrative,2,high,True,quarterly,active
449,SAMA-AML,5.0,5.10,5,Governance,Governance - Control 10,Governance - ضابط 10,The organization shall implement governance controls to ensure compliance with Anti-Money Laundering Rules requirements.,يجب على المنظمة تطبيق ضوابط Governance لضمان الامتثال لمتطلبات قواعد مكافحة غسل الأموال,To establish effective governance practices,detective,technical,3,medium,True,monthly,active
450,SAMA-AML,5.0,6.10,6,Technology,Technology - Control 10,Technology - ضابط 10,The organization shall implement technology controls to ensure compliance with Anti-Money Laundering Rules requirements.,يجب على المنظمة تطبيق ضوابط Technology لضمان الامتثال لمتطلبات قواعد مكافحة غسل الأموال,To establish effective technology practices,corrective,operational,4,low,True,continuous,active
451,SAMA-AML,5.0,1.11,1,CDD,CDD - Control 11,CDD - ضابط 11,The organization shall implement cdd controls to ensure compliance with Anti-Money Laundering Rules requirements.,يجب على المنظمة تطبيق ضوابط CDD لضمان الامتثال لمتطلبات قواعد مكافحة غسل الأموال,To establish effective cdd practices,preventive,administrative,1,critical,True,annually,active
452,SAMA-AML,5.0,2.11,2,Monitoring,Monitoring - Control 11,Monitoring - ضابط 11,The organization shall implement monitoring controls to ensure compliance with Anti-Money Laundering Rules requirements.,يجب على المنظمة تطبيق ضوابط Monitoring لضمان الامتثال لمتطلبات قواعد مكافحة غسل الأموال,To establish effective monitoring practices,detective,technical,2,high,True,quarterly,active
453,SAMA-AML,5.0,3.11,3,Reporting,Reporting - Control 11,Reporting - ضابط 11,The organization shall implement reporting controls to ensure compliance with Anti-Money Laundering Rules requirements.,يجب على المنظمة تطبيق ضوابط Reporting لضمان الامتثال لمتطلبات قواعد مكافحة غسل الأموال,To establish effective reporting practices,corrective,operational,3,medium,True,monthly,active
454,SAMA-AML,5.0,4.11,4,Training,Training - Control 11,Training - ضابط 11,The organization shall implement training controls to ensure compliance with Anti-Money Laundering Rules requirements.,يجب على المنظمة تطبيق ضوابط Training لضمان الامتثال لمتطلبات قواعد مكافحة غسل الأموال,To establish effective training practices,preventive,administrative,4,low,True,continuous,active
455,SAMA-AML,5.0,5.11,5,Governance,Governance - Control 11,Governance - ضابط 11,The organization shall implement governance controls to ensure compliance with Anti-Money Laundering Rules requirements.,يجب على المنظمة تطبيق ضوابط Governance لضمان الامتثال لمتطلبات قواعد مكافحة غسل الأموال,To establish effective governance practices,detective,technical,1,critical,True,annually,active
456,SAMA-AML,5.0,6.11,6,Technology,Technology - Control 11,Technology - ضابط 11,The organization shall implement technology controls to ensure compliance with Anti-Money Laundering Rules requirements.,يجب على المنظمة تطبيق ضوابط Technology لضمان الامتثال لمتطلبات قواعد مكافحة غسل الأموال,To establish effective technology practices,corrective,operational,2,high,True,quarterly,active
457,SAMA-AML,5.0,1.12,1,CDD,CDD - Control 12,CDD - ضابط 12,The organization shall implement cdd controls to ensure compliance with Anti-Money Laundering Rules requirements.,يجب على المنظمة تطبيق ضوابط CDD لضمان الامتثال لمتطلبات قواعد مكافحة غسل الأموال,To establish effective cdd practices,preventive,administrative,3,medium,True,monthly,active
458,SAMA-AML,5.0,2.12,2,Monitoring,Monitoring - Control 12,Monitoring - ضابط 12,The organization shall implement monitoring controls to ensure compliance with Anti-Money Laundering Rules requirements.,يجب على المنظمة تطبيق ضوابط Monitoring لضمان الامتثال لمتطلبات قواعد مكافحة غسل الأموال,To establish effective monitoring practices,detective,technical,4,low,True,continuous,active
459,SAMA-AML,5.0,3.12,3,Reporting,Reporting - Control 12,Reporting - ضابط 12,The organization shall implement reporting controls to ensure compliance with Anti-Money Laundering Rules requirements.,يجب على المنظمة تطبيق ضوابط Reporting لضمان الامتثال لمتطلبات قواعد مكافحة غسل الأموال,To establish effective reporting practices,corrective,operational,1,critical,True,annually,active
460,SAMA-AML,5.0,4.12,4,Training,Training - Control 12,Training - ضابط 12,The organization shall implement training controls to ensure compliance with Anti-Money Laundering Rules requirements.,يجب على المنظمة تطبيق ضوابط Training لضمان الامتثال لمتطلبات قواعد مكافحة غسل الأموال,To establish effective training practices,preventive,administrative,2,high,True,quarterly,active
461,SAMA-AML,5.0,5.12,5,Governance,Governance - Control 12,Governance - ضابط 12,The organization shall implement governance controls to ensure compliance with Anti-Money Laundering Rules requirements.,يجب على المنظمة تطبيق ضوابط Governance لضمان الامتثال لمتطلبات قواعد مكافحة غسل الأموال,To establish effective governance practices,detective,technical,3,medium,True,monthly,active
462,SAMA-AML,5.0,6.12,6,Technology,Technology - Control 12,Technology - ضابط 12,The organization shall implement technology controls to ensure compliance with Anti-Money Laundering Rules requirements.,يجب على المنظمة تطبيق ضوابط Technology لضمان الامتثال لمتطلبات قواعد مكافحة غسل الأموال,To establish effective technology practices,corrective,operational,4,low,True,continuous,active
463,SAMA-AML,5.0,1.13,1,CDD,CDD - Control 13,CDD - ضابط 13,The organization shall implement cdd controls to ensure compliance with Anti-Money Laundering Rules requirements.,يجب على المنظمة تطبيق ضوابط CDD لضمان الامتثال لمتطلبات قواعد مكافحة غسل الأموال,To establish effective cdd practices,preventive,administrative,1,critical,True,annually,active
464,SAMA-AML,5.0,2.13,2,Monitoring,Monitoring - Control 13,Monitoring - ضابط 13,The organization shall implement monitoring controls to ensure compliance with Anti-Money Laundering Rules requirements.,يجب على المنظمة تطبيق ضوابط Monitoring لضمان الامتثال لمتطلبات قواعد مكافحة غسل الأموال,To establish effective monitoring practices,detective,technical,2,high,True,quarterly,active
465,SAMA-AML,5.0,3.13,3,Reporting,Reporting - Control 13,Reporting - ضابط 13,The organization shall implement reporting controls to ensure compliance with Anti-Money Laundering Rules requirements.,يجب على المنظمة تطبيق ضوابط Reporting لضمان الامتثال لمتطلبات قواعد مكافحة غسل الأموال,To establish effective reporting practices,corrective,operational,3,medium,True,monthly,active
466,SAMA-AML,5.0,4.13,4,Training,Training - Control 13,Training - ضابط 13,The organization shall implement training controls to ensure compliance with Anti-Money Laundering Rules requirements.,يجب على المنظمة تطبيق ضوابط Training لضمان الامتثال لمتطلبات قواعد مكافحة غسل الأموال,To establish effective training practices,preventive,administrative,4,low,True,continuous,active
467,SAMA-AML,5.0,5.13,5,Governance,Governance - Control 13,Governance - ضابط 13,The organization shall implement governance controls to ensure compliance with Anti-Money Laundering Rules requirements.,يجب على المنظمة تطبيق ضوابط Governance لضمان الامتثال لمتطلبات قواعد مكافحة غسل الأموال,To establish effective governance practices,detective,technical,1,critical,True,annually,active
468,SAMA-AML,5.0,6.13,6,Technology,Technology - Control 13,Technology - ضابط 13,The organization shall implement technology controls to ensure compliance with Anti-Money Laundering Rules requirements.,يجب على المنظمة تطبيق ضوابط Technology لضمان الامتثال لمتطلبات قواعد مكافحة غسل الأموال,To establish effective technology practices,corrective,operational,2,high,True,quarterly,active
469,SAMA-AML,5.0,1.14,1,CDD,CDD - Control 14,CDD - ضابط 14,The organization shall implement cdd controls to ensure compliance with Anti-Money Laundering Rules requirements.,يجب على المنظمة تطبيق ضوابط CDD لضمان الامتثال لمتطلبات قواعد مكافحة غسل الأموال,To establish effective cdd practices,preventive,administrative,3,medium,True,monthly,active
470,SAMA-AML,5.0,2.14,2,Monitoring,Monitoring - Control 14,Monitoring - ضابط 14,The organization shall implement monitoring controls to ensure compliance with Anti-Money Laundering Rules requirements.,يجب على المنظمة تطبيق ضوابط Monitoring لضمان الامتثال لمتطلبات قواعد مكافحة غسل الأموال,To establish effective monitoring practices,detective,technical,4,low,True,continuous,active
471,SAMA-AML,5.0,3.14,3,Reporting,Reporting - Control 14,Reporting - ضابط 14,The organization shall implement reporting controls to ensure compliance with Anti-Money Laundering Rules requirements.,يجب على المنظمة تطبيق ضوابط Reporting لضمان الامتثال لمتطلبات قواعد مكافحة غسل الأموال,To establish effective reporting practices,corrective,operational,1,critical,True,annually,active
472,SAMA-AML,5.0,4.14,4,Training,Training - Control 14,Training - ضابط 14,The organization shall implement training controls to ensure compliance with Anti-Money Laundering Rules requirements.,يجب على المنظمة تطبيق ضوابط Training لضمان الامتثال لمتطلبات قواعد مكافحة غسل الأموال,To establish effective training practices,preventive,administrative,2,high,True,quarterly,active
473,SAMA-AML,5.0,5.14,5,Governance,Governance - Control 14,Governance - ضابط 14,The organization shall implement governance controls to ensure compliance with Anti-Money Laundering Rules requirements.,يجب على المنظمة تطبيق ضوابط Governance لضمان الامتثال لمتطلبات قواعد مكافحة غسل الأموال,To establish effective governance practices,detective,technical,3,medium,True,monthly,active
474,SAMA-AML,5.0,6.14,6,Technology,Technology - Control 14,Technology - ضابط 14,The organization shall implement technology controls to ensure compliance with Anti-Money Laundering Rules requirements.,يجب على المنظمة تطبيق ضوابط Technology لضمان الامتثال لمتطلبات قواعد مكافحة غسل الأموال,To establish effective technology practices,corrective,operational,4,low,True,continuous,active
475,SAMA-AML,5.0,1.15,1,CDD,CDD - Control 15,CDD - ضابط 15,The organization shall implement cdd controls to ensure compliance with Anti-Money Laundering Rules requirements.,يجب على المنظمة تطبيق ضوابط CDD لضمان الامتثال لمتطلبات قواعد مكافحة غسل الأموال,To establish effective cdd practices,preventive,administrative,1,critical,True,annually,active
476,SAMA-AML,5.0,2.15,2,Monitoring,Monitoring - Control 15,Monitoring - ضابط 15,The organization shall implement monitoring controls to ensure compliance with Anti-Money Laundering Rules requirements.,يجب على المنظمة تطبيق ضوابط Monitoring لضمان الامتثال لمتطلبات قواعد مكافحة غسل الأموال,To establish effective monitoring practices,detective,technical,2,high,True,quarterly,active
477,SAMA-AML,5.0,3.15,3,Reporting,Reporting - Control 15,Reporting - ضابط 15,The organization shall implement reporting controls to ensure compliance with Anti-Money Laundering Rules requirements.,يجب على المنظمة تطبيق ضوابط Reporting لضمان الامتثال لمتطلبات قواعد مكافحة غسل الأموال,To establish effective reporting practices,corrective,operational,3,medium,True,monthly,active
478,SAMA-AML,5.0,4.15,4,Training,Training - Control 15,Training - ضابط 15,The organization shall implement training controls to ensure compliance with Anti-Money Laundering Rules requirements.,يجب على المنظمة تطبيق ضوابط Training لضمان الامتثال لمتطلبات قواعد مكافحة غسل الأموال,To establish effective training practices,preventive,administrative,4,low,True,continuous,active
479,SAMA-AML,5.0,5.15,5,Governance,Governance - Control 15,Governance - ضابط 15,The organization shall implement governance controls to ensure compliance with Anti-Money Laundering Rules requirements.,يجب على المنظمة تطبيق ضوابط Governance لضمان الامتثال لمتطلبات قواعد مكافحة غسل الأموال,To establish effective governance practices,detective,technical,1,critical,True,annually,active
480,SAMA-AML,5.0,6.15,6,Technology,Technology - Control 15,Technology - ضابط 15,The organization shall implement technology controls to ensure compliance with Anti-Money Laundering Rules requirements.,يجب على المنظمة تطبيق ضوابط Technology لضمان الامتثال لمتطلبات قواعد مكافحة غسل الأموال,To establish effective technology practices,corrective,operational,2,high,True,quarterly,active
481,SAMA-AML,5.0,1.16,1,CDD,CDD - Control 16,CDD - ضابط 16,The organization shall implement cdd controls to ensure compliance with Anti-Money Laundering Rules requirements.,يجب على المنظمة تطبيق ضوابط CDD لضمان الامتثال لمتطلبات قواعد مكافحة غسل الأموال,To establish effective cdd practices,preventive,administrative,3,medium,True,monthly,active
482,SAMA-AML,5.0,2.16,2,Monitoring,Monitoring - Control 16,Monitoring - ضابط 16,The organization shall implement monitoring controls to ensure compliance with Anti-Money Laundering Rules requirements.,يجب على المنظمة تطبيق ضوابط Monitoring لضمان الامتثال لمتطلبات قواعد مكافحة غسل الأموال,To establish effective monitoring practices,detective,technical,4,low,True,continuous,active
483,SAMA-AML,5.0,3.16,3,Reporting,Reporting - Control 16,Reporting - ضابط 16,The organization shall implement reporting controls to ensure compliance with Anti-Money Laundering Rules requirements.,يجب على المنظمة تطبيق ضوابط Reporting لضمان الامتثال لمتطلبات قواعد مكافحة غسل الأموال,To establish effective reporting practices,corrective,operational,1,critical,True,annually,active
484,SAMA-AML,5.0,4.16,4,Training,Training - Control 16,Training - ضابط 16,The organization shall implement training controls to ensure compliance with Anti-Money Laundering Rules requirements.,يجب على المنظمة تطبيق ضوابط Training لضمان الامتثال لمتطلبات قواعد مكافحة غسل الأموال,To establish effective training practices,preventive,administrative,2,high,True,quarterly,active
485,SAMA-AML,5.0,5.16,5,Governance,Governance - Control 16,Governance - ضابط 16,The organization shall implement governance controls to ensure compliance with Anti-Money Laundering Rules requirements.,يجب على المنظمة تطبيق ضوابط Governance لضمان الامتثال لمتطلبات قواعد مكافحة غسل الأموال,To establish effective governance practices,detective,technical,3,medium,True,monthly,active
486,SAMA-AML,5.0,6.16,6,Technology,Technology - Control 16,Technology - ضابط 16,The organization shall implement technology controls to ensure compliance with Anti-Money Laundering Rules requirements.,يجب على المنظمة تطبيق ضوابط Technology لضمان الامتثال لمتطلبات قواعد مكافحة غسل الأموال,To establish effective technology practices,corrective,operational,4,low,True,continuous,active
487,SAMA-AML,5.0,1.17,1,CDD,CDD - Control 17,CDD - ضابط 17,The organization shall implement cdd controls to ensure compliance with Anti-Money Laundering Rules requirements.,يجب على المنظمة تطبيق ضوابط CDD لضمان الامتثال لمتطلبات قواعد مكافحة غسل الأموال,To establish effective cdd practices,preventive,administrative,1,critical,True,annually,active
488,SAMA-AML,5.0,2.17,2,Monitoring,Monitoring - Control 17,Monitoring - ضابط 17,The organization shall implement monitoring controls to ensure compliance with Anti-Money Laundering Rules requirements.,يجب على المنظمة تطبيق ضوابط Monitoring لضمان الامتثال لمتطلبات قواعد مكافحة غسل الأموال,To establish effective monitoring practices,detective,technical,2,high,True,quarterly,active
489,SAMA-AML,5.0,3.17,3,Reporting,Reporting - Control 17,Reporting - ضابط 17,The organization shall implement reporting controls to ensure compliance with Anti-Money Laundering Rules requirements.,يجب على المنظمة تطبيق ضوابط Reporting لضمان الامتثال لمتطلبات قواعد مكافحة غسل الأموال,To establish effective reporting practices,corrective,operational,3,medium,True,monthly,active
490,SAMA-AML,5.0,4.17,4,Training,Training - Control 17,Training - ضابط 17,The organization shall implement training controls to ensure compliance with Anti-Money Laundering Rules requirements.,يجب على المنظمة تطبيق ضوابط Training لضمان الامتثال لمتطلبات قواعد مكافحة غسل الأموال,To establish effective training practices,preventive,administrative,4,low,True,continuous,active
491,SAMA-AML,5.0,5.17,5,Governance,Governance - Control 17,Governance - ضابط 17,The organization shall implement governance controls to ensure compliance with Anti-Money Laundering Rules requirements.,يجب على المنظمة تطبيق ضوابط Governance لضمان الامتثال لمتطلبات قواعد مكافحة غسل الأموال,To establish effective governance practices,detective,technical,1,critical,True,annually,active
492,SAMA-AML,5.0,6.17,6,Technology,Technology - Control 17,Technology - ضابط 17,The organization shall implement technology controls to ensure compliance with Anti-Money Laundering Rules requirements.,يجب على المنظمة تطبيق ضوابط Technology لضمان الامتثال لمتطلبات قواعد مكافحة غسل الأموال,To establish effective technology practices,corrective,operational,2,high,True,quarterly,active
493,SAMA-AML,5.0,1.18,1,CDD,CDD - Control 18,CDD - ضابط 18,The organization shall implement cdd controls to ensure compliance with Anti-Money Laundering Rules requirements.,يجب على المنظمة تطبيق ضوابط CDD لضمان الامتثال لمتطلبات قواعد مكافحة غسل الأموال,To establish effective cdd practices,preventive,administrative,3,medium,True,monthly,active
494,SAMA-AML,5.0,2.18,2,Monitoring,Monitoring - Control 18,Monitoring - ضابط 18,The organization shall implement monitoring controls to ensure compliance with Anti-Money Laundering Rules requirements.,يجب على المنظمة تطبيق ضوابط Monitoring لضمان الامتثال لمتطلبات قواعد مكافحة غسل الأموال,To establish effective monitoring practices,detective,technical,4,low,True,continuous,active
495,SAMA-AML,5.0,3.18,3,Reporting,Reporting - Control 18,Reporting - ضابط 18,The organization shall implement reporting controls to ensure compliance with Anti-Money Laundering Rules requirements.,يجب على المنظمة تطبيق ضوابط Reporting لضمان الامتثال لمتطلبات قواعد مكافحة غسل الأموال,To establish effective reporting practices,corrective,operational,1,critical,True,annually,active
496,SAMA-AML,5.0,4.18,4,Training,Training - Control 18,Training - ضابط 18,The organization shall implement training controls to ensure compliance with Anti-Money Laundering Rules requirements.,يجب على المنظمة تطبيق ضوابط Training لضمان الامتثال لمتطلبات قواعد مكافحة غسل الأموال,To establish effective training practices,preventive,administrative,2,high,True,quarterly,active
497,SAMA-AML,5.0,5.18,5,Governance,Governance - Control 18,Governance - ضابط 18,The organization shall implement governance controls to ensure compliance with Anti-Money Laundering Rules requirements.,يجب على المنظمة تطبيق ضوابط Governance لضمان الامتثال لمتطلبات قواعد مكافحة غسل الأموال,To establish effective governance practices,detective,technical,3,medium,True,monthly,active
498,SAMA-AML,5.0,6.18,6,Technology,Technology - Control 18,Technology - ضابط 18,The organization shall implement technology controls to ensure compliance with Anti-Money Laundering Rules requirements.,يجب على المنظمة تطبيق ضوابط Technology لضمان الامتثال لمتطلبات قواعد مكافحة غسل الأموال,To establish effective technology practices,corrective,operational,4,low,True,continuous,active
499,SAMA-AML,5.0,1.19,1,CDD,CDD - Control 19,CDD - ضابط 19,The organization shall implement cdd controls to ensure compliance with Anti-Money Laundering Rules requirements.,يجب على المنظمة تطبيق ضوابط CDD لضمان الامتثال لمتطلبات قواعد مكافحة غسل الأموال,To establish effective cdd practices,preventive,administrative,1,critical,True,annually,active
500,SAMA-AML,5.0,2.19,2,Monitoring,Monitoring - Control 19,Monitoring - ضابط 19,The organization shall implement monitoring controls to ensure compliance with Anti-Money Laundering Rules requirements.,يجب على المنظمة تطبيق ضوابط Monitoring لضمان الامتثال لمتطلبات قواعد مكافحة غسل الأموال,To establish effective monitoring practices,detective,technical,2,high,True,quarterly,active
501,SAMA-AML,5.0,3.19,3,Reporting,Reporting - Control 19,Reporting - ضابط 19,The organization shall implement reporting controls to ensure compliance with Anti-Money Laundering Rules requirements.,يجب على المنظمة تطبيق ضوابط Reporting لضمان الامتثال لمتطلبات قواعد مكافحة غسل الأموال,To establish effective reporting practices,corrective,operational,3,medium,True,monthly,active
502,SAMA-AML,5.0,4.19,4,Training,Training - Control 19,Training - ضابط 19,The organization shall implement training controls to ensure compliance with Anti-Money Laundering Rules requirements.,يجب على المنظمة تطبيق ضوابط Training لضمان الامتثال لمتطلبات قواعد مكافحة غسل الأموال,To establish effective training practices,preventive,administrative,4,low,True,continuous,active
503,SAMA-AML,5.0,5.19,5,Governance,Governance - Control 19,Governance - ضابط 19,The organization shall implement governance controls to ensure compliance with Anti-Money Laundering Rules requirements.,يجب على المنظمة تطبيق ضوابط Governance لضمان الامتثال لمتطلبات قواعد مكافحة غسل الأموال,To establish effective governance practices,detective,technical,1,critical,True,annually,active
504,SAMA-AML,5.0,6.19,6,Technology,Technology - Control 19,Technology - ضابط 19,The organization shall implement technology controls to ensure compliance with Anti-Money Laundering Rules requirements.,يجب على المنظمة تطبيق ضوابط Technology لضمان الامتثال لمتطلبات قواعد مكافحة غسل الأموال,To establish effective technology practices,corrective,operational,2,high,True,quarterly,active
505,SAMA-AML,5.0,1.20,1,CDD,CDD - Control 20,CDD - ضابط 20,The organization shall implement cdd controls to ensure compliance with Anti-Money Laundering Rules requirements.,يجب على المنظمة تطبيق ضوابط CDD لضمان الامتثال لمتطلبات قواعد مكافحة غسل الأموال,To establish effective cdd practices,preventive,administrative,3,medium,True,monthly,active
506,SAMA-AML,5.0,2.20,2,Monitoring,Monitoring - Control 20,Monitoring - ضابط 20,The organization shall implement monitoring controls to ensure compliance with Anti-Money Laundering Rules requirements.,يجب على المنظمة تطبيق ضوابط Monitoring لضمان الامتثال لمتطلبات قواعد مكافحة غسل الأموال,To establish effective monitoring practices,detective,technical,4,low,True,continuous,active
507,SAMA-AML,5.0,3.20,3,Reporting,Reporting - Control 20,Reporting - ضابط 20,The organization shall implement reporting controls to ensure compliance with Anti-Money Laundering Rules requirements.,يجب على المنظمة تطبيق ضوابط Reporting لضمان الامتثال لمتطلبات قواعد مكافحة غسل الأموال,To establish effective reporting practices,corrective,operational,1,critical,True,annually,active
508,SAMA-AML,5.0,4.20,4,Training,Training - Control 20,Training - ضابط 20,The organization shall implement training controls to ensure compliance with Anti-Money Laundering Rules requirements.,يجب على المنظمة تطبيق ضوابط Training لضمان الامتثال لمتطلبات قواعد مكافحة غسل الأموال,To establish effective training practices,preventive,administrative,2,high,True,quarterly,active
509,SAMA-AML,5.0,5.20,5,Governance,Governance - Control 20,Governance - ضابط 20,The organization shall implement governance controls to ensure compliance with Anti-Money Laundering Rules requirements.,يجب على المنظمة تطبيق ضوابط Governance لضمان الامتثال لمتطلبات قواعد مكافحة غسل الأموال,To establish effective governance practices,detective,technical,3,medium,True,monthly,active
510,SAMA-AML,5.0,6.20,6,Technology,Technology - Control 20,Technology - ضابط 20,The organization shall implement technology controls to ensure compliance with Anti-Money Laundering Rules requirements.,يجب على المنظمة تطبيق ضوابط Technology لضمان الامتثال لمتطلبات قواعد مكافحة غسل الأموال,To establish effective technology practices,corrective,operational,4,low,True,continuous,active
511,SAMA-AML,5.0,1.21,1,CDD,CDD - Control 21,CDD - ضابط 21,The organization shall implement cdd controls to ensure compliance with Anti-Money Laundering Rules requirements.,يجب على المنظمة تطبيق ضوابط CDD لضمان الامتثال لمتطلبات قواعد مكافحة غسل الأموال,To establish effective cdd practices,preventive,administrative,1,critical,True,annually,active
512,SAMA-AML,5.0,2.21,2,Monitoring,Monitoring - Control 21,Monitoring - ضابط 21,The organization shall implement monitoring controls to ensure compliance with Anti-Money Laundering Rules requirements.,يجب على المنظمة تطبيق ضوابط Monitoring لضمان الامتثال لمتطلبات قواعد مكافحة غسل الأموال,To establish effective monitoring practices,detective,technical,2,high,True,quarterly,active
513,SAMA-AML,5.0,3.21,3,Reporting,Reporting - Control 21,Reporting - ضابط 21,The organization shall implement reporting controls to ensure compliance with Anti-Money Laundering Rules requirements.,يجب على المنظمة تطبيق ضوابط Reporting لضمان الامتثال لمتطلبات قواعد مكافحة غسل الأموال,To establish effective reporting practices,corrective,operational,3,medium,True,monthly,active
514,SAMA-AML,5.0,4.21,4,Training,Training - Control 21,Training - ضابط 21,The organization shall implement training controls to ensure compliance with Anti-Money Laundering Rules requirements.,يجب على المنظمة تطبيق ضوابط Training لضمان الامتثال لمتطلبات قواعد مكافحة غسل الأموال,To establish effective training practices,preventive,administrative,4,low,True,continuous,active
515,SAMA-AML,5.0,5.21,5,Governance,Governance - Control 21,Governance - ضابط 21,The organization shall implement governance controls to ensure compliance with Anti-Money Laundering Rules requirements.,يجب على المنظمة تطبيق ضوابط Governance لضمان الامتثال لمتطلبات قواعد مكافحة غسل الأموال,To establish effective governance practices,detective,technical,1,critical,True,annually,active
516,SAMA-AML,5.0,6.21,6,Technology,Technology - Control 21,Technology - ضابط 21,The organization shall implement technology controls to ensure compliance with Anti-Money Laundering Rules requirements.,يجب على المنظمة تطبيق ضوابط Technology لضمان الامتثال لمتطلبات قواعد مكافحة غسل الأموال,To establish effective technology practices,corrective,operational,2,high,True,quarterly,active
517,SAMA-AML,5.0,1.22,1,CDD,CDD - Control 22,CDD - ضابط 22,The organization shall implement cdd controls to ensure compliance with Anti-Money Laundering Rules requirements.,يجب على المنظمة تطبيق ضوابط CDD لضمان الامتثال لمتطلبات قواعد مكافحة غسل الأموال,To establish effective cdd practices,preventive,administrative,3,medium,True,monthly,active
518,SAMA-AML,5.0,2.22,2,Monitoring,Monitoring - Control 22,Monitoring - ضابط 22,The organization shall implement monitoring controls to ensure compliance with Anti-Money Laundering Rules requirements.,يجب على المنظمة تطبيق ضوابط Monitoring لضمان الامتثال لمتطلبات قواعد مكافحة غسل الأموال,To establish effective monitoring practices,detective,technical,4,low,True,continuous,active
519,SAMA-AML,5.0,3.22,3,Reporting,Reporting - Control 22,Reporting - ضابط 22,The organization shall implement reporting controls to ensure compliance with Anti-Money Laundering Rules requirements.,يجب على المنظمة تطبيق ضوابط Reporting لضمان الامتثال لمتطلبات قواعد مكافحة غسل الأموال,To establish effective reporting practices,corrective,operational,1,critical,True,annually,active
520,SAMA-AML,5.0,4.22,4,Training,Training - Control 22,Training - ضابط 22,The organization shall implement training controls to ensure compliance with Anti-Money Laundering Rules requirements.,يجب على المنظمة تطبيق ضوابط Training لضمان الامتثال لمتطلبات قواعد مكافحة غسل الأموال,To establish effective training practices,preventive,administrative,2,high,True,quarterly,active
521,SAMA-AML,5.0,5.22,5,Governance,Governance - Control 22,Governance - ضابط 22,The organization shall implement governance controls to ensure compliance with Anti-Money Laundering Rules requirements.,يجب على المنظمة تطبيق ضوابط Governance لضمان الامتثال لمتطلبات قواعد مكافحة غسل الأموال,To establish effective governance practices,detective,technical,3,medium,True,monthly,active
522,SAMA-AML,5.0,6.22,6,Technology,Technology - Control 22,Technology - ضابط 22,The organization shall implement technology controls to ensure compliance with Anti-Money Laundering Rules requirements.,يجب على المنظمة تطبيق ضوابط Technology لضمان الامتثال لمتطلبات قواعد مكافحة غسل الأموال,To establish effective technology practices,corrective,operational,4,low,True,continuous,active
523,SAMA-AML,5.0,1.23,1,CDD,CDD - Control 23,CDD - ضابط 23,The organization shall implement cdd controls to ensure compliance with Anti-Money Laundering Rules requirements.,يجب على المنظمة تطبيق ضوابط CDD لضمان الامتثال لمتطلبات قواعد مكافحة غسل الأموال,To establish effective cdd practices,preventive,administrative,1,critical,True,annually,active
524,SAMA-AML,5.0,2.23,2,Monitoring,Monitoring - Control 23,Monitoring - ضابط 23,The organization shall implement monitoring controls to ensure compliance with Anti-Money Laundering Rules requirements.,يجب على المنظمة تطبيق ضوابط Monitoring لضمان الامتثال لمتطلبات قواعد مكافحة غسل الأموال,To establish effective monitoring practices,detective,technical,2,high,True,quarterly,active
525,SAMA-AML,5.0,3.23,3,Reporting,Reporting - Control 23,Reporting - ضابط 23,The organization shall implement reporting controls to ensure compliance with Anti-Money Laundering Rules requirements.,يجب على المنظمة تطبيق ضوابط Reporting لضمان الامتثال لمتطلبات قواعد مكافحة غسل الأموال,To establish effective reporting practices,corrective,operational,3,medium,True,monthly,active
526,SAMA-AML,5.0,4.23,4,Training,Training - Control 23,Training - ضابط 23,The organization shall implement training controls to ensure compliance with Anti-Money Laundering Rules requirements.,يجب على المنظمة تطبيق ضوابط Training لضمان الامتثال لمتطلبات قواعد مكافحة غسل الأموال,To establish effective training practices,preventive,administrative,4,low,True,continuous,active
527,SAMA-AML,5.0,5.23,5,Governance,Governance - Control 23,Governance - ضابط 23,The organization shall implement governance controls to ensure compliance with Anti-Money Laundering Rules requirements.,يجب على المنظمة تطبيق ضوابط Governance لضمان الامتثال لمتطلبات قواعد مكافحة غسل الأموال,To establish effective governance practices,detective,technical,1,critical,True,annually,active
528,SAMA-AML,5.0,6.23,6,Technology,Technology - Control 23,Technology - ضابط 23,The organization shall implement technology controls to ensure compliance with Anti-Money Laundering Rules requirements.,يجب على المنظمة تطبيق ضوابط Technology لضمان الامتثال لمتطلبات قواعد مكافحة غسل الأموال,To establish effective technology practices,corrective,operational,2,high,True,quarterly,active
529,SAMA-AML,5.0,1.24,1,CDD,CDD - Control 24,CDD - ضابط 24,The organization shall implement cdd controls to ensure compliance with Anti-Money Laundering Rules requirements.,يجب على المنظمة تطبيق ضوابط CDD لضمان الامتثال لمتطلبات قواعد مكافحة غسل الأموال,To establish effective cdd practices,preventive,administrative,3,medium,True,monthly,active
530,SAMA-AML,5.0,2.24,2,Monitoring,Monitoring - Control 24,Monitoring - ضابط 24,The organization shall implement monitoring controls to ensure compliance with Anti-Money Laundering Rules requirements.,يجب على المنظمة تطبيق ضوابط Monitoring لضمان الامتثال لمتطلبات قواعد مكافحة غسل الأموال,To establish effective monitoring practices,detective,technical,4,low,True,continuous,active
531,SAMA-AML,5.0,3.24,3,Reporting,Reporting - Control 24,Reporting - ضابط 24,The organization shall implement reporting controls to ensure compliance with Anti-Money Laundering Rules requirements.,يجب على المنظمة تطبيق ضوابط Reporting لضمان الامتثال لمتطلبات قواعد مكافحة غسل الأموال,To establish effective reporting practices,corrective,operational,1,critical,True,annually,active
532,SAMA-AML,5.0,4.24,4,Training,Training - Control 24,Training - ضابط 24,The organization shall implement training controls to ensure compliance with Anti-Money Laundering Rules requirements.,يجب على المنظمة تطبيق ضوابط Training لضمان الامتثال لمتطلبات قواعد مكافحة غسل الأموال,To establish effective training practices,preventive,administrative,2,high,True,quarterly,active
533,SAMA-AML,5.0,5.24,5,Governance,Governance - Control 24,Governance - ضابط 24,The organization shall implement governance controls to ensure compliance with Anti-Money Laundering Rules requirements.,يجب على المنظمة تطبيق ضوابط Governance لضمان الامتثال لمتطلبات قواعد مكافحة غسل الأموال,To establish effective governance practices,detective,technical,3,medium,True,monthly,active
534,SAMA-AML,5.0,6.24,6,Technology,Technology - Control 24,Technology - ضابط 24,The organization shall implement technology controls to ensure compliance with Anti-Money Laundering Rules requirements.,يجب على المنظمة تطبيق ضوابط Technology لضمان الامتثال لمتطلبات قواعد مكافحة غسل الأموال,To establish effective technology practices,corrective,operational,4,low,True,continuous,active
535,SAMA-AML,5.0,1.25,1,CDD,CDD - Control 25,CDD - ضابط 25,The organization shall implement cdd controls to ensure compliance with Anti-Money Laundering Rules requirements.,يجب على المنظمة تطبيق ضوابط CDD لضمان الامتثال لمتطلبات قواعد مكافحة غسل الأموال,To establish effective cdd practices,preventive,administrative,1,critical,True,annually,active
536,SAMA-AML,5.0,2.25,2,Monitoring,Monitoring - Control 25,Monitoring - ضابط 25,The organization shall implement monitoring controls to ensure compliance with Anti-Money Laundering Rules requirements.,يجب على المنظمة تطبيق ضوابط Monitoring لضمان الامتثال لمتطلبات قواعد مكافحة غسل الأموال,To establish effective monitoring practices,detective,technical,2,high,True,quarterly,active
537,SAMA-AML,5.0,3.25,3,Reporting,Reporting - Control 25,Reporting - ضابط 25,The organization shall implement reporting controls to ensure compliance with Anti-Money Laundering Rules requirements.,يجب على المنظمة تطبيق ضوابط Reporting لضمان الامتثال لمتطلبات قواعد مكافحة غسل الأموال,To establish effective reporting practices,corrective,operational,3,medium,True,monthly,active
538,SAMA-AML,5.0,4.25,4,Training,Training - Control 25,Training - ضابط 25,The organization shall implement training controls to ensure compliance with Anti-Money Laundering Rules requirements.,يجب على المنظمة تطبيق ضوابط Training لضمان الامتثال لمتطلبات قواعد مكافحة غسل الأموال,To establish effective training practices,preventive,administrative,4,low,True,continuous,active
539,SAMA-AML,5.0,5.25,5,Governance,Governance - Control 25,Governance - ضابط 25,The organization shall implement governance controls to ensure compliance with Anti-Money Laundering Rules requirements.,يجب على المنظمة تطبيق ضوابط Governance لضمان الامتثال لمتطلبات قواعد مكافحة غسل الأموال,To establish effective governance practices,detective,technical,1,critical,True,annually,active
540,SAMA-AML,5.0,6.25,6,Technology,Technology - Control 25,Technology - ضابط 25,The organization shall implement technology controls to ensure compliance with Anti-Money Laundering Rules requirements.,يجب على المنظمة تطبيق ضوابط Technology لضمان الامتثال لمتطلبات قواعد مكافحة غسل الأموال,To establish effective technology practices,corrective,operational,2,high,True,quarterly,active
541,SAMA-AML,5.0,1.26,1,CDD,CDD - Control 26,CDD - ضابط 26,The organization shall implement cdd controls to ensure compliance with Anti-Money Laundering Rules requirements.,يجب على المنظمة تطبيق ضوابط CDD لضمان الامتثال لمتطلبات قواعد مكافحة غسل الأموال,To establish effective cdd practices,preventive,administrative,3,medium,True,monthly,active
542,SAMA-AML,5.0,2.26,2,Monitoring,Monitoring - Control 26,Monitoring - ضابط 26,The organization shall implement monitoring controls to ensure compliance with Anti-Money Laundering Rules requirements.,يجب على المنظمة تطبيق ضوابط Monitoring لضمان الامتثال لمتطلبات قواعد مكافحة غسل الأموال,To establish effective monitoring practices,detective,technical,4,low,True,continuous,active
543,SAMA-AML,5.0,3.26,3,Reporting,Reporting - Control 26,Reporting - ضابط 26,The organization shall implement reporting controls to ensure compliance with Anti-Money Laundering Rules requirements.,يجب على المنظمة تطبيق ضوابط Reporting لضمان الامتثال لمتطلبات قواعد مكافحة غسل الأموال,To establish effective reporting practices,corrective,operational,1,critical,True,annually,active
544,SAMA-AML,5.0,4.26,4,Training,Training - Control 26,Training - ضابط 26,The organization shall implement training controls to ensure compliance with Anti-Money Laundering Rules requirements.,يجب على المنظمة تطبيق ضوابط Training لضمان الامتثال لمتطلبات قواعد مكافحة غسل الأموال,To establish effective training practices,preventive,administrative,2,high,True,quarterly,active
545,SAMA-AML,5.0,5.26,5,Governance,Governance - Control 26,Governance - ضابط 26,The organization shall implement governance controls to ensure compliance with Anti-Money Laundering Rules requirements.,يجب على المنظمة تطبيق ضوابط Governance لضمان الامتثال لمتطلبات قواعد مكافحة غسل الأموال,To establish effective governance practices,detective,technical,3,medium,True,monthly,active
546,SAMA-AML,5.0,6.26,6,Technology,Technology - Control 26,Technology - ضابط 26,The organization shall implement technology controls to ensure compliance with Anti-Money Laundering Rules requirements.,يجب على المنظمة تطبيق ضوابط Technology لضمان الامتثال لمتطلبات قواعد مكافحة غسل الأموال,To establish effective technology practices,corrective,operational,4,low,True,continuous,active
547,SAMA-AML,5.0,1.27,1,CDD,CDD - Control 27,CDD - ضابط 27,The organization shall implement cdd controls to ensure compliance with Anti-Money Laundering Rules requirements.,يجب على المنظمة تطبيق ضوابط CDD لضمان الامتثال لمتطلبات قواعد مكافحة غسل الأموال,To establish effective cdd practices,preventive,administrative,1,critical,True,annually,active
548,SAMA-AML,5.0,2.27,2,Monitoring,Monitoring - Control 27,Monitoring - ضابط 27,The organization shall implement monitoring controls to ensure compliance with Anti-Money Laundering Rules requirements.,يجب على المنظمة تطبيق ضوابط Monitoring لضمان الامتثال لمتطلبات قواعد مكافحة غسل الأموال,To establish effective monitoring practices,detective,technical,2,high,True,quarterly,active
549,SAMA-AML,5.0,3.27,3,Reporting,Reporting - Control 27,Reporting - ضابط 27,The organization shall implement reporting controls to ensure compliance with Anti-Money Laundering Rules requirements.,يجب على المنظمة تطبيق ضوابط Reporting لضمان الامتثال لمتطلبات قواعد مكافحة غسل الأموال,To establish effective reporting practices,corrective,operational,3,medium,True,monthly,active
550,SAMA-AML,5.0,4.27,4,Training,Training - Control 27,Training - ضابط 27,The organization shall implement training controls to ensure compliance with Anti-Money Laundering Rules requirements.,يجب على المنظمة تطبيق ضوابط Training لضمان الامتثال لمتطلبات قواعد مكافحة غسل الأموال,To establish effective training practices,preventive,administrative,4,low,True,continuous,active
551,SAMA-AML,5.0,5.27,5,Governance,Governance - Control 27,Governance - ضابط 27,The organization shall implement governance controls to ensure compliance with Anti-Money Laundering Rules requirements.,يجب على المنظمة تطبيق ضوابط Governance لضمان الامتثال لمتطلبات قواعد مكافحة غسل الأموال,To establish effective governance practices,detective,technical,1,critical,True,annually,active
552,SAMA-AML,5.0,6.27,6,Technology,Technology - Control 27,Technology - ضابط 27,The organization shall implement technology controls to ensure compliance with Anti-Money Laundering Rules requirements.,يجب على المنظمة تطبيق ضوابط Technology لضمان الامتثال لمتطلبات قواعد مكافحة غسل الأموال,To establish effective technology practices,corrective,operational,2,high,True,quarterly,active
553,SAMA-AML,5.0,1.28,1,CDD,CDD - Control 28,CDD - ضابط 28,The organization shall implement cdd controls to ensure compliance with Anti-Money Laundering Rules requirements.,يجب على المنظمة تطبيق ضوابط CDD لضمان الامتثال لمتطلبات قواعد مكافحة غسل الأموال,To establish effective cdd practices,preventive,administrative,3,medium,True,monthly,active
554,SAMA-AML,5.0,2.28,2,Monitoring,Monitoring - Control 28,Monitoring - ضابط 28,The organization shall implement monitoring controls to ensure compliance with Anti-Money Laundering Rules requirements.,يجب على المنظمة تطبيق ضوابط Monitoring لضمان الامتثال لمتطلبات قواعد مكافحة غسل الأموال,To establish effective monitoring practices,detective,technical,4,low,True,continuous,active
555,SAMA-AML,5.0,3.28,3,Reporting,Reporting - Control 28,Reporting - ضابط 28,The organization shall implement reporting controls to ensure compliance with Anti-Money Laundering Rules requirements.,يجب على المنظمة تطبيق ضوابط Reporting لضمان الامتثال لمتطلبات قواعد مكافحة غسل الأموال,To establish effective reporting practices,corrective,operational,1,critical,True,annually,active
556,SAMA-AML,5.0,4.28,4,Training,Training - Control 28,Training - ضابط 28,The organization shall implement training controls to ensure compliance with Anti-Money Laundering Rules requirements.,يجب على المنظمة تطبيق ضوابط Training لضمان الامتثال لمتطلبات قواعد مكافحة غسل الأموال,To establish effective training practices,preventive,administrative,2,high,True,quarterly,active
557,SAMA-AML,5.0,5.28,5,Governance,Governance - Control 28,Governance - ضابط 28,The organization shall implement governance controls to ensure compliance with Anti-Money Laundering Rules requirements.,يجب على المنظمة تطبيق ضوابط Governance لضمان الامتثال لمتطلبات قواعد مكافحة غسل الأموال,To establish effective governance practices,detective,technical,3,medium,True,monthly,active
558,SAMA-PSR,1.2,1.1,1,Licensing,Licensing - Control 1,Licensing - ضابط 1,The organization shall implement licensing controls to ensure compliance with Payment Services Regulations requirements.,يجب على المنظمة تطبيق ضوابط Licensing لضمان الامتثال لمتطلبات لائحة خدمات الدفع,To establish effective licensing practices,preventive,administrative,1,critical,True,annually,active
559,SAMA-PSR,1.2,2.1,2,Operations,Operations - Control 1,Operations - ضابط 1,The organization shall implement operations controls to ensure compliance with Payment Services Regulations requirements.,يجب على المنظمة تطبيق ضوابط Operations لضمان الامتثال لمتطلبات لائحة خدمات الدفع,To establish effective operations practices,detective,technical,2,high,True,quarterly,active
560,SAMA-PSR,1.2,3.1,3,Security,Security - Control 1,Security - ضابط 1,The organization shall implement security controls to ensure compliance with Payment Services Regulations requirements.,يجب على المنظمة تطبيق ضوابط Security لضمان الامتثال لمتطلبات لائحة خدمات الدفع,To establish effective security practices,corrective,operational,3,medium,True,monthly,active
561,SAMA-PSR,1.2,4.1,4,Consumer,Consumer - Control 1,Consumer - ضابط 1,The organization shall implement consumer controls to ensure compliance with Payment Services Regulations requirements.,يجب على المنظمة تطبيق ضوابط Consumer لضمان الامتثال لمتطلبات لائحة خدمات الدفع,To establish effective consumer practices,preventive,administrative,4,low,True,continuous,active
562,SAMA-PSR,1.2,5.1,5,Open Banking,Open Banking - Control 1,Open Banking - ضابط 1,The organization shall implement open banking controls to ensure compliance with Payment Services Regulations requirements.,يجب على المنظمة تطبيق ضوابط Open Banking لضمان الامتثال لمتطلبات لائحة خدمات الدفع,To establish effective open banking practices,detective,technical,1,critical,True,annually,active
563,SAMA-PSR,1.2,1.2,1,Licensing,Licensing - Control 2,Licensing - ضابط 2,The organization shall implement licensing controls to ensure compliance with Payment Services Regulations requirements.,يجب على المنظمة تطبيق ضوابط Licensing لضمان الامتثال لمتطلبات لائحة خدمات الدفع,To establish effective licensing practices,corrective,operational,2,high,True,quarterly,active
564,SAMA-PSR,1.2,2.2,2,Operations,Operations - Control 2,Operations - ضابط 2,The organization shall implement operations controls to ensure compliance with Payment Services Regulations requirements.,يجب على المنظمة تطبيق ضوابط Operations لضمان الامتثال لمتطلبات لائحة خدمات الدفع,To establish effective operations practices,preventive,administrative,3,medium,True,monthly,active
565,SAMA-PSR,1.2,3.2,3,Security,Security - Control 2,Security - ضابط 2,The organization shall implement security controls to ensure compliance with Payment Services Regulations requirements.,يجب على المنظمة تطبيق ضوابط Security لضمان الامتثال لمتطلبات لائحة خدمات الدفع,To establish effective security practices,detective,technical,4,low,True,continuous,active
566,SAMA-PSR,1.2,4.2,4,Consumer,Consumer - Control 2,Consumer - ضابط 2,The organization shall implement consumer controls to ensure compliance with Payment Services Regulations requirements.,يجب على المنظمة تطبيق ضوابط Consumer لضمان الامتثال لمتطلبات لائحة خدمات الدفع,To establish effective consumer practices,corrective,operational,1,critical,True,annually,active
567,SAMA-PSR,1.2,5.2,5,Open Banking,Open Banking - Control 2,Open Banking - ضابط 2,The organization shall implement open banking controls to ensure compliance with Payment Services Regulations requirements.,يجب على المنظمة تطبيق ضوابط Open Banking لضمان الامتثال لمتطلبات لائحة خدمات الدفع,To establish effective open banking practices,preventive,administrative,2,high,True,quarterly,active
568,SAMA-PSR,1.2,1.3,1,Licensing,Licensing - Control 3,Licensing - ضابط 3,The organization shall implement licensing controls to ensure compliance with Payment Services Regulations requirements.,يجب على المنظمة تطبيق ضوابط Licensing لضمان الامتثال لمتطلبات لائحة خدمات الدفع,To establish effective licensing practices,detective,technical,3,medium,True,monthly,active
569,SAMA-PSR,1.2,2.3,2,Operations,Operations - Control 3,Operations - ضابط 3,The organization shall implement operations controls to ensure compliance with Payment Services Regulations requirements.,يجب على المنظمة تطبيق ضوابط Operations لضمان الامتثال لمتطلبات لائحة خدمات الدفع,To establish effective operations practices,corrective,operational,4,low,True,continuous,active
570,SAMA-PSR,1.2,3.3,3,Security,Security - Control 3,Security - ضابط 3,The organization shall implement security controls to ensure compliance with Payment Services Regulations requirements.,يجب على المنظمة تطبيق ضوابط Security لضمان الامتثال لمتطلبات لائحة خدمات الدفع,To establish effective security practices,preventive,administrative,1,critical,True,annually,active
571,SAMA-PSR,1.2,4.3,4,Consumer,Consumer - Control 3,Consumer - ضابط 3,The organization shall implement consumer controls to ensure compliance with Payment Services Regulations requirements.,يجب على المنظمة تطبيق ضوابط Consumer لضمان الامتثال لمتطلبات لائحة خدمات الدفع,To establish effective consumer practices,detective,technical,2,high,True,quarterly,active
572,SAMA-PSR,1.2,5.3,5,Open Banking,Open Banking - Control 3,Open Banking - ضابط 3,The organization shall implement open banking controls to ensure compliance with Payment Services Regulations requirements.,يجب على المنظمة تطبيق ضوابط Open Banking لضمان الامتثال لمتطلبات لائحة خدمات الدفع,To establish effective open banking practices,corrective,operational,3,medium,True,monthly,active
573,SAMA-PSR,1.2,1.4,1,Licensing,Licensing - Control 4,Licensing - ضابط 4,The organization shall implement licensing controls to ensure compliance with Payment Services Regulations requirements.,يجب على المنظمة تطبيق ضوابط Licensing لضمان الامتثال لمتطلبات لائحة خدمات الدفع,To establish effective licensing practices,preventive,administrative,4,low,True,continuous,active
574,SAMA-PSR,1.2,2.4,2,Operations,Operations - Control 4,Operations - ضابط 4,The organization shall implement operations controls to ensure compliance with Payment Services Regulations requirements.,يجب على المنظمة تطبيق ضوابط Operations لضمان الامتثال لمتطلبات لائحة خدمات الدفع,To establish effective operations practices,detective,technical,1,critical,True,annually,active
575,SAMA-PSR,1.2,3.4,3,Security,Security - Control 4,Security - ضابط 4,The organization shall implement security controls to ensure compliance with Payment Services Regulations requirements.,يجب على المنظمة تطبيق ضوابط Security لضمان الامتثال لمتطلبات لائحة خدمات الدفع,To establish effective security practices,corrective,operational,2,high,True,quarterly,active
576,SAMA-PSR,1.2,4.4,4,Consumer,Consumer - Control 4,Consumer - ضابط 4,The organization shall implement consumer controls to ensure compliance with Payment Services Regulations requirements.,يجب على المنظمة تطبيق ضوابط Consumer لضمان الامتثال لمتطلبات لائحة خدمات الدفع,To establish effective consumer practices,preventive,administrative,3,medium,True,monthly,active
577,SAMA-PSR,1.2,5.4,5,Open Banking,Open Banking - Control 4,Open Banking - ضابط 4,The organization shall implement open banking controls to ensure compliance with Payment Services Regulations requirements.,يجب على المنظمة تطبيق ضوابط Open Banking لضمان الامتثال لمتطلبات لائحة خدمات الدفع,To establish effective open banking practices,detective,technical,4,low,True,continuous,active
578,SAMA-PSR,1.2,1.5,1,Licensing,Licensing - Control 5,Licensing - ضابط 5,The organization shall implement licensing controls to ensure compliance with Payment Services Regulations requirements.,يجب على المنظمة تطبيق ضوابط Licensing لضمان الامتثال لمتطلبات لائحة خدمات الدفع,To establish effective licensing practices,corrective,operational,1,critical,True,annually,active
579,SAMA-PSR,1.2,2.5,2,Operations,Operations - Control 5,Operations - ضابط 5,The organization shall implement operations controls to ensure compliance with Payment Services Regulations requirements.,يجب على المنظمة تطبيق ضوابط Operations لضمان الامتثال لمتطلبات لائحة خدمات الدفع,To establish effective operations practices,preventive,administrative,2,high,True,quarterly,active
580,SAMA-PSR,1.2,3.5,3,Security,Security - Control 5,Security - ضابط 5,The organization shall implement security controls to ensure compliance with Payment Services Regulations requirements.,يجب على المنظمة تطبيق ضوابط Security لضمان الامتثال لمتطلبات لائحة خدمات الدفع,To establish effective security practices,detective,technical,3,medium,True,monthly,active
581,SAMA-PSR,1.2,4.5,4,Consumer,Consumer - Control 5,Consumer - ضابط 5,The organization shall implement consumer controls to ensure compliance with Payment Services Regulations requirements.,يجب على المنظمة تطبيق ضوابط Consumer لضمان الامتثال لمتطلبات لائحة خدمات الدفع,To establish effective consumer practices,corrective,operational,4,low,True,continuous,active
582,SAMA-PSR,1.2,5.5,5,Open Banking,Open Banking - Control 5,Open Banking - ضابط 5,The organization shall implement open banking controls to ensure compliance with Payment Services Regulations requirements.,يجب على المنظمة تطبيق ضوابط Open Banking لضمان الامتثال لمتطلبات لائحة خدمات الدفع,To establish effective open banking practices,preventive,administrative,1,critical,True,annually,active
583,SAMA-PSR,1.2,1.6,1,Licensing,Licensing - Control 6,Licensing - ضابط 6,The organization shall implement licensing controls to ensure compliance with Payment Services Regulations requirements.,يجب على المنظمة تطبيق ضوابط Licensing لضمان الامتثال لمتطلبات لائحة خدمات الدفع,To establish effective licensing practices,detective,technical,2,high,True,quarterly,active
584,SAMA-PSR,1.2,2.6,2,Operations,Operations - Control 6,Operations - ضابط 6,The organization shall implement operations controls to ensure compliance with Payment Services Regulations requirements.,يجب على المنظمة تطبيق ضوابط Operations لضمان الامتثال لمتطلبات لائحة خدمات الدفع,To establish effective operations practices,corrective,operational,3,medium,True,monthly,active
585,SAMA-PSR,1.2,3.6,3,Security,Security - Control 6,Security - ضابط 6,The organization shall implement security controls to ensure compliance with Payment Services Regulations requirements.,يجب على المنظمة تطبيق ضوابط Security لضمان الامتثال لمتطلبات لائحة خدمات الدفع,To establish effective security practices,preventive,administrative,4,low,True,continuous,active
586,SAMA-PSR,1.2,4.6,4,Consumer,Consumer - Control 6,Consumer - ضابط 6,The organization shall implement consumer controls to ensure compliance with Payment Services Regulations requirements.,يجب على المنظمة تطبيق ضوابط Consumer لضمان الامتثال لمتطلبات لائحة خدمات الدفع,To establish effective consumer practices,detective,technical,1,critical,True,annually,active
587,SAMA-PSR,1.2,5.6,5,Open Banking,Open Banking - Control 6,Open Banking - ضابط 6,The organization shall implement open banking controls to ensure compliance with Payment Services Regulations requirements.,يجب على المنظمة تطبيق ضوابط Open Banking لضمان الامتثال لمتطلبات لائحة خدمات الدفع,To establish effective open banking practices,corrective,operational,2,high,True,quarterly,active
588,SAMA-PSR,1.2,1.7,1,Licensing,Licensing - Control 7,Licensing - ضابط 7,The organization shall implement licensing controls to ensure compliance with Payment Services Regulations requirements.,يجب على المنظمة تطبيق ضوابط Licensing لضمان الامتثال لمتطلبات لائحة خدمات الدفع,To establish effective licensing practices,preventive,administrative,3,medium,True,monthly,active
589,SAMA-PSR,1.2,2.7,2,Operations,Operations - Control 7,Operations - ضابط 7,The organization shall implement operations controls to ensure compliance with Payment Services Regulations requirements.,يجب على المنظمة تطبيق ضوابط Operations لضمان الامتثال لمتطلبات لائحة خدمات الدفع,To establish effective operations practices,detective,technical,4,low,True,continuous,active
590,SAMA-PSR,1.2,3.7,3,Security,Security - Control 7,Security - ضابط 7,The organization shall implement security controls to ensure compliance with Payment Services Regulations requirements.,يجب على المنظمة تطبيق ضوابط Security لضمان الامتثال لمتطلبات لائحة خدمات الدفع,To establish effective security practices,corrective,operational,1,critical,True,annually,active
591,SAMA-PSR,1.2,4.7,4,Consumer,Consumer - Control 7,Consumer - ضابط 7,The organization shall implement consumer controls to ensure compliance with Payment Services Regulations requirements.,يجب على المنظمة تطبيق ضوابط Consumer لضمان الامتثال لمتطلبات لائحة خدمات الدفع,To establish effective consumer practices,preventive,administrative,2,high,True,quarterly,active
592,SAMA-PSR,1.2,5.7,5,Open Banking,Open Banking - Control 7,Open Banking - ضابط 7,The organization shall implement open banking controls to ensure compliance with Payment Services Regulations requirements.,يجب على المنظمة تطبيق ضوابط Open Banking لضمان الامتثال لمتطلبات لائحة خدمات الدفع,To establish effective open banking practices,detective,technical,3,medium,True,monthly,active
593,SAMA-PSR,1.2,1.8,1,Licensing,Licensing - Control 8,Licensing - ضابط 8,The organization shall implement licensing controls to ensure compliance with Payment Services Regulations requirements.,يجب على المنظمة تطبيق ضوابط Licensing لضمان الامتثال لمتطلبات لائحة خدمات الدفع,To establish effective licensing practices,corrective,operational,4,low,True,continuous,active
594,SAMA-PSR,1.2,2.8,2,Operations,Operations - Control 8,Operations - ضابط 8,The organization shall implement operations controls to ensure compliance with Payment Services Regulations requirements.,يجب على المنظمة تطبيق ضوابط Operations لضمان الامتثال لمتطلبات لائحة خدمات الدفع,To establish effective operations practices,preventive,administrative,1,critical,True,annually,active
595,SAMA-PSR,1.2,3.8,3,Security,Security - Control 8,Security - ضابط 8,The organization shall implement security controls to ensure compliance with Payment Services Regulations requirements.,يجب على المنظمة تطبيق ضوابط Security لضمان الامتثال لمتطلبات لائحة خدمات الدفع,To establish effective security practices,detective,technical,2,high,True,quarterly,active
596,SAMA-PSR,1.2,4.8,4,Consumer,Consumer - Control 8,Consumer - ضابط 8,The organization shall implement consumer controls to ensure compliance with Payment Services Regulations requirements.,يجب على المنظمة تطبيق ضوابط Consumer لضمان الامتثال لمتطلبات لائحة خدمات الدفع,To establish effective consumer practices,corrective,operational,3,medium,True,monthly,active
597,SAMA-PSR,1.2,5.8,5,Open Banking,Open Banking - Control 8,Open Banking - ضابط 8,The organization shall implement open banking controls to ensure compliance with Payment Services Regulations requirements.,يجب على المنظمة تطبيق ضوابط Open Banking لضمان الامتثال لمتطلبات لائحة خدمات الدفع,To establish effective open banking practices,preventive,administrative,4,low,True,continuous,active
598,SAMA-PSR,1.2,1.9,1,Licensing,Licensing - Control 9,Licensing - ضابط 9,The organization shall implement licensing controls to ensure compliance with Payment Services Regulations requirements.,يجب على المنظمة تطبيق ضوابط Licensing لضمان الامتثال لمتطلبات لائحة خدمات الدفع,To establish effective licensing practices,detective,technical,1,critical,True,annually,active
599,SAMA-PSR,1.2,2.9,2,Operations,Operations - Control 9,Operations - ضابط 9,The organization shall implement operations controls to ensure compliance with Payment Services Regulations requirements.,يجب على المنظمة تطبيق ضوابط Operations لضمان الامتثال لمتطلبات لائحة خدمات الدفع,To establish effective operations practices,corrective,operational,2,high,True,quarterly,active
600,SAMA-PSR,1.2,3.9,3,Security,Security - Control 9,Security - ضابط 9,The organization shall implement security controls to ensure compliance with Payment Services Regulations requirements.,يجب على المنظمة تطبيق ضوابط Security لضمان الامتثال لمتطلبات لائحة خدمات الدفع,To establish effective security practices,preventive,administrative,3,medium,True,monthly,active
601,SAMA-PSR,1.2,4.9,4,Consumer,Consumer - Control 9,Consumer - ضابط 9,The organization shall implement consumer controls to ensure compliance with Payment Services Regulations requirements.,يجب على المنظمة تطبيق ضوابط Consumer لضمان الامتثال لمتطلبات لائحة خدمات الدفع,To establish effective consumer practices,detective,technical,4,low,True,continuous,active
602,SAMA-PSR,1.2,5.9,5,Open Banking,Open Banking - Control 9,Open Banking - ضابط 9,The organization shall implement open banking controls to ensure compliance with Payment Services Regulations requirements.,يجب على المنظمة تطبيق ضوابط Open Banking لضمان الامتثال لمتطلبات لائحة خدمات الدفع,To establish effective open banking practices,corrective,operational,1,critical,True,annually,active
603,SAMA-PSR,1.2,1.10,1,Licensing,Licensing - Control 10,Licensing - ضابط 10,The organization shall implement licensing controls to ensure compliance with Payment Services Regulations requirements.,يجب على المنظمة تطبيق ضوابط Licensing لضمان الامتثال لمتطلبات لائحة خدمات الدفع,To establish effective licensing practices,preventive,administrative,2,high,True,quarterly,active
604,SAMA-PSR,1.2,2.10,2,Operations,Operations - Control 10,Operations - ضابط 10,The organization shall implement operations controls to ensure compliance with Payment Services Regulations requirements.,يجب على المنظمة تطبيق ضوابط Operations لضمان الامتثال لمتطلبات لائحة خدمات الدفع,To establish effective operations practices,detective,technical,3,medium,True,monthly,active
605,SAMA-PSR,1.2,3.10,3,Security,Security - Control 10,Security - ضابط 10,The organization shall implement security controls to ensure compliance with Payment Services Regulations requirements.,يجب على المنظمة تطبيق ضوابط Security لضمان الامتثال لمتطلبات لائحة خدمات الدفع,To establish effective security practices,corrective,operational,4,low,True,continuous,active
606,SAMA-PSR,1.2,4.10,4,Consumer,Consumer - Control 10,Consumer - ضابط 10,The organization shall implement consumer controls to ensure compliance with Payment Services Regulations requirements.,يجب على المنظمة تطبيق ضوابط Consumer لضمان الامتثال لمتطلبات لائحة خدمات الدفع,To establish effective consumer practices,preventive,administrative,1,critical,True,annually,active
607,SAMA-PSR,1.2,5.10,5,Open Banking,Open Banking - Control 10,Open Banking - ضابط 10,The organization shall implement open banking controls to ensure compliance with Payment Services Regulations requirements.,يجب على المنظمة تطبيق ضوابط Open Banking لضمان الامتثال لمتطلبات لائحة خدمات الدفع,To establish effective open banking practices,detective,technical,2,high,True,quarterly,active
608,SAMA-PSR,1.2,1.11,1,Licensing,Licensing - Control 11,Licensing - ضابط 11,The organization shall implement licensing controls to ensure compliance with Payment Services Regulations requirements.,يجب على المنظمة تطبيق ضوابط Licensing لضمان الامتثال لمتطلبات لائحة خدمات الدفع,To establish effective licensing practices,corrective,operational,3,medium,True,monthly,active
609,SAMA-PSR,1.2,2.11,2,Operations,Operations - Control 11,Operations - ضابط 11,The organization shall implement operations controls to ensure compliance with Payment Services Regulations requirements.,يجب على المنظمة تطبيق ضوابط Operations لضمان الامتثال لمتطلبات لائحة خدمات الدفع,To establish effective operations practices,preventive,administrative,4,low,True,continuous,active
610,SAMA-PSR,1.2,3.11,3,Security,Security - Control 11,Security - ضابط 11,The organization shall implement security controls to ensure compliance with Payment Services Regulations requirements.,يجب على المنظمة تطبيق ضوابط Security لضمان الامتثال لمتطلبات لائحة خدمات الدفع,To establish effective security practices,detective,technical,1,critical,True,annually,active
611,SAMA-PSR,1.2,4.11,4,Consumer,Consumer - Control 11,Consumer - ضابط 11,The organization shall implement consumer controls to ensure compliance with Payment Services Regulations requirements.,يجب على المنظمة تطبيق ضوابط Consumer لضمان الامتثال لمتطلبات لائحة خدمات الدفع,To establish effective consumer practices,corrective,operational,2,high,True,quarterly,active
612,SAMA-PSR,1.2,5.11,5,Open Banking,Open Banking - Control 11,Open Banking - ضابط 11,The organization shall implement open banking controls to ensure compliance with Payment Services Regulations requirements.,يجب على المنظمة تطبيق ضوابط Open Banking لضمان الامتثال لمتطلبات لائحة خدمات الدفع,To establish effective open banking practices,preventive,administrative,3,medium,True,monthly,active
613,SAMA-PSR,1.2,1.12,1,Licensing,Licensing - Control 12,Licensing - ضابط 12,The organization shall implement licensing controls to ensure compliance with Payment Services Regulations requirements.,يجب على المنظمة تطبيق ضوابط Licensing لضمان الامتثال لمتطلبات لائحة خدمات الدفع,To establish effective licensing practices,detective,technical,4,low,True,continuous,active
614,SAMA-PSR,1.2,2.12,2,Operations,Operations - Control 12,Operations - ضابط 12,The organization shall implement operations controls to ensure compliance with Payment Services Regulations requirements.,يجب على المنظمة تطبيق ضوابط Operations لضمان الامتثال لمتطلبات لائحة خدمات الدفع,To establish effective operations practices,corrective,operational,1,critical,True,annually,active
615,SAMA-PSR,1.2,3.12,3,Security,Security - Control 12,Security - ضابط 12,The organization shall implement security controls to ensure compliance with Payment Services Regulations requirements.,يجب على المنظمة تطبيق ضوابط Security لضمان الامتثال لمتطلبات لائحة خدمات الدفع,To establish effective security practices,preventive,administrative,2,high,True,quarterly,active
616,SAMA-PSR,1.2,4.12,4,Consumer,Consumer - Control 12,Consumer - ضابط 12,The organization shall implement consumer controls to ensure compliance with Payment Services Regulations requirements.,يجب على المنظمة تطبيق ضوابط Consumer لضمان الامتثال لمتطلبات لائحة خدمات الدفع,To establish effective consumer practices,detective,technical,3,medium,True,monthly,active
617,SAMA-PSR,1.2,5.12,5,Open Banking,Open Banking - Control 12,Open Banking - ضابط 12,The organization shall implement open banking controls to ensure compliance with Payment Services Regulations requirements.,يجب على المنظمة تطبيق ضوابط Open Banking لضمان الامتثال لمتطلبات لائحة خدمات الدفع,To establish effective open banking practices,corrective,operational,4,low,True,continuous,active
618,SAMA-PSR,1.2,1.13,1,Licensing,Licensing - Control 13,Licensing - ضابط 13,The organization shall implement licensing controls to ensure compliance with Payment Services Regulations requirements.,يجب على المنظمة تطبيق ضوابط Licensing لضمان الامتثال لمتطلبات لائحة خدمات الدفع,To establish effective licensing practices,preventive,administrative,1,critical,True,annually,active
619,SAMA-PSR,1.2,2.13,2,Operations,Operations - Control 13,Operations - ضابط 13,The organization shall implement operations controls to ensure compliance with Payment Services Regulations requirements.,يجب على المنظمة تطبيق ضوابط Operations لضمان الامتثال لمتطلبات لائحة خدمات الدفع,To establish effective operations practices,detective,technical,2,high,True,quarterly,active
620,SAMA-PSR,1.2,3.13,3,Security,Security - Control 13,Security - ضابط 13,The organization shall implement security controls to ensure compliance with Payment Services Regulations requirements.,يجب على المنظمة تطبيق ضوابط Security لضمان الامتثال لمتطلبات لائحة خدمات الدفع,To establish effective security practices,corrective,operational,3,medium,True,monthly,active
621,SAMA-PSR,1.2,4.13,4,Consumer,Consumer - Control 13,Consumer - ضابط 13,The organization shall implement consumer controls to ensure compliance with Payment Services Regulations requirements.,يجب على المنظمة تطبيق ضوابط Consumer لضمان الامتثال لمتطلبات لائحة خدمات الدفع,To establish effective consumer practices,preventive,administrative,4,low,True,continuous,active
622,SAMA-PSR,1.2,5.13,5,Open Banking,Open Banking - Control 13,Open Banking - ضابط 13,The organization shall implement open banking controls to ensure compliance with Payment Services Regulations requirements.,يجب على المنظمة تطبيق ضوابط Open Banking لضمان الامتثال لمتطلبات لائحة خدمات الدفع,To establish effective open banking practices,detective,technical,1,critical,True,annually,active
623,SAMA-PSR,1.2,1.14,1,Licensing,Licensing - Control 14,Licensing - ضابط 14,The organization shall implement licensing controls to ensure compliance with Payment Services Regulations requirements.,يجب على المنظمة تطبيق ضوابط Licensing لضمان الامتثال لمتطلبات لائحة خدمات الدفع,To establish effective licensing practices,corrective,operational,2,high,True,quarterly,active
624,SAMA-PSR,1.2,2.14,2,Operations,Operations - Control 14,Operations - ضابط 14,The organization shall implement operations controls to ensure compliance with Payment Services Regulations requirements.,يجب على المنظمة تطبيق ضوابط Operations لضمان الامتثال لمتطلبات لائحة خدمات الدفع,To establish effective operations practices,preventive,administrative,3,medium,True,monthly,active
625,PDPL,1.0,1.1,1,Collection,Collection - Control 1,Collection - ضابط 1,The organization shall implement collection controls to ensure compliance with Personal Data Protection Law requirements.,يجب على المنظمة تطبيق ضوابط Collection لضمان الامتثال لمتطلبات نظام حماية البيانات الشخصية,To establish effective collection practices,preventive,administrative,1,critical,True,annually,active
626,PDPL,1.0,2.1,2,Processing,Processing - Control 1,Processing - ضابط 1,The organization shall implement processing controls to ensure compliance with Personal Data Protection Law requirements.,يجب على المنظمة تطبيق ضوابط Processing لضمان الامتثال لمتطلبات نظام حماية البيانات الشخصية,To establish effective processing practices,detective,technical,2,high,True,quarterly,active
627,PDPL,1.0,3.1,3,Rights,Rights - Control 1,Rights - ضابط 1,The organization shall implement rights controls to ensure compliance with Personal Data Protection Law requirements.,يجب على المنظمة تطبيق ضوابط Rights لضمان الامتثال لمتطلبات نظام حماية البيانات الشخصية,To establish effective rights practices,corrective,operational,3,medium,True,monthly,active
628,PDPL,1.0,4.1,4,Security,Security - Control 1,Security - ضابط 1,The organization shall implement security controls to ensure compliance with Personal Data Protection Law requirements.,يجب على المنظمة تطبيق ضوابط Security لضمان الامتثال لمتطلبات نظام حماية البيانات الشخصية,To establish effective security practices,preventive,administrative,4,low,True,continuous,active
629,PDPL,1.0,5.1,5,Transfer,Transfer - Control 1,Transfer - ضابط 1,The organization shall implement transfer controls to ensure compliance with Personal Data Protection Law requirements.,يجب على المنظمة تطبيق ضوابط Transfer لضمان الامتثال لمتطلبات نظام حماية البيانات الشخصية,To establish effective transfer practices,detective,technical,1,critical,True,annually,active
630,PDPL,1.0,1.2,1,Collection,Collection - Control 2,Collection - ضابط 2,The organization shall implement collection controls to ensure compliance with Personal Data Protection Law requirements.,يجب على المنظمة تطبيق ضوابط Collection لضمان الامتثال لمتطلبات نظام حماية البيانات الشخصية,To establish effective collection practices,corrective,operational,2,high,True,quarterly,active
631,PDPL,1.0,2.2,2,Processing,Processing - Control 2,Processing - ضابط 2,The organization shall implement processing controls to ensure compliance with Personal Data Protection Law requirements.,يجب على المنظمة تطبيق ضوابط Processing لضمان الامتثال لمتطلبات نظام حماية البيانات الشخصية,To establish effective processing practices,preventive,administrative,3,medium,True,monthly,active
632,PDPL,1.0,3.2,3,Rights,Rights - Control 2,Rights - ضابط 2,The organization shall implement rights controls to ensure compliance with Personal Data Protection Law requirements.,يجب على المنظمة تطبيق ضوابط Rights لضمان الامتثال لمتطلبات نظام حماية البيانات الشخصية,To establish effective rights practices,detective,technical,4,low,True,continuous,active
633,PDPL,1.0,4.2,4,Security,Security - Control 2,Security - ضابط 2,The organization shall implement security controls to ensure compliance with Personal Data Protection Law requirements.,يجب على المنظمة تطبيق ضوابط Security لضمان الامتثال لمتطلبات نظام حماية البيانات الشخصية,To establish effective security practices,corrective,operational,1,critical,True,annually,active
634,PDPL,1.0,5.2,5,Transfer,Transfer - Control 2,Transfer - ضابط 2,The organization shall implement transfer controls to ensure compliance with Personal Data Protection Law requirements.,يجب على المنظمة تطبيق ضوابط Transfer لضمان الامتثال لمتطلبات نظام حماية البيانات الشخصية,To establish effective transfer practices,preventive,administrative,2,high,True,quarterly,active
635,PDPL,1.0,1.3,1,Collection,Collection - Control 3,Collection - ضابط 3,The organization shall implement collection controls to ensure compliance with Personal Data Protection Law requirements.,يجب على المنظمة تطبيق ضوابط Collection لضمان الامتثال لمتطلبات نظام حماية البيانات الشخصية,To establish effective collection practices,detective,technical,3,medium,True,monthly,active
636,PDPL,1.0,2.3,2,Processing,Processing - Control 3,Processing - ضابط 3,The organization shall implement processing controls to ensure compliance with Personal Data Protection Law requirements.,يجب على المنظمة تطبيق ضوابط Processing لضمان الامتثال لمتطلبات نظام حماية البيانات الشخصية,To establish effective processing practices,corrective,operational,4,low,True,continuous,active
637,PDPL,1.0,3.3,3,Rights,Rights - Control 3,Rights - ضابط 3,The organization shall implement rights controls to ensure compliance with Personal Data Protection Law requirements.,يجب على المنظمة تطبيق ضوابط Rights لضمان الامتثال لمتطلبات نظام حماية البيانات الشخصية,To establish effective rights practices,preventive,administrative,1,critical,True,annually,active
638,PDPL,1.0,4.3,4,Security,Security - Control 3,Security - ضابط 3,The organization shall implement security controls to ensure compliance with Personal Data Protection Law requirements.,يجب على المنظمة تطبيق ضوابط Security لضمان الامتثال لمتطلبات نظام حماية البيانات الشخصية,To establish effective security practices,detective,technical,2,high,True,quarterly,active
639,PDPL,1.0,5.3,5,Transfer,Transfer - Control 3,Transfer - ضابط 3,The organization shall implement transfer controls to ensure compliance with Personal Data Protection Law requirements.,يجب على المنظمة تطبيق ضوابط Transfer لضمان الامتثال لمتطلبات نظام حماية البيانات الشخصية,To establish effective transfer practices,corrective,operational,3,medium,True,monthly,active
640,PDPL,1.0,1.4,1,Collection,Collection - Control 4,Collection - ضابط 4,The organization shall implement collection controls to ensure compliance with Personal Data Protection Law requirements.,يجب على المنظمة تطبيق ضوابط Collection لضمان الامتثال لمتطلبات نظام حماية البيانات الشخصية,To establish effective collection practices,preventive,administrative,4,low,True,continuous,active
641,PDPL,1.0,2.4,2,Processing,Processing - Control 4,Processing - ضابط 4,The organization shall implement processing controls to ensure compliance with Personal Data Protection Law requirements.,يجب على المنظمة تطبيق ضوابط Processing لضمان الامتثال لمتطلبات نظام حماية البيانات الشخصية,To establish effective processing practices,detective,technical,1,critical,True,annually,active
642,PDPL,1.0,3.4,3,Rights,Rights - Control 4,Rights - ضابط 4,The organization shall implement rights controls to ensure compliance with Personal Data Protection Law requirements.,يجب على المنظمة تطبيق ضوابط Rights لضمان الامتثال لمتطلبات نظام حماية البيانات الشخصية,To establish effective rights practices,corrective,operational,2,high,True,quarterly,active
643,PDPL,1.0,4.4,4,Security,Security - Control 4,Security - ضابط 4,The organization shall implement security controls to ensure compliance with Personal Data Protection Law requirements.,يجب على المنظمة تطبيق ضوابط Security لضمان الامتثال لمتطلبات نظام حماية البيانات الشخصية,To establish effective security practices,preventive,administrative,3,medium,True,monthly,active
644,PDPL,1.0,5.4,5,Transfer,Transfer - Control 4,Transfer - ضابط 4,The organization shall implement transfer controls to ensure compliance with Personal Data Protection Law requirements.,يجب على المنظمة تطبيق ضوابط Transfer لضمان الامتثال لمتطلبات نظام حماية البيانات الشخصية,To establish effective transfer practices,detective,technical,4,low,True,continuous,active
645,PDPL,1.0,1.5,1,Collection,Collection - Control 5,Collection - ضابط 5,The organization shall implement collection controls to ensure compliance with Personal Data Protection Law requirements.,يجب على المنظمة تطبيق ضوابط Collection لضمان الامتثال لمتطلبات نظام حماية البيانات الشخصية,To establish effective collection practices,corrective,operational,1,critical,True,annually,active
646,PDPL,1.0,2.5,2,Processing,Processing - Control 5,Processing - ضابط 5,The organization shall implement processing controls to ensure compliance with Personal Data Protection Law requirements.,يجب على المنظمة تطبيق ضوابط Processing لضمان الامتثال لمتطلبات نظام حماية البيانات الشخصية,To establish effective processing practices,preventive,administrative,2,high,True,quarterly,active
647,PDPL,1.0,3.5,3,Rights,Rights - Control 5,Rights - ضابط 5,The organization shall implement rights controls to ensure compliance with Personal Data Protection Law requirements.,يجب على المنظمة تطبيق ضوابط Rights لضمان الامتثال لمتطلبات نظام حماية البيانات الشخصية,To establish effective rights practices,detective,technical,3,medium,True,monthly,active
648,PDPL,1.0,4.5,4,Security,Security - Control 5,Security - ضابط 5,The organization shall implement security controls to ensure compliance with Personal Data Protection Law requirements.,يجب على المنظمة تطبيق ضوابط Security لضمان الامتثال لمتطلبات نظام حماية البيانات الشخصية,To establish effective security practices,corrective,operational,4,low,True,continuous,active
649,PDPL,1.0,5.5,5,Transfer,Transfer - Control 5,Transfer - ضابط 5,The organization shall implement transfer controls to ensure compliance with Personal Data Protection Law requirements.,يجب على المنظمة تطبيق ضوابط Transfer لضمان الامتثال لمتطلبات نظام حماية البيانات الشخصية,To establish effective transfer practices,preventive,administrative,1,critical,True,annually,active
650,PDPL,1.0,1.6,1,Collection,Collection - Control 6,Collection - ضابط 6,The organization shall implement collection controls to ensure compliance with Personal Data Protection Law requirements.,يجب على المنظمة تطبيق ضوابط Collection لضمان الامتثال لمتطلبات نظام حماية البيانات الشخصية,To establish effective collection practices,detective,technical,2,high,True,quarterly,active
651,PDPL,1.0,2.6,2,Processing,Processing - Control 6,Processing - ضابط 6,The organization shall implement processing controls to ensure compliance with Personal Data Protection Law requirements.,يجب على المنظمة تطبيق ضوابط Processing لضمان الامتثال لمتطلبات نظام حماية البيانات الشخصية,To establish effective processing practices,corrective,operational,3,medium,True,monthly,active
652,PDPL,1.0,3.6,3,Rights,Rights - Control 6,Rights - ضابط 6,The organization shall implement rights controls to ensure compliance with Personal Data Protection Law requirements.,يجب على المنظمة تطبيق ضوابط Rights لضمان الامتثال لمتطلبات نظام حماية البيانات الشخصية,To establish effective rights practices,preventive,administrative,4,low,True,continuous,active
653,PDPL,1.0,4.6,4,Security,Security - Control 6,Security - ضابط 6,The organization shall implement security controls to ensure compliance with Personal Data Protection Law requirements.,يجب على المنظمة تطبيق ضوابط Security لضمان الامتثال لمتطلبات نظام حماية البيانات الشخصية,To establish effective security practices,detective,technical,1,critical,True,annually,active
654,PDPL,1.0,5.6,5,Transfer,Transfer - Control 6,Transfer - ضابط 6,The organization shall implement transfer controls to ensure compliance with Personal Data Protection Law requirements.,يجب على المنظمة تطبيق ضوابط Transfer لضمان الامتثال لمتطلبات نظام حماية البيانات الشخصية,To establish effective transfer practices,corrective,operational,2,high,True,quarterly,active
655,PDPL,1.0,1.7,1,Collection,Collection - Control 7,Collection - ضابط 7,The organization shall implement collection controls to ensure compliance with Personal Data Protection Law requirements.,يجب على المنظمة تطبيق ضوابط Collection لضمان الامتثال لمتطلبات نظام حماية البيانات الشخصية,To establish effective collection practices,preventive,administrative,3,medium,True,monthly,active
656,PDPL,1.0,2.7,2,Processing,Processing - Control 7,Processing - ضابط 7,The organization shall implement processing controls to ensure compliance with Personal Data Protection Law requirements.,يجب على المنظمة تطبيق ضوابط Processing لضمان الامتثال لمتطلبات نظام حماية البيانات الشخصية,To establish effective processing practices,detective,technical,4,low,True,continuous,active
657,PDPL,1.0,3.7,3,Rights,Rights - Control 7,Rights - ضابط 7,The organization shall implement rights controls to ensure compliance with Personal Data Protection Law requirements.,يجب على المنظمة تطبيق ضوابط Rights لضمان الامتثال لمتطلبات نظام حماية البيانات الشخصية,To establish effective rights practices,corrective,operational,1,critical,True,annually,active
658,PDPL,1.0,4.7,4,Security,Security - Control 7,Security - ضابط 7,The organization shall implement security controls to ensure compliance with Personal Data Protection Law requirements.,يجب على المنظمة تطبيق ضوابط Security لضمان الامتثال لمتطلبات نظام حماية البيانات الشخصية,To establish effective security practices,preventive,administrative,2,high,True,quarterly,active
659,PDPL,1.0,5.7,5,Transfer,Transfer - Control 7,Transfer - ضابط 7,The organization shall implement transfer controls to ensure compliance with Personal Data Protection Law requirements.,يجب على المنظمة تطبيق ضوابط Transfer لضمان الامتثال لمتطلبات نظام حماية البيانات الشخصية,To establish effective transfer practices,detective,technical,3,medium,True,monthly,active
660,PDPL,1.0,1.8,1,Collection,Collection - Control 8,Collection - ضابط 8,The organization shall implement collection controls to ensure compliance with Personal Data Protection Law requirements.,يجب على المنظمة تطبيق ضوابط Collection لضمان الامتثال لمتطلبات نظام حماية البيانات الشخصية,To establish effective collection practices,corrective,operational,4,low,True,continuous,active
661,PDPL,1.0,2.8,2,Processing,Processing - Control 8,Processing - ضابط 8,The organization shall implement processing controls to ensure compliance with Personal Data Protection Law requirements.,يجب على المنظمة تطبيق ضوابط Processing لضمان الامتثال لمتطلبات نظام حماية البيانات الشخصية,To establish effective processing practices,preventive,administrative,1,critical,True,annually,active
662,PDPL,1.0,3.8,3,Rights,Rights - Control 8,Rights - ضابط 8,The organization shall implement rights controls to ensure compliance with Personal Data Protection Law requirements.,يجب على المنظمة تطبيق ضوابط Rights لضمان الامتثال لمتطلبات نظام حماية البيانات الشخصية,To establish effective rights practices,detective,technical,2,high,True,quarterly,active
663,PDPL,1.0,4.8,4,Security,Security - Control 8,Security - ضابط 8,The organization shall implement security controls to ensure compliance with Personal Data Protection Law requirements.,يجب على المنظمة تطبيق ضوابط Security لضمان الامتثال لمتطلبات نظام حماية البيانات الشخصية,To establish effective security practices,corrective,operational,3,medium,True,monthly,active
664,PDPL,1.0,5.8,5,Transfer,Transfer - Control 8,Transfer - ضابط 8,The organization shall implement transfer controls to ensure compliance with Personal Data Protection Law requirements.,يجب على المنظمة تطبيق ضوابط Transfer لضمان الامتثال لمتطلبات نظام حماية البيانات الشخصية,To establish effective transfer practices,preventive,administrative,4,low,True,continuous,active
665,PDPL,1.0,1.9,1,Collection,Collection - Control 9,Collection - ضابط 9,The organization shall implement collection controls to ensure compliance with Personal Data Protection Law requirements.,يجب على المنظمة تطبيق ضوابط Collection لضمان الامتثال لمتطلبات نظام حماية البيانات الشخصية,To establish effective collection practices,detective,technical,1,critical,True,annually,active
666,PDPL,1.0,2.9,2,Processing,Processing - Control 9,Processing - ضابط 9,The organization shall implement processing controls to ensure compliance with Personal Data Protection Law requirements.,يجب على المنظمة تطبيق ضوابط Processing لضمان الامتثال لمتطلبات نظام حماية البيانات الشخصية,To establish effective processing practices,corrective,operational,2,high,True,quarterly,active
667,PDPL,1.0,3.9,3,Rights,Rights - Control 9,Rights - ضابط 9,The organization shall implement rights controls to ensure compliance with Personal Data Protection Law requirements.,يجب على المنظمة تطبيق ضوابط Rights لضمان الامتثال لمتطلبات نظام حماية البيانات الشخصية,To establish effective rights practices,preventive,administrative,3,medium,True,monthly,active
668,PDPL,1.0,4.9,4,Security,Security - Control 9,Security - ضابط 9,The organization shall implement security controls to ensure compliance with Personal Data Protection Law requirements.,يجب على المنظمة تطبيق ضوابط Security لضمان الامتثال لمتطلبات نظام حماية البيانات الشخصية,To establish effective security practices,detective,technical,4,low,True,continuous,active
669,PDPL,1.0,5.9,5,Transfer,Transfer - Control 9,Transfer - ضابط 9,The organization shall implement transfer controls to ensure compliance with Personal Data Protection Law requirements.,يجب على المنظمة تطبيق ضوابط Transfer لضمان الامتثال لمتطلبات نظام حماية البيانات الشخصية,To establish effective transfer practices,corrective,operational,1,critical,True,annually,active
670,CMA-CG,2022,1.1,1,Board,Board - Control 1,Board - ضابط 1,The organization shall implement board controls to ensure compliance with Corporate Governance Regulations requirements.,يجب على المنظمة تطبيق ضوابط Board لضمان الامتثال لمتطلبات لائحة حوكمة الشركات,To establish effective board practices,preventive,administrative,1,critical,True,annually,active
671,CMA-CG,2022,2.1,2,Committees,Committees - Control 1,Committees - ضابط 1,The organization shall implement committees controls to ensure compliance with Corporate Governance Regulations requirements.,يجب على المنظمة تطبيق ضوابط Committees لضمان الامتثال لمتطلبات لائحة حوكمة الشركات,To establish effective committees practices,detective,technical,2,high,True,quarterly,active
672,CMA-CG,2022,3.1,3,Disclosure,Disclosure - Control 1,Disclosure - ضابط 1,The organization shall implement disclosure controls to ensure compliance with Corporate Governance Regulations requirements.,يجب على المنظمة تطبيق ضوابط Disclosure لضمان الامتثال لمتطلبات لائحة حوكمة الشركات,To establish effective disclosure practices,corrective,operational,3,medium,True,monthly,active
673,CMA-CG,2022,4.1,4,Shareholders,Shareholders - Control 1,Shareholders - ضابط 1,The organization shall implement shareholders controls to ensure compliance with Corporate Governance Regulations requirements.,يجب على المنظمة تطبيق ضوابط Shareholders لضمان الامتثال لمتطلبات لائحة حوكمة الشركات,To establish effective shareholders practices,preventive,administrative,4,low,True,continuous,active
674,CMA-CG,2022,5.1,5,Audit,Audit - Control 1,Audit - ضابط 1,The organization shall implement audit controls to ensure compliance with Corporate Governance Regulations requirements.,يجب على المنظمة تطبيق ضوابط Audit لضمان الامتثال لمتطلبات لائحة حوكمة الشركات,To establish effective audit practices,detective,technical,1,critical,True,annually,active
675,CMA-CG,2022,6.1,6,ESG,ESG - Control 1,ESG - ضابط 1,The organization shall implement esg controls to ensure compliance with Corporate Governance Regulations requirements.,يجب على المنظمة تطبيق ضوابط ESG لضمان الامتثال لمتطلبات لائحة حوكمة الشركات,To establish effective esg practices,corrective,operational,2,high,True,quarterly,active
676,CMA-CG,2022,1.2,1,Board,Board - Control 2,Board - ضابط 2,The organization shall implement board controls to ensure compliance with Corporate Governance Regulations requirements.,يجب على المنظمة تطبيق ضوابط Board لضمان الامتثال لمتطلبات لائحة حوكمة الشركات,To establish effective board practices,preventive,administrative,3,medium,True,monthly,active
677,CMA-CG,2022,2.2,2,Committees,Committees - Control 2,Committees - ضابط 2,The organization shall implement committees controls to ensure compliance with Corporate Governance Regulations requirements.,يجب على المنظمة تطبيق ضوابط Committees لضمان الامتثال لمتطلبات لائحة حوكمة الشركات,To establish effective committees practices,detective,technical,4,low,True,continuous,active
678,CMA-CG,2022,3.2,3,Disclosure,Disclosure - Control 2,Disclosure - ضابط 2,The organization shall implement disclosure controls to ensure compliance with Corporate Governance Regulations requirements.,يجب على المنظمة تطبيق ضوابط Disclosure لضمان الامتثال لمتطلبات لائحة حوكمة الشركات,To establish effective disclosure practices,corrective,operational,1,critical,True,annually,active
679,CMA-CG,2022,4.2,4,Shareholders,Shareholders - Control 2,Shareholders - ضابط 2,The organization shall implement shareholders controls to ensure compliance with Corporate Governance Regulations requirements.,يجب على المنظمة تطبيق ضوابط Shareholders لضمان الامتثال لمتطلبات لائحة حوكمة الشركات,To establish effective shareholders practices,preventive,administrative,2,high,True,quarterly,active
680,CMA-CG,2022,5.2,5,Audit,Audit - Control 2,Audit - ضابط 2,The organization shall implement audit controls to ensure compliance with Corporate Governance Regulations requirements.,يجب على المنظمة تطبيق ضوابط Audit لضمان الامتثال لمتطلبات لائحة حوكمة الشركات,To establish effective audit practices,detective,technical,3,medium,True,monthly,active
681,CMA-CG,2022,6.2,6,ESG,ESG - Control 2,ESG - ضابط 2,The organization shall implement esg controls to ensure compliance with Corporate Governance Regulations requirements.,يجب على المنظمة تطبيق ضوابط ESG لضمان الامتثال لمتطلبات لائحة حوكمة الشركات,To establish effective esg practices,corrective,operational,4,low,True,continuous,active
682,CMA-CG,2022,1.3,1,Board,Board - Control 3,Board - ضابط 3,The organization shall implement board controls to ensure compliance with Corporate Governance Regulations requirements.,يجب على المنظمة تطبيق ضوابط Board لضمان الامتثال لمتطلبات لائحة حوكمة الشركات,To establish effective board practices,preventive,administrative,1,critical,True,annually,active
683,CMA-CG,2022,2.3,2,Committees,Committees - Control 3,Committees - ضابط 3,The organization shall implement committees controls to ensure compliance with Corporate Governance Regulations requirements.,يجب على المنظمة تطبيق ضوابط Committees لضمان الامتثال لمتطلبات لائحة حوكمة الشركات,To establish effective committees practices,detective,technical,2,high,True,quarterly,active
684,CMA-CG,2022,3.3,3,Disclosure,Disclosure - Control 3,Disclosure - ضابط 3,The organization shall implement disclosure controls to ensure compliance with Corporate Governance Regulations requirements.,يجب على المنظمة تطبيق ضوابط Disclosure لضمان الامتثال لمتطلبات لائحة حوكمة الشركات,To establish effective disclosure practices,corrective,operational,3,medium,True,monthly,active
685,CMA-CG,2022,4.3,4,Shareholders,Shareholders - Control 3,Shareholders - ضابط 3,The organization shall implement shareholders controls to ensure compliance with Corporate Governance Regulations requirements.,يجب على المنظمة تطبيق ضوابط Shareholders لضمان الامتثال لمتطلبات لائحة حوكمة الشركات,To establish effective shareholders practices,preventive,administrative,4,low,True,continuous,active
686,CMA-CG,2022,5.3,5,Audit,Audit - Control 3,Audit - ضابط 3,The organization shall implement audit controls to ensure compliance with Corporate Governance Regulations requirements.,يجب على المنظمة تطبيق ضوابط Audit لضمان الامتثال لمتطلبات لائحة حوكمة الشركات,To establish effective audit practices,detective,technical,1,critical,True,annually,active
687,CMA-CG,2022,6.3,6,ESG,ESG - Control 3,ESG - ضابط 3,The organization shall implement esg controls to ensure compliance with Corporate Governance Regulations requirements.,يجب على المنظمة تطبيق ضوابط ESG لضمان الامتثال لمتطلبات لائحة حوكمة الشركات,To establish effective esg practices,corrective,operational,2,high,True,quarterly,active
688,CMA-CG,2022,1.4,1,Board,Board - Control 4,Board - ضابط 4,The organization shall implement board controls to ensure compliance with Corporate Governance Regulations requirements.,يجب على المنظمة تطبيق ضوابط Board لضمان الامتثال لمتطلبات لائحة حوكمة الشركات,To establish effective board practices,preventive,administrative,3,medium,True,monthly,active
689,CMA-CG,2022,2.4,2,Committees,Committees - Control 4,Committees - ضابط 4,The organization shall implement committees controls to ensure compliance with Corporate Governance Regulations requirements.,يجب على المنظمة تطبيق ضوابط Committees لضمان الامتثال لمتطلبات لائحة حوكمة الشركات,To establish effective committees practices,detective,technical,4,low,True,continuous,active
690,CMA-CG,2022,3.4,3,Disclosure,Disclosure - Control 4,Disclosure - ضابط 4,The organization shall implement disclosure controls to ensure compliance with Corporate Governance Regulations requirements.,يجب على المنظمة تطبيق ضوابط Disclosure لضمان الامتثال لمتطلبات لائحة حوكمة الشركات,To establish effective disclosure practices,corrective,operational,1,critical,True,annually,active
691,CMA-CG,2022,4.4,4,Shareholders,Shareholders - Control 4,Shareholders - ضابط 4,The organization shall implement shareholders controls to ensure compliance with Corporate Governance Regulations requirements.,يجب على المنظمة تطبيق ضوابط Shareholders لضمان الامتثال لمتطلبات لائحة حوكمة الشركات,To establish effective shareholders practices,preventive,administrative,2,high,True,quarterly,active
692,CMA-CG,2022,5.4,5,Audit,Audit - Control 4,Audit - ضابط 4,The organization shall implement audit controls to ensure compliance with Corporate Governance Regulations requirements.,يجب على المنظمة تطبيق ضوابط Audit لضمان الامتثال لمتطلبات لائحة حوكمة الشركات,To establish effective audit practices,detective,technical,3,medium,True,monthly,active
693,CMA-CG,2022,6.4,6,ESG,ESG - Control 4,ESG - ضابط 4,The organization shall implement esg controls to ensure compliance with Corporate Governance Regulations requirements.,يجب على المنظمة تطبيق ضوابط ESG لضمان الامتثال لمتطلبات لائحة حوكمة الشركات,To establish effective esg practices,corrective,operational,4,low,True,continuous,active
694,CMA-CG,2022,1.5,1,Board,Board - Control 5,Board - ضابط 5,The organization shall implement board controls to ensure compliance with Corporate Governance Regulations requirements.,يجب على المنظمة تطبيق ضوابط Board لضمان الامتثال لمتطلبات لائحة حوكمة الشركات,To establish effective board practices,preventive,administrative,1,critical,True,annually,active
695,CMA-CG,2022,2.5,2,Committees,Committees - Control 5,Committees - ضابط 5,The organization shall implement committees controls to ensure compliance with Corporate Governance Regulations requirements.,يجب على المنظمة تطبيق ضوابط Committees لضمان الامتثال لمتطلبات لائحة حوكمة الشركات,To establish effective committees practices,detective,technical,2,high,True,quarterly,active
696,CMA-CG,2022,3.5,3,Disclosure,Disclosure - Control 5,Disclosure - ضابط 5,The organization shall implement disclosure controls to ensure compliance with Corporate Governance Regulations requirements.,يجب على المنظمة تطبيق ضوابط Disclosure لضمان الامتثال لمتطلبات لائحة حوكمة الشركات,To establish effective disclosure practices,corrective,operational,3,medium,True,monthly,active
697,CMA-CG,2022,4.5,4,Shareholders,Shareholders - Control 5,Shareholders - ضابط 5,The organization shall implement shareholders controls to ensure compliance with Corporate Governance Regulations requirements.,يجب على المنظمة تطبيق ضوابط Shareholders لضمان الامتثال لمتطلبات لائحة حوكمة الشركات,To establish effective shareholders practices,preventive,administrative,4,low,True,continuous,active
698,CMA-CG,2022,5.5,5,Audit,Audit - Control 5,Audit - ضابط 5,The organization shall implement audit controls to ensure compliance with Corporate Governance Regulations requirements.,يجب على المنظمة تطبيق ضوابط Audit لضمان الامتثال لمتطلبات لائحة حوكمة الشركات,To establish effective audit practices,detective,technical,1,critical,True,annually,active
699,CMA-CG,2022,6.5,6,ESG,ESG - Control 5,ESG - ضابط 5,The organization shall implement esg controls to ensure compliance with Corporate Governance Regulations requirements.,يجب على المنظمة تطبيق ضوابط ESG لضمان الامتثال لمتطلبات لائحة حوكمة الشركات,To establish effective esg practices,corrective,operational,2,high,True,quarterly,active
700,CMA-CG,2022,1.6,1,Board,Board - Control 6,Board - ضابط 6,The organization shall implement board controls to ensure compliance with Corporate Governance Regulations requirements.,يجب على المنظمة تطبيق ضوابط Board لضمان الامتثال لمتطلبات لائحة حوكمة الشركات,To establish effective board practices,preventive,administrative,3,medium,True,monthly,active
701,CMA-CG,2022,2.6,2,Committees,Committees - Control 6,Committees - ضابط 6,The organization shall implement committees controls to ensure compliance with Corporate Governance Regulations requirements.,يجب على المنظمة تطبيق ضوابط Committees لضمان الامتثال لمتطلبات لائحة حوكمة الشركات,To establish effective committees practices,detective,technical,4,low,True,continuous,active
702,CMA-CG,2022,3.6,3,Disclosure,Disclosure - Control 6,Disclosure - ضابط 6,The organization shall implement disclosure controls to ensure compliance with Corporate Governance Regulations requirements.,يجب على المنظمة تطبيق ضوابط Disclosure لضمان الامتثال لمتطلبات لائحة حوكمة الشركات,To establish effective disclosure practices,corrective,operational,1,critical,True,annually,active
703,CMA-CG,2022,4.6,4,Shareholders,Shareholders - Control 6,Shareholders - ضابط 6,The organization shall implement shareholders controls to ensure compliance with Corporate Governance Regulations requirements.,يجب على المنظمة تطبيق ضوابط Shareholders لضمان الامتثال لمتطلبات لائحة حوكمة الشركات,To establish effective shareholders practices,preventive,administrative,2,high,True,quarterly,active
704,CMA-CG,2022,5.6,5,Audit,Audit - Control 6,Audit - ضابط 6,The organization shall implement audit controls to ensure compliance with Corporate Governance Regulations requirements.,يجب على المنظمة تطبيق ضوابط Audit لضمان الامتثال لمتطلبات لائحة حوكمة الشركات,To establish effective audit practices,detective,technical,3,medium,True,monthly,active
705,CMA-CG,2022,6.6,6,ESG,ESG - Control 6,ESG - ضابط 6,The organization shall implement esg controls to ensure compliance with Corporate Governance Regulations requirements.,يجب على المنظمة تطبيق ضوابط ESG لضمان الامتثال لمتطلبات لائحة حوكمة الشركات,To establish effective esg practices,corrective,operational,4,low,True,continuous,active
706,CMA-CG,2022,1.7,1,Board,Board - Control 7,Board - ضابط 7,The organization shall implement board controls to ensure compliance with Corporate Governance Regulations requirements.,يجب على المنظمة تطبيق ضوابط Board لضمان الامتثال لمتطلبات لائحة حوكمة الشركات,To establish effective board practices,preventive,administrative,1,critical,True,annually,active
707,CMA-CG,2022,2.7,2,Committees,Committees - Control 7,Committees - ضابط 7,The organization shall implement committees controls to ensure compliance with Corporate Governance Regulations requirements.,يجب على المنظمة تطبيق ضوابط Committees لضمان الامتثال لمتطلبات لائحة حوكمة الشركات,To establish effective committees practices,detective,technical,2,high,True,quarterly,active
708,CMA-CG,2022,3.7,3,Disclosure,Disclosure - Control 7,Disclosure - ضابط 7,The organization shall implement disclosure controls to ensure compliance with Corporate Governance Regulations requirements.,يجب على المنظمة تطبيق ضوابط Disclosure لضمان الامتثال لمتطلبات لائحة حوكمة الشركات,To establish effective disclosure practices,corrective,operational,3,medium,True,monthly,active
709,CMA-CG,2022,4.7,4,Shareholders,Shareholders - Control 7,Shareholders - ضابط 7,The organization shall implement shareholders controls to ensure compliance with Corporate Governance Regulations requirements.,يجب على المنظمة تطبيق ضوابط Shareholders لضمان الامتثال لمتطلبات لائحة حوكمة الشركات,To establish effective shareholders practices,preventive,administrative,4,low,True,continuous,active
710,CMA-CG,2022,5.7,5,Audit,Audit - Control 7,Audit - ضابط 7,The organization shall implement audit controls to ensure compliance with Corporate Governance Regulations requirements.,يجب على المنظمة تطبيق ضوابط Audit لضمان الامتثال لمتطلبات لائحة حوكمة الشركات,To establish effective audit practices,detective,technical,1,critical,True,annually,active
711,CMA-CG,2022,6.7,6,ESG,ESG - Control 7,ESG - ضابط 7,The organization shall implement esg controls to ensure compliance with Corporate Governance Regulations requirements.,يجب على المنظمة تطبيق ضوابط ESG لضمان الامتثال لمتطلبات لائحة حوكمة الشركات,To establish effective esg practices,corrective,operational,2,high,True,quarterly,active
712,CMA-CG,2022,1.8,1,Board,Board - Control 8,Board - ضابط 8,The organization shall implement board controls to ensure compliance with Corporate Governance Regulations requirements.,يجب على المنظمة تطبيق ضوابط Board لضمان الامتثال لمتطلبات لائحة حوكمة الشركات,To establish effective board practices,preventive,administrative,3,medium,True,monthly,active
713,CMA-CG,2022,2.8,2,Committees,Committees - Control 8,Committees - ضابط 8,The organization shall implement committees controls to ensure compliance with Corporate Governance Regulations requirements.,يجب على المنظمة تطبيق ضوابط Committees لضمان الامتثال لمتطلبات لائحة حوكمة الشركات,To establish effective committees practices,detective,technical,4,low,True,continuous,active
714,CMA-CG,2022,3.8,3,Disclosure,Disclosure - Control 8,Disclosure - ضابط 8,The organization shall implement disclosure controls to ensure compliance with Corporate Governance Regulations requirements.,يجب على المنظمة تطبيق ضوابط Disclosure لضمان الامتثال لمتطلبات لائحة حوكمة الشركات,To establish effective disclosure practices,corrective,operational,1,critical,True,annually,active
715,CMA-CG,2022,4.8,4,Shareholders,Shareholders - Control 8,Shareholders - ضابط 8,The organization shall implement shareholders controls to ensure compliance with Corporate Governance Regulations requirements.,يجب على المنظمة تطبيق ضوابط Shareholders لضمان الامتثال لمتطلبات لائحة حوكمة الشركات,To establish effective shareholders practices,preventive,administrative,2,high,True,quarterly,active
716,CMA-CG,2022,5.8,5,Audit,Audit - Control 8,Audit - ضابط 8,The organization shall implement audit controls to ensure compliance with Corporate Governance Regulations requirements.,يجب على المنظمة تطبيق ضوابط Audit لضمان الامتثال لمتطلبات لائحة حوكمة الشركات,To establish effective audit practices,detective,technical,3,medium,True,monthly,active
717,CMA-CG,2022,6.8,6,ESG,ESG - Control 8,ESG - ضابط 8,The organization shall implement esg controls to ensure compliance with Corporate Governance Regulations requirements.,يجب على المنظمة تطبيق ضوابط ESG لضمان الامتثال لمتطلبات لائحة حوكمة الشركات,To establish effective esg practices,corrective,operational,4,low,True,continuous,active
718,CMA-CG,2022,1.9,1,Board,Board - Control 9,Board - ضابط 9,The organization shall implement board controls to ensure compliance with Corporate Governance Regulations requirements.,يجب على المنظمة تطبيق ضوابط Board لضمان الامتثال لمتطلبات لائحة حوكمة الشركات,To establish effective board practices,preventive,administrative,1,critical,True,annually,active
719,CMA-CG,2022,2.9,2,Committees,Committees - Control 9,Committees - ضابط 9,The organization shall implement committees controls to ensure compliance with Corporate Governance Regulations requirements.,يجب على المنظمة تطبيق ضوابط Committees لضمان الامتثال لمتطلبات لائحة حوكمة الشركات,To establish effective committees practices,detective,technical,2,high,True,quarterly,active
720,CMA-CG,2022,3.9,3,Disclosure,Disclosure - Control 9,Disclosure - ضابط 9,The organization shall implement disclosure controls to ensure compliance with Corporate Governance Regulations requirements.,يجب على المنظمة تطبيق ضوابط Disclosure لضمان الامتثال لمتطلبات لائحة حوكمة الشركات,To establish effective disclosure practices,corrective,operational,3,medium,True,monthly,active
721,CMA-CG,2022,4.9,4,Shareholders,Shareholders - Control 9,Shareholders - ضابط 9,The organization shall implement shareholders controls to ensure compliance with Corporate Governance Regulations requirements.,يجب على المنظمة تطبيق ضوابط Shareholders لضمان الامتثال لمتطلبات لائحة حوكمة الشركات,To establish effective shareholders practices,preventive,administrative,4,low,True,continuous,active
722,CMA-CG,2022,5.9,5,Audit,Audit - Control 9,Audit - ضابط 9,The organization shall implement audit controls to ensure compliance with Corporate Governance Regulations requirements.,يجب على المنظمة تطبيق ضوابط Audit لضمان الامتثال لمتطلبات لائحة حوكمة الشركات,To establish effective audit practices,detective,technical,1,critical,True,annually,active
723,CMA-CG,2022,6.9,6,ESG,ESG - Control 9,ESG - ضابط 9,The organization shall implement esg controls to ensure compliance with Corporate Governance Regulations requirements.,يجب على المنظمة تطبيق ضوابط ESG لضمان الامتثال لمتطلبات لائحة حوكمة الشركات,To establish effective esg practices,corrective,operational,2,high,True,quarterly,active
724,CMA-CG,2022,1.10,1,Board,Board - Control 10,Board - ضابط 10,The organization shall implement board controls to ensure compliance with Corporate Governance Regulations requirements.,يجب على المنظمة تطبيق ضوابط Board لضمان الامتثال لمتطلبات لائحة حوكمة الشركات,To establish effective board practices,preventive,administrative,3,medium,True,monthly,active
725,CMA-CG,2022,2.10,2,Committees,Committees - Control 10,Committees - ضابط 10,The organization shall implement committees controls to ensure compliance with Corporate Governance Regulations requirements.,يجب على المنظمة تطبيق ضوابط Committees لضمان الامتثال لمتطلبات لائحة حوكمة الشركات,To establish effective committees practices,detective,technical,4,low,True,continuous,active
726,CMA-CG,2022,3.10,3,Disclosure,Disclosure - Control 10,Disclosure - ضابط 10,The organization shall implement disclosure controls to ensure compliance with Corporate Governance Regulations requirements.,يجب على المنظمة تطبيق ضوابط Disclosure لضمان الامتثال لمتطلبات لائحة حوكمة الشركات,To establish effective disclosure practices,corrective,operational,1,critical,True,annually,active
727,CMA-CG,2022,4.10,4,Shareholders,Shareholders - Control 10,Shareholders - ضابط 10,The organization shall implement shareholders controls to ensure compliance with Corporate Governance Regulations requirements.,يجب على المنظمة تطبيق ضوابط Shareholders لضمان الامتثال لمتطلبات لائحة حوكمة الشركات,To establish effective shareholders practices,preventive,administrative,2,high,True,quarterly,active
728,CMA-CG,2022,5.10,5,Audit,Audit - Control 10,Audit - ضابط 10,The organization shall implement audit controls to ensure compliance with Corporate Governance Regulations requirements.,يجب على المنظمة تطبيق ضوابط Audit لضمان الامتثال لمتطلبات لائحة حوكمة الشركات,To establish effective audit practices,detective,technical,3,medium,True,monthly,active
729,CMA-CG,2022,6.10,6,ESG,ESG - Control 10,ESG - ضابط 10,The organization shall implement esg controls to ensure compliance with Corporate Governance Regulations requirements.,يجب على المنظمة تطبيق ضوابط ESG لضمان الامتثال لمتطلبات لائحة حوكمة الشركات,To establish effective esg practices,corrective,operational,4,low,True,continuous,active
730,CMA-CG,2022,1.11,1,Board,Board - Control 11,Board - ضابط 11,The organization shall implement board controls to ensure compliance with Corporate Governance Regulations requirements.,يجب على المنظمة تطبيق ضوابط Board لضمان الامتثال لمتطلبات لائحة حوكمة الشركات,To establish effective board practices,preventive,administrative,1,critical,True,annually,active
731,CMA-CG,2022,2.11,2,Committees,Committees - Control 11,Committees - ضابط 11,The organization shall implement committees controls to ensure compliance with Corporate Governance Regulations requirements.,يجب على المنظمة تطبيق ضوابط Committees لضمان الامتثال لمتطلبات لائحة حوكمة الشركات,To establish effective committees practices,detective,technical,2,high,True,quarterly,active
732,CMA-CG,2022,3.11,3,Disclosure,Disclosure - Control 11,Disclosure - ضابط 11,The organization shall implement disclosure controls to ensure compliance with Corporate Governance Regulations requirements.,يجب على المنظمة تطبيق ضوابط Disclosure لضمان الامتثال لمتطلبات لائحة حوكمة الشركات,To establish effective disclosure practices,corrective,operational,3,medium,True,monthly,active
733,CMA-CG,2022,4.11,4,Shareholders,Shareholders - Control 11,Shareholders - ضابط 11,The organization shall implement shareholders controls to ensure compliance with Corporate Governance Regulations requirements.,يجب على المنظمة تطبيق ضوابط Shareholders لضمان الامتثال لمتطلبات لائحة حوكمة الشركات,To establish effective shareholders practices,preventive,administrative,4,low,True,continuous,active
734,CMA-CG,2022,5.11,5,Audit,Audit - Control 11,Audit - ضابط 11,The organization shall implement audit controls to ensure compliance with Corporate Governance Regulations requirements.,يجب على المنظمة تطبيق ضوابط Audit لضمان الامتثال لمتطلبات لائحة حوكمة الشركات,To establish effective audit practices,detective,technical,1,critical,True,annually,active
735,CMA-CG,2022,6.11,6,ESG,ESG - Control 11,ESG - ضابط 11,The organization shall implement esg controls to ensure compliance with Corporate Governance Regulations requirements.,يجب على المنظمة تطبيق ضوابط ESG لضمان الامتثال لمتطلبات لائحة حوكمة الشركات,To establish effective esg practices,corrective,operational,2,high,True,quarterly,active
736,CMA-CG,2022,1.12,1,Board,Board - Control 12,Board - ضابط 12,The organization shall implement board controls to ensure compliance with Corporate Governance Regulations requirements.,يجب على المنظمة تطبيق ضوابط Board لضمان الامتثال لمتطلبات لائحة حوكمة الشركات,To establish effective board practices,preventive,administrative,3,medium,True,monthly,active
737,CMA-CG,2022,2.12,2,Committees,Committees - Control 12,Committees - ضابط 12,The organization shall implement committees controls to ensure compliance with Corporate Governance Regulations requirements.,يجب على المنظمة تطبيق ضوابط Committees لضمان الامتثال لمتطلبات لائحة حوكمة الشركات,To establish effective committees practices,detective,technical,4,low,True,continuous,active
738,CMA-CG,2022,3.12,3,Disclosure,Disclosure - Control 12,Disclosure - ضابط 12,The organization shall implement disclosure controls to ensure compliance with Corporate Governance Regulations requirements.,يجب على المنظمة تطبيق ضوابط Disclosure لضمان الامتثال لمتطلبات لائحة حوكمة الشركات,To establish effective disclosure practices,corrective,operational,1,critical,True,annually,active
739,CMA-CG,2022,4.12,4,Shareholders,Shareholders - Control 12,Shareholders - ضابط 12,The organization shall implement shareholders controls to ensure compliance with Corporate Governance Regulations requirements.,يجب على المنظمة تطبيق ضوابط Shareholders لضمان الامتثال لمتطلبات لائحة حوكمة الشركات,To establish effective shareholders practices,preventive,administrative,2,high,True,quarterly,active
740,CMA-CG,2022,5.12,5,Audit,Audit - Control 12,Audit - ضابط 12,The organization shall implement audit controls to ensure compliance with Corporate Governance Regulations requirements.,يجب على المنظمة تطبيق ضوابط Audit لضمان الامتثال لمتطلبات لائحة حوكمة الشركات,To establish effective audit practices,detective,technical,3,medium,True,monthly,active
741,CMA-CG,2022,6.12,6,ESG,ESG - Control 12,ESG - ضابط 12,The organization shall implement esg controls to ensure compliance with Corporate Governance Regulations requirements.,يجب على المنظمة تطبيق ضوابط ESG لضمان الامتثال لمتطلبات لائحة حوكمة الشركات,To establish effective esg practices,corrective,operational,4,low,True,continuous,active
742,CMA-CG,2022,1.13,1,Board,Board - Control 13,Board - ضابط 13,The organization shall implement board controls to ensure compliance with Corporate Governance Regulations requirements.,يجب على المنظمة تطبيق ضوابط Board لضمان الامتثال لمتطلبات لائحة حوكمة الشركات,To establish effective board practices,preventive,administrative,1,critical,True,annually,active
743,CMA-CG,2022,2.13,2,Committees,Committees - Control 13,Committees - ضابط 13,The organization shall implement committees controls to ensure compliance with Corporate Governance Regulations requirements.,يجب على المنظمة تطبيق ضوابط Committees لضمان الامتثال لمتطلبات لائحة حوكمة الشركات,To establish effective committees practices,detective,technical,2,high,True,quarterly,active
744,CMA-CG,2022,3.13,3,Disclosure,Disclosure - Control 13,Disclosure - ضابط 13,The organization shall implement disclosure controls to ensure compliance with Corporate Governance Regulations requirements.,يجب على المنظمة تطبيق ضوابط Disclosure لضمان الامتثال لمتطلبات لائحة حوكمة الشركات,To establish effective disclosure practices,corrective,operational,3,medium,True,monthly,active
745,CMA-CG,2022,4.13,4,Shareholders,Shareholders - Control 13,Shareholders - ضابط 13,The organization shall implement shareholders controls to ensure compliance with Corporate Governance Regulations requirements.,يجب على المنظمة تطبيق ضوابط Shareholders لضمان الامتثال لمتطلبات لائحة حوكمة الشركات,To establish effective shareholders practices,preventive,administrative,4,low,True,continuous,active
746,CMA-CG,2022,5.13,5,Audit,Audit - Control 13,Audit - ضابط 13,The organization shall implement audit controls to ensure compliance with Corporate Governance Regulations requirements.,يجب على المنظمة تطبيق ضوابط Audit لضمان الامتثال لمتطلبات لائحة حوكمة الشركات,To establish effective audit practices,detective,technical,1,critical,True,annually,active
747,CMA-CG,2022,6.13,6,ESG,ESG - Control 13,ESG - ضابط 13,The organization shall implement esg controls to ensure compliance with Corporate Governance Regulations requirements.,يجب على المنظمة تطبيق ضوابط ESG لضمان الامتثال لمتطلبات لائحة حوكمة الشركات,To establish effective esg practices,corrective,operational,2,high,True,quarterly,active
748,CMA-CG,2022,1.14,1,Board,Board - Control 14,Board - ضابط 14,The organization shall implement board controls to ensure compliance with Corporate Governance Regulations requirements.,يجب على المنظمة تطبيق ضوابط Board لضمان الامتثال لمتطلبات لائحة حوكمة الشركات,To establish effective board practices,preventive,administrative,3,medium,True,monthly,active
749,CMA-CG,2022,2.14,2,Committees,Committees - Control 14,Committees - ضابط 14,The organization shall implement committees controls to ensure compliance with Corporate Governance Regulations requirements.,يجب على المنظمة تطبيق ضوابط Committees لضمان الامتثال لمتطلبات لائحة حوكمة الشركات,To establish effective committees practices,detective,technical,4,low,True,continuous,active
750,CMA-CG,2022,3.14,3,Disclosure,Disclosure - Control 14,Disclosure - ضابط 14,The organization shall implement disclosure controls to ensure compliance with Corporate Governance Regulations requirements.,يجب على المنظمة تطبيق ضوابط Disclosure لضمان الامتثال لمتطلبات لائحة حوكمة الشركات,To establish effective disclosure practices,corrective,operational,1,critical,True,annually,active
751,CMA-CG,2022,4.14,4,Shareholders,Shareholders - Control 14,Shareholders - ضابط 14,The organization shall implement shareholders controls to ensure compliance with Corporate Governance Regulations requirements.,يجب على المنظمة تطبيق ضوابط Shareholders لضمان الامتثال لمتطلبات لائحة حوكمة الشركات,To establish effective shareholders practices,preventive,administrative,2,high,True,quarterly,active
752,CMA-CG,2022,5.14,5,Audit,Audit - Control 14,Audit - ضابط 14,The organization shall implement audit controls to ensure compliance with Corporate Governance Regulations requirements.,يجب على المنظمة تطبيق ضوابط Audit لضمان الامتثال لمتطلبات لائحة حوكمة الشركات,To establish effective audit practices,detective,technical,3,medium,True,monthly,active
753,CMA-CG,2022,6.14,6,ESG,ESG - Control 14,ESG - ضابط 14,The organization shall implement esg controls to ensure compliance with Corporate Governance Regulations requirements.,يجب على المنظمة تطبيق ضوابط ESG لضمان الامتثال لمتطلبات لائحة حوكمة الشركات,To establish effective esg practices,corrective,operational,4,low,True,continuous,active
754,CMA-CG,2022,1.15,1,Board,Board - Control 15,Board - ضابط 15,The organization shall implement board controls to ensure compliance with Corporate Governance Regulations requirements.,يجب على المنظمة تطبيق ضوابط Board لضمان الامتثال لمتطلبات لائحة حوكمة الشركات,To establish effective board practices,preventive,administrative,1,critical,True,annually,active
755,CMA-CG,2022,2.15,2,Committees,Committees - Control 15,Committees - ضابط 15,The organization shall implement committees controls to ensure compliance with Corporate Governance Regulations requirements.,يجب على المنظمة تطبيق ضوابط Committees لضمان الامتثال لمتطلبات لائحة حوكمة الشركات,To establish effective committees practices,detective,technical,2,high,True,quarterly,active
756,CMA-CG,2022,3.15,3,Disclosure,Disclosure - Control 15,Disclosure - ضابط 15,The organization shall implement disclosure controls to ensure compliance with Corporate Governance Regulations requirements.,يجب على المنظمة تطبيق ضوابط Disclosure لضمان الامتثال لمتطلبات لائحة حوكمة الشركات,To establish effective disclosure practices,corrective,operational,3,medium,True,monthly,active
757,CMA-CG,2022,4.15,4,Shareholders,Shareholders - Control 15,Shareholders - ضابط 15,The organization shall implement shareholders controls to ensure compliance with Corporate Governance Regulations requirements.,يجب على المنظمة تطبيق ضوابط Shareholders لضمان الامتثال لمتطلبات لائحة حوكمة الشركات,To establish effective shareholders practices,preventive,administrative,4,low,True,continuous,active
758,CMA-CG,2022,5.15,5,Audit,Audit - Control 15,Audit - ضابط 15,The organization shall implement audit controls to ensure compliance with Corporate Governance Regulations requirements.,يجب على المنظمة تطبيق ضوابط Audit لضمان الامتثال لمتطلبات لائحة حوكمة الشركات,To establish effective audit practices,detective,technical,1,critical,True,annually,active
759,CMA-CG,2022,6.15,6,ESG,ESG - Control 15,ESG - ضابط 15,The organization shall implement esg controls to ensure compliance with Corporate Governance Regulations requirements.,يجب على المنظمة تطبيق ضوابط ESG لضمان الامتثال لمتطلبات لائحة حوكمة الشركات,To establish effective esg practices,corrective,operational,2,high,True,quarterly,active
760,CMA-CG,2022,1.16,1,Board,Board - Control 16,Board - ضابط 16,The organization shall implement board controls to ensure compliance with Corporate Governance Regulations requirements.,يجب على المنظمة تطبيق ضوابط Board لضمان الامتثال لمتطلبات لائحة حوكمة الشركات,To establish effective board practices,preventive,administrative,3,medium,True,monthly,active
761,CMA-CG,2022,2.16,2,Committees,Committees - Control 16,Committees - ضابط 16,The organization shall implement committees controls to ensure compliance with Corporate Governance Regulations requirements.,يجب على المنظمة تطبيق ضوابط Committees لضمان الامتثال لمتطلبات لائحة حوكمة الشركات,To establish effective committees practices,detective,technical,4,low,True,continuous,active
762,CMA-CG,2022,3.16,3,Disclosure,Disclosure - Control 16,Disclosure - ضابط 16,The organization shall implement disclosure controls to ensure compliance with Corporate Governance Regulations requirements.,يجب على المنظمة تطبيق ضوابط Disclosure لضمان الامتثال لمتطلبات لائحة حوكمة الشركات,To establish effective disclosure practices,corrective,operational,1,critical,True,annually,active
763,CMA-CG,2022,4.16,4,Shareholders,Shareholders - Control 16,Shareholders - ضابط 16,The organization shall implement shareholders controls to ensure compliance with Corporate Governance Regulations requirements.,يجب على المنظمة تطبيق ضوابط Shareholders لضمان الامتثال لمتطلبات لائحة حوكمة الشركات,To establish effective shareholders practices,preventive,administrative,2,high,True,quarterly,active
764,ZATCA-EINV,2.0,1.1,1,Generation,Generation - Control 1,Generation - ضابط 1,The organization shall implement generation controls to ensure compliance with E-Invoicing Regulations requirements.,يجب على المنظمة تطبيق ضوابط Generation لضمان الامتثال لمتطلبات لوائح الفوترة الإلكترونية,To establish effective generation practices,preventive,administrative,1,critical,True,annually,active
765,ZATCA-EINV,2.0,2.1,2,Integration,Integration - Control 1,Integration - ضابط 1,The organization shall implement integration controls to ensure compliance with E-Invoicing Regulations requirements.,يجب على المنظمة تطبيق ضوابط Integration لضمان الامتثال لمتطلبات لوائح الفوترة الإلكترونية,To establish effective integration practices,detective,technical,2,high,True,quarterly,active
766,ZATCA-EINV,2.0,3.1,3,Compliance,Compliance - Control 1,Compliance - ضابط 1,The organization shall implement compliance controls to ensure compliance with E-Invoicing Regulations requirements.,يجب على المنظمة تطبيق ضوابط Compliance لضمان الامتثال لمتطلبات لوائح الفوترة الإلكترونية,To establish effective compliance practices,corrective,operational,3,medium,True,monthly,active
767,ZATCA-EINV,2.0,4.1,4,Reporting,Reporting - Control 1,Reporting - ضابط 1,The organization shall implement reporting controls to ensure compliance with E-Invoicing Regulations requirements.,يجب على المنظمة تطبيق ضوابط Reporting لضمان الامتثال لمتطلبات لوائح الفوترة الإلكترونية,To establish effective reporting practices,preventive,administrative,4,low,True,continuous,active
768,ZATCA-EINV,2.0,1.2,1,Generation,Generation - Control 2,Generation - ضابط 2,The organization shall implement generation controls to ensure compliance with E-Invoicing Regulations requirements.,يجب على المنظمة تطبيق ضوابط Generation لضمان الامتثال لمتطلبات لوائح الفوترة الإلكترونية,To establish effective generation practices,detective,technical,1,critical,True,annually,active
769,ZATCA-EINV,2.0,2.2,2,Integration,Integration - Control 2,Integration - ضابط 2,The organization shall implement integration controls to ensure compliance with E-Invoicing Regulations requirements.,يجب على المنظمة تطبيق ضوابط Integration لضمان الامتثال لمتطلبات لوائح الفوترة الإلكترونية,To establish effective integration practices,corrective,operational,2,high,True,quarterly,active
770,ZATCA-EINV,2.0,3.2,3,Compliance,Compliance - Control 2,Compliance - ضابط 2,The organization shall implement compliance controls to ensure compliance with E-Invoicing Regulations requirements.,يجب على المنظمة تطبيق ضوابط Compliance لضمان الامتثال لمتطلبات لوائح الفوترة الإلكترونية,To establish effective compliance practices,preventive,administrative,3,medium,True,monthly,active
771,ZATCA-EINV,2.0,4.2,4,Reporting,Reporting - Control 2,Reporting - ضابط 2,The organization shall implement reporting controls to ensure compliance with E-Invoicing Regulations requirements.,يجب على المنظمة تطبيق ضوابط Reporting لضمان الامتثال لمتطلبات لوائح الفوترة الإلكترونية,To establish effective reporting practices,detective,technical,4,low,True,continuous,active
772,ZATCA-EINV,2.0,1.3,1,Generation,Generation - Control 3,Generation - ضابط 3,The organization shall implement generation controls to ensure compliance with E-Invoicing Regulations requirements.,يجب على المنظمة تطبيق ضوابط Generation لضمان الامتثال لمتطلبات لوائح الفوترة الإلكترونية,To establish effective generation practices,corrective,operational,1,critical,True,annually,active
773,ZATCA-EINV,2.0,2.3,2,Integration,Integration - Control 3,Integration - ضابط 3,The organization shall implement integration controls to ensure compliance with E-Invoicing Regulations requirements.,يجب على المنظمة تطبيق ضوابط Integration لضمان الامتثال لمتطلبات لوائح الفوترة الإلكترونية,To establish effective integration practices,preventive,administrative,2,high,True,quarterly,active
774,ZATCA-EINV,2.0,3.3,3,Compliance,Compliance - Control 3,Compliance - ضابط 3,The organization shall implement compliance controls to ensure compliance with E-Invoicing Regulations requirements.,يجب على المنظمة تطبيق ضوابط Compliance لضمان الامتثال لمتطلبات لوائح الفوترة الإلكترونية,To establish effective compliance practices,detective,technical,3,medium,True,monthly,active
775,ZATCA-EINV,2.0,4.3,4,Reporting,Reporting - Control 3,Reporting - ضابط 3,The organization shall implement reporting controls to ensure compliance with E-Invoicing Regulations requirements.,يجب على المنظمة تطبيق ضوابط Reporting لضمان الامتثال لمتطلبات لوائح الفوترة الإلكترونية,To establish effective reporting practices,corrective,operational,4,low,True,continuous,active
776,ZATCA-EINV,2.0,1.4,1,Generation,Generation - Control 4,Generation - ضابط 4,The organization shall implement generation controls to ensure compliance with E-Invoicing Regulations requirements.,يجب على المنظمة تطبيق ضوابط Generation لضمان الامتثال لمتطلبات لوائح الفوترة الإلكترونية,To establish effective generation practices,preventive,administrative,1,critical,True,annually,active
777,ZATCA-EINV,2.0,2.4,2,Integration,Integration - Control 4,Integration - ضابط 4,The organization shall implement integration controls to ensure compliance with E-Invoicing Regulations requirements.,يجب على المنظمة تطبيق ضوابط Integration لضمان الامتثال لمتطلبات لوائح الفوترة الإلكترونية,To establish effective integration practices,detective,technical,2,high,True,quarterly,active
778,ZATCA-EINV,2.0,3.4,3,Compliance,Compliance - Control 4,Compliance - ضابط 4,The organization shall implement compliance controls to ensure compliance with E-Invoicing Regulations requirements.,يجب على المنظمة تطبيق ضوابط Compliance لضمان الامتثال لمتطلبات لوائح الفوترة الإلكترونية,To establish effective compliance practices,corrective,operational,3,medium,True,monthly,active
779,ZATCA-EINV,2.0,4.4,4,Reporting,Reporting - Control 4,Reporting - ضابط 4,The organization shall implement reporting controls to ensure compliance with E-Invoicing Regulations requirements.,يجب على المنظمة تطبيق ضوابط Reporting لضمان الامتثال لمتطلبات لوائح الفوترة الإلكترونية,To establish effective reporting practices,preventive,administrative,4,low,True,continuous,active
780,ZATCA-EINV,2.0,1.5,1,Generation,Generation - Control 5,Generation - ضابط 5,The organization shall implement generation controls to ensure compliance with E-Invoicing Regulations requirements.,يجب على المنظمة تطبيق ضوابط Generation لضمان الامتثال لمتطلبات لوائح الفوترة الإلكترونية,To establish effective generation practices,detective,technical,1,critical,True,annually,active
781,ZATCA-EINV,2.0,2.5,2,Integration,Integration - Control 5,Integration - ضابط 5,The organization shall implement integration controls to ensure compliance with E-Invoicing Regulations requirements.,يجب على المنظمة تطبيق ضوابط Integration لضمان الامتثال لمتطلبات لوائح الفوترة الإلكترونية,To establish effective integration practices,corrective,operational,2,high,True,quarterly,active
782,ZATCA-EINV,2.0,3.5,3,Compliance,Compliance - Control 5,Compliance - ضابط 5,The organization shall implement compliance controls to ensure compliance with E-Invoicing Regulations requirements.,يجب على المنظمة تطبيق ضوابط Compliance لضمان الامتثال لمتطلبات لوائح الفوترة الإلكترونية,To establish effective compliance practices,preventive,administrative,3,medium,True,monthly,active
783,ZATCA-EINV,2.0,4.5,4,Reporting,Reporting - Control 5,Reporting - ضابط 5,The organization shall implement reporting controls to ensure compliance with E-Invoicing Regulations requirements.,يجب على المنظمة تطبيق ضوابط Reporting لضمان الامتثال لمتطلبات لوائح الفوترة الإلكترونية,To establish effective reporting practices,detective,technical,4,low,True,continuous,active
784,ZATCA-EINV,2.0,1.6,1,Generation,Generation - Control 6,Generation - ضابط 6,The organization shall implement generation controls to ensure compliance with E-Invoicing Regulations requirements.,يجب على المنظمة تطبيق ضوابط Generation لضمان الامتثال لمتطلبات لوائح الفوترة الإلكترونية,To establish effective generation practices,corrective,operational,1,critical,True,annually,active
785,ZATCA-EINV,2.0,2.6,2,Integration,Integration - Control 6,Integration - ضابط 6,The organization shall implement integration controls to ensure compliance with E-Invoicing Regulations requirements.,يجب على المنظمة تطبيق ضوابط Integration لضمان الامتثال لمتطلبات لوائح الفوترة الإلكترونية,To establish effective integration practices,preventive,administrative,2,high,True,quarterly,active
786,ZATCA-EINV,2.0,3.6,3,Compliance,Compliance - Control 6,Compliance - ضابط 6,The organization shall implement compliance controls to ensure compliance with E-Invoicing Regulations requirements.,يجب على المنظمة تطبيق ضوابط Compliance لضمان الامتثال لمتطلبات لوائح الفوترة الإلكترونية,To establish effective compliance practices,detective,technical,3,medium,True,monthly,active
787,ZATCA-EINV,2.0,4.6,4,Reporting,Reporting - Control 6,Reporting - ضابط 6,The organization shall implement reporting controls to ensure compliance with E-Invoicing Regulations requirements.,يجب على المنظمة تطبيق ضوابط Reporting لضمان الامتثال لمتطلبات لوائح الفوترة الإلكترونية,To establish effective reporting practices,corrective,operational,4,low,True,continuous,active
788,ZATCA-EINV,2.0,1.7,1,Generation,Generation - Control 7,Generation - ضابط 7,The organization shall implement generation controls to ensure compliance with E-Invoicing Regulations requirements.,يجب على المنظمة تطبيق ضوابط Generation لضمان الامتثال لمتطلبات لوائح الفوترة الإلكترونية,To establish effective generation practices,preventive,administrative,1,critical,True,annually,active
789,ZATCA-EINV,2.0,2.7,2,Integration,Integration - Control 7,Integration - ضابط 7,The organization shall implement integration controls to ensure compliance with E-Invoicing Regulations requirements.,يجب على المنظمة تطبيق ضوابط Integration لضمان الامتثال لمتطلبات لوائح الفوترة الإلكترونية,To establish effective integration practices,detective,technical,2,high,True,quarterly,active
790,ZATCA-EINV,2.0,3.7,3,Compliance,Compliance - Control 7,Compliance - ضابط 7,The organization shall implement compliance controls to ensure compliance with E-Invoicing Regulations requirements.,يجب على المنظمة تطبيق ضوابط Compliance لضمان الامتثال لمتطلبات لوائح الفوترة الإلكترونية,To establish effective compliance practices,corrective,operational,3,medium,True,monthly,active
791,ZATCA-EINV,2.0,4.7,4,Reporting,Reporting - Control 7,Reporting - ضابط 7,The organization shall implement reporting controls to ensure compliance with E-Invoicing Regulations requirements.,يجب على المنظمة تطبيق ضوابط Reporting لضمان الامتثال لمتطلبات لوائح الفوترة الإلكترونية,To establish effective reporting practices,preventive,administrative,4,low,True,continuous,active
792,ZATCA-EINV,2.0,1.8,1,Generation,Generation - Control 8,Generation - ضابط 8,The organization shall implement generation controls to ensure compliance with E-Invoicing Regulations requirements.,يجب على المنظمة تطبيق ضوابط Generation لضمان الامتثال لمتطلبات لوائح الفوترة الإلكترونية,To establish effective generation practices,detective,technical,1,critical,True,annually,active
793,ZATCA-EINV,2.0,2.8,2,Integration,Integration - Control 8,Integration - ضابط 8,The organization shall implement integration controls to ensure compliance with E-Invoicing Regulations requirements.,يجب على المنظمة تطبيق ضوابط Integration لضمان الامتثال لمتطلبات لوائح الفوترة الإلكترونية,To establish effective integration practices,corrective,operational,2,high,True,quarterly,active
794,ZATCA-EINV,2.0,3.8,3,Compliance,Compliance - Control 8,Compliance - ضابط 8,The organization shall implement compliance controls to ensure compliance with E-Invoicing Regulations requirements.,يجب على المنظمة تطبيق ضوابط Compliance لضمان الامتثال لمتطلبات لوائح الفوترة الإلكترونية,To establish effective compliance practices,preventive,administrative,3,medium,True,monthly,active
795,ZATCA-EINV,2.0,4.8,4,Reporting,Reporting - Control 8,Reporting - ضابط 8,The organization shall implement reporting controls to ensure compliance with E-Invoicing Regulations requirements.,يجب على المنظمة تطبيق ضوابط Reporting لضمان الامتثال لمتطلبات لوائح الفوترة الإلكترونية,To establish effective reporting practices,detective,technical,4,low,True,continuous,active
796,ZATCA-EINV,2.0,1.9,1,Generation,Generation - Control 9,Generation - ضابط 9,The organization shall implement generation controls to ensure compliance with E-Invoicing Regulations requirements.,يجب على المنظمة تطبيق ضوابط Generation لضمان الامتثال لمتطلبات لوائح الفوترة الإلكترونية,To establish effective generation practices,corrective,operational,1,critical,True,annually,active
797,ZATCA-EINV,2.0,2.9,2,Integration,Integration - Control 9,Integration - ضابط 9,The organization shall implement integration controls to ensure compliance with E-Invoicing Regulations requirements.,يجب على المنظمة تطبيق ضوابط Integration لضمان الامتثال لمتطلبات لوائح الفوترة الإلكترونية,To establish effective integration practices,preventive,administrative,2,high,True,quarterly,active
798,ZATCA-EINV,2.0,3.9,3,Compliance,Compliance - Control 9,Compliance - ضابط 9,The organization shall implement compliance controls to ensure compliance with E-Invoicing Regulations requirements.,يجب على المنظمة تطبيق ضوابط Compliance لضمان الامتثال لمتطلبات لوائح الفوترة الإلكترونية,To establish effective compliance practices,detective,technical,3,medium,True,monthly,active
799,ISO-27001,2022,1.1,1,A.5 Organizational,A.5 Organizational - Control 1,A.5 Organizational - ضابط 1,The organization shall implement a.5 organizational controls to ensure compliance with Information Security Management System requirements.,يجب على المنظمة تطبيق ضوابط A.5 Organizational لضمان الامتثال لمتطلبات نظام إدارة أمن المعلومات,To establish effective a.5 organizational practices,preventive,administrative,1,critical,False,annually,active
800,ISO-27001,2022,2.1,2,A.6 People,A.6 People - Control 1,A.6 People - ضابط 1,The organization shall implement a.6 people controls to ensure compliance with Information Security Management System requirements.,يجب على المنظمة تطبيق ضوابط A.6 People لضمان الامتثال لمتطلبات نظام إدارة أمن المعلومات,To establish effective a.6 people practices,detective,technical,2,high,False,quarterly,active
801,ISO-27001,2022,3.1,3,A.7 Physical,A.7 Physical - Control 1,A.7 Physical - ضابط 1,The organization shall implement a.7 physical controls to ensure compliance with Information Security Management System requirements.,يجب على المنظمة تطبيق ضوابط A.7 Physical لضمان الامتثال لمتطلبات نظام إدارة أمن المعلومات,To establish effective a.7 physical practices,corrective,operational,3,medium,False,monthly,active
802,ISO-27001,2022,4.1,4,A.8 Technological,A.8 Technological - Control 1,A.8 Technological - ضابط 1,The organization shall implement a.8 technological controls to ensure compliance with Information Security Management System requirements.,يجب على المنظمة تطبيق ضوابط A.8 Technological لضمان الامتثال لمتطلبات نظام إدارة أمن المعلومات,To establish effective a.8 technological practices,preventive,administrative,4,low,False,continuous,active
803,ISO-27001,2022,1.2,1,A.5 Organizational,A.5 Organizational - Control 2,A.5 Organizational - ضابط 2,The organization shall implement a.5 organizational controls to ensure compliance with Information Security Management System requirements.,يجب على المنظمة تطبيق ضوابط A.5 Organizational لضمان الامتثال لمتطلبات نظام إدارة أمن المعلومات,To establish effective a.5 organizational practices,detective,technical,1,critical,False,annually,active
804,ISO-27001,2022,2.2,2,A.6 People,A.6 People - Control 2,A.6 People - ضابط 2,The organization shall implement a.6 people controls to ensure compliance with Information Security Management System requirements.,يجب على المنظمة تطبيق ضوابط A.6 People لضمان الامتثال لمتطلبات نظام إدارة أمن المعلومات,To establish effective a.6 people practices,corrective,operational,2,high,False,quarterly,active
805,ISO-27001,2022,3.2,3,A.7 Physical,A.7 Physical - Control 2,A.7 Physical - ضابط 2,The organization shall implement a.7 physical controls to ensure compliance with Information Security Management System requirements.,يجب على المنظمة تطبيق ضوابط A.7 Physical لضمان الامتثال لمتطلبات نظام إدارة أمن المعلومات,To establish effective a.7 physical practices,preventive,administrative,3,medium,False,monthly,active
806,ISO-27001,2022,4.2,4,A.8 Technological,A.8 Technological - Control 2,A.8 Technological - ضابط 2,The organization shall implement a.8 technological controls to ensure compliance with Information Security Management System requirements.,يجب على المنظمة تطبيق ضوابط A.8 Technological لضمان الامتثال لمتطلبات نظام إدارة أمن المعلومات,To establish effective a.8 technological practices,detective,technical,4,low,False,continuous,active
807,ISO-27001,2022,1.3,1,A.5 Organizational,A.5 Organizational - Control 3,A.5 Organizational - ضابط 3,The organization shall implement a.5 organizational controls to ensure compliance with Information Security Management System requirements.,يجب على المنظمة تطبيق ضوابط A.5 Organizational لضمان الامتثال لمتطلبات نظام إدارة أمن المعلومات,To establish effective a.5 organizational practices,corrective,operational,1,critical,False,annually,active
808,ISO-27001,2022,2.3,2,A.6 People,A.6 People - Control 3,A.6 People - ضابط 3,The organization shall implement a.6 people controls to ensure compliance with Information Security Management System requirements.,يجب على المنظمة تطبيق ضوابط A.6 People لضمان الامتثال لمتطلبات نظام إدارة أمن المعلومات,To establish effective a.6 people practices,preventive,administrative,2,high,False,quarterly,active
809,ISO-27001,2022,3.3,3,A.7 Physical,A.7 Physical - Control 3,A.7 Physical - ضابط 3,The organization shall implement a.7 physical controls to ensure compliance with Information Security Management System requirements.,يجب على المنظمة تطبيق ضوابط A.7 Physical لضمان الامتثال لمتطلبات نظام إدارة أمن المعلومات,To establish effective a.7 physical practices,detective,technical,3,medium,False,monthly,active
810,ISO-27001,2022,4.3,4,A.8 Technological,A.8 Technological - Control 3,A.8 Technological - ضابط 3,The organization shall implement a.8 technological controls to ensure compliance with Information Security Management System requirements.,يجب على المنظمة تطبيق ضوابط A.8 Technological لضمان الامتثال لمتطلبات نظام إدارة أمن المعلومات,To establish effective a.8 technological practices,corrective,operational,4,low,False,continuous,active
811,ISO-27001,2022,1.4,1,A.5 Organizational,A.5 Organizational - Control 4,A.5 Organizational - ضابط 4,The organization shall implement a.5 organizational controls to ensure compliance with Information Security Management System requirements.,يجب على المنظمة تطبيق ضوابط A.5 Organizational لضمان الامتثال لمتطلبات نظام إدارة أمن المعلومات,To establish effective a.5 organizational practices,preventive,administrative,1,critical,False,annually,active
812,ISO-27001,2022,2.4,2,A.6 People,A.6 People - Control 4,A.6 People - ضابط 4,The organization shall implement a.6 people controls to ensure compliance with Information Security Management System requirements.,يجب على المنظمة تطبيق ضوابط A.6 People لضمان الامتثال لمتطلبات نظام إدارة أمن المعلومات,To establish effective a.6 people practices,detective,technical,2,high,False,quarterly,active
813,ISO-27001,2022,3.4,3,A.7 Physical,A.7 Physical - Control 4,A.7 Physical - ضابط 4,The organization shall implement a.7 physical controls to ensure compliance with Information Security Management System requirements.,يجب على المنظمة تطبيق ضوابط A.7 Physical لضمان الامتثال لمتطلبات نظام إدارة أمن المعلومات,To establish effective a.7 physical practices,corrective,operational,3,medium,False,monthly,active
814,ISO-27001,2022,4.4,4,A.8 Technological,A.8 Technological - Control 4,A.8 Technological - ضابط 4,The organization shall implement a.8 technological controls to ensure compliance with Information Security Management System requirements.,يجب على المنظمة تطبيق ضوابط A.8 Technological لضمان الامتثال لمتطلبات نظام إدارة أمن المعلومات,To establish effective a.8 technological practices,preventive,administrative,4,low,False,continuous,active
815,ISO-27001,2022,1.5,1,A.5 Organizational,A.5 Organizational - Control 5,A.5 Organizational - ضابط 5,The organization shall implement a.5 organizational controls to ensure compliance with Information Security Management System requirements.,يجب على المنظمة تطبيق ضوابط A.5 Organizational لضمان الامتثال لمتطلبات نظام إدارة أمن المعلومات,To establish effective a.5 organizational practices,detective,technical,1,critical,False,annually,active
816,ISO-27001,2022,2.5,2,A.6 People,A.6 People - Control 5,A.6 People - ضابط 5,The organization shall implement a.6 people controls to ensure compliance with Information Security Management System requirements.,يجب على المنظمة تطبيق ضوابط A.6 People لضمان الامتثال لمتطلبات نظام إدارة أمن المعلومات,To establish effective a.6 people practices,corrective,operational,2,high,False,quarterly,active
817,ISO-27001,2022,3.5,3,A.7 Physical,A.7 Physical - Control 5,A.7 Physical - ضابط 5,The organization shall implement a.7 physical controls to ensure compliance with Information Security Management System requirements.,يجب على المنظمة تطبيق ضوابط A.7 Physical لضمان الامتثال لمتطلبات نظام إدارة أمن المعلومات,To establish effective a.7 physical practices,preventive,administrative,3,medium,False,monthly,active
818,ISO-27001,2022,4.5,4,A.8 Technological,A.8 Technological - Control 5,A.8 Technological - ضابط 5,The organization shall implement a.8 technological controls to ensure compliance with Information Security Management System requirements.,يجب على المنظمة تطبيق ضوابط A.8 Technological لضمان الامتثال لمتطلبات نظام إدارة أمن المعلومات,To establish effective a.8 technological practices,detective,technical,4,low,False,continuous,active
819,ISO-27001,2022,1.6,1,A.5 Organizational,A.5 Organizational - Control 6,A.5 Organizational - ضابط 6,The organization shall implement a.5 organizational controls to ensure compliance with Information Security Management System requirements.,يجب على المنظمة تطبيق ضوابط A.5 Organizational لضمان الامتثال لمتطلبات نظام إدارة أمن المعلومات,To establish effective a.5 organizational practices,corrective,operational,1,critical,False,annually,active
820,ISO-27001,2022,2.6,2,A.6 People,A.6 People - Control 6,A.6 People - ضابط 6,The organization shall implement a.6 people controls to ensure compliance with Information Security Management System requirements.,يجب على المنظمة تطبيق ضوابط A.6 People لضمان الامتثال لمتطلبات نظام إدارة أمن المعلومات,To establish effective a.6 people practices,preventive,administrative,2,high,False,quarterly,active
821,ISO-27001,2022,3.6,3,A.7 Physical,A.7 Physical - Control 6,A.7 Physical - ضابط 6,The organization shall implement a.7 physical controls to ensure compliance with Information Security Management System requirements.,يجب على المنظمة تطبيق ضوابط A.7 Physical لضمان الامتثال لمتطلبات نظام إدارة أمن المعلومات,To establish effective a.7 physical practices,detective,technical,3,medium,False,monthly,active
822,ISO-27001,2022,4.6,4,A.8 Technological,A.8 Technological - Control 6,A.8 Technological - ضابط 6,The organization shall implement a.8 technological controls to ensure compliance with Information Security Management System requirements.,يجب على المنظمة تطبيق ضوابط A.8 Technological لضمان الامتثال لمتطلبات نظام إدارة أمن المعلومات,To establish effective a.8 technological practices,corrective,operational,4,low,False,continuous,active
823,ISO-27001,2022,1.7,1,A.5 Organizational,A.5 Organizational - Control 7,A.5 Organizational - ضابط 7,The organization shall implement a.5 organizational controls to ensure compliance with Information Security Management System requirements.,يجب على المنظمة تطبيق ضوابط A.5 Organizational لضمان الامتثال لمتطلبات نظام إدارة أمن المعلومات,To establish effective a.5 organizational practices,preventive,administrative,1,critical,False,annually,active
824,ISO-27001,2022,2.7,2,A.6 People,A.6 People - Control 7,A.6 People - ضابط 7,The organization shall implement a.6 people controls to ensure compliance with Information Security Management System requirements.,يجب على المنظمة تطبيق ضوابط A.6 People لضمان الامتثال لمتطلبات نظام إدارة أمن المعلومات,To establish effective a.6 people practices,detective,technical,2,high,False,quarterly,active
825,ISO-27001,2022,3.7,3,A.7 Physical,A.7 Physical - Control 7,A.7 Physical - ضابط 7,The organization shall implement a.7 physical controls to ensure compliance with Information Security Management System requirements.,يجب على المنظمة تطبيق ضوابط A.7 Physical لضمان الامتثال لمتطلبات نظام إدارة أمن المعلومات,To establish effective a.7 physical practices,corrective,operational,3,medium,False,monthly,active
826,ISO-27001,2022,4.7,4,A.8 Technological,A.8 Technological - Control 7,A.8 Technological - ضابط 7,The organization shall implement a.8 technological controls to ensure compliance with Information Security Management System requirements.,يجب على المنظمة تطبيق ضوابط A.8 Technological لضمان الامتثال لمتطلبات نظام إدارة أمن المعلومات,To establish effective a.8 technological practices,preventive,administrative,4,low,False,continuous,active
827,ISO-27001,2022,1.8,1,A.5 Organizational,A.5 Organizational - Control 8,A.5 Organizational - ضابط 8,The organization shall implement a.5 organizational controls to ensure compliance with Information Security Management System requirements.,يجب على المنظمة تطبيق ضوابط A.5 Organizational لضمان الامتثال لمتطلبات نظام إدارة أمن المعلومات,To establish effective a.5 organizational practices,detective,technical,1,critical,False,annually,active
828,ISO-27001,2022,2.8,2,A.6 People,A.6 People - Control 8,A.6 People - ضابط 8,The organization shall implement a.6 people controls to ensure compliance with Information Security Management System requirements.,يجب على المنظمة تطبيق ضوابط A.6 People لضمان الامتثال لمتطلبات نظام إدارة أمن المعلومات,To establish effective a.6 people practices,corrective,operational,2,high,False,quarterly,active
829,ISO-27001,2022,3.8,3,A.7 Physical,A.7 Physical - Control 8,A.7 Physical - ضابط 8,The organization shall implement a.7 physical controls to ensure compliance with Information Security Management System requirements.,يجب على المنظمة تطبيق ضوابط A.7 Physical لضمان الامتثال لمتطلبات نظام إدارة أمن المعلومات,To establish effective a.7 physical practices,preventive,administrative,3,medium,False,monthly,active
830,ISO-27001,2022,4.8,4,A.8 Technological,A.8 Technological - Control 8,A.8 Technological - ضابط 8,The organization shall implement a.8 technological controls to ensure compliance with Information Security Management System requirements.,يجب على المنظمة تطبيق ضوابط A.8 Technological لضمان الامتثال لمتطلبات نظام إدارة أمن المعلومات,To establish effective a.8 technological practices,detective,technical,4,low,False,continuous,active
831,ISO-27001,2022,1.9,1,A.5 Organizational,A.5 Organizational - Control 9,A.5 Organizational - ضابط 9,The organization shall implement a.5 organizational controls to ensure compliance with Information Security Management System requirements.,يجب على المنظمة تطبيق ضوابط A.5 Organizational لضمان الامتثال لمتطلبات نظام إدارة أمن المعلومات,To establish effective a.5 organizational practices,corrective,operational,1,critical,False,annually,active
832,ISO-27001,2022,2.9,2,A.6 People,A.6 People - Control 9,A.6 People - ضابط 9,The organization shall implement a.6 people controls to ensure compliance with Information Security Management System requirements.,يجب على المنظمة تطبيق ضوابط A.6 People لضمان الامتثال لمتطلبات نظام إدارة أمن المعلومات,To establish effective a.6 people practices,preventive,administrative,2,high,False,quarterly,active
833,ISO-27001,2022,3.9,3,A.7 Physical,A.7 Physical - Control 9,A.7 Physical - ضابط 9,The organization shall implement a.7 physical controls to ensure compliance with Information Security Management System requirements.,يجب على المنظمة تطبيق ضوابط A.7 Physical لضمان الامتثال لمتطلبات نظام إدارة أمن المعلومات,To establish effective a.7 physical practices,detective,technical,3,medium,False,monthly,active
834,ISO-27001,2022,4.9,4,A.8 Technological,A.8 Technological - Control 9,A.8 Technological - ضابط 9,The organization shall implement a.8 technological controls to ensure compliance with Information Security Management System requirements.,يجب على المنظمة تطبيق ضوابط A.8 Technological لضمان الامتثال لمتطلبات نظام إدارة أمن المعلومات,To establish effective a.8 technological practices,corrective,operational,4,low,False,continuous,active
835,ISO-27001,2022,1.10,1,A.5 Organizational,A.5 Organizational - Control 10,A.5 Organizational - ضابط 10,The organization shall implement a.5 organizational controls to ensure compliance with Information Security Management System requirements.,يجب على المنظمة تطبيق ضوابط A.5 Organizational لضمان الامتثال لمتطلبات نظام إدارة أمن المعلومات,To establish effective a.5 organizational practices,preventive,administrative,1,critical,False,annually,active
836,ISO-27001,2022,2.10,2,A.6 People,A.6 People - Control 10,A.6 People - ضابط 10,The organization shall implement a.6 people controls to ensure compliance with Information Security Management System requirements.,يجب على المنظمة تطبيق ضوابط A.6 People لضمان الامتثال لمتطلبات نظام إدارة أمن المعلومات,To establish effective a.6 people practices,detective,technical,2,high,False,quarterly,active
837,ISO-27001,2022,3.10,3,A.7 Physical,A.7 Physical - Control 10,A.7 Physical - ضابط 10,The organization shall implement a.7 physical controls to ensure compliance with Information Security Management System requirements.,يجب على المنظمة تطبيق ضوابط A.7 Physical لضمان الامتثال لمتطلبات نظام إدارة أمن المعلومات,To establish effective a.7 physical practices,corrective,operational,3,medium,False,monthly,active
838,ISO-27001,2022,4.10,4,A.8 Technological,A.8 Technological - Control 10,A.8 Technological - ضابط 10,The organization shall implement a.8 technological controls to ensure compliance with Information Security Management System requirements.,يجب على المنظمة تطبيق ضوابط A.8 Technological لضمان الامتثال لمتطلبات نظام إدارة أمن المعلومات,To establish effective a.8 technological practices,preventive,administrative,4,low,False,continuous,active
839,ISO-27001,2022,1.11,1,A.5 Organizational,A.5 Organizational - Control 11,A.5 Organizational - ضابط 11,The organization shall implement a.5 organizational controls to ensure compliance with Information Security Management System requirements.,يجب على المنظمة تطبيق ضوابط A.5 Organizational لضمان الامتثال لمتطلبات نظام إدارة أمن المعلومات,To establish effective a.5 organizational practices,detective,technical,1,critical,False,annually,active
840,ISO-27001,2022,2.11,2,A.6 People,A.6 People - Control 11,A.6 People - ضابط 11,The organization shall implement a.6 people controls to ensure compliance with Information Security Management System requirements.,يجب على المنظمة تطبيق ضوابط A.6 People لضمان الامتثال لمتطلبات نظام إدارة أمن المعلومات,To establish effective a.6 people practices,corrective,operational,2,high,False,quarterly,active
841,ISO-27001,2022,3.11,3,A.7 Physical,A.7 Physical - Control 11,A.7 Physical - ضابط 11,The organization shall implement a.7 physical controls to ensure compliance with Information Security Management System requirements.,يجب على المنظمة تطبيق ضوابط A.7 Physical لضمان الامتثال لمتطلبات نظام إدارة أمن المعلومات,To establish effective a.7 physical practices,preventive,administrative,3,medium,False,monthly,active
842,ISO-27001,2022,4.11,4,A.8 Technological,A.8 Technological - Control 11,A.8 Technological - ضابط 11,The organization shall implement a.8 technological controls to ensure compliance with Information Security Management System requirements.,يجب على المنظمة تطبيق ضوابط A.8 Technological لضمان الامتثال لمتطلبات نظام إدارة أمن المعلومات,To establish effective a.8 technological practices,detective,technical,4,low,False,continuous,active
843,ISO-27001,2022,1.12,1,A.5 Organizational,A.5 Organizational - Control 12,A.5 Organizational - ضابط 12,The organization shall implement a.5 organizational controls to ensure compliance with Information Security Management System requirements.,يجب على المنظمة تطبيق ضوابط A.5 Organizational لضمان الامتثال لمتطلبات نظام إدارة أمن المعلومات,To establish effective a.5 organizational practices,corrective,operational,1,critical,False,annually,active
844,ISO-27001,2022,2.12,2,A.6 People,A.6 People - Control 12,A.6 People - ضابط 12,The organization shall implement a.6 people controls to ensure compliance with Information Security Management System requirements.,يجب على المنظمة تطبيق ضوابط A.6 People لضمان الامتثال لمتطلبات نظام إدارة أمن المعلومات,To establish effective a.6 people practices,preventive,administrative,2,high,False,quarterly,active
845,ISO-27001,2022,3.12,3,A.7 Physical,A.7 Physical - Control 12,A.7 Physical - ضابط 12,The organization shall implement a.7 physical controls to ensure compliance with Information Security Management System requirements.,يجب على المنظمة تطبيق ضوابط A.7 Physical لضمان الامتثال لمتطلبات نظام إدارة أمن المعلومات,To establish effective a.7 physical practices,detective,technical,3,medium,False,monthly,active
846,ISO-27001,2022,4.12,4,A.8 Technological,A.8 Technological - Control 12,A.8 Technological - ضابط 12,The organization shall implement a.8 technological controls to ensure compliance with Information Security Management System requirements.,يجب على المنظمة تطبيق ضوابط A.8 Technological لضمان الامتثال لمتطلبات نظام إدارة أمن المعلومات,To establish effective a.8 technological practices,corrective,operational,4,low,False,continuous,active
847,ISO-27001,2022,1.13,1,A.5 Organizational,A.5 Organizational - Control 13,A.5 Organizational - ضابط 13,The organization shall implement a.5 organizational controls to ensure compliance with Information Security Management System requirements.,يجب على المنظمة تطبيق ضوابط A.5 Organizational لضمان الامتثال لمتطلبات نظام إدارة أمن المعلومات,To establish effective a.5 organizational practices,preventive,administrative,1,critical,False,annually,active
848,ISO-27001,2022,2.13,2,A.6 People,A.6 People - Control 13,A.6 People - ضابط 13,The organization shall implement a.6 people controls to ensure compliance with Information Security Management System requirements.,يجب على المنظمة تطبيق ضوابط A.6 People لضمان الامتثال لمتطلبات نظام إدارة أمن المعلومات,To establish effective a.6 people practices,detective,technical,2,high,False,quarterly,active
849,ISO-27001,2022,3.13,3,A.7 Physical,A.7 Physical - Control 13,A.7 Physical - ضابط 13,The organization shall implement a.7 physical controls to ensure compliance with Information Security Management System requirements.,يجب على المنظمة تطبيق ضوابط A.7 Physical لضمان الامتثال لمتطلبات نظام إدارة أمن المعلومات,To establish effective a.7 physical practices,corrective,operational,3,medium,False,monthly,active
850,ISO-27001,2022,4.13,4,A.8 Technological,A.8 Technological - Control 13,A.8 Technological - ضابط 13,The organization shall implement a.8 technological controls to ensure compliance with Information Security Management System requirements.,يجب على المنظمة تطبيق ضوابط A.8 Technological لضمان الامتثال لمتطلبات نظام إدارة أمن المعلومات,To establish effective a.8 technological practices,preventive,administrative,4,low,False,continuous,active
851,ISO-27001,2022,1.14,1,A.5 Organizational,A.5 Organizational - Control 14,A.5 Organizational - ضابط 14,The organization shall implement a.5 organizational controls to ensure compliance with Information Security Management System requirements.,يجب على المنظمة تطبيق ضوابط A.5 Organizational لضمان الامتثال لمتطلبات نظام إدارة أمن المعلومات,To establish effective a.5 organizational practices,detective,technical,1,critical,False,annually,active
852,ISO-27001,2022,2.14,2,A.6 People,A.6 People - Control 14,A.6 People - ضابط 14,The organization shall implement a.6 people controls to ensure compliance with Information Security Management System requirements.,يجب على المنظمة تطبيق ضوابط A.6 People لضمان الامتثال لمتطلبات نظام إدارة أمن المعلومات,To establish effective a.6 people practices,corrective,operational,2,high,False,quarterly,active
853,ISO-27001,2022,3.14,3,A.7 Physical,A.7 Physical - Control 14,A.7 Physical - ضابط 14,The organization shall implement a.7 physical controls to ensure compliance with Information Security Management System requirements.,يجب على المنظمة تطبيق ضوابط A.7 Physical لضمان الامتثال لمتطلبات نظام إدارة أمن المعلومات,To establish effective a.7 physical practices,preventive,administrative,3,medium,False,monthly,active
854,ISO-27001,2022,4.14,4,A.8 Technological,A.8 Technological - Control 14,A.8 Technological - ضابط 14,The organization shall implement a.8 technological controls to ensure compliance with Information Security Management System requirements.,يجب على المنظمة تطبيق ضوابط A.8 Technological لضمان الامتثال لمتطلبات نظام إدارة أمن المعلومات,To establish effective a.8 technological practices,detective,technical,4,low,False,continuous,active
855,ISO-27001,2022,1.15,1,A.5 Organizational,A.5 Organizational - Control 15,A.5 Organizational - ضابط 15,The organization shall implement a.5 organizational controls to ensure compliance with Information Security Management System requirements.,يجب على المنظمة تطبيق ضوابط A.5 Organizational لضمان الامتثال لمتطلبات نظام إدارة أمن المعلومات,To establish effective a.5 organizational practices,corrective,operational,1,critical,False,annually,active
856,ISO-27001,2022,2.15,2,A.6 People,A.6 People - Control 15,A.6 People - ضابط 15,The organization shall implement a.6 people controls to ensure compliance with Information Security Management System requirements.,يجب على المنظمة تطبيق ضوابط A.6 People لضمان الامتثال لمتطلبات نظام إدارة أمن المعلومات,To establish effective a.6 people practices,preventive,administrative,2,high,False,quarterly,active
857,ISO-27001,2022,3.15,3,A.7 Physical,A.7 Physical - Control 15,A.7 Physical - ضابط 15,The organization shall implement a.7 physical controls to ensure compliance with Information Security Management System requirements.,يجب على المنظمة تطبيق ضوابط A.7 Physical لضمان الامتثال لمتطلبات نظام إدارة أمن المعلومات,To establish effective a.7 physical practices,detective,technical,3,medium,False,monthly,active
858,ISO-27001,2022,4.15,4,A.8 Technological,A.8 Technological - Control 15,A.8 Technological - ضابط 15,The organization shall implement a.8 technological controls to ensure compliance with Information Security Management System requirements.,يجب على المنظمة تطبيق ضوابط A.8 Technological لضمان الامتثال لمتطلبات نظام إدارة أمن المعلومات,To establish effective a.8 technological practices,corrective,operational,4,low,False,continuous,active
859,ISO-27001,2022,1.16,1,A.5 Organizational,A.5 Organizational - Control 16,A.5 Organizational - ضابط 16,The organization shall implement a.5 organizational controls to ensure compliance with Information Security Management System requirements.,يجب على المنظمة تطبيق ضوابط A.5 Organizational لضمان الامتثال لمتطلبات نظام إدارة أمن المعلومات,To establish effective a.5 organizational practices,preventive,administrative,1,critical,False,annually,active
860,ISO-27001,2022,2.16,2,A.6 People,A.6 People - Control 16,A.6 People - ضابط 16,The organization shall implement a.6 people controls to ensure compliance with Information Security Management System requirements.,يجب على المنظمة تطبيق ضوابط A.6 People لضمان الامتثال لمتطلبات نظام إدارة أمن المعلومات,To establish effective a.6 people practices,detective,technical,2,high,False,quarterly,active
861,ISO-27001,2022,3.16,3,A.7 Physical,A.7 Physical - Control 16,A.7 Physical - ضابط 16,The organization shall implement a.7 physical controls to ensure compliance with Information Security Management System requirements.,يجب على المنظمة تطبيق ضوابط A.7 Physical لضمان الامتثال لمتطلبات نظام إدارة أمن المعلومات,To establish effective a.7 physical practices,corrective,operational,3,medium,False,monthly,active
862,ISO-27001,2022,4.16,4,A.8 Technological,A.8 Technological - Control 16,A.8 Technological - ضابط 16,The organization shall implement a.8 technological controls to ensure compliance with Information Security Management System requirements.,يجب على المنظمة تطبيق ضوابط A.8 Technological لضمان الامتثال لمتطلبات نظام إدارة أمن المعلومات,To establish effective a.8 technological practices,preventive,administrative,4,low,False,continuous,active
863,ISO-27001,2022,1.17,1,A.5 Organizational,A.5 Organizational - Control 17,A.5 Organizational - ضابط 17,The organization shall implement a.5 organizational controls to ensure compliance with Information Security Management System requirements.,يجب على المنظمة تطبيق ضوابط A.5 Organizational لضمان الامتثال لمتطلبات نظام إدارة أمن المعلومات,To establish effective a.5 organizational practices,detective,technical,1,critical,False,annually,active
864,ISO-27001,2022,2.17,2,A.6 People,A.6 People - Control 17,A.6 People - ضابط 17,The organization shall implement a.6 people controls to ensure compliance with Information Security Management System requirements.,يجب على المنظمة تطبيق ضوابط A.6 People لضمان الامتثال لمتطلبات نظام إدارة أمن المعلومات,To establish effective a.6 people practices,corrective,operational,2,high,False,quarterly,active
865,ISO-27001,2022,3.17,3,A.7 Physical,A.7 Physical - Control 17,A.7 Physical - ضابط 17,The organization shall implement a.7 physical controls to ensure compliance with Information Security Management System requirements.,يجب على المنظمة تطبيق ضوابط A.7 Physical لضمان الامتثال لمتطلبات نظام إدارة أمن المعلومات,To establish effective a.7 physical practices,preventive,administrative,3,medium,False,monthly,active
866,ISO-27001,2022,4.17,4,A.8 Technological,A.8 Technological - Control 17,A.8 Technological - ضابط 17,The organization shall implement a.8 technological controls to ensure compliance with Information Security Management System requirements.,يجب على المنظمة تطبيق ضوابط A.8 Technological لضمان الامتثال لمتطلبات نظام إدارة أمن المعلومات,To establish effective a.8 technological practices,detective,technical,4,low,False,continuous,active
867,ISO-27001,2022,1.18,1,A.5 Organizational,A.5 Organizational - Control 18,A.5 Organizational - ضابط 18,The organization shall implement a.5 organizational controls to ensure compliance with Information Security Management System requirements.,يجب على المنظمة تطبيق ضوابط A.5 Organizational لضمان الامتثال لمتطلبات نظام إدارة أمن المعلومات,To establish effective a.5 organizational practices,corrective,operational,1,critical,False,annually,active
868,ISO-27001,2022,2.18,2,A.6 People,A.6 People - Control 18,A.6 People - ضابط 18,The organization shall implement a.6 people controls to ensure compliance with Information Security Management System requirements.,يجب على المنظمة تطبيق ضوابط A.6 People لضمان الامتثال لمتطلبات نظام إدارة أمن المعلومات,To establish effective a.6 people practices,preventive,administrative,2,high,False,quarterly,active
869,ISO-27001,2022,3.18,3,A.7 Physical,A.7 Physical - Control 18,A.7 Physical - ضابط 18,The organization shall implement a.7 physical controls to ensure compliance with Information Security Management System requirements.,يجب على المنظمة تطبيق ضوابط A.7 Physical لضمان الامتثال لمتطلبات نظام إدارة أمن المعلومات,To establish effective a.7 physical practices,detective,technical,3,medium,False,monthly,active
870,ISO-27001,2022,4.18,4,A.8 Technological,A.8 Technological - Control 18,A.8 Technological - ضابط 18,The organization shall implement a.8 technological controls to ensure compliance with Information Security Management System requirements.,يجب على المنظمة تطبيق ضوابط A.8 Technological لضمان الامتثال لمتطلبات نظام إدارة أمن المعلومات,To establish effective a.8 technological practices,corrective,operational,4,low,False,continuous,active
871,ISO-27001,2022,1.19,1,A.5 Organizational,A.5 Organizational - Control 19,A.5 Organizational - ضابط 19,The organization shall implement a.5 organizational controls to ensure compliance with Information Security Management System requirements.,يجب على المنظمة تطبيق ضوابط A.5 Organizational لضمان الامتثال لمتطلبات نظام إدارة أمن المعلومات,To establish effective a.5 organizational practices,preventive,administrative,1,critical,False,annually,active
872,ISO-27001,2022,2.19,2,A.6 People,A.6 People - Control 19,A.6 People - ضابط 19,The organization shall implement a.6 people controls to ensure compliance with Information Security Management System requirements.,يجب على المنظمة تطبيق ضوابط A.6 People لضمان الامتثال لمتطلبات نظام إدارة أمن المعلومات,To establish effective a.6 people practices,detective,technical,2,high,False,quarterly,active
873,ISO-27001,2022,3.19,3,A.7 Physical,A.7 Physical - Control 19,A.7 Physical - ضابط 19,The organization shall implement a.7 physical controls to ensure compliance with Information Security Management System requirements.,يجب على المنظمة تطبيق ضوابط A.7 Physical لضمان الامتثال لمتطلبات نظام إدارة أمن المعلومات,To establish effective a.7 physical practices,corrective,operational,3,medium,False,monthly,active
874,ISO-27001,2022,4.19,4,A.8 Technological,A.8 Technological - Control 19,A.8 Technological - ضابط 19,The organization shall implement a.8 technological controls to ensure compliance with Information Security Management System requirements.,يجب على المنظمة تطبيق ضوابط A.8 Technological لضمان الامتثال لمتطلبات نظام إدارة أمن المعلومات,To establish effective a.8 technological practices,preventive,administrative,4,low,False,continuous,active
875,ISO-27001,2022,1.20,1,A.5 Organizational,A.5 Organizational - Control 20,A.5 Organizational - ضابط 20,The organization shall implement a.5 organizational controls to ensure compliance with Information Security Management System requirements.,يجب على المنظمة تطبيق ضوابط A.5 Organizational لضمان الامتثال لمتطلبات نظام إدارة أمن المعلومات,To establish effective a.5 organizational practices,detective,technical,1,critical,False,annually,active
876,ISO-27001,2022,2.20,2,A.6 People,A.6 People - Control 20,A.6 People - ضابط 20,The organization shall implement a.6 people controls to ensure compliance with Information Security Management System requirements.,يجب على المنظمة تطبيق ضوابط A.6 People لضمان الامتثال لمتطلبات نظام إدارة أمن المعلومات,To establish effective a.6 people practices,corrective,operational,2,high,False,quarterly,active
877,ISO-27001,2022,3.20,3,A.7 Physical,A.7 Physical - Control 20,A.7 Physical - ضابط 20,The organization shall implement a.7 physical controls to ensure compliance with Information Security Management System requirements.,يجب على المنظمة تطبيق ضوابط A.7 Physical لضمان الامتثال لمتطلبات نظام إدارة أمن المعلومات,To establish effective a.7 physical practices,preventive,administrative,3,medium,False,monthly,active
878,ISO-27001,2022,4.20,4,A.8 Technological,A.8 Technological - Control 20,A.8 Technological - ضابط 20,The organization shall implement a.8 technological controls to ensure compliance with Information Security Management System requirements.,يجب على المنظمة تطبيق ضوابط A.8 Technological لضمان الامتثال لمتطلبات نظام إدارة أمن المعلومات,To establish effective a.8 technological practices,detective,technical,4,low,False,continuous,active
879,ISO-27001,2022,1.21,1,A.5 Organizational,A.5 Organizational - Control 21,A.5 Organizational - ضابط 21,The organization shall implement a.5 organizational controls to ensure compliance with Information Security Management System requirements.,يجب على المنظمة تطبيق ضوابط A.5 Organizational لضمان الامتثال لمتطلبات نظام إدارة أمن المعلومات,To establish effective a.5 organizational practices,corrective,operational,1,critical,False,annually,active
880,ISO-27001,2022,2.21,2,A.6 People,A.6 People - Control 21,A.6 People - ضابط 21,The organization shall implement a.6 people controls to ensure compliance with Information Security Management System requirements.,يجب على المنظمة تطبيق ضوابط A.6 People لضمان الامتثال لمتطلبات نظام إدارة أمن المعلومات,To establish effective a.6 people practices,preventive,administrative,2,high,False,quarterly,active
881,ISO-27001,2022,3.21,3,A.7 Physical,A.7 Physical - Control 21,A.7 Physical - ضابط 21,The organization shall implement a.7 physical controls to ensure compliance with Information Security Management System requirements.,يجب على المنظمة تطبيق ضوابط A.7 Physical لضمان الامتثال لمتطلبات نظام إدارة أمن المعلومات,To establish effective a.7 physical practices,detective,technical,3,medium,False,monthly,active
882,ISO-27001,2022,4.21,4,A.8 Technological,A.8 Technological - Control 21,A.8 Technological - ضابط 21,The organization shall implement a.8 technological controls to ensure compliance with Information Security Management System requirements.,يجب على المنظمة تطبيق ضوابط A.8 Technological لضمان الامتثال لمتطلبات نظام إدارة أمن المعلومات,To establish effective a.8 technological practices,corrective,operational,4,low,False,continuous,active
883,ISO-27001,2022,1.22,1,A.5 Organizational,A.5 Organizational - Control 22,A.5 Organizational - ضابط 22,The organization shall implement a.5 organizational controls to ensure compliance with Information Security Management System requirements.,يجب على المنظمة تطبيق ضوابط A.5 Organizational لضمان الامتثال لمتطلبات نظام إدارة أمن المعلومات,To establish effective a.5 organizational practices,preventive,administrative,1,critical,False,annually,active
884,ISO-27001,2022,2.22,2,A.6 People,A.6 People - Control 22,A.6 People - ضابط 22,The organization shall implement a.6 people controls to ensure compliance with Information Security Management System requirements.,يجب على المنظمة تطبيق ضوابط A.6 People لضمان الامتثال لمتطلبات نظام إدارة أمن المعلومات,To establish effective a.6 people practices,detective,technical,2,high,False,quarterly,active
885,ISO-27001,2022,3.22,3,A.7 Physical,A.7 Physical - Control 22,A.7 Physical - ضابط 22,The organization shall implement a.7 physical controls to ensure compliance with Information Security Management System requirements.,يجب على المنظمة تطبيق ضوابط A.7 Physical لضمان الامتثال لمتطلبات نظام إدارة أمن المعلومات,To establish effective a.7 physical practices,corrective,operational,3,medium,False,monthly,active
886,ISO-27001,2022,4.22,4,A.8 Technological,A.8 Technological - Control 22,A.8 Technological - ضابط 22,The organization shall implement a.8 technological controls to ensure compliance with Information Security Management System requirements.,يجب على المنظمة تطبيق ضوابط A.8 Technological لضمان الامتثال لمتطلبات نظام إدارة أمن المعلومات,To establish effective a.8 technological practices,preventive,administrative,4,low,False,continuous,active
887,ISO-27001,2022,1.23,1,A.5 Organizational,A.5 Organizational - Control 23,A.5 Organizational - ضابط 23,The organization shall implement a.5 organizational controls to ensure compliance with Information Security Management System requirements.,يجب على المنظمة تطبيق ضوابط A.5 Organizational لضمان الامتثال لمتطلبات نظام إدارة أمن المعلومات,To establish effective a.5 organizational practices,detective,technical,1,critical,False,annually,active
888,ISO-27001,2022,2.23,2,A.6 People,A.6 People - Control 23,A.6 People - ضابط 23,The organization shall implement a.6 people controls to ensure compliance with Information Security Management System requirements.,يجب على المنظمة تطبيق ضوابط A.6 People لضمان الامتثال لمتطلبات نظام إدارة أمن المعلومات,To establish effective a.6 people practices,corrective,operational,2,high,False,quarterly,active
889,ISO-27001,2022,3.23,3,A.7 Physical,A.7 Physical - Control 23,A.7 Physical - ضابط 23,The organization shall implement a.7 physical controls to ensure compliance with Information Security Management System requirements.,يجب على المنظمة تطبيق ضوابط A.7 Physical لضمان الامتثال لمتطلبات نظام إدارة أمن المعلومات,To establish effective a.7 physical practices,preventive,administrative,3,medium,False,monthly,active
890,ISO-27001,2022,4.23,4,A.8 Technological,A.8 Technological - Control 23,A.8 Technological - ضابط 23,The organization shall implement a.8 technological controls to ensure compliance with Information Security Management System requirements.,يجب على المنظمة تطبيق ضوابط A.8 Technological لضمان الامتثال لمتطلبات نظام إدارة أمن المعلومات,To establish effective a.8 technological practices,detective,technical,4,low,False,continuous,active
891,ISO-27001,2022,1.24,1,A.5 Organizational,A.5 Organizational - Control 24,A.5 Organizational - ضابط 24,The organization shall implement a.5 organizational controls to ensure compliance with Information Security Management System requirements.,يجب على المنظمة تطبيق ضوابط A.5 Organizational لضمان الامتثال لمتطلبات نظام إدارة أمن المعلومات,To establish effective a.5 organizational practices,corrective,operational,1,critical,False,annually,active
892,ISO-22301,2019,1.1,1,Context,Context - Control 1,Context - ضابط 1,The organization shall implement context controls to ensure compliance with Business Continuity Management requirements.,يجب على المنظمة تطبيق ضوابط Context لضمان الامتثال لمتطلبات إدارة استمرارية الأعمال,To establish effective context practices,preventive,administrative,1,critical,False,annually,active
893,ISO-22301,2019,2.1,2,Leadership,Leadership - Control 1,Leadership - ضابط 1,The organization shall implement leadership controls to ensure compliance with Business Continuity Management requirements.,يجب على المنظمة تطبيق ضوابط Leadership لضمان الامتثال لمتطلبات إدارة استمرارية الأعمال,To establish effective leadership practices,detective,technical,2,high,False,quarterly,active
894,ISO-22301,2019,3.1,3,Planning,Planning - Control 1,Planning - ضابط 1,The organization shall implement planning controls to ensure compliance with Business Continuity Management requirements.,يجب على المنظمة تطبيق ضوابط Planning لضمان الامتثال لمتطلبات إدارة استمرارية الأعمال,To establish effective planning practices,corrective,operational,3,medium,False,monthly,active
895,ISO-22301,2019,4.1,4,Support,Support - Control 1,Support - ضابط 1,The organization shall implement support controls to ensure compliance with Business Continuity Management requirements.,يجب على المنظمة تطبيق ضوابط Support لضمان الامتثال لمتطلبات إدارة استمرارية الأعمال,To establish effective support practices,preventive,administrative,4,low,False,continuous,active
896,ISO-22301,2019,5.1,5,Operation,Operation - Control 1,Operation - ضابط 1,The organization shall implement operation controls to ensure compliance with Business Continuity Management requirements.,يجب على المنظمة تطبيق ضوابط Operation لضمان الامتثال لمتطلبات إدارة استمرارية الأعمال,To establish effective operation practices,detective,technical,1,critical,False,annually,active
897,ISO-22301,2019,6.1,6,Evaluation,Evaluation - Control 1,Evaluation - ضابط 1,The organization shall implement evaluation controls to ensure compliance with Business Continuity Management requirements.,يجب على المنظمة تطبيق ضوابط Evaluation لضمان الامتثال لمتطلبات إدارة استمرارية الأعمال,To establish effective evaluation practices,corrective,operational,2,high,False,quarterly,active
898,ISO-22301,2019,7.1,7,Improvement,Improvement - Control 1,Improvement - ضابط 1,The organization shall implement improvement controls to ensure compliance with Business Continuity Management requirements.,يجب على المنظمة تطبيق ضوابط Improvement لضمان الامتثال لمتطلبات إدارة استمرارية الأعمال,To establish effective improvement practices,preventive,administrative,3,medium,False,monthly,active
899,ISO-22301,2019,1.2,1,Context,Context - Control 2,Context - ضابط 2,The organization shall implement context controls to ensure compliance with Business Continuity Management requirements.,يجب على المنظمة تطبيق ضوابط Context لضمان الامتثال لمتطلبات إدارة استمرارية الأعمال,To establish effective context practices,detective,technical,4,low,False,continuous,active
900,ISO-22301,2019,2.2,2,Leadership,Leadership - Control 2,Leadership - ضابط 2,The organization shall implement leadership controls to ensure compliance with Business Continuity Management requirements.,يجب على المنظمة تطبيق ضوابط Leadership لضمان الامتثال لمتطلبات إدارة استمرارية الأعمال,To establish effective leadership practices,corrective,operational,1,critical,False,annually,active
901,ISO-22301,2019,3.2,3,Planning,Planning - Control 2,Planning - ضابط 2,The organization shall implement planning controls to ensure compliance with Business Continuity Management requirements.,يجب على المنظمة تطبيق ضوابط Planning لضمان الامتثال لمتطلبات إدارة استمرارية الأعمال,To establish effective planning practices,preventive,administrative,2,high,False,quarterly,active
902,ISO-22301,2019,4.2,4,Support,Support - Control 2,Support - ضابط 2,The organization shall implement support controls to ensure compliance with Business Continuity Management requirements.,يجب على المنظمة تطبيق ضوابط Support لضمان الامتثال لمتطلبات إدارة استمرارية الأعمال,To establish effective support practices,detective,technical,3,medium,False,monthly,active
903,ISO-22301,2019,5.2,5,Operation,Operation - Control 2,Operation - ضابط 2,The organization shall implement operation controls to ensure compliance with Business Continuity Management requirements.,يجب على المنظمة تطبيق ضوابط Operation لضمان الامتثال لمتطلبات إدارة استمرارية الأعمال,To establish effective operation practices,corrective,operational,4,low,False,continuous,active
904,ISO-22301,2019,6.2,6,Evaluation,Evaluation - Control 2,Evaluation - ضابط 2,The organization shall implement evaluation controls to ensure compliance with Business Continuity Management requirements.,يجب على المنظمة تطبيق ضوابط Evaluation لضمان الامتثال لمتطلبات إدارة استمرارية الأعمال,To establish effective evaluation practices,preventive,administrative,1,critical,False,annually,active
905,ISO-22301,2019,7.2,7,Improvement,Improvement - Control 2,Improvement - ضابط 2,The organization shall implement improvement controls to ensure compliance with Business Continuity Management requirements.,يجب على المنظمة تطبيق ضوابط Improvement لضمان الامتثال لمتطلبات إدارة استمرارية الأعمال,To establish effective improvement practices,detective,technical,2,high,False,quarterly,active
906,ISO-22301,2019,1.3,1,Context,Context - Control 3,Context - ضابط 3,The organization shall implement context controls to ensure compliance with Business Continuity Management requirements.,يجب على المنظمة تطبيق ضوابط Context لضمان الامتثال لمتطلبات إدارة استمرارية الأعمال,To establish effective context practices,corrective,operational,3,medium,False,monthly,active
907,ISO-22301,2019,2.3,2,Leadership,Leadership - Control 3,Leadership - ضابط 3,The organization shall implement leadership controls to ensure compliance with Business Continuity Management requirements.,يجب على المنظمة تطبيق ضوابط Leadership لضمان الامتثال لمتطلبات إدارة استمرارية الأعمال,To establish effective leadership practices,preventive,administrative,4,low,False,continuous,active
908,ISO-22301,2019,3.3,3,Planning,Planning - Control 3,Planning - ضابط 3,The organization shall implement planning controls to ensure compliance with Business Continuity Management requirements.,يجب على المنظمة تطبيق ضوابط Planning لضمان الامتثال لمتطلبات إدارة استمرارية الأعمال,To establish effective planning practices,detective,technical,1,critical,False,annually,active
909,ISO-22301,2019,4.3,4,Support,Support - Control 3,Support - ضابط 3,The organization shall implement support controls to ensure compliance with Business Continuity Management requirements.,يجب على المنظمة تطبيق ضوابط Support لضمان الامتثال لمتطلبات إدارة استمرارية الأعمال,To establish effective support practices,corrective,operational,2,high,False,quarterly,active
910,ISO-22301,2019,5.3,5,Operation,Operation - Control 3,Operation - ضابط 3,The organization shall implement operation controls to ensure compliance with Business Continuity Management requirements.,يجب على المنظمة تطبيق ضوابط Operation لضمان الامتثال لمتطلبات إدارة استمرارية الأعمال,To establish effective operation practices,preventive,administrative,3,medium,False,monthly,active
911,ISO-22301,2019,6.3,6,Evaluation,Evaluation - Control 3,Evaluation - ضابط 3,The organization shall implement evaluation controls to ensure compliance with Business Continuity Management requirements.,يجب على المنظمة تطبيق ضوابط Evaluation لضمان الامتثال لمتطلبات إدارة استمرارية الأعمال,To establish effective evaluation practices,detective,technical,4,low,False,continuous,active
912,ISO-22301,2019,7.3,7,Improvement,Improvement - Control 3,Improvement - ضابط 3,The organization shall implement improvement controls to ensure compliance with Business Continuity Management requirements.,يجب على المنظمة تطبيق ضوابط Improvement لضمان الامتثال لمتطلبات إدارة استمرارية الأعمال,To establish effective improvement practices,corrective,operational,1,critical,False,annually,active
913,ISO-22301,2019,1.4,1,Context,Context - Control 4,Context - ضابط 4,The organization shall implement context controls to ensure compliance with Business Continuity Management requirements.,يجب على المنظمة تطبيق ضوابط Context لضمان الامتثال لمتطلبات إدارة استمرارية الأعمال,To establish effective context practices,preventive,administrative,2,high,False,quarterly,active
914,ISO-22301,2019,2.4,2,Leadership,Leadership - Control 4,Leadership - ضابط 4,The organization shall implement leadership controls to ensure compliance with Business Continuity Management requirements.,يجب على المنظمة تطبيق ضوابط Leadership لضمان الامتثال لمتطلبات إدارة استمرارية الأعمال,To establish effective leadership practices,detective,technical,3,medium,False,monthly,active
915,ISO-22301,2019,3.4,3,Planning,Planning - Control 4,Planning - ضابط 4,The organization shall implement planning controls to ensure compliance with Business Continuity Management requirements.,يجب على المنظمة تطبيق ضوابط Planning لضمان الامتثال لمتطلبات إدارة استمرارية الأعمال,To establish effective planning practices,corrective,operational,4,low,False,continuous,active
916,ISO-22301,2019,4.4,4,Support,Support - Control 4,Support - ضابط 4,The organization shall implement support controls to ensure compliance with Business Continuity Management requirements.,يجب على المنظمة تطبيق ضوابط Support لضمان الامتثال لمتطلبات إدارة استمرارية الأعمال,To establish effective support practices,preventive,administrative,1,critical,False,annually,active
917,ISO-22301,2019,5.4,5,Operation,Operation - Control 4,Operation - ضابط 4,The organization shall implement operation controls to ensure compliance with Business Continuity Management requirements.,يجب على المنظمة تطبيق ضوابط Operation لضمان الامتثال لمتطلبات إدارة استمرارية الأعمال,To establish effective operation practices,detective,technical,2,high,False,quarterly,active
918,ISO-22301,2019,6.4,6,Evaluation,Evaluation - Control 4,Evaluation - ضابط 4,The organization shall implement evaluation controls to ensure compliance with Business Continuity Management requirements.,يجب على المنظمة تطبيق ضوابط Evaluation لضمان الامتثال لمتطلبات إدارة استمرارية الأعمال,To establish effective evaluation practices,corrective,operational,3,medium,False,monthly,active
919,ISO-22301,2019,7.4,7,Improvement,Improvement - Control 4,Improvement - ضابط 4,The organization shall implement improvement controls to ensure compliance with Business Continuity Management requirements.,يجب على المنظمة تطبيق ضوابط Improvement لضمان الامتثال لمتطلبات إدارة استمرارية الأعمال,To establish effective improvement practices,preventive,administrative,4,low,False,continuous,active
920,ISO-22301,2019,1.5,1,Context,Context - Control 5,Context - ضابط 5,The organization shall implement context controls to ensure compliance with Business Continuity Management requirements.,يجب على المنظمة تطبيق ضوابط Context لضمان الامتثال لمتطلبات إدارة استمرارية الأعمال,To establish effective context practices,detective,technical,1,critical,False,annually,active
921,ISO-22301,2019,2.5,2,Leadership,Leadership - Control 5,Leadership - ضابط 5,The organization shall implement leadership controls to ensure compliance with Business Continuity Management requirements.,يجب على المنظمة تطبيق ضوابط Leadership لضمان الامتثال لمتطلبات إدارة استمرارية الأعمال,To establish effective leadership practices,corrective,operational,2,high,False,quarterly,active
922,ISO-22301,2019,3.5,3,Planning,Planning - Control 5,Planning - ضابط 5,The organization shall implement planning controls to ensure compliance with Business Continuity Management requirements.,يجب على المنظمة تطبيق ضوابط Planning لضمان الامتثال لمتطلبات إدارة استمرارية الأعمال,To establish effective planning practices,preventive,administrative,3,medium,False,monthly,active
923,ISO-22301,2019,4.5,4,Support,Support - Control 5,Support - ضابط 5,The organization shall implement support controls to ensure compliance with Business Continuity Management requirements.,يجب على المنظمة تطبيق ضوابط Support لضمان الامتثال لمتطلبات إدارة استمرارية الأعمال,To establish effective support practices,detective,technical,4,low,False,continuous,active
924,ISO-22301,2019,5.5,5,Operation,Operation - Control 5,Operation - ضابط 5,The organization shall implement operation controls to ensure compliance with Business Continuity Management requirements.,يجب على المنظمة تطبيق ضوابط Operation لضمان الامتثال لمتطلبات إدارة استمرارية الأعمال,To establish effective operation practices,corrective,operational,1,critical,False,annually,active
925,ISO-22301,2019,6.5,6,Evaluation,Evaluation - Control 5,Evaluation - ضابط 5,The organization shall implement evaluation controls to ensure compliance with Business Continuity Management requirements.,يجب على المنظمة تطبيق ضوابط Evaluation لضمان الامتثال لمتطلبات إدارة استمرارية الأعمال,To establish effective evaluation practices,preventive,administrative,2,high,False,quarterly,active
926,ISO-22301,2019,7.5,7,Improvement,Improvement - Control 5,Improvement - ضابط 5,The organization shall implement improvement controls to ensure compliance with Business Continuity Management requirements.,يجب على المنظمة تطبيق ضوابط Improvement لضمان الامتثال لمتطلبات إدارة استمرارية الأعمال,To establish effective improvement practices,detective,technical,3,medium,False,monthly,active
927,ISO-22301,2019,1.6,1,Context,Context - Control 6,Context - ضابط 6,The organization shall implement context controls to ensure compliance with Business Continuity Management requirements.,يجب على المنظمة تطبيق ضوابط Context لضمان الامتثال لمتطلبات إدارة استمرارية الأعمال,To establish effective context practices,corrective,operational,4,low,False,continuous,active
928,ISO-22301,2019,2.6,2,Leadership,Leadership - Control 6,Leadership - ضابط 6,The organization shall implement leadership controls to ensure compliance with Business Continuity Management requirements.,يجب على المنظمة تطبيق ضوابط Leadership لضمان الامتثال لمتطلبات إدارة استمرارية الأعمال,To establish effective leadership practices,preventive,administrative,1,critical,False,annually,active
929,ISO-22301,2019,3.6,3,Planning,Planning - Control 6,Planning - ضابط 6,The organization shall implement planning controls to ensure compliance with Business Continuity Management requirements.,يجب على المنظمة تطبيق ضوابط Planning لضمان الامتثال لمتطلبات إدارة استمرارية الأعمال,To establish effective planning practices,detective,technical,2,high,False,quarterly,active
930,ISO-22301,2019,4.6,4,Support,Support - Control 6,Support - ضابط 6,The organization shall implement support controls to ensure compliance with Business Continuity Management requirements.,يجب على المنظمة تطبيق ضوابط Support لضمان الامتثال لمتطلبات إدارة استمرارية الأعمال,To establish effective support practices,corrective,operational,3,medium,False,monthly,active
931,ISO-22301,2019,5.6,5,Operation,Operation - Control 6,Operation - ضابط 6,The organization shall implement operation controls to ensure compliance with Business Continuity Management requirements.,يجب على المنظمة تطبيق ضوابط Operation لضمان الامتثال لمتطلبات إدارة استمرارية الأعمال,To establish effective operation practices,preventive,administrative,4,low,False,continuous,active
932,ISO-22301,2019,6.6,6,Evaluation,Evaluation - Control 6,Evaluation - ضابط 6,The organization shall implement evaluation controls to ensure compliance with Business Continuity Management requirements.,يجب على المنظمة تطبيق ضوابط Evaluation لضمان الامتثال لمتطلبات إدارة استمرارية الأعمال,To establish effective evaluation practices,detective,technical,1,critical,False,annually,active
933,ISO-22301,2019,7.6,7,Improvement,Improvement - Control 6,Improvement - ضابط 6,The organization shall implement improvement controls to ensure compliance with Business Continuity Management requirements.,يجب على المنظمة تطبيق ضوابط Improvement لضمان الامتثال لمتطلبات إدارة استمرارية الأعمال,To establish effective improvement practices,corrective,operational,2,high,False,quarterly,active
934,ISO-22301,2019,1.7,1,Context,Context - Control 7,Context - ضابط 7,The organization shall implement context controls to ensure compliance with Business Continuity Management requirements.,يجب على المنظمة تطبيق ضوابط Context لضمان الامتثال لمتطلبات إدارة استمرارية الأعمال,To establish effective context practices,preventive,administrative,3,medium,False,monthly,active
935,ISO-22301,2019,2.7,2,Leadership,Leadership - Control 7,Leadership - ضابط 7,The organization shall implement leadership controls to ensure compliance with Business Continuity Management requirements.,يجب على المنظمة تطبيق ضوابط Leadership لضمان الامتثال لمتطلبات إدارة استمرارية الأعمال,To establish effective leadership practices,detective,technical,4,low,False,continuous,active
936,ISO-22301,2019,3.7,3,Planning,Planning - Control 7,Planning - ضابط 7,The organization shall implement planning controls to ensure compliance with Business Continuity Management requirements.,يجب على المنظمة تطبيق ضوابط Planning لضمان الامتثال لمتطلبات إدارة استمرارية الأعمال,To establish effective planning practices,corrective,operational,1,critical,False,annually,active
937,ISO-22301,2019,4.7,4,Support,Support - Control 7,Support - ضابط 7,The organization shall implement support controls to ensure compliance with Business Continuity Management requirements.,يجب على المنظمة تطبيق ضوابط Support لضمان الامتثال لمتطلبات إدارة استمرارية الأعمال,To establish effective support practices,preventive,administrative,2,high,False,quarterly,active
938,ISO-22301,2019,5.7,5,Operation,Operation - Control 7,Operation - ضابط 7,The organization shall implement operation controls to ensure compliance with Business Continuity Management requirements.,يجب على المنظمة تطبيق ضوابط Operation لضمان الامتثال لمتطلبات إدارة استمرارية الأعمال,To establish effective operation practices,detective,technical,3,medium,False,monthly,active
939,ISO-22301,2019,6.7,6,Evaluation,Evaluation - Control 7,Evaluation - ضابط 7,The organization shall implement evaluation controls to ensure compliance with Business Continuity Management requirements.,يجب على المنظمة تطبيق ضوابط Evaluation لضمان الامتثال لمتطلبات إدارة استمرارية الأعمال,To establish effective evaluation practices,corrective,operational,4,low,False,continuous,active
940,ISO-22301,2019,7.7,7,Improvement,Improvement - Control 7,Improvement - ضابط 7,The organization shall implement improvement controls to ensure compliance with Business Continuity Management requirements.,يجب على المنظمة تطبيق ضوابط Improvement لضمان الامتثال لمتطلبات إدارة استمرارية الأعمال,To establish effective improvement practices,preventive,administrative,1,critical,False,annually,active
941,ISO-22301,2019,1.8,1,Context,Context - Control 8,Context - ضابط 8,The organization shall implement context controls to ensure compliance with Business Continuity Management requirements.,يجب على المنظمة تطبيق ضوابط Context لضمان الامتثال لمتطلبات إدارة استمرارية الأعمال,To establish effective context practices,detective,technical,2,high,False,quarterly,active
942,ISO-22301,2019,2.8,2,Leadership,Leadership - Control 8,Leadership - ضابط 8,The organization shall implement leadership controls to ensure compliance with Business Continuity Management requirements.,يجب على المنظمة تطبيق ضوابط Leadership لضمان الامتثال لمتطلبات إدارة استمرارية الأعمال,To establish effective leadership practices,corrective,operational,3,medium,False,monthly,active
943,ISO-22301,2019,3.8,3,Planning,Planning - Control 8,Planning - ضابط 8,The organization shall implement planning controls to ensure compliance with Business Continuity Management requirements.,يجب على المنظمة تطبيق ضوابط Planning لضمان الامتثال لمتطلبات إدارة استمرارية الأعمال,To establish effective planning practices,preventive,administrative,4,low,False,continuous,active
944,ISO-22301,2019,4.8,4,Support,Support - Control 8,Support - ضابط 8,The organization shall implement support controls to ensure compliance with Business Continuity Management requirements.,يجب على المنظمة تطبيق ضوابط Support لضمان الامتثال لمتطلبات إدارة استمرارية الأعمال,To establish effective support practices,detective,technical,1,critical,False,annually,active
945,ISO-22301,2019,5.8,5,Operation,Operation - Control 8,Operation - ضابط 8,The organization shall implement operation controls to ensure compliance with Business Continuity Management requirements.,يجب على المنظمة تطبيق ضوابط Operation لضمان الامتثال لمتطلبات إدارة استمرارية الأعمال,To establish effective operation practices,corrective,operational,2,high,False,quarterly,active
946,ISO-22301,2019,6.8,6,Evaluation,Evaluation - Control 8,Evaluation - ضابط 8,The organization shall implement evaluation controls to ensure compliance with Business Continuity Management requirements.,يجب على المنظمة تطبيق ضوابط Evaluation لضمان الامتثال لمتطلبات إدارة استمرارية الأعمال,To establish effective evaluation practices,preventive,administrative,3,medium,False,monthly,active
947,ISO-22301,2019,7.8,7,Improvement,Improvement - Control 8,Improvement - ضابط 8,The organization shall implement improvement controls to ensure compliance with Business Continuity Management requirements.,يجب على المنظمة تطبيق ضوابط Improvement لضمان الامتثال لمتطلبات إدارة استمرارية الأعمال,To establish effective improvement practices,detective,technical,4,low,False,continuous,active
948,ISO-22301,2019,1.9,1,Context,Context - Control 9,Context - ضابط 9,The organization shall implement context controls to ensure compliance with Business Continuity Management requirements.,يجب على المنظمة تطبيق ضوابط Context لضمان الامتثال لمتطلبات إدارة استمرارية الأعمال,To establish effective context practices,corrective,operational,1,critical,False,annually,active
949,ISO-22301,2019,2.9,2,Leadership,Leadership - Control 9,Leadership - ضابط 9,The organization shall implement leadership controls to ensure compliance with Business Continuity Management requirements.,يجب على المنظمة تطبيق ضوابط Leadership لضمان الامتثال لمتطلبات إدارة استمرارية الأعمال,To establish effective leadership practices,preventive,administrative,2,high,False,quarterly,active
950,ISO-22301,2019,3.9,3,Planning,Planning - Control 9,Planning - ضابط 9,The organization shall implement planning controls to ensure compliance with Business Continuity Management requirements.,يجب على المنظمة تطبيق ضوابط Planning لضمان الامتثال لمتطلبات إدارة استمرارية الأعمال,To establish effective planning practices,detective,technical,3,medium,False,monthly,active
951,ISO-22301,2019,4.9,4,Support,Support - Control 9,Support - ضابط 9,The organization shall implement support controls to ensure compliance with Business Continuity Management requirements.,يجب على المنظمة تطبيق ضوابط Support لضمان الامتثال لمتطلبات إدارة استمرارية الأعمال,To establish effective support practices,corrective,operational,4,low,False,continuous,active
952,ISO-22301,2019,5.9,5,Operation,Operation - Control 9,Operation - ضابط 9,The organization shall implement operation controls to ensure compliance with Business Continuity Management requirements.,يجب على المنظمة تطبيق ضوابط Operation لضمان الامتثال لمتطلبات إدارة استمرارية الأعمال,To establish effective operation practices,preventive,administrative,1,critical,False,annually,active
953,ISO-22301,2019,6.9,6,Evaluation,Evaluation - Control 9,Evaluation - ضابط 9,The organization shall implement evaluation controls to ensure compliance with Business Continuity Management requirements.,يجب على المنظمة تطبيق ضوابط Evaluation لضمان الامتثال لمتطلبات إدارة استمرارية الأعمال,To establish effective evaluation practices,detective,technical,2,high,False,quarterly,active
954,ISO-22301,2019,7.9,7,Improvement,Improvement - Control 9,Improvement - ضابط 9,The organization shall implement improvement controls to ensure compliance with Business Continuity Management requirements.,يجب على المنظمة تطبيق ضوابط Improvement لضمان الامتثال لمتطلبات إدارة استمرارية الأعمال,To establish effective improvement practices,corrective,operational,3,medium,False,monthly,active
955,ISO-22301,2019,1.10,1,Context,Context - Control 10,Context - ضابط 10,The organization shall implement context controls to ensure compliance with Business Continuity Management requirements.,يجب على المنظمة تطبيق ضوابط Context لضمان الامتثال لمتطلبات إدارة استمرارية الأعمال,To establish effective context practices,preventive,administrative,4,low,False,continuous,active
956,ISO-22301,2019,2.10,2,Leadership,Leadership - Control 10,Leadership - ضابط 10,The organization shall implement leadership controls to ensure compliance with Business Continuity Management requirements.,يجب على المنظمة تطبيق ضوابط Leadership لضمان الامتثال لمتطلبات إدارة استمرارية الأعمال,To establish effective leadership practices,detective,technical,1,critical,False,annually,active
957,ISO-22301,2019,3.10,3,Planning,Planning - Control 10,Planning - ضابط 10,The organization shall implement planning controls to ensure compliance with Business Continuity Management requirements.,يجب على المنظمة تطبيق ضوابط Planning لضمان الامتثال لمتطلبات إدارة استمرارية الأعمال,To establish effective planning practices,corrective,operational,2,high,False,quarterly,active
958,ISO-22301,2019,4.10,4,Support,Support - Control 10,Support - ضابط 10,The organization shall implement support controls to ensure compliance with Business Continuity Management requirements.,يجب على المنظمة تطبيق ضوابط Support لضمان الامتثال لمتطلبات إدارة استمرارية الأعمال,To establish effective support practices,preventive,administrative,3,medium,False,monthly,active
959,NIST-CSF,2.0,1.1,1,Govern,Govern - Control 1,Govern - ضابط 1,The organization shall implement govern controls to ensure compliance with Cybersecurity Framework requirements.,يجب على المنظمة تطبيق ضوابط Govern لضمان الامتثال لمتطلبات إطار الأمن السيبراني,To establish effective govern practices,preventive,administrative,1,critical,False,annually,active
960,NIST-CSF,2.0,2.1,2,Identify,Identify - Control 1,Identify - ضابط 1,The organization shall implement identify controls to ensure compliance with Cybersecurity Framework requirements.,يجب على المنظمة تطبيق ضوابط Identify لضمان الامتثال لمتطلبات إطار الأمن السيبراني,To establish effective identify practices,detective,technical,2,high,False,quarterly,active
961,NIST-CSF,2.0,3.1,3,Protect,Protect - Control 1,Protect - ضابط 1,The organization shall implement protect controls to ensure compliance with Cybersecurity Framework requirements.,يجب على المنظمة تطبيق ضوابط Protect لضمان الامتثال لمتطلبات إطار الأمن السيبراني,To establish effective protect practices,corrective,operational,3,medium,False,monthly,active
962,NIST-CSF,2.0,4.1,4,Detect,Detect - Control 1,Detect - ضابط 1,The organization shall implement detect controls to ensure compliance with Cybersecurity Framework requirements.,يجب على المنظمة تطبيق ضوابط Detect لضمان الامتثال لمتطلبات إطار الأمن السيبراني,To establish effective detect practices,preventive,administrative,4,low,False,continuous,active
963,NIST-CSF,2.0,5.1,5,Respond,Respond - Control 1,Respond - ضابط 1,The organization shall implement respond controls to ensure compliance with Cybersecurity Framework requirements.,يجب على المنظمة تطبيق ضوابط Respond لضمان الامتثال لمتطلبات إطار الأمن السيبراني,To establish effective respond practices,detective,technical,1,critical,False,annually,active
964,NIST-CSF,2.0,6.1,6,Recover,Recover - Control 1,Recover - ضابط 1,The organization shall implement recover controls to ensure compliance with Cybersecurity Framework requirements.,يجب على المنظمة تطبيق ضوابط Recover لضمان الامتثال لمتطلبات إطار الأمن السيبراني,To establish effective recover practices,corrective,operational,2,high,False,quarterly,active
965,NIST-CSF,2.0,1.2,1,Govern,Govern - Control 2,Govern - ضابط 2,The organization shall implement govern controls to ensure compliance with Cybersecurity Framework requirements.,يجب على المنظمة تطبيق ضوابط Govern لضمان الامتثال لمتطلبات إطار الأمن السيبراني,To establish effective govern practices,preventive,administrative,3,medium,False,monthly,active
966,NIST-CSF,2.0,2.2,2,Identify,Identify - Control 2,Identify - ضابط 2,The organization shall implement identify controls to ensure compliance with Cybersecurity Framework requirements.,يجب على المنظمة تطبيق ضوابط Identify لضمان الامتثال لمتطلبات إطار الأمن السيبراني,To establish effective identify practices,detective,technical,4,low,False,continuous,active
967,NIST-CSF,2.0,3.2,3,Protect,Protect - Control 2,Protect - ضابط 2,The organization shall implement protect controls to ensure compliance with Cybersecurity Framework requirements.,يجب على المنظمة تطبيق ضوابط Protect لضمان الامتثال لمتطلبات إطار الأمن السيبراني,To establish effective protect practices,corrective,operational,1,critical,False,annually,active
968,NIST-CSF,2.0,4.2,4,Detect,Detect - Control 2,Detect - ضابط 2,The organization shall implement detect controls to ensure compliance with Cybersecurity Framework requirements.,يجب على المنظمة تطبيق ضوابط Detect لضمان الامتثال لمتطلبات إطار الأمن السيبراني,To establish effective detect practices,preventive,administrative,2,high,False,quarterly,active
969,NIST-CSF,2.0,5.2,5,Respond,Respond - Control 2,Respond - ضابط 2,The organization shall implement respond controls to ensure compliance with Cybersecurity Framework requirements.,يجب على المنظمة تطبيق ضوابط Respond لضمان الامتثال لمتطلبات إطار الأمن السيبراني,To establish effective respond practices,detective,technical,3,medium,False,monthly,active
970,NIST-CSF,2.0,6.2,6,Recover,Recover - Control 2,Recover - ضابط 2,The organization shall implement recover controls to ensure compliance with Cybersecurity Framework requirements.,يجب على المنظمة تطبيق ضوابط Recover لضمان الامتثال لمتطلبات إطار الأمن السيبراني,To establish effective recover practices,corrective,operational,4,low,False,continuous,active
971,NIST-CSF,2.0,1.3,1,Govern,Govern - Control 3,Govern - ضابط 3,The organization shall implement govern controls to ensure compliance with Cybersecurity Framework requirements.,يجب على المنظمة تطبيق ضوابط Govern لضمان الامتثال لمتطلبات إطار الأمن السيبراني,To establish effective govern practices,preventive,administrative,1,critical,False,annually,active
972,NIST-CSF,2.0,2.3,2,Identify,Identify - Control 3,Identify - ضابط 3,The organization shall implement identify controls to ensure compliance with Cybersecurity Framework requirements.,يجب على المنظمة تطبيق ضوابط Identify لضمان الامتثال لمتطلبات إطار الأمن السيبراني,To establish effective identify practices,detective,technical,2,high,False,quarterly,active
973,NIST-CSF,2.0,3.3,3,Protect,Protect - Control 3,Protect - ضابط 3,The organization shall implement protect controls to ensure compliance with Cybersecurity Framework requirements.,يجب على المنظمة تطبيق ضوابط Protect لضمان الامتثال لمتطلبات إطار الأمن السيبراني,To establish effective protect practices,corrective,operational,3,medium,False,monthly,active
974,NIST-CSF,2.0,4.3,4,Detect,Detect - Control 3,Detect - ضابط 3,The organization shall implement detect controls to ensure compliance with Cybersecurity Framework requirements.,يجب على المنظمة تطبيق ضوابط Detect لضمان الامتثال لمتطلبات إطار الأمن السيبراني,To establish effective detect practices,preventive,administrative,4,low,False,continuous,active
975,NIST-CSF,2.0,5.3,5,Respond,Respond - Control 3,Respond - ضابط 3,The organization shall implement respond controls to ensure compliance with Cybersecurity Framework requirements.,يجب على المنظمة تطبيق ضوابط Respond لضمان الامتثال لمتطلبات إطار الأمن السيبراني,To establish effective respond practices,detective,technical,1,critical,False,annually,active
976,NIST-CSF,2.0,6.3,6,Recover,Recover - Control 3,Recover - ضابط 3,The organization shall implement recover controls to ensure compliance with Cybersecurity Framework requirements.,يجب على المنظمة تطبيق ضوابط Recover لضمان الامتثال لمتطلبات إطار الأمن السيبراني,To establish effective recover practices,corrective,operational,2,high,False,quarterly,active
977,NIST-CSF,2.0,1.4,1,Govern,Govern - Control 4,Govern - ضابط 4,The organization shall implement govern controls to ensure compliance with Cybersecurity Framework requirements.,يجب على المنظمة تطبيق ضوابط Govern لضمان الامتثال لمتطلبات إطار الأمن السيبراني,To establish effective govern practices,preventive,administrative,3,medium,False,monthly,active
978,NIST-CSF,2.0,2.4,2,Identify,Identify - Control 4,Identify - ضابط 4,The organization shall implement identify controls to ensure compliance with Cybersecurity Framework requirements.,يجب على المنظمة تطبيق ضوابط Identify لضمان الامتثال لمتطلبات إطار الأمن السيبراني,To establish effective identify practices,detective,technical,4,low,False,continuous,active
979,NIST-CSF,2.0,3.4,3,Protect,Protect - Control 4,Protect - ضابط 4,The organization shall implement protect controls to ensure compliance with Cybersecurity Framework requirements.,يجب على المنظمة تطبيق ضوابط Protect لضمان الامتثال لمتطلبات إطار الأمن السيبراني,To establish effective protect practices,corrective,operational,1,critical,False,annually,active
980,NIST-CSF,2.0,4.4,4,Detect,Detect - Control 4,Detect - ضابط 4,The organization shall implement detect controls to ensure compliance with Cybersecurity Framework requirements.,يجب على المنظمة تطبيق ضوابط Detect لضمان الامتثال لمتطلبات إطار الأمن السيبراني,To establish effective detect practices,preventive,administrative,2,high,False,quarterly,active
981,NIST-CSF,2.0,5.4,5,Respond,Respond - Control 4,Respond - ضابط 4,The organization shall implement respond controls to ensure compliance with Cybersecurity Framework requirements.,يجب على المنظمة تطبيق ضوابط Respond لضمان الامتثال لمتطلبات إطار الأمن السيبراني,To establish effective respond practices,detective,technical,3,medium,False,monthly,active
982,NIST-CSF,2.0,6.4,6,Recover,Recover - Control 4,Recover - ضابط 4,The organization shall implement recover controls to ensure compliance with Cybersecurity Framework requirements.,يجب على المنظمة تطبيق ضوابط Recover لضمان الامتثال لمتطلبات إطار الأمن السيبراني,To establish effective recover practices,corrective,operational,4,low,False,continuous,active
983,NIST-CSF,2.0,1.5,1,Govern,Govern - Control 5,Govern - ضابط 5,The organization shall implement govern controls to ensure compliance with Cybersecurity Framework requirements.,يجب على المنظمة تطبيق ضوابط Govern لضمان الامتثال لمتطلبات إطار الأمن السيبراني,To establish effective govern practices,preventive,administrative,1,critical,False,annually,active
984,NIST-CSF,2.0,2.5,2,Identify,Identify - Control 5,Identify - ضابط 5,The organization shall implement identify controls to ensure compliance with Cybersecurity Framework requirements.,يجب على المنظمة تطبيق ضوابط Identify لضمان الامتثال لمتطلبات إطار الأمن السيبراني,To establish effective identify practices,detective,technical,2,high,False,quarterly,active
985,NIST-CSF,2.0,3.5,3,Protect,Protect - Control 5,Protect - ضابط 5,The organization shall implement protect controls to ensure compliance with Cybersecurity Framework requirements.,يجب على المنظمة تطبيق ضوابط Protect لضمان الامتثال لمتطلبات إطار الأمن السيبراني,To establish effective protect practices,corrective,operational,3,medium,False,monthly,active
986,NIST-CSF,2.0,4.5,4,Detect,Detect - Control 5,Detect - ضابط 5,The organization shall implement detect controls to ensure compliance with Cybersecurity Framework requirements.,يجب على المنظمة تطبيق ضوابط Detect لضمان الامتثال لمتطلبات إطار الأمن السيبراني,To establish effective detect practices,preventive,administrative,4,low,False,continuous,active
987,NIST-CSF,2.0,5.5,5,Respond,Respond - Control 5,Respond - ضابط 5,The organization shall implement respond controls to ensure compliance with Cybersecurity Framework requirements.,يجب على المنظمة تطبيق ضوابط Respond لضمان الامتثال لمتطلبات إطار الأمن السيبراني,To establish effective respond practices,detective,technical,1,critical,False,annually,active
988,NIST-CSF,2.0,6.5,6,Recover,Recover - Control 5,Recover - ضابط 5,The organization shall implement recover controls to ensure compliance with Cybersecurity Framework requirements.,يجب على المنظمة تطبيق ضوابط Recover لضمان الامتثال لمتطلبات إطار الأمن السيبراني,To establish effective recover practices,corrective,operational,2,high,False,quarterly,active
989,NIST-CSF,2.0,1.6,1,Govern,Govern - Control 6,Govern - ضابط 6,The organization shall implement govern controls to ensure compliance with Cybersecurity Framework requirements.,يجب على المنظمة تطبيق ضوابط Govern لضمان الامتثال لمتطلبات إطار الأمن السيبراني,To establish effective govern practices,preventive,administrative,3,medium,False,monthly,active
990,NIST-CSF,2.0,2.6,2,Identify,Identify - Control 6,Identify - ضابط 6,The organization shall implement identify controls to ensure compliance with Cybersecurity Framework requirements.,يجب على المنظمة تطبيق ضوابط Identify لضمان الامتثال لمتطلبات إطار الأمن السيبراني,To establish effective identify practices,detective,technical,4,low,False,continuous,active
991,NIST-CSF,2.0,3.6,3,Protect,Protect - Control 6,Protect - ضابط 6,The organization shall implement protect controls to ensure compliance with Cybersecurity Framework requirements.,يجب على المنظمة تطبيق ضوابط Protect لضمان الامتثال لمتطلبات إطار الأمن السيبراني,To establish effective protect practices,corrective,operational,1,critical,False,annually,active
992,NIST-CSF,2.0,4.6,4,Detect,Detect - Control 6,Detect - ضابط 6,The organization shall implement detect controls to ensure compliance with Cybersecurity Framework requirements.,يجب على المنظمة تطبيق ضوابط Detect لضمان الامتثال لمتطلبات إطار الأمن السيبراني,To establish effective detect practices,preventive,administrative,2,high,False,quarterly,active
993,NIST-CSF,2.0,5.6,5,Respond,Respond - Control 6,Respond - ضابط 6,The organization shall implement respond controls to ensure compliance with Cybersecurity Framework requirements.,يجب على المنظمة تطبيق ضوابط Respond لضمان الامتثال لمتطلبات إطار الأمن السيبراني,To establish effective respond practices,detective,technical,3,medium,False,monthly,active
994,NIST-CSF,2.0,6.6,6,Recover,Recover - Control 6,Recover - ضابط 6,The organization shall implement recover controls to ensure compliance with Cybersecurity Framework requirements.,يجب على المنظمة تطبيق ضوابط Recover لضمان الامتثال لمتطلبات إطار الأمن السيبراني,To establish effective recover practices,corrective,operational,4,low,False,continuous,active
995,NIST-CSF,2.0,1.7,1,Govern,Govern - Control 7,Govern - ضابط 7,The organization shall implement govern controls to ensure compliance with Cybersecurity Framework requirements.,يجب على المنظمة تطبيق ضوابط Govern لضمان الامتثال لمتطلبات إطار الأمن السيبراني,To establish effective govern practices,preventive,administrative,1,critical,False,annually,active
996,NIST-CSF,2.0,2.7,2,Identify,Identify - Control 7,Identify - ضابط 7,The organization shall implement identify controls to ensure compliance with Cybersecurity Framework requirements.,يجب على المنظمة تطبيق ضوابط Identify لضمان الامتثال لمتطلبات إطار الأمن السيبراني,To establish effective identify practices,detective,technical,2,high,False,quarterly,active
997,NIST-CSF,2.0,3.7,3,Protect,Protect - Control 7,Protect - ضابط 7,The organization shall implement protect controls to ensure compliance with Cybersecurity Framework requirements.,يجب على المنظمة تطبيق ضوابط Protect لضمان الامتثال لمتطلبات إطار الأمن السيبراني,To establish effective protect practices,corrective,operational,3,medium,False,monthly,active
998,NIST-CSF,2.0,4.7,4,Detect,Detect - Control 7,Detect - ضابط 7,The organization shall implement detect controls to ensure compliance with Cybersecurity Framework requirements.,يجب على المنظمة تطبيق ضوابط Detect لضمان الامتثال لمتطلبات إطار الأمن السيبراني,To establish effective detect practices,preventive,administrative,4,low,False,continuous,active
999,NIST-CSF,2.0,5.7,5,Respond,Respond - Control 7,Respond - ضابط 7,The organization shall implement respond controls to ensure compliance with Cybersecurity Framework requirements.,يجب على المنظمة تطبيق ضوابط Respond لضمان الامتثال لمتطلبات إطار الأمن السيبراني,To establish effective respond practices,detective,technical,1,critical,False,annually,active
1000,NIST-CSF,2.0,6.7,6,Recover,Recover - Control 7,Recover - ضابط 7,The organization shall implement recover controls to ensure compliance with Cybersecurity Framework requirements.,يجب على المنظمة تطبيق ضوابط Recover لضمان الامتثال لمتطلبات إطار الأمن السيبراني,To establish effective recover practices,corrective,operational,2,high,False,quarterly,active
1001,NIST-CSF,2.0,1.8,1,Govern,Govern - Control 8,Govern - ضابط 8,The organization shall implement govern controls to ensure compliance with Cybersecurity Framework requirements.,يجب على المنظمة تطبيق ضوابط Govern لضمان الامتثال لمتطلبات إطار الأمن السيبراني,To establish effective govern practices,preventive,administrative,3,medium,False,monthly,active
1002,NIST-CSF,2.0,2.8,2,Identify,Identify - Control 8,Identify - ضابط 8,The organization shall implement identify controls to ensure compliance with Cybersecurity Framework requirements.,يجب على المنظمة تطبيق ضوابط Identify لضمان الامتثال لمتطلبات إطار الأمن السيبراني,To establish effective identify practices,detective,technical,4,low,False,continuous,active
1003,NIST-CSF,2.0,3.8,3,Protect,Protect - Control 8,Protect - ضابط 8,The organization shall implement protect controls to ensure compliance with Cybersecurity Framework requirements.,يجب على المنظمة تطبيق ضوابط Protect لضمان الامتثال لمتطلبات إطار الأمن السيبراني,To establish effective protect practices,corrective,operational,1,critical,False,annually,active
1004,NIST-CSF,2.0,4.8,4,Detect,Detect - Control 8,Detect - ضابط 8,The organization shall implement detect controls to ensure compliance with Cybersecurity Framework requirements.,يجب على المنظمة تطبيق ضوابط Detect لضمان الامتثال لمتطلبات إطار الأمن السيبراني,To establish effective detect practices,preventive,administrative,2,high,False,quarterly,active
1005,NIST-CSF,2.0,5.8,5,Respond,Respond - Control 8,Respond - ضابط 8,The organization shall implement respond controls to ensure compliance with Cybersecurity Framework requirements.,يجب على المنظمة تطبيق ضوابط Respond لضمان الامتثال لمتطلبات إطار الأمن السيبراني,To establish effective respond practices,detective,technical,3,medium,False,monthly,active
1006,NIST-CSF,2.0,6.8,6,Recover,Recover - Control 8,Recover - ضابط 8,The organization shall implement recover controls to ensure compliance with Cybersecurity Framework requirements.,يجب على المنظمة تطبيق ضوابط Recover لضمان الامتثال لمتطلبات إطار الأمن السيبراني,To establish effective recover practices,corrective,operational,4,low,False,continuous,active
1007,NIST-CSF,2.0,1.9,1,Govern,Govern - Control 9,Govern - ضابط 9,The organization shall implement govern controls to ensure compliance with Cybersecurity Framework requirements.,يجب على المنظمة تطبيق ضوابط Govern لضمان الامتثال لمتطلبات إطار الأمن السيبراني,To establish effective govern practices,preventive,administrative,1,critical,False,annually,active
1008,NIST-CSF,2.0,2.9,2,Identify,Identify - Control 9,Identify - ضابط 9,The organization shall implement identify controls to ensure compliance with Cybersecurity Framework requirements.,يجب على المنظمة تطبيق ضوابط Identify لضمان الامتثال لمتطلبات إطار الأمن السيبراني,To establish effective identify practices,detective,technical,2,high,False,quarterly,active
1009,NIST-CSF,2.0,3.9,3,Protect,Protect - Control 9,Protect - ضابط 9,The organization shall implement protect controls to ensure compliance with Cybersecurity Framework requirements.,يجب على المنظمة تطبيق ضوابط Protect لضمان الامتثال لمتطلبات إطار الأمن السيبراني,To establish effective protect practices,corrective,operational,3,medium,False,monthly,active
1010,NIST-CSF,2.0,4.9,4,Detect,Detect - Control 9,Detect - ضابط 9,The organization shall implement detect controls to ensure compliance with Cybersecurity Framework requirements.,يجب على المنظمة تطبيق ضوابط Detect لضمان الامتثال لمتطلبات إطار الأمن السيبراني,To establish effective detect practices,preventive,administrative,4,low,False,continuous,active
1011,NIST-CSF,2.0,5.9,5,Respond,Respond - Control 9,Respond - ضابط 9,The organization shall implement respond controls to ensure compliance with Cybersecurity Framework requirements.,يجب على المنظمة تطبيق ضوابط Respond لضمان الامتثال لمتطلبات إطار الأمن السيبراني,To establish effective respond practices,detective,technical,1,critical,False,annually,active
1012,NIST-CSF,2.0,6.9,6,Recover,Recover - Control 9,Recover - ضابط 9,The organization shall implement recover controls to ensure compliance with Cybersecurity Framework requirements.,يجب على المنظمة تطبيق ضوابط Recover لضمان الامتثال لمتطلبات إطار الأمن السيبراني,To establish effective recover practices,corrective,operational,2,high,False,quarterly,active
1013,NIST-CSF,2.0,1.10,1,Govern,Govern - Control 10,Govern - ضابط 10,The organization shall implement govern controls to ensure compliance with Cybersecurity Framework requirements.,يجب على المنظمة تطبيق ضوابط Govern لضمان الامتثال لمتطلبات إطار الأمن السيبراني,To establish effective govern practices,preventive,administrative,3,medium,False,monthly,active
1014,NIST-CSF,2.0,2.10,2,Identify,Identify - Control 10,Identify - ضابط 10,The organization shall implement identify controls to ensure compliance with Cybersecurity Framework requirements.,يجب على المنظمة تطبيق ضوابط Identify لضمان الامتثال لمتطلبات إطار الأمن السيبراني,To establish effective identify practices,detective,technical,4,low,False,continuous,active
1015,NIST-CSF,2.0,3.10,3,Protect,Protect - Control 10,Protect - ضابط 10,The organization shall implement protect controls to ensure compliance with Cybersecurity Framework requirements.,يجب على المنظمة تطبيق ضوابط Protect لضمان الامتثال لمتطلبات إطار الأمن السيبراني,To establish effective protect practices,corrective,operational,1,critical,False,annually,active
1016,NIST-CSF,2.0,4.10,4,Detect,Detect - Control 10,Detect - ضابط 10,The organization shall implement detect controls to ensure compliance with Cybersecurity Framework requirements.,يجب على المنظمة تطبيق ضوابط Detect لضمان الامتثال لمتطلبات إطار الأمن السيبراني,To establish effective detect practices,preventive,administrative,2,high,False,quarterly,active
1017,NIST-CSF,2.0,5.10,5,Respond,Respond - Control 10,Respond - ضابط 10,The organization shall implement respond controls to ensure compliance with Cybersecurity Framework requirements.,يجب على المنظمة تطبيق ضوابط Respond لضمان الامتثال لمتطلبات إطار الأمن السيبراني,To establish effective respond practices,detective,technical,3,medium,False,monthly,active
1018,NIST-CSF,2.0,6.10,6,Recover,Recover - Control 10,Recover - ضابط 10,The organization shall implement recover controls to ensure compliance with Cybersecurity Framework requirements.,يجب على المنظمة تطبيق ضوابط Recover لضمان الامتثال لمتطلبات إطار الأمن السيبراني,To establish effective recover practices,corrective,operational,4,low,False,continuous,active
1019,NIST-CSF,2.0,1.11,1,Govern,Govern - Control 11,Govern - ضابط 11,The organization shall implement govern controls to ensure compliance with Cybersecurity Framework requirements.,يجب على المنظمة تطبيق ضوابط Govern لضمان الامتثال لمتطلبات إطار الأمن السيبراني,To establish effective govern practices,preventive,administrative,1,critical,False,annually,active
1020,NIST-CSF,2.0,2.11,2,Identify,Identify - Control 11,Identify - ضابط 11,The organization shall implement identify controls to ensure compliance with Cybersecurity Framework requirements.,يجب على المنظمة تطبيق ضوابط Identify لضمان الامتثال لمتطلبات إطار الأمن السيبراني,To establish effective identify practices,detective,technical,2,high,False,quarterly,active
1021,NIST-CSF,2.0,3.11,3,Protect,Protect - Control 11,Protect - ضابط 11,The organization shall implement protect controls to ensure compliance with Cybersecurity Framework requirements.,يجب على المنظمة تطبيق ضوابط Protect لضمان الامتثال لمتطلبات إطار الأمن السيبراني,To establish effective protect practices,corrective,operational,3,medium,False,monthly,active
1022,NIST-CSF,2.0,4.11,4,Detect,Detect - Control 11,Detect - ضابط 11,The organization shall implement detect controls to ensure compliance with Cybersecurity Framework requirements.,يجب على المنظمة تطبيق ضوابط Detect لضمان الامتثال لمتطلبات إطار الأمن السيبراني,To establish effective detect practices,preventive,administrative,4,low,False,continuous,active
1023,NIST-CSF,2.0,5.11,5,Respond,Respond - Control 11,Respond - ضابط 11,The organization shall implement respond controls to ensure compliance with Cybersecurity Framework requirements.,يجب على المنظمة تطبيق ضوابط Respond لضمان الامتثال لمتطلبات إطار الأمن السيبراني,To establish effective respond practices,detective,technical,1,critical,False,annually,active
1024,NIST-CSF,2.0,6.11,6,Recover,Recover - Control 11,Recover - ضابط 11,The organization shall implement recover controls to ensure compliance with Cybersecurity Framework requirements.,يجب على المنظمة تطبيق ضوابط Recover لضمان الامتثال لمتطلبات إطار الأمن السيبراني,To establish effective recover practices,corrective,operational,2,high,False,quarterly,active
1025,NIST-CSF,2.0,1.12,1,Govern,Govern - Control 12,Govern - ضابط 12,The organization shall implement govern controls to ensure compliance with Cybersecurity Framework requirements.,يجب على المنظمة تطبيق ضوابط Govern لضمان الامتثال لمتطلبات إطار الأمن السيبراني,To establish effective govern practices,preventive,administrative,3,medium,False,monthly,active
1026,NIST-CSF,2.0,2.12,2,Identify,Identify - Control 12,Identify - ضابط 12,The organization shall implement identify controls to ensure compliance with Cybersecurity Framework requirements.,يجب على المنظمة تطبيق ضوابط Identify لضمان الامتثال لمتطلبات إطار الأمن السيبراني,To establish effective identify practices,detective,technical,4,low,False,continuous,active
1027,NIST-CSF,2.0,3.12,3,Protect,Protect - Control 12,Protect - ضابط 12,The organization shall implement protect controls to ensure compliance with Cybersecurity Framework requirements.,يجب على المنظمة تطبيق ضوابط Protect لضمان الامتثال لمتطلبات إطار الأمن السيبراني,To establish effective protect practices,corrective,operational,1,critical,False,annually,active
1028,NIST-CSF,2.0,4.12,4,Detect,Detect - Control 12,Detect - ضابط 12,The organization shall implement detect controls to ensure compliance with Cybersecurity Framework requirements.,يجب على المنظمة تطبيق ضوابط Detect لضمان الامتثال لمتطلبات إطار الأمن السيبراني,To establish effective detect practices,preventive,administrative,2,high,False,quarterly,active
1029,NIST-CSF,2.0,5.12,5,Respond,Respond - Control 12,Respond - ضابط 12,The organization shall implement respond controls to ensure compliance with Cybersecurity Framework requirements.,يجب على المنظمة تطبيق ضوابط Respond لضمان الامتثال لمتطلبات إطار الأمن السيبراني,To establish effective respond practices,detective,technical,3,medium,False,monthly,active
1030,NIST-CSF,2.0,6.12,6,Recover,Recover - Control 12,Recover - ضابط 12,The organization shall implement recover controls to ensure compliance with Cybersecurity Framework requirements.,يجب على المنظمة تطبيق ضوابط Recover لضمان الامتثال لمتطلبات إطار الأمن السيبراني,To establish effective recover practices,corrective,operational,4,low,False,continuous,active
1031,NIST-CSF,2.0,1.13,1,Govern,Govern - Control 13,Govern - ضابط 13,The organization shall implement govern controls to ensure compliance with Cybersecurity Framework requirements.,يجب على المنظمة تطبيق ضوابط Govern لضمان الامتثال لمتطلبات إطار الأمن السيبراني,To establish effective govern practices,preventive,administrative,1,critical,False,annually,active
1032,NIST-CSF,2.0,2.13,2,Identify,Identify - Control 13,Identify - ضابط 13,The organization shall implement identify controls to ensure compliance with Cybersecurity Framework requirements.,يجب على المنظمة تطبيق ضوابط Identify لضمان الامتثال لمتطلبات إطار الأمن السيبراني,To establish effective identify practices,detective,technical,2,high,False,quarterly,active
1033,NIST-CSF,2.0,3.13,3,Protect,Protect - Control 13,Protect - ضابط 13,The organization shall implement protect controls to ensure compliance with Cybersecurity Framework requirements.,يجب على المنظمة تطبيق ضوابط Protect لضمان الامتثال لمتطلبات إطار الأمن السيبراني,To establish effective protect practices,corrective,operational,3,medium,False,monthly,active
1034,NIST-CSF,2.0,4.13,4,Detect,Detect - Control 13,Detect - ضابط 13,The organization shall implement detect controls to ensure compliance with Cybersecurity Framework requirements.,يجب على المنظمة تطبيق ضوابط Detect لضمان الامتثال لمتطلبات إطار الأمن السيبراني,To establish effective detect practices,preventive,administrative,4,low,False,continuous,active
1035,NIST-CSF,2.0,5.13,5,Respond,Respond - Control 13,Respond - ضابط 13,The organization shall implement respond controls to ensure compliance with Cybersecurity Framework requirements.,يجب على المنظمة تطبيق ضوابط Respond لضمان الامتثال لمتطلبات إطار الأمن السيبراني,To establish effective respond practices,detective,technical,1,critical,False,annually,active
1036,NIST-CSF,2.0,6.13,6,Recover,Recover - Control 13,Recover - ضابط 13,The organization shall implement recover controls to ensure compliance with Cybersecurity Framework requirements.,يجب على المنظمة تطبيق ضوابط Recover لضمان الامتثال لمتطلبات إطار الأمن السيبراني,To establish effective recover practices,corrective,operational,2,high,False,quarterly,active
1037,NIST-CSF,2.0,1.14,1,Govern,Govern - Control 14,Govern - ضابط 14,The organization shall implement govern controls to ensure compliance with Cybersecurity Framework requirements.,يجب على المنظمة تطبيق ضوابط Govern لضمان الامتثال لمتطلبات إطار الأمن السيبراني,To establish effective govern practices,preventive,administrative,3,medium,False,monthly,active
1038,NIST-CSF,2.0,2.14,2,Identify,Identify - Control 14,Identify - ضابط 14,The organization shall implement identify controls to ensure compliance with Cybersecurity Framework requirements.,يجب على المنظمة تطبيق ضوابط Identify لضمان الامتثال لمتطلبات إطار الأمن السيبراني,To establish effective identify practices,detective,technical,4,low,False,continuous,active
1039,NIST-CSF,2.0,3.14,3,Protect,Protect - Control 14,Protect - ضابط 14,The organization shall implement protect controls to ensure compliance with Cybersecurity Framework requirements.,يجب على المنظمة تطبيق ضوابط Protect لضمان الامتثال لمتطلبات إطار الأمن السيبراني,To establish effective protect practices,corrective,operational,1,critical,False,annually,active
1040,NIST-CSF,2.0,4.14,4,Detect,Detect - Control 14,Detect - ضابط 14,The organization shall implement detect controls to ensure compliance with Cybersecurity Framework requirements.,يجب على المنظمة تطبيق ضوابط Detect لضمان الامتثال لمتطلبات إطار الأمن السيبراني,To establish effective detect practices,preventive,administrative,2,high,False,quarterly,active
1041,NIST-CSF,2.0,5.14,5,Respond,Respond - Control 14,Respond - ضابط 14,The organization shall implement respond controls to ensure compliance with Cybersecurity Framework requirements.,يجب على المنظمة تطبيق ضوابط Respond لضمان الامتثال لمتطلبات إطار الأمن السيبراني,To establish effective respond practices,detective,technical,3,medium,False,monthly,active
1042,NIST-CSF,2.0,6.14,6,Recover,Recover - Control 14,Recover - ضابط 14,The organization shall implement recover controls to ensure compliance with Cybersecurity Framework requirements.,يجب على المنظمة تطبيق ضوابط Recover لضمان الامتثال لمتطلبات إطار الأمن السيبراني,To establish effective recover practices,corrective,operational,4,low,False,continuous,active
1043,NIST-CSF,2.0,1.15,1,Govern,Govern - Control 15,Govern - ضابط 15,The organization shall implement govern controls to ensure compliance with Cybersecurity Framework requirements.,يجب على المنظمة تطبيق ضوابط Govern لضمان الامتثال لمتطلبات إطار الأمن السيبراني,To establish effective govern practices,preventive,administrative,1,critical,False,annually,active
1044,NIST-CSF,2.0,2.15,2,Identify,Identify - Control 15,Identify - ضابط 15,The organization shall implement identify controls to ensure compliance with Cybersecurity Framework requirements.,يجب على المنظمة تطبيق ضوابط Identify لضمان الامتثال لمتطلبات إطار الأمن السيبراني,To establish effective identify practices,detective,technical,2,high,False,quarterly,active
1045,NIST-CSF,2.0,3.15,3,Protect,Protect - Control 15,Protect - ضابط 15,The organization shall implement protect controls to ensure compliance with Cybersecurity Framework requirements.,يجب على المنظمة تطبيق ضوابط Protect لضمان الامتثال لمتطلبات إطار الأمن السيبراني,To establish effective protect practices,corrective,operational,3,medium,False,monthly,active
1046,NIST-CSF,2.0,4.15,4,Detect,Detect - Control 15,Detect - ضابط 15,The organization shall implement detect controls to ensure compliance with Cybersecurity Framework requirements.,يجب على المنظمة تطبيق ضوابط Detect لضمان الامتثال لمتطلبات إطار الأمن السيبراني,To establish effective detect practices,preventive,administrative,4,low,False,continuous,active
1047,NIST-CSF,2.0,5.15,5,Respond,Respond - Control 15,Respond - ضابط 15,The organization shall implement respond controls to ensure compliance with Cybersecurity Framework requirements.,يجب على المنظمة تطبيق ضوابط Respond لضمان الامتثال لمتطلبات إطار الأمن السيبراني,To establish effective respond practices,detective,technical,1,critical,False,annually,active
1048,NIST-CSF,2.0,6.15,6,Recover,Recover - Control 15,Recover - ضابط 15,The organization shall implement recover controls to ensure compliance with Cybersecurity Framework requirements.,يجب على المنظمة تطبيق ضوابط Recover لضمان الامتثال لمتطلبات إطار الأمن السيبراني,To establish effective recover practices,corrective,operational,2,high,False,quarterly,active
1049,NIST-CSF,2.0,1.16,1,Govern,Govern - Control 16,Govern - ضابط 16,The organization shall implement govern controls to ensure compliance with Cybersecurity Framework requirements.,يجب على المنظمة تطبيق ضوابط Govern لضمان الامتثال لمتطلبات إطار الأمن السيبراني,To establish effective govern practices,preventive,administrative,3,medium,False,monthly,active
1050,NIST-CSF,2.0,2.16,2,Identify,Identify - Control 16,Identify - ضابط 16,The organization shall implement identify controls to ensure compliance with Cybersecurity Framework requirements.,يجب على المنظمة تطبيق ضوابط Identify لضمان الامتثال لمتطلبات إطار الأمن السيبراني,To establish effective identify practices,detective,technical,4,low,False,continuous,active
1051,NIST-CSF,2.0,3.16,3,Protect,Protect - Control 16,Protect - ضابط 16,The organization shall implement protect controls to ensure compliance with Cybersecurity Framework requirements.,يجب على المنظمة تطبيق ضوابط Protect لضمان الامتثال لمتطلبات إطار الأمن السيبراني,To establish effective protect practices,corrective,operational,1,critical,False,annually,active
1052,NIST-CSF,2.0,4.16,4,Detect,Detect - Control 16,Detect - ضابط 16,The organization shall implement detect controls to ensure compliance with Cybersecurity Framework requirements.,يجب على المنظمة تطبيق ضوابط Detect لضمان الامتثال لمتطلبات إطار الأمن السيبراني,To establish effective detect practices,preventive,administrative,2,high,False,quarterly,active
1053,NIST-CSF,2.0,5.16,5,Respond,Respond - Control 16,Respond - ضابط 16,The organization shall implement respond controls to ensure compliance with Cybersecurity Framework requirements.,يجب على المنظمة تطبيق ضوابط Respond لضمان الامتثال لمتطلبات إطار الأمن السيبراني,To establish effective respond practices,detective,technical,3,medium,False,monthly,active
1054,NIST-CSF,2.0,6.16,6,Recover,Recover - Control 16,Recover - ضابط 16,The organization shall implement recover controls to ensure compliance with Cybersecurity Framework requirements.,يجب على المنظمة تطبيق ضوابط Recover لضمان الامتثال لمتطلبات إطار الأمن السيبراني,To establish effective recover practices,corrective,operational,4,low,False,continuous,active
1055,NIST-CSF,2.0,1.17,1,Govern,Govern - Control 17,Govern - ضابط 17,The organization shall implement govern controls to ensure compliance with Cybersecurity Framework requirements.,يجب على المنظمة تطبيق ضوابط Govern لضمان الامتثال لمتطلبات إطار الأمن السيبراني,To establish effective govern practices,preventive,administrative,1,critical,False,annually,active
1056,NIST-CSF,2.0,2.17,2,Identify,Identify - Control 17,Identify - ضابط 17,The organization shall implement identify controls to ensure compliance with Cybersecurity Framework requirements.,يجب على المنظمة تطبيق ضوابط Identify لضمان الامتثال لمتطلبات إطار الأمن السيبراني,To establish effective identify practices,detective,technical,2,high,False,quarterly,active
1057,NIST-CSF,2.0,3.17,3,Protect,Protect - Control 17,Protect - ضابط 17,The organization shall implement protect controls to ensure compliance with Cybersecurity Framework requirements.,يجب على المنظمة تطبيق ضوابط Protect لضمان الامتثال لمتطلبات إطار الأمن السيبراني,To establish effective protect practices,corrective,operational,3,medium,False,monthly,active
1058,NIST-CSF,2.0,4.17,4,Detect,Detect - Control 17,Detect - ضابط 17,The organization shall implement detect controls to ensure compliance with Cybersecurity Framework requirements.,يجب على المنظمة تطبيق ضوابط Detect لضمان الامتثال لمتطلبات إطار الأمن السيبراني,To establish effective detect practices,preventive,administrative,4,low,False,continuous,active
1059,NIST-CSF,2.0,5.17,5,Respond,Respond - Control 17,Respond - ضابط 17,The organization shall implement respond controls to ensure compliance with Cybersecurity Framework requirements.,يجب على المنظمة تطبيق ضوابط Respond لضمان الامتثال لمتطلبات إطار الأمن السيبراني,To establish effective respond practices,detective,technical,1,critical,False,annually,active
1060,NIST-CSF,2.0,6.17,6,Recover,Recover - Control 17,Recover - ضابط 17,The organization shall implement recover controls to ensure compliance with Cybersecurity Framework requirements.,يجب على المنظمة تطبيق ضوابط Recover لضمان الامتثال لمتطلبات إطار الأمن السيبراني,To establish effective recover practices,corrective,operational,2,high,False,quarterly,active
1061,NIST-CSF,2.0,1.18,1,Govern,Govern - Control 18,Govern - ضابط 18,The organization shall implement govern controls to ensure compliance with Cybersecurity Framework requirements.,يجب على المنظمة تطبيق ضوابط Govern لضمان الامتثال لمتطلبات إطار الأمن السيبراني,To establish effective govern practices,preventive,administrative,3,medium,False,monthly,active
1062,NIST-CSF,2.0,2.18,2,Identify,Identify - Control 18,Identify - ضابط 18,The organization shall implement identify controls to ensure compliance with Cybersecurity Framework requirements.,يجب على المنظمة تطبيق ضوابط Identify لضمان الامتثال لمتطلبات إطار الأمن السيبراني,To establish effective identify practices,detective,technical,4,low,False,continuous,active
1063,NIST-CSF,2.0,3.18,3,Protect,Protect - Control 18,Protect - ضابط 18,The organization shall implement protect controls to ensure compliance with Cybersecurity Framework requirements.,يجب على المنظمة تطبيق ضوابط Protect لضمان الامتثال لمتطلبات إطار الأمن السيبراني,To establish effective protect practices,corrective,operational,1,critical,False,annually,active
1064,NIST-CSF,2.0,4.18,4,Detect,Detect - Control 18,Detect - ضابط 18,The organization shall implement detect controls to ensure compliance with Cybersecurity Framework requirements.,يجب على المنظمة تطبيق ضوابط Detect لضمان الامتثال لمتطلبات إطار الأمن السيبراني,To establish effective detect practices,preventive,administrative,2,high,False,quarterly,active
1065,NIST-CSF,2.0,5.18,5,Respond,Respond - Control 18,Respond - ضابط 18,The organization shall implement respond controls to ensure compliance with Cybersecurity Framework requirements.,يجب على المنظمة تطبيق ضوابط Respond لضمان الامتثال لمتطلبات إطار الأمن السيبراني,To establish effective respond practices,detective,technical,3,medium,False,monthly,active
1066,NIST-CSF,2.0,6.18,6,Recover,Recover - Control 18,Recover - ضابط 18,The organization shall implement recover controls to ensure compliance with Cybersecurity Framework requirements.,يجب على المنظمة تطبيق ضوابط Recover لضمان الامتثال لمتطلبات إطار الأمن السيبراني,To establish effective recover practices,corrective,operational,4,low,False,continuous,active
1067,NIST-CSF,2.0,1.19,1,Govern,Govern - Control 19,Govern - ضابط 19,The organization shall implement govern controls to ensure compliance with Cybersecurity Framework requirements.,يجب على المنظمة تطبيق ضوابط Govern لضمان الامتثال لمتطلبات إطار الأمن السيبراني,To establish effective govern practices,preventive,administrative,1,critical,False,annually,active
1068,NIST-CSF,2.0,2.19,2,Identify,Identify - Control 19,Identify - ضابط 19,The organization shall implement identify controls to ensure compliance with Cybersecurity Framework requirements.,يجب على المنظمة تطبيق ضوابط Identify لضمان الامتثال لمتطلبات إطار الأمن السيبراني,To establish effective identify practices,detective,technical,2,high,False,quarterly,active
1069,NIST-CSF,2.0,3.19,3,Protect,Protect - Control 19,Protect - ضابط 19,The organization shall implement protect controls to ensure compliance with Cybersecurity Framework requirements.,يجب على المنظمة تطبيق ضوابط Protect لضمان الامتثال لمتطلبات إطار الأمن السيبراني,To establish effective protect practices,corrective,operational,3,medium,False,monthly,active
1070,NIST-CSF,2.0,4.19,4,Detect,Detect - Control 19,Detect - ضابط 19,The organization shall implement detect controls to ensure compliance with Cybersecurity Framework requirements.,يجب على المنظمة تطبيق ضوابط Detect لضمان الامتثال لمتطلبات إطار الأمن السيبراني,To establish effective detect practices,preventive,administrative,4,low,False,continuous,active
1071,NIST-CSF,2.0,5.19,5,Respond,Respond - Control 19,Respond - ضابط 19,The organization shall implement respond controls to ensure compliance with Cybersecurity Framework requirements.,يجب على المنظمة تطبيق ضوابط Respond لضمان الامتثال لمتطلبات إطار الأمن السيبراني,To establish effective respond practices,detective,technical,1,critical,False,annually,active
1072,NIST-CSF,2.0,6.19,6,Recover,Recover - Control 19,Recover - ضابط 19,The organization shall implement recover controls to ensure compliance with Cybersecurity Framework requirements.,يجب على المنظمة تطبيق ضوابط Recover لضمان الامتثال لمتطلبات إطار الأمن السيبراني,To establish effective recover practices,corrective,operational,2,high,False,quarterly,active
1073,NIST-CSF,2.0,1.20,1,Govern,Govern - Control 20,Govern - ضابط 20,The organization shall implement govern controls to ensure compliance with Cybersecurity Framework requirements.,يجب على المنظمة تطبيق ضوابط Govern لضمان الامتثال لمتطلبات إطار الأمن السيبراني,To establish effective govern practices,preventive,administrative,3,medium,False,monthly,active
1074,NIST-CSF,2.0,2.20,2,Identify,Identify - Control 20,Identify - ضابط 20,The organization shall implement identify controls to ensure compliance with Cybersecurity Framework requirements.,يجب على المنظمة تطبيق ضوابط Identify لضمان الامتثال لمتطلبات إطار الأمن السيبراني,To establish effective identify practices,detective,technical,4,low,False,continuous,active
1075,NIST-CSF,2.0,3.20,3,Protect,Protect - Control 20,Protect - ضابط 20,The organization shall implement protect controls to ensure compliance with Cybersecurity Framework requirements.,يجب على المنظمة تطبيق ضوابط Protect لضمان الامتثال لمتطلبات إطار الأمن السيبراني,To establish effective protect practices,corrective,operational,1,critical,False,annually,active
1076,NIST-CSF,2.0,4.20,4,Detect,Detect - Control 20,Detect - ضابط 20,The organization shall implement detect controls to ensure compliance with Cybersecurity Framework requirements.,يجب على المنظمة تطبيق ضوابط Detect لضمان الامتثال لمتطلبات إطار الأمن السيبراني,To establish effective detect practices,preventive,administrative,2,high,False,quarterly,active
1077,NIST-CSF,2.0,5.20,5,Respond,Respond - Control 20,Respond - ضابط 20,The organization shall implement respond controls to ensure compliance with Cybersecurity Framework requirements.,يجب على المنظمة تطبيق ضوابط Respond لضمان الامتثال لمتطلبات إطار الأمن السيبراني,To establish effective respond practices,detective,technical,3,medium,False,monthly,active
1078,NIST-CSF,2.0,6.20,6,Recover,Recover - Control 20,Recover - ضابط 20,The organization shall implement recover controls to ensure compliance with Cybersecurity Framework requirements.,يجب على المنظمة تطبيق ضوابط Recover لضمان الامتثال لمتطلبات إطار الأمن السيبراني,To establish effective recover practices,corrective,operational,4,low,False,continuous,active
1079,NIST-CSF,2.0,1.21,1,Govern,Govern - Control 21,Govern - ضابط 21,The organization shall implement govern controls to ensure compliance with Cybersecurity Framework requirements.,يجب على المنظمة تطبيق ضوابط Govern لضمان الامتثال لمتطلبات إطار الأمن السيبراني,To establish effective govern practices,preventive,administrative,1,critical,False,annually,active
1080,NIST-CSF,2.0,2.21,2,Identify,Identify - Control 21,Identify - ضابط 21,The organization shall implement identify controls to ensure compliance with Cybersecurity Framework requirements.,يجب على المنظمة تطبيق ضوابط Identify لضمان الامتثال لمتطلبات إطار الأمن السيبراني,To establish effective identify practices,detective,technical,2,high,False,quarterly,active
1081,NIST-CSF,2.0,3.21,3,Protect,Protect - Control 21,Protect - ضابط 21,The organization shall implement protect controls to ensure compliance with Cybersecurity Framework requirements.,يجب على المنظمة تطبيق ضوابط Protect لضمان الامتثال لمتطلبات إطار الأمن السيبراني,To establish effective protect practices,corrective,operational,3,medium,False,monthly,active
1082,NIST-CSF,2.0,4.21,4,Detect,Detect - Control 21,Detect - ضابط 21,The organization shall implement detect controls to ensure compliance with Cybersecurity Framework requirements.,يجب على المنظمة تطبيق ضوابط Detect لضمان الامتثال لمتطلبات إطار الأمن السيبراني,To establish effective detect practices,preventive,administrative,4,low,False,continuous,active
1083,NIST-CSF,2.0,5.21,5,Respond,Respond - Control 21,Respond - ضابط 21,The organization shall implement respond controls to ensure compliance with Cybersecurity Framework requirements.,يجب على المنظمة تطبيق ضوابط Respond لضمان الامتثال لمتطلبات إطار الأمن السيبراني,To establish effective respond practices,detective,technical,1,critical,False,annually,active
1084,PCI-DSS,4.0,1.1,1,Build & Maintain,Build & Maintain - Control 1,Build & Maintain - ضابط 1,The organization shall implement build & maintain controls to ensure compliance with Payment Card Industry Data Security Standard requirements.,يجب على المنظمة تطبيق ضوابط Build & Maintain لضمان الامتثال لمتطلبات معيار أمان بيانات صناعة بطاقات الدفع,To establish effective build & maintain practices,preventive,administrative,1,critical,True,annually,active
1085,PCI-DSS,4.0,2.1,2,Protect Data,Protect Data - Control 1,Protect Data - ضابط 1,The organization shall implement protect data controls to ensure compliance with Payment Card Industry Data Security Standard requirements.,يجب على المنظمة تطبيق ضوابط Protect Data لضمان الامتثال لمتطلبات معيار أمان بيانات صناعة بطاقات الدفع,To establish effective protect data practices,detective,technical,2,high,True,quarterly,active
1086,PCI-DSS,4.0,3.1,3,Vulnerability Mgmt,Vulnerability Mgmt - Control 1,Vulnerability Mgmt - ضابط 1,The organization shall implement vulnerability mgmt controls to ensure compliance with Payment Card Industry Data Security Standard requirements.,يجب على المنظمة تطبيق ضوابط Vulnerability Mgmt لضمان الامتثال لمتطلبات معيار أمان بيانات صناعة بطاقات الدفع,To establish effective vulnerability mgmt practices,corrective,operational,3,medium,True,monthly,active
1087,PCI-DSS,4.0,4.1,4,Access Control,Access Control - Control 1,Access Control - ضابط 1,The organization shall implement access control controls to ensure compliance with Payment Card Industry Data Security Standard requirements.,يجب على المنظمة تطبيق ضوابط Access Control لضمان الامتثال لمتطلبات معيار أمان بيانات صناعة بطاقات الدفع,To establish effective access control practices,preventive,administrative,4,low,True,continuous,active
1088,PCI-DSS,4.0,5.1,5,Monitor & Test,Monitor & Test - Control 1,Monitor & Test - ضابط 1,The organization shall implement monitor & test controls to ensure compliance with Payment Card Industry Data Security Standard requirements.,يجب على المنظمة تطبيق ضوابط Monitor & Test لضمان الامتثال لمتطلبات معيار أمان بيانات صناعة بطاقات الدفع,To establish effective monitor & test practices,detective,technical,1,critical,True,annually,active
1089,PCI-DSS,4.0,6.1,6,Policy,Policy - Control 1,Policy - ضابط 1,The organization shall implement policy controls to ensure compliance with Payment Card Industry Data Security Standard requirements.,يجب على المنظمة تطبيق ضوابط Policy لضمان الامتثال لمتطلبات معيار أمان بيانات صناعة بطاقات الدفع,To establish effective policy practices,corrective,operational,2,high,True,quarterly,active
1090,PCI-DSS,4.0,1.2,1,Build & Maintain,Build & Maintain - Control 2,Build & Maintain - ضابط 2,The organization shall implement build & maintain controls to ensure compliance with Payment Card Industry Data Security Standard requirements.,يجب على المنظمة تطبيق ضوابط Build & Maintain لضمان الامتثال لمتطلبات معيار أمان بيانات صناعة بطاقات الدفع,To establish effective build & maintain practices,preventive,administrative,3,medium,True,monthly,active
1091,PCI-DSS,4.0,2.2,2,Protect Data,Protect Data - Control 2,Protect Data - ضابط 2,The organization shall implement protect data controls to ensure compliance with Payment Card Industry Data Security Standard requirements.,يجب على المنظمة تطبيق ضوابط Protect Data لضمان الامتثال لمتطلبات معيار أمان بيانات صناعة بطاقات الدفع,To establish effective protect data practices,detective,technical,4,low,True,continuous,active
1092,PCI-DSS,4.0,3.2,3,Vulnerability Mgmt,Vulnerability Mgmt - Control 2,Vulnerability Mgmt - ضابط 2,The organization shall implement vulnerability mgmt controls to ensure compliance with Payment Card Industry Data Security Standard requirements.,يجب على المنظمة تطبيق ضوابط Vulnerability Mgmt لضمان الامتثال لمتطلبات معيار أمان بيانات صناعة بطاقات الدفع,To establish effective vulnerability mgmt practices,corrective,operational,1,critical,True,annually,active
1093,PCI-DSS,4.0,4.2,4,Access Control,Access Control - Control 2,Access Control - ضابط 2,The organization shall implement access control controls to ensure compliance with Payment Card Industry Data Security Standard requirements.,يجب على المنظمة تطبيق ضوابط Access Control لضمان الامتثال لمتطلبات معيار أمان بيانات صناعة بطاقات الدفع,To establish effective access control practices,preventive,administrative,2,high,True,quarterly,active
1094,PCI-DSS,4.0,5.2,5,Monitor & Test,Monitor & Test - Control 2,Monitor & Test - ضابط 2,The organization shall implement monitor & test controls to ensure compliance with Payment Card Industry Data Security Standard requirements.,يجب على المنظمة تطبيق ضوابط Monitor & Test لضمان الامتثال لمتطلبات معيار أمان بيانات صناعة بطاقات الدفع,To establish effective monitor & test practices,detective,technical,3,medium,True,monthly,active
1095,PCI-DSS,4.0,6.2,6,Policy,Policy - Control 2,Policy - ضابط 2,The organization shall implement policy controls to ensure compliance with Payment Card Industry Data Security Standard requirements.,يجب على المنظمة تطبيق ضوابط Policy لضمان الامتثال لمتطلبات معيار أمان بيانات صناعة بطاقات الدفع,To establish effective policy practices,corrective,operational,4,low,True,continuous,active
1096,PCI-DSS,4.0,1.3,1,Build & Maintain,Build & Maintain - Control 3,Build & Maintain - ضابط 3,The organization shall implement build & maintain controls to ensure compliance with Payment Card Industry Data Security Standard requirements.,يجب على المنظمة تطبيق ضوابط Build & Maintain لضمان الامتثال لمتطلبات معيار أمان بيانات صناعة بطاقات الدفع,To establish effective build & maintain practices,preventive,administrative,1,critical,True,annually,active
1097,PCI-DSS,4.0,2.3,2,Protect Data,Protect Data - Control 3,Protect Data - ضابط 3,The organization shall implement protect data controls to ensure compliance with Payment Card Industry Data Security Standard requirements.,يجب على المنظمة تطبيق ضوابط Protect Data لضمان الامتثال لمتطلبات معيار أمان بيانات صناعة بطاقات الدفع,To establish effective protect data practices,detective,technical,2,high,True,quarterly,active
1098,PCI-DSS,4.0,3.3,3,Vulnerability Mgmt,Vulnerability Mgmt - Control 3,Vulnerability Mgmt - ضابط 3,The organization shall implement vulnerability mgmt controls to ensure compliance with Payment Card Industry Data Security Standard requirements.,يجب على المنظمة تطبيق ضوابط Vulnerability Mgmt لضمان الامتثال لمتطلبات معيار أمان بيانات صناعة بطاقات الدفع,To establish effective vulnerability mgmt practices,corrective,operational,3,medium,True,monthly,active
1099,PCI-DSS,4.0,4.3,4,Access Control,Access Control - Control 3,Access Control - ضابط 3,The organization shall implement access control controls to ensure compliance with Payment Card Industry Data Security Standard requirements.,يجب على المنظمة تطبيق ضوابط Access Control لضمان الامتثال لمتطلبات معيار أمان بيانات صناعة بطاقات الدفع,To establish effective access control practices,preventive,administrative,4,low,True,continuous,active
1100,PCI-DSS,4.0,5.3,5,Monitor & Test,Monitor & Test - Control 3,Monitor & Test - ضابط 3,The organization shall implement monitor & test controls to ensure compliance with Payment Card Industry Data Security Standard requirements.,يجب على المنظمة تطبيق ضوابط Monitor & Test لضمان الامتثال لمتطلبات معيار أمان بيانات صناعة بطاقات الدفع,To establish effective monitor & test practices,detective,technical,1,critical,True,annually,active
1101,PCI-DSS,4.0,6.3,6,Policy,Policy - Control 3,Policy - ضابط 3,The organization shall implement policy controls to ensure compliance with Payment Card Industry Data Security Standard requirements.,يجب على المنظمة تطبيق ضوابط Policy لضمان الامتثال لمتطلبات معيار أمان بيانات صناعة بطاقات الدفع,To establish effective policy practices,corrective,operational,2,high,True,quarterly,active
1102,PCI-DSS,4.0,1.4,1,Build & Maintain,Build & Maintain - Control 4,Build & Maintain - ضابط 4,The organization shall implement build & maintain controls to ensure compliance with Payment Card Industry Data Security Standard requirements.,يجب على المنظمة تطبيق ضوابط Build & Maintain لضمان الامتثال لمتطلبات معيار أمان بيانات صناعة بطاقات الدفع,To establish effective build & maintain practices,preventive,administrative,3,medium,True,monthly,active
1103,PCI-DSS,4.0,2.4,2,Protect Data,Protect Data - Control 4,Protect Data - ضابط 4,The organization shall implement protect data controls to ensure compliance with Payment Card Industry Data Security Standard requirements.,يجب على المنظمة تطبيق ضوابط Protect Data لضمان الامتثال لمتطلبات معيار أمان بيانات صناعة بطاقات الدفع,To establish effective protect data practices,detective,technical,4,low,True,continuous,active
1104,PCI-DSS,4.0,3.4,3,Vulnerability Mgmt,Vulnerability Mgmt - Control 4,Vulnerability Mgmt - ضابط 4,The organization shall implement vulnerability mgmt controls to ensure compliance with Payment Card Industry Data Security Standard requirements.,يجب على المنظمة تطبيق ضوابط Vulnerability Mgmt لضمان الامتثال لمتطلبات معيار أمان بيانات صناعة بطاقات الدفع,To establish effective vulnerability mgmt practices,corrective,operational,1,critical,True,annually,active
1105,PCI-DSS,4.0,4.4,4,Access Control,Access Control - Control 4,Access Control - ضابط 4,The organization shall implement access control controls to ensure compliance with Payment Card Industry Data Security Standard requirements.,يجب على المنظمة تطبيق ضوابط Access Control لضمان الامتثال لمتطلبات معيار أمان بيانات صناعة بطاقات الدفع,To establish effective access control practices,preventive,administrative,2,high,True,quarterly,active
1106,PCI-DSS,4.0,5.4,5,Monitor & Test,Monitor & Test - Control 4,Monitor & Test - ضابط 4,The organization shall implement monitor & test controls to ensure compliance with Payment Card Industry Data Security Standard requirements.,يجب على المنظمة تطبيق ضوابط Monitor & Test لضمان الامتثال لمتطلبات معيار أمان بيانات صناعة بطاقات الدفع,To establish effective monitor & test practices,detective,technical,3,medium,True,monthly,active
1107,PCI-DSS,4.0,6.4,6,Policy,Policy - Control 4,Policy - ضابط 4,The organization shall implement policy controls to ensure compliance with Payment Card Industry Data Security Standard requirements.,يجب على المنظمة تطبيق ضوابط Policy لضمان الامتثال لمتطلبات معيار أمان بيانات صناعة بطاقات الدفع,To establish effective policy practices,corrective,operational,4,low,True,continuous,active
1108,PCI-DSS,4.0,1.5,1,Build & Maintain,Build & Maintain - Control 5,Build & Maintain - ضابط 5,The organization shall implement build & maintain controls to ensure compliance with Payment Card Industry Data Security Standard requirements.,يجب على المنظمة تطبيق ضوابط Build & Maintain لضمان الامتثال لمتطلبات معيار أمان بيانات صناعة بطاقات الدفع,To establish effective build & maintain practices,preventive,administrative,1,critical,True,annually,active
1109,PCI-DSS,4.0,2.5,2,Protect Data,Protect Data - Control 5,Protect Data - ضابط 5,The organization shall implement protect data controls to ensure compliance with Payment Card Industry Data Security Standard requirements.,يجب على المنظمة تطبيق ضوابط Protect Data لضمان الامتثال لمتطلبات معيار أمان بيانات صناعة بطاقات الدفع,To establish effective protect data practices,detective,technical,2,high,True,quarterly,active
1110,PCI-DSS,4.0,3.5,3,Vulnerability Mgmt,Vulnerability Mgmt - Control 5,Vulnerability Mgmt - ضابط 5,The organization shall implement vulnerability mgmt controls to ensure compliance with Payment Card Industry Data Security Standard requirements.,يجب على المنظمة تطبيق ضوابط Vulnerability Mgmt لضمان الامتثال لمتطلبات معيار أمان بيانات صناعة بطاقات الدفع,To establish effective vulnerability mgmt practices,corrective,operational,3,medium,True,monthly,active
1111,PCI-DSS,4.0,4.5,4,Access Control,Access Control - Control 5,Access Control - ضابط 5,The organization shall implement access control controls to ensure compliance with Payment Card Industry Data Security Standard requirements.,يجب على المنظمة تطبيق ضوابط Access Control لضمان الامتثال لمتطلبات معيار أمان بيانات صناعة بطاقات الدفع,To establish effective access control practices,preventive,administrative,4,low,True,continuous,active
1112,PCI-DSS,4.0,5.5,5,Monitor & Test,Monitor & Test - Control 5,Monitor & Test - ضابط 5,The organization shall implement monitor & test controls to ensure compliance with Payment Card Industry Data Security Standard requirements.,يجب على المنظمة تطبيق ضوابط Monitor & Test لضمان الامتثال لمتطلبات معيار أمان بيانات صناعة بطاقات الدفع,To establish effective monitor & test practices,detective,technical,1,critical,True,annually,active
1113,PCI-DSS,4.0,6.5,6,Policy,Policy - Control 5,Policy - ضابط 5,The organization shall implement policy controls to ensure compliance with Payment Card Industry Data Security Standard requirements.,يجب على المنظمة تطبيق ضوابط Policy لضمان الامتثال لمتطلبات معيار أمان بيانات صناعة بطاقات الدفع,To establish effective policy practices,corrective,operational,2,high,True,quarterly,active
1114,PCI-DSS,4.0,1.6,1,Build & Maintain,Build & Maintain - Control 6,Build & Maintain - ضابط 6,The organization shall implement build & maintain controls to ensure compliance with Payment Card Industry Data Security Standard requirements.,يجب على المنظمة تطبيق ضوابط Build & Maintain لضمان الامتثال لمتطلبات معيار أمان بيانات صناعة بطاقات الدفع,To establish effective build & maintain practices,preventive,administrative,3,medium,True,monthly,active
1115,PCI-DSS,4.0,2.6,2,Protect Data,Protect Data - Control 6,Protect Data - ضابط 6,The organization shall implement protect data controls to ensure compliance with Payment Card Industry Data Security Standard requirements.,يجب على المنظمة تطبيق ضوابط Protect Data لضمان الامتثال لمتطلبات معيار أمان بيانات صناعة بطاقات الدفع,To establish effective protect data practices,detective,technical,4,low,True,continuous,active
1116,PCI-DSS,4.0,3.6,3,Vulnerability Mgmt,Vulnerability Mgmt - Control 6,Vulnerability Mgmt - ضابط 6,The organization shall implement vulnerability mgmt controls to ensure compliance with Payment Card Industry Data Security Standard requirements.,يجب على المنظمة تطبيق ضوابط Vulnerability Mgmt لضمان الامتثال لمتطلبات معيار أمان بيانات صناعة بطاقات الدفع,To establish effective vulnerability mgmt practices,corrective,operational,1,critical,True,annually,active
1117,PCI-DSS,4.0,4.6,4,Access Control,Access Control - Control 6,Access Control - ضابط 6,The organization shall implement access control controls to ensure compliance with Payment Card Industry Data Security Standard requirements.,يجب على المنظمة تطبيق ضوابط Access Control لضمان الامتثال لمتطلبات معيار أمان بيانات صناعة بطاقات الدفع,To establish effective access control practices,preventive,administrative,2,high,True,quarterly,active
1118,PCI-DSS,4.0,5.6,5,Monitor & Test,Monitor & Test - Control 6,Monitor & Test - ضابط 6,The organization shall implement monitor & test controls to ensure compliance with Payment Card Industry Data Security Standard requirements.,يجب على المنظمة تطبيق ضوابط Monitor & Test لضمان الامتثال لمتطلبات معيار أمان بيانات صناعة بطاقات الدفع,To establish effective monitor & test practices,detective,technical,3,medium,True,monthly,active
1119,PCI-DSS,4.0,6.6,6,Policy,Policy - Control 6,Policy - ضابط 6,The organization shall implement policy controls to ensure compliance with Payment Card Industry Data Security Standard requirements.,يجب على المنظمة تطبيق ضوابط Policy لضمان الامتثال لمتطلبات معيار أمان بيانات صناعة بطاقات الدفع,To establish effective policy practices,corrective,operational,4,low,True,continuous,active
1120,PCI-DSS,4.0,1.7,1,Build & Maintain,Build & Maintain - Control 7,Build & Maintain - ضابط 7,The organization shall implement build & maintain controls to ensure compliance with Payment Card Industry Data Security Standard requirements.,يجب على المنظمة تطبيق ضوابط Build & Maintain لضمان الامتثال لمتطلبات معيار أمان بيانات صناعة بطاقات الدفع,To establish effective build & maintain practices,preventive,administrative,1,critical,True,annually,active
1121,PCI-DSS,4.0,2.7,2,Protect Data,Protect Data - Control 7,Protect Data - ضابط 7,The organization shall implement protect data controls to ensure compliance with Payment Card Industry Data Security Standard requirements.,يجب على المنظمة تطبيق ضوابط Protect Data لضمان الامتثال لمتطلبات معيار أمان بيانات صناعة بطاقات الدفع,To establish effective protect data practices,detective,technical,2,high,True,quarterly,active
1122,PCI-DSS,4.0,3.7,3,Vulnerability Mgmt,Vulnerability Mgmt - Control 7,Vulnerability Mgmt - ضابط 7,The organization shall implement vulnerability mgmt controls to ensure compliance with Payment Card Industry Data Security Standard requirements.,يجب على المنظمة تطبيق ضوابط Vulnerability Mgmt لضمان الامتثال لمتطلبات معيار أمان بيانات صناعة بطاقات الدفع,To establish effective vulnerability mgmt practices,corrective,operational,3,medium,True,monthly,active
1123,PCI-DSS,4.0,4.7,4,Access Control,Access Control - Control 7,Access Control - ضابط 7,The organization shall implement access control controls to ensure compliance with Payment Card Industry Data Security Standard requirements.,يجب على المنظمة تطبيق ضوابط Access Control لضمان الامتثال لمتطلبات معيار أمان بيانات صناعة بطاقات الدفع,To establish effective access control practices,preventive,administrative,4,low,True,continuous,active
1124,PCI-DSS,4.0,5.7,5,Monitor & Test,Monitor & Test - Control 7,Monitor & Test - ضابط 7,The organization shall implement monitor & test controls to ensure compliance with Payment Card Industry Data Security Standard requirements.,يجب على المنظمة تطبيق ضوابط Monitor & Test لضمان الامتثال لمتطلبات معيار أمان بيانات صناعة بطاقات الدفع,To establish effective monitor & test practices,detective,technical,1,critical,True,annually,active
1125,PCI-DSS,4.0,6.7,6,Policy,Policy - Control 7,Policy - ضابط 7,The organization shall implement policy controls to ensure compliance with Payment Card Industry Data Security Standard requirements.,يجب على المنظمة تطبيق ضوابط Policy لضمان الامتثال لمتطلبات معيار أمان بيانات صناعة بطاقات الدفع,To establish effective policy practices,corrective,operational,2,high,True,quarterly,active
1126,PCI-DSS,4.0,1.8,1,Build & Maintain,Build & Maintain - Control 8,Build & Maintain - ضابط 8,The organization shall implement build & maintain controls to ensure compliance with Payment Card Industry Data Security Standard requirements.,يجب على المنظمة تطبيق ضوابط Build & Maintain لضمان الامتثال لمتطلبات معيار أمان بيانات صناعة بطاقات الدفع,To establish effective build & maintain practices,preventive,administrative,3,medium,True,monthly,active
1127,PCI-DSS,4.0,2.8,2,Protect Data,Protect Data - Control 8,Protect Data - ضابط 8,The organization shall implement protect data controls to ensure compliance with Payment Card Industry Data Security Standard requirements.,يجب على المنظمة تطبيق ضوابط Protect Data لضمان الامتثال لمتطلبات معيار أمان بيانات صناعة بطاقات الدفع,To establish effective protect data practices,detective,technical,4,low,True,continuous,active
1128,PCI-DSS,4.0,3.8,3,Vulnerability Mgmt,Vulnerability Mgmt - Control 8,Vulnerability Mgmt - ضابط 8,The organization shall implement vulnerability mgmt controls to ensure compliance with Payment Card Industry Data Security Standard requirements.,يجب على المنظمة تطبيق ضوابط Vulnerability Mgmt لضمان الامتثال لمتطلبات معيار أمان بيانات صناعة بطاقات الدفع,To establish effective vulnerability mgmt practices,corrective,operational,1,critical,True,annually,active
1129,PCI-DSS,4.0,4.8,4,Access Control,Access Control - Control 8,Access Control - ضابط 8,The organization shall implement access control controls to ensure compliance with Payment Card Industry Data Security Standard requirements.,يجب على المنظمة تطبيق ضوابط Access Control لضمان الامتثال لمتطلبات معيار أمان بيانات صناعة بطاقات الدفع,To establish effective access control practices,preventive,administrative,2,high,True,quarterly,active
1130,PCI-DSS,4.0,5.8,5,Monitor & Test,Monitor & Test - Control 8,Monitor & Test - ضابط 8,The organization shall implement monitor & test controls to ensure compliance with Payment Card Industry Data Security Standard requirements.,يجب على المنظمة تطبيق ضوابط Monitor & Test لضمان الامتثال لمتطلبات معيار أمان بيانات صناعة بطاقات الدفع,To establish effective monitor & test practices,detective,technical,3,medium,True,monthly,active
1131,PCI-DSS,4.0,6.8,6,Policy,Policy - Control 8,Policy - ضابط 8,The organization shall implement policy controls to ensure compliance with Payment Card Industry Data Security Standard requirements.,يجب على المنظمة تطبيق ضوابط Policy لضمان الامتثال لمتطلبات معيار أمان بيانات صناعة بطاقات الدفع,To establish effective policy practices,corrective,operational,4,low,True,continuous,active
1132,PCI-DSS,4.0,1.9,1,Build & Maintain,Build & Maintain - Control 9,Build & Maintain - ضابط 9,The organization shall implement build & maintain controls to ensure compliance with Payment Card Industry Data Security Standard requirements.,يجب على المنظمة تطبيق ضوابط Build & Maintain لضمان الامتثال لمتطلبات معيار أمان بيانات صناعة بطاقات الدفع,To establish effective build & maintain practices,preventive,administrative,1,critical,True,annually,active
1133,PCI-DSS,4.0,2.9,2,Protect Data,Protect Data - Control 9,Protect Data - ضابط 9,The organization shall implement protect data controls to ensure compliance with Payment Card Industry Data Security Standard requirements.,يجب على المنظمة تطبيق ضوابط Protect Data لضمان الامتثال لمتطلبات معيار أمان بيانات صناعة بطاقات الدفع,To establish effective protect data practices,detective,technical,2,high,True,quarterly,active
1134,PCI-DSS,4.0,3.9,3,Vulnerability Mgmt,Vulnerability Mgmt - Control 9,Vulnerability Mgmt - ضابط 9,The organization shall implement vulnerability mgmt controls to ensure compliance with Payment Card Industry Data Security Standard requirements.,يجب على المنظمة تطبيق ضوابط Vulnerability Mgmt لضمان الامتثال لمتطلبات معيار أمان بيانات صناعة بطاقات الدفع,To establish effective vulnerability mgmt practices,corrective,operational,3,medium,True,monthly,active
1135,PCI-DSS,4.0,4.9,4,Access Control,Access Control - Control 9,Access Control - ضابط 9,The organization shall implement access control controls to ensure compliance with Payment Card Industry Data Security Standard requirements.,يجب على المنظمة تطبيق ضوابط Access Control لضمان الامتثال لمتطلبات معيار أمان بيانات صناعة بطاقات الدفع,To establish effective access control practices,preventive,administrative,4,low,True,continuous,active
1136,PCI-DSS,4.0,5.9,5,Monitor & Test,Monitor & Test - Control 9,Monitor & Test - ضابط 9,The organization shall implement monitor & test controls to ensure compliance with Payment Card Industry Data Security Standard requirements.,يجب على المنظمة تطبيق ضوابط Monitor & Test لضمان الامتثال لمتطلبات معيار أمان بيانات صناعة بطاقات الدفع,To establish effective monitor & test practices,detective,technical,1,critical,True,annually,active
1137,PCI-DSS,4.0,6.9,6,Policy,Policy - Control 9,Policy - ضابط 9,The organization shall implement policy controls to ensure compliance with Payment Card Industry Data Security Standard requirements.,يجب على المنظمة تطبيق ضوابط Policy لضمان الامتثال لمتطلبات معيار أمان بيانات صناعة بطاقات الدفع,To establish effective policy practices,corrective,operational,2,high,True,quarterly,active
1138,PCI-DSS,4.0,1.10,1,Build & Maintain,Build & Maintain - Control 10,Build & Maintain - ضابط 10,The organization shall implement build & maintain controls to ensure compliance with Payment Card Industry Data Security Standard requirements.,يجب على المنظمة تطبيق ضوابط Build & Maintain لضمان الامتثال لمتطلبات معيار أمان بيانات صناعة بطاقات الدفع,To establish effective build & maintain practices,preventive,administrative,3,medium,True,monthly,active
1139,PCI-DSS,4.0,2.10,2,Protect Data,Protect Data - Control 10,Protect Data - ضابط 10,The organization shall implement protect data controls to ensure compliance with Payment Card Industry Data Security Standard requirements.,يجب على المنظمة تطبيق ضوابط Protect Data لضمان الامتثال لمتطلبات معيار أمان بيانات صناعة بطاقات الدفع,To establish effective protect data practices,detective,technical,4,low,True,continuous,active
1140,PCI-DSS,4.0,3.10,3,Vulnerability Mgmt,Vulnerability Mgmt - Control 10,Vulnerability Mgmt - ضابط 10,The organization shall implement vulnerability mgmt controls to ensure compliance with Payment Card Industry Data Security Standard requirements.,يجب على المنظمة تطبيق ضوابط Vulnerability Mgmt لضمان الامتثال لمتطلبات معيار أمان بيانات صناعة بطاقات الدفع,To establish effective vulnerability mgmt practices,corrective,operational,1,critical,True,annually,active
1141,PCI-DSS,4.0,4.10,4,Access Control,Access Control - Control 10,Access Control - ضابط 10,The organization shall implement access control controls to ensure compliance with Payment Card Industry Data Security Standard requirements.,يجب على المنظمة تطبيق ضوابط Access Control لضمان الامتثال لمتطلبات معيار أمان بيانات صناعة بطاقات الدفع,To establish effective access control practices,preventive,administrative,2,high,True,quarterly,active
1142,PCI-DSS,4.0,5.10,5,Monitor & Test,Monitor & Test - Control 10,Monitor & Test - ضابط 10,The organization shall implement monitor & test controls to ensure compliance with Payment Card Industry Data Security Standard requirements.,يجب على المنظمة تطبيق ضوابط Monitor & Test لضمان الامتثال لمتطلبات معيار أمان بيانات صناعة بطاقات الدفع,To establish effective monitor & test practices,detective,technical,3,medium,True,monthly,active
1143,PCI-DSS,4.0,6.10,6,Policy,Policy - Control 10,Policy - ضابط 10,The organization shall implement policy controls to ensure compliance with Payment Card Industry Data Security Standard requirements.,يجب على المنظمة تطبيق ضوابط Policy لضمان الامتثال لمتطلبات معيار أمان بيانات صناعة بطاقات الدفع,To establish effective policy practices,corrective,operational,4,low,True,continuous,active
1144,PCI-DSS,4.0,1.11,1,Build & Maintain,Build & Maintain - Control 11,Build & Maintain - ضابط 11,The organization shall implement build & maintain controls to ensure compliance with Payment Card Industry Data Security Standard requirements.,يجب على المنظمة تطبيق ضوابط Build & Maintain لضمان الامتثال لمتطلبات معيار أمان بيانات صناعة بطاقات الدفع,To establish effective build & maintain practices,preventive,administrative,1,critical,True,annually,active
1145,PCI-DSS,4.0,2.11,2,Protect Data,Protect Data - Control 11,Protect Data - ضابط 11,The organization shall implement protect data controls to ensure compliance with Payment Card Industry Data Security Standard requirements.,يجب على المنظمة تطبيق ضوابط Protect Data لضمان الامتثال لمتطلبات معيار أمان بيانات صناعة بطاقات الدفع,To establish effective protect data practices,detective,technical,2,high,True,quarterly,active
1146,PCI-DSS,4.0,3.11,3,Vulnerability Mgmt,Vulnerability Mgmt - Control 11,Vulnerability Mgmt - ضابط 11,The organization shall implement vulnerability mgmt controls to ensure compliance with Payment Card Industry Data Security Standard requirements.,يجب على المنظمة تطبيق ضوابط Vulnerability Mgmt لضمان الامتثال لمتطلبات معيار أمان بيانات صناعة بطاقات الدفع,To establish effective vulnerability mgmt practices,corrective,operational,3,medium,True,monthly,active
1147,PCI-DSS,4.0,4.11,4,Access Control,Access Control - Control 11,Access Control - ضابط 11,The organization shall implement access control controls to ensure compliance with Payment Card Industry Data Security Standard requirements.,يجب على المنظمة تطبيق ضوابط Access Control لضمان الامتثال لمتطلبات معيار أمان بيانات صناعة بطاقات الدفع,To establish effective access control practices,preventive,administrative,4,low,True,continuous,active
1148,PCI-DSS,4.0,5.11,5,Monitor & Test,Monitor & Test - Control 11,Monitor & Test - ضابط 11,The organization shall implement monitor & test controls to ensure compliance with Payment Card Industry Data Security Standard requirements.,يجب على المنظمة تطبيق ضوابط Monitor & Test لضمان الامتثال لمتطلبات معيار أمان بيانات صناعة بطاقات الدفع,To establish effective monitor & test practices,detective,technical,1,critical,True,annually,active
1149,PCI-DSS,4.0,6.11,6,Policy,Policy - Control 11,Policy - ضابط 11,The organization shall implement policy controls to ensure compliance with Payment Card Industry Data Security Standard requirements.,يجب على المنظمة تطبيق ضوابط Policy لضمان الامتثال لمتطلبات معيار أمان بيانات صناعة بطاقات الدفع,To establish effective policy practices,corrective,operational,2,high,True,quarterly,active
1150,PCI-DSS,4.0,1.12,1,Build & Maintain,Build & Maintain - Control 12,Build & Maintain - ضابط 12,The organization shall implement build & maintain controls to ensure compliance with Payment Card Industry Data Security Standard requirements.,يجب على المنظمة تطبيق ضوابط Build & Maintain لضمان الامتثال لمتطلبات معيار أمان بيانات صناعة بطاقات الدفع,To establish effective build & maintain practices,preventive,administrative,3,medium,True,monthly,active
1151,PCI-DSS,4.0,2.12,2,Protect Data,Protect Data - Control 12,Protect Data - ضابط 12,The organization shall implement protect data controls to ensure compliance with Payment Card Industry Data Security Standard requirements.,يجب على المنظمة تطبيق ضوابط Protect Data لضمان الامتثال لمتطلبات معيار أمان بيانات صناعة بطاقات الدفع,To establish effective protect data practices,detective,technical,4,low,True,continuous,active
1152,PCI-DSS,4.0,3.12,3,Vulnerability Mgmt,Vulnerability Mgmt - Control 12,Vulnerability Mgmt - ضابط 12,The organization shall implement vulnerability mgmt controls to ensure compliance with Payment Card Industry Data Security Standard requirements.,يجب على المنظمة تطبيق ضوابط Vulnerability Mgmt لضمان الامتثال لمتطلبات معيار أمان بيانات صناعة بطاقات الدفع,To establish effective vulnerability mgmt practices,corrective,operational,1,critical,True,annually,active
1153,PCI-DSS,4.0,4.12,4,Access Control,Access Control - Control 12,Access Control - ضابط 12,The organization shall implement access control controls to ensure compliance with Payment Card Industry Data Security Standard requirements.,يجب على المنظمة تطبيق ضوابط Access Control لضمان الامتثال لمتطلبات معيار أمان بيانات صناعة بطاقات الدفع,To establish effective access control practices,preventive,administrative,2,high,True,quarterly,active
1154,PCI-DSS,4.0,5.12,5,Monitor & Test,Monitor & Test - Control 12,Monitor & Test - ضابط 12,The organization shall implement monitor & test controls to ensure compliance with Payment Card Industry Data Security Standard requirements.,يجب على المنظمة تطبيق ضوابط Monitor & Test لضمان الامتثال لمتطلبات معيار أمان بيانات صناعة بطاقات الدفع,To establish effective monitor & test practices,detective,technical,3,medium,True,monthly,active
1155,PCI-DSS,4.0,6.12,6,Policy,Policy - Control 12,Policy - ضابط 12,The organization shall implement policy controls to ensure compliance with Payment Card Industry Data Security Standard requirements.,يجب على المنظمة تطبيق ضوابط Policy لضمان الامتثال لمتطلبات معيار أمان بيانات صناعة بطاقات الدفع,To establish effective policy practices,corrective,operational,4,low,True,continuous,active
1156,PCI-DSS,4.0,1.13,1,Build & Maintain,Build & Maintain - Control 13,Build & Maintain - ضابط 13,The organization shall implement build & maintain controls to ensure compliance with Payment Card Industry Data Security Standard requirements.,يجب على المنظمة تطبيق ضوابط Build & Maintain لضمان الامتثال لمتطلبات معيار أمان بيانات صناعة بطاقات الدفع,To establish effective build & maintain practices,preventive,administrative,1,critical,True,annually,active
1157,PCI-DSS,4.0,2.13,2,Protect Data,Protect Data - Control 13,Protect Data - ضابط 13,The organization shall implement protect data controls to ensure compliance with Payment Card Industry Data Security Standard requirements.,يجب على المنظمة تطبيق ضوابط Protect Data لضمان الامتثال لمتطلبات معيار أمان بيانات صناعة بطاقات الدفع,To establish effective protect data practices,detective,technical,2,high,True,quarterly,active
1158,PCI-DSS,4.0,3.13,3,Vulnerability Mgmt,Vulnerability Mgmt - Control 13,Vulnerability Mgmt - ضابط 13,The organization shall implement vulnerability mgmt controls to ensure compliance with Payment Card Industry Data Security Standard requirements.,يجب على المنظمة تطبيق ضوابط Vulnerability Mgmt لضمان الامتثال لمتطلبات معيار أمان بيانات صناعة بطاقات الدفع,To establish effective vulnerability mgmt practices,corrective,operational,3,medium,True,monthly,active
1159,PCI-DSS,4.0,4.13,4,Access Control,Access Control - Control 13,Access Control - ضابط 13,The organization shall implement access control controls to ensure compliance with Payment Card Industry Data Security Standard requirements.,يجب على المنظمة تطبيق ضوابط Access Control لضمان الامتثال لمتطلبات معيار أمان بيانات صناعة بطاقات الدفع,To establish effective access control practices,preventive,administrative,4,low,True,continuous,active
1160,PCI-DSS,4.0,5.13,5,Monitor & Test,Monitor & Test - Control 13,Monitor & Test - ضابط 13,The organization shall implement monitor & test controls to ensure compliance with Payment Card Industry Data Security Standard requirements.,يجب على المنظمة تطبيق ضوابط Monitor & Test لضمان الامتثال لمتطلبات معيار أمان بيانات صناعة بطاقات الدفع,To establish effective monitor & test practices,detective,technical,1,critical,True,annually,active
1161,PCI-DSS,4.0,6.13,6,Policy,Policy - Control 13,Policy - ضابط 13,The organization shall implement policy controls to ensure compliance with Payment Card Industry Data Security Standard requirements.,يجب على المنظمة تطبيق ضوابط Policy لضمان الامتثال لمتطلبات معيار أمان بيانات صناعة بطاقات الدفع,To establish effective policy practices,corrective,operational,2,high,True,quarterly,active
1162,PCI-DSS,4.0,1.14,1,Build & Maintain,Build & Maintain - Control 14,Build & Maintain - ضابط 14,The organization shall implement build & maintain controls to ensure compliance with Payment Card Industry Data Security Standard requirements.,يجب على المنظمة تطبيق ضوابط Build & Maintain لضمان الامتثال لمتطلبات معيار أمان بيانات صناعة بطاقات الدفع,To establish effective build & maintain practices,preventive,administrative,3,medium,True,monthly,active
1163,PCI-DSS,4.0,2.14,2,Protect Data,Protect Data - Control 14,Protect Data - ضابط 14,The organization shall implement protect data controls to ensure compliance with Payment Card Industry Data Security Standard requirements.,يجب على المنظمة تطبيق ضوابط Protect Data لضمان الامتثال لمتطلبات معيار أمان بيانات صناعة بطاقات الدفع,To establish effective protect data practices,detective,technical,4,low,True,continuous,active
1164,PCI-DSS,4.0,3.14,3,Vulnerability Mgmt,Vulnerability Mgmt - Control 14,Vulnerability Mgmt - ضابط 14,The organization shall implement vulnerability mgmt controls to ensure compliance with Payment Card Industry Data Security Standard requirements.,يجب على المنظمة تطبيق ضوابط Vulnerability Mgmt لضمان الامتثال لمتطلبات معيار أمان بيانات صناعة بطاقات الدفع,To establish effective vulnerability mgmt practices,corrective,operational,1,critical,True,annually,active
1165,PCI-DSS,4.0,4.14,4,Access Control,Access Control - Control 14,Access Control - ضابط 14,The organization shall implement access control controls to ensure compliance with Payment Card Industry Data Security Standard requirements.,يجب على المنظمة تطبيق ضوابط Access Control لضمان الامتثال لمتطلبات معيار أمان بيانات صناعة بطاقات الدفع,To establish effective access control practices,preventive,administrative,2,high,True,quarterly,active
1166,PCI-DSS,4.0,5.14,5,Monitor & Test,Monitor & Test - Control 14,Monitor & Test - ضابط 14,The organization shall implement monitor & test controls to ensure compliance with Payment Card Industry Data Security Standard requirements.,يجب على المنظمة تطبيق ضوابط Monitor & Test لضمان الامتثال لمتطلبات معيار أمان بيانات صناعة بطاقات الدفع,To establish effective monitor & test practices,detective,technical,3,medium,True,monthly,active
1167,PCI-DSS,4.0,6.14,6,Policy,Policy - Control 14,Policy - ضابط 14,The organization shall implement policy controls to ensure compliance with Payment Card Industry Data Security Standard requirements.,يجب على المنظمة تطبيق ضوابط Policy لضمان الامتثال لمتطلبات معيار أمان بيانات صناعة بطاقات الدفع,To establish effective policy practices,corrective,operational,4,low,True,continuous,active
1168,PCI-DSS,4.0,1.15,1,Build & Maintain,Build & Maintain - Control 15,Build & Maintain - ضابط 15,The organization shall implement build & maintain controls to ensure compliance with Payment Card Industry Data Security Standard requirements.,يجب على المنظمة تطبيق ضوابط Build & Maintain لضمان الامتثال لمتطلبات معيار أمان بيانات صناعة بطاقات الدفع,To establish effective build & maintain practices,preventive,administrative,1,critical,True,annually,active
1169,PCI-DSS,4.0,2.15,2,Protect Data,Protect Data - Control 15,Protect Data - ضابط 15,The organization shall implement protect data controls to ensure compliance with Payment Card Industry Data Security Standard requirements.,يجب على المنظمة تطبيق ضوابط Protect Data لضمان الامتثال لمتطلبات معيار أمان بيانات صناعة بطاقات الدفع,To establish effective protect data practices,detective,technical,2,high,True,quarterly,active
1170,PCI-DSS,4.0,3.15,3,Vulnerability Mgmt,Vulnerability Mgmt - Control 15,Vulnerability Mgmt - ضابط 15,The organization shall implement vulnerability mgmt controls to ensure compliance with Payment Card Industry Data Security Standard requirements.,يجب على المنظمة تطبيق ضوابط Vulnerability Mgmt لضمان الامتثال لمتطلبات معيار أمان بيانات صناعة بطاقات الدفع,To establish effective vulnerability mgmt practices,corrective,operational,3,medium,True,monthly,active
1171,PCI-DSS,4.0,4.15,4,Access Control,Access Control - Control 15,Access Control - ضابط 15,The organization shall implement access control controls to ensure compliance with Payment Card Industry Data Security Standard requirements.,يجب على المنظمة تطبيق ضوابط Access Control لضمان الامتثال لمتطلبات معيار أمان بيانات صناعة بطاقات الدفع,To establish effective access control practices,preventive,administrative,4,low,True,continuous,active
1172,PCI-DSS,4.0,5.15,5,Monitor & Test,Monitor & Test - Control 15,Monitor & Test - ضابط 15,The organization shall implement monitor & test controls to ensure compliance with Payment Card Industry Data Security Standard requirements.,يجب على المنظمة تطبيق ضوابط Monitor & Test لضمان الامتثال لمتطلبات معيار أمان بيانات صناعة بطاقات الدفع,To establish effective monitor & test practices,detective,technical,1,critical,True,annually,active
1173,PCI-DSS,4.0,6.15,6,Policy,Policy - Control 15,Policy - ضابط 15,The organization shall implement policy controls to ensure compliance with Payment Card Industry Data Security Standard requirements.,يجب على المنظمة تطبيق ضوابط Policy لضمان الامتثال لمتطلبات معيار أمان بيانات صناعة بطاقات الدفع,To establish effective policy practices,corrective,operational,2,high,True,quarterly,active
1174,PCI-DSS,4.0,1.16,1,Build & Maintain,Build & Maintain - Control 16,Build & Maintain - ضابط 16,The organization shall implement build & maintain controls to ensure compliance with Payment Card Industry Data Security Standard requirements.,يجب على المنظمة تطبيق ضوابط Build & Maintain لضمان الامتثال لمتطلبات معيار أمان بيانات صناعة بطاقات الدفع,To establish effective build & maintain practices,preventive,administrative,3,medium,True,monthly,active
1175,PCI-DSS,4.0,2.16,2,Protect Data,Protect Data - Control 16,Protect Data - ضابط 16,The organization shall implement protect data controls to ensure compliance with Payment Card Industry Data Security Standard requirements.,يجب على المنظمة تطبيق ضوابط Protect Data لضمان الامتثال لمتطلبات معيار أمان بيانات صناعة بطاقات الدفع,To establish effective protect data practices,detective,technical,4,low,True,continuous,active
1176,PCI-DSS,4.0,3.16,3,Vulnerability Mgmt,Vulnerability Mgmt - Control 16,Vulnerability Mgmt - ضابط 16,The organization shall implement vulnerability mgmt controls to ensure compliance with Payment Card Industry Data Security Standard requirements.,يجب على المنظمة تطبيق ضوابط Vulnerability Mgmt لضمان الامتثال لمتطلبات معيار أمان بيانات صناعة بطاقات الدفع,To establish effective vulnerability mgmt practices,corrective,operational,1,critical,True,annually,active
1177,PCI-DSS,4.0,4.16,4,Access Control,Access Control - Control 16,Access Control - ضابط 16,The organization shall implement access control controls to ensure compliance with Payment Card Industry Data Security Standard requirements.,يجب على المنظمة تطبيق ضوابط Access Control لضمان الامتثال لمتطلبات معيار أمان بيانات صناعة بطاقات الدفع,To establish effective access control practices,preventive,administrative,2,high,True,quarterly,active
1178,PCI-DSS,4.0,5.16,5,Monitor & Test,Monitor & Test - Control 16,Monitor & Test - ضابط 16,The organization shall implement monitor & test controls to ensure compliance with Payment Card Industry Data Security Standard requirements.,يجب على المنظمة تطبيق ضوابط Monitor & Test لضمان الامتثال لمتطلبات معيار أمان بيانات صناعة بطاقات الدفع,To establish effective monitor & test practices,detective,technical,3,medium,True,monthly,active
1179,PCI-DSS,4.0,6.16,6,Policy,Policy - Control 16,Policy - ضابط 16,The organization shall implement policy controls to ensure compliance with Payment Card Industry Data Security Standard requirements.,يجب على المنظمة تطبيق ضوابط Policy لضمان الامتثال لمتطلبات معيار أمان بيانات صناعة بطاقات الدفع,To establish effective policy practices,corrective,operational,4,low,True,continuous,active
1180,PCI-DSS,4.0,1.17,1,Build & Maintain,Build & Maintain - Control 17,Build & Maintain - ضابط 17,The organization shall implement build & maintain controls to ensure compliance with Payment Card Industry Data Security Standard requirements.,يجب على المنظمة تطبيق ضوابط Build & Maintain لضمان الامتثال لمتطلبات معيار أمان بيانات صناعة بطاقات الدفع,To establish effective build & maintain practices,preventive,administrative,1,critical,True,annually,active
1181,PCI-DSS,4.0,2.17,2,Protect Data,Protect Data - Control 17,Protect Data - ضابط 17,The organization shall implement protect data controls to ensure compliance with Payment Card Industry Data Security Standard requirements.,يجب على المنظمة تطبيق ضوابط Protect Data لضمان الامتثال لمتطلبات معيار أمان بيانات صناعة بطاقات الدفع,To establish effective protect data practices,detective,technical,2,high,True,quarterly,active
1182,PCI-DSS,4.0,3.17,3,Vulnerability Mgmt,Vulnerability Mgmt - Control 17,Vulnerability Mgmt - ضابط 17,The organization shall implement vulnerability mgmt controls to ensure compliance with Payment Card Industry Data Security Standard requirements.,يجب على المنظمة تطبيق ضوابط Vulnerability Mgmt لضمان الامتثال لمتطلبات معيار أمان بيانات صناعة بطاقات الدفع,To establish effective vulnerability mgmt practices,corrective,operational,3,medium,True,monthly,active
1183,PCI-DSS,4.0,4.17,4,Access Control,Access Control - Control 17,Access Control - ضابط 17,The organization shall implement access control controls to ensure compliance with Payment Card Industry Data Security Standard requirements.,يجب على المنظمة تطبيق ضوابط Access Control لضمان الامتثال لمتطلبات معيار أمان بيانات صناعة بطاقات الدفع,To establish effective access control practices,preventive,administrative,4,low,True,continuous,active
1184,PCI-DSS,4.0,5.17,5,Monitor & Test,Monitor & Test - Control 17,Monitor & Test - ضابط 17,The organization shall implement monitor & test controls to ensure compliance with Payment Card Industry Data Security Standard requirements.,يجب على المنظمة تطبيق ضوابط Monitor & Test لضمان الامتثال لمتطلبات معيار أمان بيانات صناعة بطاقات الدفع,To establish effective monitor & test practices,detective,technical,1,critical,True,annually,active
1185,PCI-DSS,4.0,6.17,6,Policy,Policy - Control 17,Policy - ضابط 17,The organization shall implement policy controls to ensure compliance with Payment Card Industry Data Security Standard requirements.,يجب على المنظمة تطبيق ضوابط Policy لضمان الامتثال لمتطلبات معيار أمان بيانات صناعة بطاقات الدفع,To establish effective policy practices,corrective,operational,2,high,True,quarterly,active
1186,PCI-DSS,4.0,1.18,1,Build & Maintain,Build & Maintain - Control 18,Build & Maintain - ضابط 18,The organization shall implement build & maintain controls to ensure compliance with Payment Card Industry Data Security Standard requirements.,يجب على المنظمة تطبيق ضوابط Build & Maintain لضمان الامتثال لمتطلبات معيار أمان بيانات صناعة بطاقات الدفع,To establish effective build & maintain practices,preventive,administrative,3,medium,True,monthly,active
1187,PCI-DSS,4.0,2.18,2,Protect Data,Protect Data - Control 18,Protect Data - ضابط 18,The organization shall implement protect data controls to ensure compliance with Payment Card Industry Data Security Standard requirements.,يجب على المنظمة تطبيق ضوابط Protect Data لضمان الامتثال لمتطلبات معيار أمان بيانات صناعة بطاقات الدفع,To establish effective protect data practices,detective,technical,4,low,True,continuous,active
1188,PCI-DSS,4.0,3.18,3,Vulnerability Mgmt,Vulnerability Mgmt - Control 18,Vulnerability Mgmt - ضابط 18,The organization shall implement vulnerability mgmt controls to ensure compliance with Payment Card Industry Data Security Standard requirements.,يجب على المنظمة تطبيق ضوابط Vulnerability Mgmt لضمان الامتثال لمتطلبات معيار أمان بيانات صناعة بطاقات الدفع,To establish effective vulnerability mgmt practices,corrective,operational,1,critical,True,annually,active
1189,PCI-DSS,4.0,4.18,4,Access Control,Access Control - Control 18,Access Control - ضابط 18,The organization shall implement access control controls to ensure compliance with Payment Card Industry Data Security Standard requirements.,يجب على المنظمة تطبيق ضوابط Access Control لضمان الامتثال لمتطلبات معيار أمان بيانات صناعة بطاقات الدفع,To establish effective access control practices,preventive,administrative,2,high,True,quarterly,active
1190,PCI-DSS,4.0,5.18,5,Monitor & Test,Monitor & Test - Control 18,Monitor & Test - ضابط 18,The organization shall implement monitor & test controls to ensure compliance with Payment Card Industry Data Security Standard requirements.,يجب على المنظمة تطبيق ضوابط Monitor & Test لضمان الامتثال لمتطلبات معيار أمان بيانات صناعة بطاقات الدفع,To establish effective monitor & test practices,detective,technical,3,medium,True,monthly,active
1191,PCI-DSS,4.0,6.18,6,Policy,Policy - Control 18,Policy - ضابط 18,The organization shall implement policy controls to ensure compliance with Payment Card Industry Data Security Standard requirements.,يجب على المنظمة تطبيق ضوابط Policy لضمان الامتثال لمتطلبات معيار أمان بيانات صناعة بطاقات الدفع,To establish effective policy practices,corrective,operational,4,low,True,continuous,active
1192,PCI-DSS,4.0,1.19,1,Build & Maintain,Build & Maintain - Control 19,Build & Maintain - ضابط 19,The organization shall implement build & maintain controls to ensure compliance with Payment Card Industry Data Security Standard requirements.,يجب على المنظمة تطبيق ضوابط Build & Maintain لضمان الامتثال لمتطلبات معيار أمان بيانات صناعة بطاقات الدفع,To establish effective build & maintain practices,preventive,administrative,1,critical,True,annually,active
1193,PCI-DSS,4.0,2.19,2,Protect Data,Protect Data - Control 19,Protect Data - ضابط 19,The organization shall implement protect data controls to ensure compliance with Payment Card Industry Data Security Standard requirements.,يجب على المنظمة تطبيق ضوابط Protect Data لضمان الامتثال لمتطلبات معيار أمان بيانات صناعة بطاقات الدفع,To establish effective protect data practices,detective,technical,2,high,True,quarterly,active
1194,PCI-DSS,4.0,3.19,3,Vulnerability Mgmt,Vulnerability Mgmt - Control 19,Vulnerability Mgmt - ضابط 19,The organization shall implement vulnerability mgmt controls to ensure compliance with Payment Card Industry Data Security Standard requirements.,يجب على المنظمة تطبيق ضوابط Vulnerability Mgmt لضمان الامتثال لمتطلبات معيار أمان بيانات صناعة بطاقات الدفع,To establish effective vulnerability mgmt practices,corrective,operational,3,medium,True,monthly,active
1195,PCI-DSS,4.0,4.19,4,Access Control,Access Control - Control 19,Access Control - ضابط 19,The organization shall implement access control controls to ensure compliance with Payment Card Industry Data Security Standard requirements.,يجب على المنظمة تطبيق ضوابط Access Control لضمان الامتثال لمتطلبات معيار أمان بيانات صناعة بطاقات الدفع,To establish effective access control practices,preventive,administrative,4,low,True,continuous,active
1196,PCI-DSS,4.0,5.19,5,Monitor & Test,Monitor & Test - Control 19,Monitor & Test - ضابط 19,The organization shall implement monitor & test controls to ensure compliance with Payment Card Industry Data Security Standard requirements.,يجب على المنظمة تطبيق ضوابط Monitor & Test لضمان الامتثال لمتطلبات معيار أمان بيانات صناعة بطاقات الدفع,To establish effective monitor & test practices,detective,technical,1,critical,True,annually,active
1197,PCI-DSS,4.0,6.19,6,Policy,Policy - Control 19,Policy - ضابط 19,The organization shall implement policy controls to ensure compliance with Payment Card Industry Data Security Standard requirements.,يجب على المنظمة تطبيق ضوابط Policy لضمان الامتثال لمتطلبات معيار أمان بيانات صناعة بطاقات الدفع,To establish effective policy practices,corrective,operational,2,high,True,quarterly,active
1198,PCI-DSS,4.0,1.20,1,Build & Maintain,Build & Maintain - Control 20,Build & Maintain - ضابط 20,The organization shall implement build & maintain controls to ensure compliance with Payment Card Industry Data Security Standard requirements.,يجب على المنظمة تطبيق ضوابط Build & Maintain لضمان الامتثال لمتطلبات معيار أمان بيانات صناعة بطاقات الدفع,To establish effective build & maintain practices,preventive,administrative,3,medium,True,monthly,active
1199,PCI-DSS,4.0,2.20,2,Protect Data,Protect Data - Control 20,Protect Data - ضابط 20,The organization shall implement protect data controls to ensure compliance with Payment Card Industry Data Security Standard requirements.,يجب على المنظمة تطبيق ضوابط Protect Data لضمان الامتثال لمتطلبات معيار أمان بيانات صناعة بطاقات الدفع,To establish effective protect data practices,detective,technical,4,low,True,continuous,active
1200,PCI-DSS,4.0,3.20,3,Vulnerability Mgmt,Vulnerability Mgmt - Control 20,Vulnerability Mgmt - ضابط 20,The organization shall implement vulnerability mgmt controls to ensure compliance with Payment Card Industry Data Security Standard requirements.,يجب على المنظمة تطبيق ضوابط Vulnerability Mgmt لضمان الامتثال لمتطلبات معيار أمان بيانات صناعة بطاقات الدفع,To establish effective vulnerability mgmt practices,corrective,operational,1,critical,True,annually,active
1201,PCI-DSS,4.0,4.20,4,Access Control,Access Control - Control 20,Access Control - ضابط 20,The organization shall implement access control controls to ensure compliance with Payment Card Industry Data Security Standard requirements.,يجب على المنظمة تطبيق ضوابط Access Control لضمان الامتثال لمتطلبات معيار أمان بيانات صناعة بطاقات الدفع,To establish effective access control practices,preventive,administrative,2,high,True,quarterly,active
1202,PCI-DSS,4.0,5.20,5,Monitor & Test,Monitor & Test - Control 20,Monitor & Test - ضابط 20,The organization shall implement monitor & test controls to ensure compliance with Payment Card Industry Data Security Standard requirements.,يجب على المنظمة تطبيق ضوابط Monitor & Test لضمان الامتثال لمتطلبات معيار أمان بيانات صناعة بطاقات الدفع,To establish effective monitor & test practices,detective,technical,3,medium,True,monthly,active
1203,PCI-DSS,4.0,6.20,6,Policy,Policy - Control 20,Policy - ضابط 20,The organization shall implement policy controls to ensure compliance with Payment Card Industry Data Security Standard requirements.,يجب على المنظمة تطبيق ضوابط Policy لضمان الامتثال لمتطلبات معيار أمان بيانات صناعة بطاقات الدفع,To establish effective policy practices,corrective,operational,4,low,True,continuous,active
1204,PCI-DSS,4.0,1.21,1,Build & Maintain,Build & Maintain - Control 21,Build & Maintain - ضابط 21,The organization shall implement build & maintain controls to ensure compliance with Payment Card Industry Data Security Standard requirements.,يجب على المنظمة تطبيق ضوابط Build & Maintain لضمان الامتثال لمتطلبات معيار أمان بيانات صناعة بطاقات الدفع,To establish effective build & maintain practices,preventive,administrative,1,critical,True,annually,active
1205,PCI-DSS,4.0,2.21,2,Protect Data,Protect Data - Control 21,Protect Data - ضابط 21,The organization shall implement protect data controls to ensure compliance with Payment Card Industry Data Security Standard requirements.,يجب على المنظمة تطبيق ضوابط Protect Data لضمان الامتثال لمتطلبات معيار أمان بيانات صناعة بطاقات الدفع,To establish effective protect data practices,detective,technical,2,high,True,quarterly,active
1206,PCI-DSS,4.0,3.21,3,Vulnerability Mgmt,Vulnerability Mgmt - Control 21,Vulnerability Mgmt - ضابط 21,The organization shall implement vulnerability mgmt controls to ensure compliance with Payment Card Industry Data Security Standard requirements.,يجب على المنظمة تطبيق ضوابط Vulnerability Mgmt لضمان الامتثال لمتطلبات معيار أمان بيانات صناعة بطاقات الدفع,To establish effective vulnerability mgmt practices,corrective,operational,3,medium,True,monthly,active
1207,PCI-DSS,4.0,4.21,4,Access Control,Access Control - Control 21,Access Control - ضابط 21,The organization shall implement access control controls to ensure compliance with Payment Card Industry Data Security Standard requirements.,يجب على المنظمة تطبيق ضوابط Access Control لضمان الامتثال لمتطلبات معيار أمان بيانات صناعة بطاقات الدفع,To establish effective access control practices,preventive,administrative,4,low,True,continuous,active
1208,PCI-DSS,4.0,5.21,5,Monitor & Test,Monitor & Test - Control 21,Monitor & Test - ضابط 21,The organization shall implement monitor & test controls to ensure compliance with Payment Card Industry Data Security Standard requirements.,يجب على المنظمة تطبيق ضوابط Monitor & Test لضمان الامتثال لمتطلبات معيار أمان بيانات صناعة بطاقات الدفع,To establish effective monitor & test practices,detective,technical,1,critical,True,annually,active
1209,PCI-DSS,4.0,6.21,6,Policy,Policy - Control 21,Policy - ضابط 21,The organization shall implement policy controls to ensure compliance with Payment Card Industry Data Security Standard requirements.,يجب على المنظمة تطبيق ضوابط Policy لضمان الامتثال لمتطلبات معيار أمان بيانات صناعة بطاقات الدفع,To establish effective policy practices,corrective,operational,2,high,True,quarterly,active
1210,PCI-DSS,4.0,1.22,1,Build & Maintain,Build & Maintain - Control 22,Build & Maintain - ضابط 22,The organization shall implement build & maintain controls to ensure compliance with Payment Card Industry Data Security Standard requirements.,يجب على المنظمة تطبيق ضوابط Build & Maintain لضمان الامتثال لمتطلبات معيار أمان بيانات صناعة بطاقات الدفع,To establish effective build & maintain practices,preventive,administrative,3,medium,True,monthly,active
1211,PCI-DSS,4.0,2.22,2,Protect Data,Protect Data - Control 22,Protect Data - ضابط 22,The organization shall implement protect data controls to ensure compliance with Payment Card Industry Data Security Standard requirements.,يجب على المنظمة تطبيق ضوابط Protect Data لضمان الامتثال لمتطلبات معيار أمان بيانات صناعة بطاقات الدفع,To establish effective protect data practices,detective,technical,4,low,True,continuous,active
1212,PCI-DSS,4.0,3.22,3,Vulnerability Mgmt,Vulnerability Mgmt - Control 22,Vulnerability Mgmt - ضابط 22,The organization shall implement vulnerability mgmt controls to ensure compliance with Payment Card Industry Data Security Standard requirements.,يجب على المنظمة تطبيق ضوابط Vulnerability Mgmt لضمان الامتثال لمتطلبات معيار أمان بيانات صناعة بطاقات الدفع,To establish effective vulnerability mgmt practices,corrective,operational,1,critical,True,annually,active
1213,PCI-DSS,4.0,4.22,4,Access Control,Access Control - Control 22,Access Control - ضابط 22,The organization shall implement access control controls to ensure compliance with Payment Card Industry Data Security Standard requirements.,يجب على المنظمة تطبيق ضوابط Access Control لضمان الامتثال لمتطلبات معيار أمان بيانات صناعة بطاقات الدفع,To establish effective access control practices,preventive,administrative,2,high,True,quarterly,active
1214,PCI-DSS,4.0,5.22,5,Monitor & Test,Monitor & Test - Control 22,Monitor & Test - ضابط 22,The organization shall implement monitor & test controls to ensure compliance with Payment Card Industry Data Security Standard requirements.,يجب على المنظمة تطبيق ضوابط Monitor & Test لضمان الامتثال لمتطلبات معيار أمان بيانات صناعة بطاقات الدفع,To establish effective monitor & test practices,detective,technical,3,medium,True,monthly,active
1215,PCI-DSS,4.0,6.22,6,Policy,Policy - Control 22,Policy - ضابط 22,The organization shall implement policy controls to ensure compliance with Payment Card Industry Data Security Standard requirements.,يجب على المنظمة تطبيق ضوابط Policy لضمان الامتثال لمتطلبات معيار أمان بيانات صناعة بطاقات الدفع,To establish effective policy practices,corrective,operational,4,low,True,continuous,active
1216,PCI-DSS,4.0,1.23,1,Build & Maintain,Build & Maintain - Control 23,Build & Maintain - ضابط 23,The organization shall implement build & maintain controls to ensure compliance with Payment Card Industry Data Security Standard requirements.,يجب على المنظمة تطبيق ضوابط Build & Maintain لضمان الامتثال لمتطلبات معيار أمان بيانات صناعة بطاقات الدفع,To establish effective build & maintain practices,preventive,administrative,1,critical,True,annually,active
1217,PCI-DSS,4.0,2.23,2,Protect Data,Protect Data - Control 23,Protect Data - ضابط 23,The organization shall implement protect data controls to ensure compliance with Payment Card Industry Data Security Standard requirements.,يجب على المنظمة تطبيق ضوابط Protect Data لضمان الامتثال لمتطلبات معيار أمان بيانات صناعة بطاقات الدفع,To establish effective protect data practices,detective,technical,2,high,True,quarterly,active
1218,PCI-DSS,4.0,3.23,3,Vulnerability Mgmt,Vulnerability Mgmt - Control 23,Vulnerability Mgmt - ضابط 23,The organization shall implement vulnerability mgmt controls to ensure compliance with Payment Card Industry Data Security Standard requirements.,يجب على المنظمة تطبيق ضوابط Vulnerability Mgmt لضمان الامتثال لمتطلبات معيار أمان بيانات صناعة بطاقات الدفع,To establish effective vulnerability mgmt practices,corrective,operational,3,medium,True,monthly,active
1219,PCI-DSS,4.0,4.23,4,Access Control,Access Control - Control 23,Access Control - ضابط 23,The organization shall implement access control controls to ensure compliance with Payment Card Industry Data Security Standard requirements.,يجب على المنظمة تطبيق ضوابط Access Control لضمان الامتثال لمتطلبات معيار أمان بيانات صناعة بطاقات الدفع,To establish effective access control practices,preventive,administrative,4,low,True,continuous,active
1220,PCI-DSS,4.0,5.23,5,Monitor & Test,Monitor & Test - Control 23,Monitor & Test - ضابط 23,The organization shall implement monitor & test controls to ensure compliance with Payment Card Industry Data Security Standard requirements.,يجب على المنظمة تطبيق ضوابط Monitor & Test لضمان الامتثال لمتطلبات معيار أمان بيانات صناعة بطاقات الدفع,To establish effective monitor & test practices,detective,technical,1,critical,True,annually,active
1221,PCI-DSS,4.0,6.23,6,Policy,Policy - Control 23,Policy - ضابط 23,The organization shall implement policy controls to ensure compliance with Payment Card Industry Data Security Standard requirements.,يجب على المنظمة تطبيق ضوابط Policy لضمان الامتثال لمتطلبات معيار أمان بيانات صناعة بطاقات الدفع,To establish effective policy practices,corrective,operational,2,high,True,quarterly,active
1222,PCI-DSS,4.0,1.24,1,Build & Maintain,Build & Maintain - Control 24,Build & Maintain - ضابط 24,The organization shall implement build & maintain controls to ensure compliance with Payment Card Industry Data Security Standard requirements.,يجب على المنظمة تطبيق ضوابط Build & Maintain لضمان الامتثال لمتطلبات معيار أمان بيانات صناعة بطاقات الدفع,To establish effective build & maintain practices,preventive,administrative,3,medium,True,monthly,active
1223,PCI-DSS,4.0,2.24,2,Protect Data,Protect Data - Control 24,Protect Data - ضابط 24,The organization shall implement protect data controls to ensure compliance with Payment Card Industry Data Security Standard requirements.,يجب على المنظمة تطبيق ضوابط Protect Data لضمان الامتثال لمتطلبات معيار أمان بيانات صناعة بطاقات الدفع,To establish effective protect data practices,detective,technical,4,low,True,continuous,active
1224,PCI-DSS,4.0,3.24,3,Vulnerability Mgmt,Vulnerability Mgmt - Control 24,Vulnerability Mgmt - ضابط 24,The organization shall implement vulnerability mgmt controls to ensure compliance with Payment Card Industry Data Security Standard requirements.,يجب على المنظمة تطبيق ضوابط Vulnerability Mgmt لضمان الامتثال لمتطلبات معيار أمان بيانات صناعة بطاقات الدفع,To establish effective vulnerability mgmt practices,corrective,operational,1,critical,True,annually,active
1225,PCI-DSS,4.0,4.24,4,Access Control,Access Control - Control 24,Access Control - ضابط 24,The organization shall implement access control controls to ensure compliance with Payment Card Industry Data Security Standard requirements.,يجب على المنظمة تطبيق ضوابط Access Control لضمان الامتثال لمتطلبات معيار أمان بيانات صناعة بطاقات الدفع,To establish effective access control practices,preventive,administrative,2,high,True,quarterly,active
1226,PCI-DSS,4.0,5.24,5,Monitor & Test,Monitor & Test - Control 24,Monitor & Test - ضابط 24,The organization shall implement monitor & test controls to ensure compliance with Payment Card Industry Data Security Standard requirements.,يجب على المنظمة تطبيق ضوابط Monitor & Test لضمان الامتثال لمتطلبات معيار أمان بيانات صناعة بطاقات الدفع,To establish effective monitor & test practices,detective,technical,3,medium,True,monthly,active
1227,PCI-DSS,4.0,6.24,6,Policy,Policy - Control 24,Policy - ضابط 24,The organization shall implement policy controls to ensure compliance with Payment Card Industry Data Security Standard requirements.,يجب على المنظمة تطبيق ضوابط Policy لضمان الامتثال لمتطلبات معيار أمان بيانات صناعة بطاقات الدفع,To establish effective policy practices,corrective,operational,4,low,True,continuous,active
1228,PCI-DSS,4.0,1.25,1,Build & Maintain,Build & Maintain - Control 25,Build & Maintain - ضابط 25,The organization shall implement build & maintain controls to ensure compliance with Payment Card Industry Data Security Standard requirements.,يجب على المنظمة تطبيق ضوابط Build & Maintain لضمان الامتثال لمتطلبات معيار أمان بيانات صناعة بطاقات الدفع,To establish effective build & maintain practices,preventive,administrative,1,critical,True,annually,active
1229,PCI-DSS,4.0,2.25,2,Protect Data,Protect Data - Control 25,Protect Data - ضابط 25,The organization shall implement protect data controls to ensure compliance with Payment Card Industry Data Security Standard requirements.,يجب على المنظمة تطبيق ضوابط Protect Data لضمان الامتثال لمتطلبات معيار أمان بيانات صناعة بطاقات الدفع,To establish effective protect data practices,detective,technical,2,high,True,quarterly,active
1230,PCI-DSS,4.0,3.25,3,Vulnerability Mgmt,Vulnerability Mgmt - Control 25,Vulnerability Mgmt - ضابط 25,The organization shall implement vulnerability mgmt controls to ensure compliance with Payment Card Industry Data Security Standard requirements.,يجب على المنظمة تطبيق ضوابط Vulnerability Mgmt لضمان الامتثال لمتطلبات معيار أمان بيانات صناعة بطاقات الدفع,To establish effective vulnerability mgmt practices,corrective,operational,3,medium,True,monthly,active
1231,PCI-DSS,4.0,4.25,4,Access Control,Access Control - Control 25,Access Control - ضابط 25,The organization shall implement access control controls to ensure compliance with Payment Card Industry Data Security Standard requirements.,يجب على المنظمة تطبيق ضوابط Access Control لضمان الامتثال لمتطلبات معيار أمان بيانات صناعة بطاقات الدفع,To establish effective access control practices,preventive,administrative,4,low,True,continuous,active
1232,PCI-DSS,4.0,5.25,5,Monitor & Test,Monitor & Test - Control 25,Monitor & Test - ضابط 25,The organization shall implement monitor & test controls to ensure compliance with Payment Card Industry Data Security Standard requirements.,يجب على المنظمة تطبيق ضوابط Monitor & Test لضمان الامتثال لمتطلبات معيار أمان بيانات صناعة بطاقات الدفع,To establish effective monitor & test practices,detective,technical,1,critical,True,annually,active
1233,PCI-DSS,4.0,6.25,6,Policy,Policy - Control 25,Policy - ضابط 25,The organization shall implement policy controls to ensure compliance with Payment Card Industry Data Security Standard requirements.,يجب على المنظمة تطبيق ضوابط Policy لضمان الامتثال لمتطلبات معيار أمان بيانات صناعة بطاقات الدفع,To establish effective policy practices,corrective,operational,2,high,True,quarterly,active
1234,PCI-DSS,4.0,1.26,1,Build & Maintain,Build & Maintain - Control 26,Build & Maintain - ضابط 26,The organization shall implement build & maintain controls to ensure compliance with Payment Card Industry Data Security Standard requirements.,يجب على المنظمة تطبيق ضوابط Build & Maintain لضمان الامتثال لمتطلبات معيار أمان بيانات صناعة بطاقات الدفع,To establish effective build & maintain practices,preventive,administrative,3,medium,True,monthly,active
1235,PCI-DSS,4.0,2.26,2,Protect Data,Protect Data - Control 26,Protect Data - ضابط 26,The organization shall implement protect data controls to ensure compliance with Payment Card Industry Data Security Standard requirements.,يجب على المنظمة تطبيق ضوابط Protect Data لضمان الامتثال لمتطلبات معيار أمان بيانات صناعة بطاقات الدفع,To establish effective protect data practices,detective,technical,4,low,True,continuous,active
1236,PCI-DSS,4.0,3.26,3,Vulnerability Mgmt,Vulnerability Mgmt - Control 26,Vulnerability Mgmt - ضابط 26,The organization shall implement vulnerability mgmt controls to ensure compliance with Payment Card Industry Data Security Standard requirements.,يجب على المنظمة تطبيق ضوابط Vulnerability Mgmt لضمان الامتثال لمتطلبات معيار أمان بيانات صناعة بطاقات الدفع,To establish effective vulnerability mgmt practices,corrective,operational,1,critical,True,annually,active
1237,PCI-DSS,4.0,4.26,4,Access Control,Access Control - Control 26,Access Control - ضابط 26,The organization shall implement access control controls to ensure compliance with Payment Card Industry Data Security Standard requirements.,يجب على المنظمة تطبيق ضوابط Access Control لضمان الامتثال لمتطلبات معيار أمان بيانات صناعة بطاقات الدفع,To establish effective access control practices,preventive,administrative,2,high,True,quarterly,active
1238,PCI-DSS,4.0,5.26,5,Monitor & Test,Monitor & Test - Control 26,Monitor & Test - ضابط 26,The organization shall implement monitor & test controls to ensure compliance with Payment Card Industry Data Security Standard requirements.,يجب على المنظمة تطبيق ضوابط Monitor & Test لضمان الامتثال لمتطلبات معيار أمان بيانات صناعة بطاقات الدفع,To establish effective monitor & test practices,detective,technical,3,medium,True,monthly,active
1239,PCI-DSS,4.0,6.26,6,Policy,Policy - Control 26,Policy - ضابط 26,The organization shall implement policy controls to ensure compliance with Payment Card Industry Data Security Standard requirements.,يجب على المنظمة تطبيق ضوابط Policy لضمان الامتثال لمتطلبات معيار أمان بيانات صناعة بطاقات الدفع,To establish effective policy practices,corrective,operational,4,low,True,continuous,active
1240,PCI-DSS,4.0,1.27,1,Build & Maintain,Build & Maintain - Control 27,Build & Maintain - ضابط 27,The organization shall implement build & maintain controls to ensure compliance with Payment Card Industry Data Security Standard requirements.,يجب على المنظمة تطبيق ضوابط Build & Maintain لضمان الامتثال لمتطلبات معيار أمان بيانات صناعة بطاقات الدفع,To establish effective build & maintain practices,preventive,administrative,1,critical,True,annually,active
1241,PCI-DSS,4.0,2.27,2,Protect Data,Protect Data - Control 27,Protect Data - ضابط 27,The organization shall implement protect data controls to ensure compliance with Payment Card Industry Data Security Standard requirements.,يجب على المنظمة تطبيق ضوابط Protect Data لضمان الامتثال لمتطلبات معيار أمان بيانات صناعة بطاقات الدفع,To establish effective protect data practices,detective,technical,2,high,True,quarterly,active
1242,PCI-DSS,4.0,3.27,3,Vulnerability Mgmt,Vulnerability Mgmt - Control 27,Vulnerability Mgmt - ضابط 27,The organization shall implement vulnerability mgmt controls to ensure compliance with Payment Card Industry Data Security Standard requirements.,يجب على المنظمة تطبيق ضوابط Vulnerability Mgmt لضمان الامتثال لمتطلبات معيار أمان بيانات صناعة بطاقات الدفع,To establish effective vulnerability mgmt practices,corrective,operational,3,medium,True,monthly,active
1243,PCI-DSS,4.0,4.27,4,Access Control,Access Control - Control 27,Access Control - ضابط 27,The organization shall implement access control controls to ensure compliance with Payment Card Industry Data Security Standard requirements.,يجب على المنظمة تطبيق ضوابط Access Control لضمان الامتثال لمتطلبات معيار أمان بيانات صناعة بطاقات الدفع,To establish effective access control practices,preventive,administrative,4,low,True,continuous,active
1244,PCI-DSS,4.0,5.27,5,Monitor & Test,Monitor & Test - Control 27,Monitor & Test - ضابط 27,The organization shall implement monitor & test controls to ensure compliance with Payment Card Industry Data Security Standard requirements.,يجب على المنظمة تطبيق ضوابط Monitor & Test لضمان الامتثال لمتطلبات معيار أمان بيانات صناعة بطاقات الدفع,To establish effective monitor & test practices,detective,technical,1,critical,True,annually,active
1245,PCI-DSS,4.0,6.27,6,Policy,Policy - Control 27,Policy - ضابط 27,The organization shall implement policy controls to ensure compliance with Payment Card Industry Data Security Standard requirements.,يجب على المنظمة تطبيق ضوابط Policy لضمان الامتثال لمتطلبات معيار أمان بيانات صناعة بطاقات الدفع,To establish effective policy practices,corrective,operational,2,high,True,quarterly,active
1246,PCI-DSS,4.0,1.28,1,Build & Maintain,Build & Maintain - Control 28,Build & Maintain - ضابط 28,The organization shall implement build & maintain controls to ensure compliance with Payment Card Industry Data Security Standard requirements.,يجب على المنظمة تطبيق ضوابط Build & Maintain لضمان الامتثال لمتطلبات معيار أمان بيانات صناعة بطاقات الدفع,To establish effective build & maintain practices,preventive,administrative,3,medium,True,monthly,active
1247,PCI-DSS,4.0,2.28,2,Protect Data,Protect Data - Control 28,Protect Data - ضابط 28,The organization shall implement protect data controls to ensure compliance with Payment Card Industry Data Security Standard requirements.,يجب على المنظمة تطبيق ضوابط Protect Data لضمان الامتثال لمتطلبات معيار أمان بيانات صناعة بطاقات الدفع,To establish effective protect data practices,detective,technical,4,low,True,continuous,active
1248,PCI-DSS,4.0,3.28,3,Vulnerability Mgmt,Vulnerability Mgmt - Control 28,Vulnerability Mgmt - ضابط 28,The organization shall implement vulnerability mgmt controls to ensure compliance with Payment Card Industry Data Security Standard requirements.,يجب على المنظمة تطبيق ضوابط Vulnerability Mgmt لضمان الامتثال لمتطلبات معيار أمان بيانات صناعة بطاقات الدفع,To establish effective vulnerability mgmt practices,corrective,operational,1,critical,True,annually,active
1249,PCI-DSS,4.0,4.28,4,Access Control,Access Control - Control 28,Access Control - ضابط 28,The organization shall implement access control controls to ensure compliance with Payment Card Industry Data Security Standard requirements.,يجب على المنظمة تطبيق ضوابط Access Control لضمان الامتثال لمتطلبات معيار أمان بيانات صناعة بطاقات الدفع,To establish effective access control practices,preventive,administrative,2,high,True,quarterly,active
1250,PCI-DSS,4.0,5.28,5,Monitor & Test,Monitor & Test - Control 28,Monitor & Test - ضابط 28,The organization shall implement monitor & test controls to ensure compliance with Payment Card Industry Data Security Standard requirements.,يجب على المنظمة تطبيق ضوابط Monitor & Test لضمان الامتثال لمتطلبات معيار أمان بيانات صناعة بطاقات الدفع,To establish effective monitor & test practices,detective,technical,3,medium,True,monthly,active
1251,PCI-DSS,4.0,6.28,6,Policy,Policy - Control 28,Policy - ضابط 28,The organization shall implement policy controls to ensure compliance with Payment Card Industry Data Security Standard requirements.,يجب على المنظمة تطبيق ضوابط Policy لضمان الامتثال لمتطلبات معيار أمان بيانات صناعة بطاقات الدفع,To establish effective policy practices,corrective,operational,4,low,True,continuous,active
1252,PCI-DSS,4.0,1.29,1,Build & Maintain,Build & Maintain - Control 29,Build & Maintain - ضابط 29,The organization shall implement build & maintain controls to ensure compliance with Payment Card Industry Data Security Standard requirements.,يجب على المنظمة تطبيق ضوابط Build & Maintain لضمان الامتثال لمتطلبات معيار أمان بيانات صناعة بطاقات الدفع,To establish effective build & maintain practices,preventive,administrative,1,critical,True,annually,active
1253,PCI-DSS,4.0,2.29,2,Protect Data,Protect Data - Control 29,Protect Data - ضابط 29,The organization shall implement protect data controls to ensure compliance with Payment Card Industry Data Security Standard requirements.,يجب على المنظمة تطبيق ضوابط Protect Data لضمان الامتثال لمتطلبات معيار أمان بيانات صناعة بطاقات الدفع,To establish effective protect data practices,detective,technical,2,high,True,quarterly,active
1254,PCI-DSS,4.0,3.29,3,Vulnerability Mgmt,Vulnerability Mgmt - Control 29,Vulnerability Mgmt - ضابط 29,The organization shall implement vulnerability mgmt controls to ensure compliance with Payment Card Industry Data Security Standard requirements.,يجب على المنظمة تطبيق ضوابط Vulnerability Mgmt لضمان الامتثال لمتطلبات معيار أمان بيانات صناعة بطاقات الدفع,To establish effective vulnerability mgmt practices,corrective,operational,3,medium,True,monthly,active
1255,PCI-DSS,4.0,4.29,4,Access Control,Access Control - Control 29,Access Control - ضابط 29,The organization shall implement access control controls to ensure compliance with Payment Card Industry Data Security Standard requirements.,يجب على المنظمة تطبيق ضوابط Access Control لضمان الامتثال لمتطلبات معيار أمان بيانات صناعة بطاقات الدفع,To establish effective access control practices,preventive,administrative,4,low,True,continuous,active
1256,PCI-DSS,4.0,5.29,5,Monitor & Test,Monitor & Test - Control 29,Monitor & Test - ضابط 29,The organization shall implement monitor & test controls to ensure compliance with Payment Card Industry Data Security Standard requirements.,يجب على المنظمة تطبيق ضوابط Monitor & Test لضمان الامتثال لمتطلبات معيار أمان بيانات صناعة بطاقات الدفع,To establish effective monitor & test practices,detective,technical,1,critical,True,annually,active
1257,PCI-DSS,4.0,6.29,6,Policy,Policy - Control 29,Policy - ضابط 29,The organization shall implement policy controls to ensure compliance with Payment Card Industry Data Security Standard requirements.,يجب على المنظمة تطبيق ضوابط Policy لضمان الامتثال لمتطلبات معيار أمان بيانات صناعة بطاقات الدفع,To establish effective policy practices,corrective,operational,2,high,True,quarterly,active
1258,PCI-DSS,4.0,1.30,1,Build & Maintain,Build & Maintain - Control 30,Build & Maintain - ضابط 30,The organization shall implement build & maintain controls to ensure compliance with Payment Card Industry Data Security Standard requirements.,يجب على المنظمة تطبيق ضوابط Build & Maintain لضمان الامتثال لمتطلبات معيار أمان بيانات صناعة بطاقات الدفع,To establish effective build & maintain practices,preventive,administrative,3,medium,True,monthly,active
1259,PCI-DSS,4.0,2.30,2,Protect Data,Protect Data - Control 30,Protect Data - ضابط 30,The organization shall implement protect data controls to ensure compliance with Payment Card Industry Data Security Standard requirements.,يجب على المنظمة تطبيق ضوابط Protect Data لضمان الامتثال لمتطلبات معيار أمان بيانات صناعة بطاقات الدفع,To establish effective protect data practices,detective,technical,4,low,True,continuous,active
1260,PCI-DSS,4.0,3.30,3,Vulnerability Mgmt,Vulnerability Mgmt - Control 30,Vulnerability Mgmt - ضابط 30,The organization shall implement vulnerability mgmt controls to ensure compliance with Payment Card Industry Data Security Standard requirements.,يجب على المنظمة تطبيق ضوابط Vulnerability Mgmt لضمان الامتثال لمتطلبات معيار أمان بيانات صناعة بطاقات الدفع,To establish effective vulnerability mgmt practices,corrective,operational,1,critical,True,annually,active
1261,PCI-DSS,4.0,4.30,4,Access Control,Access Control - Control 30,Access Control - ضابط 30,The organization shall implement access control controls to ensure compliance with Payment Card Industry Data Security Standard requirements.,يجب على المنظمة تطبيق ضوابط Access Control لضمان الامتثال لمتطلبات معيار أمان بيانات صناعة بطاقات الدفع,To establish effective access control practices,preventive,administrative,2,high,True,quarterly,active
1262,PCI-DSS,4.0,5.30,5,Monitor & Test,Monitor & Test - Control 30,Monitor & Test - ضابط 30,The organization shall implement monitor & test controls to ensure compliance with Payment Card Industry Data Security Standard requirements.,يجب على المنظمة تطبيق ضوابط Monitor & Test لضمان الامتثال لمتطلبات معيار أمان بيانات صناعة بطاقات الدفع,To establish effective monitor & test practices,detective,technical,3,medium,True,monthly,active
1263,PCI-DSS,4.0,6.30,6,Policy,Policy - Control 30,Policy - ضابط 30,The organization shall implement policy controls to ensure compliance with Payment Card Industry Data Security Standard requirements.,يجب على المنظمة تطبيق ضوابط Policy لضمان الامتثال لمتطلبات معيار أمان بيانات صناعة بطاقات الدفع,To establish effective policy practices,corrective,operational,4,low,True,continuous,active
1264,PCI-DSS,4.0,1.31,1,Build & Maintain,Build & Maintain - Control 31,Build & Maintain - ضابط 31,The organization shall implement build & maintain controls to ensure compliance with Payment Card Industry Data Security Standard requirements.,يجب على المنظمة تطبيق ضوابط Build & Maintain لضمان الامتثال لمتطلبات معيار أمان بيانات صناعة بطاقات الدفع,To establish effective build & maintain practices,preventive,administrative,1,critical,True,annually,active
1265,PCI-DSS,4.0,2.31,2,Protect Data,Protect Data - Control 31,Protect Data - ضابط 31,The organization shall implement protect data controls to ensure compliance with Payment Card Industry Data Security Standard requirements.,يجب على المنظمة تطبيق ضوابط Protect Data لضمان الامتثال لمتطلبات معيار أمان بيانات صناعة بطاقات الدفع,To establish effective protect data practices,detective,technical,2,high,True,quarterly,active
1266,PCI-DSS,4.0,3.31,3,Vulnerability Mgmt,Vulnerability Mgmt - Control 31,Vulnerability Mgmt - ضابط 31,The organization shall implement vulnerability mgmt controls to ensure compliance with Payment Card Industry Data Security Standard requirements.,يجب على المنظمة تطبيق ضوابط Vulnerability Mgmt لضمان الامتثال لمتطلبات معيار أمان بيانات صناعة بطاقات الدفع,To establish effective vulnerability mgmt practices,corrective,operational,3,medium,True,monthly,active
1267,PCI-DSS,4.0,4.31,4,Access Control,Access Control - Control 31,Access Control - ضابط 31,The organization shall implement access control controls to ensure compliance with Payment Card Industry Data Security Standard requirements.,يجب على المنظمة تطبيق ضوابط Access Control لضمان الامتثال لمتطلبات معيار أمان بيانات صناعة بطاقات الدفع,To establish effective access control practices,preventive,administrative,4,low,True,continuous,active
1268,PCI-DSS,4.0,5.31,5,Monitor & Test,Monitor & Test - Control 31,Monitor & Test - ضابط 31,The organization shall implement monitor & test controls to ensure compliance with Payment Card Industry Data Security Standard requirements.,يجب على المنظمة تطبيق ضوابط Monitor & Test لضمان الامتثال لمتطلبات معيار أمان بيانات صناعة بطاقات الدفع,To establish effective monitor & test practices,detective,technical,1,critical,True,annually,active
1269,PCI-DSS,4.0,6.31,6,Policy,Policy - Control 31,Policy - ضابط 31,The organization shall implement policy controls to ensure compliance with Payment Card Industry Data Security Standard requirements.,يجب على المنظمة تطبيق ضوابط Policy لضمان الامتثال لمتطلبات معيار أمان بيانات صناعة بطاقات الدفع,To establish effective policy practices,corrective,operational,2,high,True,quarterly,active
1270,PCI-DSS,4.0,1.32,1,Build & Maintain,Build & Maintain - Control 32,Build & Maintain - ضابط 32,The organization shall implement build & maintain controls to ensure compliance with Payment Card Industry Data Security Standard requirements.,يجب على المنظمة تطبيق ضوابط Build & Maintain لضمان الامتثال لمتطلبات معيار أمان بيانات صناعة بطاقات الدفع,To establish effective build & maintain practices,preventive,administrative,3,medium,True,monthly,active
1271,PCI-DSS,4.0,2.32,2,Protect Data,Protect Data - Control 32,Protect Data - ضابط 32,The organization shall implement protect data controls to ensure compliance with Payment Card Industry Data Security Standard requirements.,يجب على المنظمة تطبيق ضوابط Protect Data لضمان الامتثال لمتطلبات معيار أمان بيانات صناعة بطاقات الدفع,To establish effective protect data practices,detective,technical,4,low,True,continuous,active
1272,PCI-DSS,4.0,3.32,3,Vulnerability Mgmt,Vulnerability Mgmt - Control 32,Vulnerability Mgmt - ضابط 32,The organization shall implement vulnerability mgmt controls to ensure compliance with Payment Card Industry Data Security Standard requirements.,يجب على المنظمة تطبيق ضوابط Vulnerability Mgmt لضمان الامتثال لمتطلبات معيار أمان بيانات صناعة بطاقات الدفع,To establish effective vulnerability mgmt practices,corrective,operational,1,critical,True,annually,active
1273,PCI-DSS,4.0,4.32,4,Access Control,Access Control - Control 32,Access Control - ضابط 32,The organization shall implement access control controls to ensure compliance with Payment Card Industry Data Security Standard requirements.,يجب على المنظمة تطبيق ضوابط Access Control لضمان الامتثال لمتطلبات معيار أمان بيانات صناعة بطاقات الدفع,To establish effective access control practices,preventive,administrative,2,high,True,quarterly,active
1274,PCI-DSS,4.0,5.32,5,Monitor & Test,Monitor & Test - Control 32,Monitor & Test - ضابط 32,The organization shall implement monitor & test controls to ensure compliance with Payment Card Industry Data Security Standard requirements.,يجب على المنظمة تطبيق ضوابط Monitor & Test لضمان الامتثال لمتطلبات معيار أمان بيانات صناعة بطاقات الدفع,To establish effective monitor & test practices,detective,technical,3,medium,True,monthly,active
1275,PCI-DSS,4.0,6.32,6,Policy,Policy - Control 32,Policy - ضابط 32,The organization shall implement policy controls to ensure compliance with Payment Card Industry Data Security Standard requirements.,يجب على المنظمة تطبيق ضوابط Policy لضمان الامتثال لمتطلبات معيار أمان بيانات صناعة بطاقات الدفع,To establish effective policy practices,corrective,operational,4,low,True,continuous,active
1276,PCI-DSS,4.0,1.33,1,Build & Maintain,Build & Maintain - Control 33,Build & Maintain - ضابط 33,The organization shall implement build & maintain controls to ensure compliance with Payment Card Industry Data Security Standard requirements.,يجب على المنظمة تطبيق ضوابط Build & Maintain لضمان الامتثال لمتطلبات معيار أمان بيانات صناعة بطاقات الدفع,To establish effective build & maintain practices,preventive,administrative,1,critical,True,annually,active
1277,PCI-DSS,4.0,2.33,2,Protect Data,Protect Data - Control 33,Protect Data - ضابط 33,The organization shall implement protect data controls to ensure compliance with Payment Card Industry Data Security Standard requirements.,يجب على المنظمة تطبيق ضوابط Protect Data لضمان الامتثال لمتطلبات معيار أمان بيانات صناعة بطاقات الدفع,To establish effective protect data practices,detective,technical,2,high,True,quarterly,active
1278,PCI-DSS,4.0,3.33,3,Vulnerability Mgmt,Vulnerability Mgmt - Control 33,Vulnerability Mgmt - ضابط 33,The organization shall implement vulnerability mgmt controls to ensure compliance with Payment Card Industry Data Security Standard requirements.,يجب على المنظمة تطبيق ضوابط Vulnerability Mgmt لضمان الامتثال لمتطلبات معيار أمان بيانات صناعة بطاقات الدفع,To establish effective vulnerability mgmt practices,corrective,operational,3,medium,True,monthly,active
1279,PCI-DSS,4.0,4.33,4,Access Control,Access Control - Control 33,Access Control - ضابط 33,The organization shall implement access control controls to ensure compliance with Payment Card Industry Data Security Standard requirements.,يجب على المنظمة تطبيق ضوابط Access Control لضمان الامتثال لمتطلبات معيار أمان بيانات صناعة بطاقات الدفع,To establish effective access control practices,preventive,administrative,4,low,True,continuous,active
1280,PCI-DSS,4.0,5.33,5,Monitor & Test,Monitor & Test - Control 33,Monitor & Test - ضابط 33,The organization shall implement monitor & test controls to ensure compliance with Payment Card Industry Data Security Standard requirements.,يجب على المنظمة تطبيق ضوابط Monitor & Test لضمان الامتثال لمتطلبات معيار أمان بيانات صناعة بطاقات الدفع,To establish effective monitor & test practices,detective,technical,1,critical,True,annually,active
1281,PCI-DSS,4.0,6.33,6,Policy,Policy - Control 33,Policy - ضابط 33,The organization shall implement policy controls to ensure compliance with Payment Card Industry Data Security Standard requirements.,يجب على المنظمة تطبيق ضوابط Policy لضمان الامتثال لمتطلبات معيار أمان بيانات صناعة بطاقات الدفع,To establish effective policy practices,corrective,operational,2,high,True,quarterly,active
1282,PCI-DSS,4.0,1.34,1,Build & Maintain,Build & Maintain - Control 34,Build & Maintain - ضابط 34,The organization shall implement build & maintain controls to ensure compliance with Payment Card Industry Data Security Standard requirements.,يجب على المنظمة تطبيق ضوابط Build & Maintain لضمان الامتثال لمتطلبات معيار أمان بيانات صناعة بطاقات الدفع,To establish effective build & maintain practices,preventive,administrative,3,medium,True,monthly,active
1283,PCI-DSS,4.0,2.34,2,Protect Data,Protect Data - Control 34,Protect Data - ضابط 34,The organization shall implement protect data controls to ensure compliance with Payment Card Industry Data Security Standard requirements.,يجب على المنظمة تطبيق ضوابط Protect Data لضمان الامتثال لمتطلبات معيار أمان بيانات صناعة بطاقات الدفع,To establish effective protect data practices,detective,technical,4,low,True,continuous,active
1284,PCI-DSS,4.0,3.34,3,Vulnerability Mgmt,Vulnerability Mgmt - Control 34,Vulnerability Mgmt - ضابط 34,The organization shall implement vulnerability mgmt controls to ensure compliance with Payment Card Industry Data Security Standard requirements.,يجب على المنظمة تطبيق ضوابط Vulnerability Mgmt لضمان الامتثال لمتطلبات معيار أمان بيانات صناعة بطاقات الدفع,To establish effective vulnerability mgmt practices,corrective,operational,1,critical,True,annually,active
1285,PCI-DSS,4.0,4.34,4,Access Control,Access Control - Control 34,Access Control - ضابط 34,The organization shall implement access control controls to ensure compliance with Payment Card Industry Data Security Standard requirements.,يجب على المنظمة تطبيق ضوابط Access Control لضمان الامتثال لمتطلبات معيار أمان بيانات صناعة بطاقات الدفع,To establish effective access control practices,preventive,administrative,2,high,True,quarterly,active
1286,PCI-DSS,4.0,5.34,5,Monitor & Test,Monitor & Test - Control 34,Monitor & Test - ضابط 34,The organization shall implement monitor & test controls to ensure compliance with Payment Card Industry Data Security Standard requirements.,يجب على المنظمة تطبيق ضوابط Monitor & Test لضمان الامتثال لمتطلبات معيار أمان بيانات صناعة بطاقات الدفع,To establish effective monitor & test practices,detective,technical,3,medium,True,monthly,active
1287,PCI-DSS,4.0,6.34,6,Policy,Policy - Control 34,Policy - ضابط 34,The organization shall implement policy controls to ensure compliance with Payment Card Industry Data Security Standard requirements.,يجب على المنظمة تطبيق ضوابط Policy لضمان الامتثال لمتطلبات معيار أمان بيانات صناعة بطاقات الدفع,To establish effective policy practices,corrective,operational,4,low,True,continuous,active
1288,PCI-DSS,4.0,1.35,1,Build & Maintain,Build & Maintain - Control 35,Build & Maintain - ضابط 35,The organization shall implement build & maintain controls to ensure compliance with Payment Card Industry Data Security Standard requirements.,يجب على المنظمة تطبيق ضوابط Build & Maintain لضمان الامتثال لمتطلبات معيار أمان بيانات صناعة بطاقات الدفع,To establish effective build & maintain practices,preventive,administrative,1,critical,True,annually,active
1289,PCI-DSS,4.0,2.35,2,Protect Data,Protect Data - Control 35,Protect Data - ضابط 35,The organization shall implement protect data controls to ensure compliance with Payment Card Industry Data Security Standard requirements.,يجب على المنظمة تطبيق ضوابط Protect Data لضمان الامتثال لمتطلبات معيار أمان بيانات صناعة بطاقات الدفع,To establish effective protect data practices,detective,technical,2,high,True,quarterly,active
1290,PCI-DSS,4.0,3.35,3,Vulnerability Mgmt,Vulnerability Mgmt - Control 35,Vulnerability Mgmt - ضابط 35,The organization shall implement vulnerability mgmt controls to ensure compliance with Payment Card Industry Data Security Standard requirements.,يجب على المنظمة تطبيق ضوابط Vulnerability Mgmt لضمان الامتثال لمتطلبات معيار أمان بيانات صناعة بطاقات الدفع,To establish effective vulnerability mgmt practices,corrective,operational,3,medium,True,monthly,active
1291,PCI-DSS,4.0,4.35,4,Access Control,Access Control - Control 35,Access Control - ضابط 35,The organization shall implement access control controls to ensure compliance with Payment Card Industry Data Security Standard requirements.,يجب على المنظمة تطبيق ضوابط Access Control لضمان الامتثال لمتطلبات معيار أمان بيانات صناعة بطاقات الدفع,To establish effective access control practices,preventive,administrative,4,low,True,continuous,active
1292,PCI-DSS,4.0,5.35,5,Monitor & Test,Monitor & Test - Control 35,Monitor & Test - ضابط 35,The organization shall implement monitor & test controls to ensure compliance with Payment Card Industry Data Security Standard requirements.,يجب على المنظمة تطبيق ضوابط Monitor & Test لضمان الامتثال لمتطلبات معيار أمان بيانات صناعة بطاقات الدفع,To establish effective monitor & test practices,detective,technical,1,critical,True,annually,active
1293,PCI-DSS,4.0,6.35,6,Policy,Policy - Control 35,Policy - ضابط 35,The organization shall implement policy controls to ensure compliance with Payment Card Industry Data Security Standard requirements.,يجب على المنظمة تطبيق ضوابط Policy لضمان الامتثال لمتطلبات معيار أمان بيانات صناعة بطاقات الدفع,To establish effective policy practices,corrective,operational,2,high,True,quarterly,active
1294,PCI-DSS,4.0,1.36,1,Build & Maintain,Build & Maintain - Control 36,Build & Maintain - ضابط 36,The organization shall implement build & maintain controls to ensure compliance with Payment Card Industry Data Security Standard requirements.,يجب على المنظمة تطبيق ضوابط Build & Maintain لضمان الامتثال لمتطلبات معيار أمان بيانات صناعة بطاقات الدفع,To establish effective build & maintain practices,preventive,administrative,3,medium,True,monthly,active
1295,PCI-DSS,4.0,2.36,2,Protect Data,Protect Data - Control 36,Protect Data - ضابط 36,The organization shall implement protect data controls to ensure compliance with Payment Card Industry Data Security Standard requirements.,يجب على المنظمة تطبيق ضوابط Protect Data لضمان الامتثال لمتطلبات معيار أمان بيانات صناعة بطاقات الدفع,To establish effective protect data practices,detective,technical,4,low,True,continuous,active
1296,PCI-DSS,4.0,3.36,3,Vulnerability Mgmt,Vulnerability Mgmt - Control 36,Vulnerability Mgmt - ضابط 36,The organization shall implement vulnerability mgmt controls to ensure compliance with Payment Card Industry Data Security Standard requirements.,يجب على المنظمة تطبيق ضوابط Vulnerability Mgmt لضمان الامتثال لمتطلبات معيار أمان بيانات صناعة بطاقات الدفع,To establish effective vulnerability mgmt practices,corrective,operational,1,critical,True,annually,active
1297,PCI-DSS,4.0,4.36,4,Access Control,Access Control - Control 36,Access Control - ضابط 36,The organization shall implement access control controls to ensure compliance with Payment Card Industry Data Security Standard requirements.,يجب على المنظمة تطبيق ضوابط Access Control لضمان الامتثال لمتطلبات معيار أمان بيانات صناعة بطاقات الدفع,To establish effective access control practices,preventive,administrative,2,high,True,quarterly,active
1298,PCI-DSS,4.0,5.36,5,Monitor & Test,Monitor & Test - Control 36,Monitor & Test - ضابط 36,The organization shall implement monitor & test controls to ensure compliance with Payment Card Industry Data Security Standard requirements.,يجب على المنظمة تطبيق ضوابط Monitor & Test لضمان الامتثال لمتطلبات معيار أمان بيانات صناعة بطاقات الدفع,To establish effective monitor & test practices,detective,technical,3,medium,True,monthly,active
1299,PCI-DSS,4.0,6.36,6,Policy,Policy - Control 36,Policy - ضابط 36,The organization shall implement policy controls to ensure compliance with Payment Card Industry Data Security Standard requirements.,يجب على المنظمة تطبيق ضوابط Policy لضمان الامتثال لمتطلبات معيار أمان بيانات صناعة بطاقات الدفع,To establish effective policy practices,corrective,operational,4,low,True,continuous,active
1300,PCI-DSS,4.0,1.37,1,Build & Maintain,Build & Maintain - Control 37,Build & Maintain - ضابط 37,The organization shall implement build & maintain controls to ensure compliance with Payment Card Industry Data Security Standard requirements.,يجب على المنظمة تطبيق ضوابط Build & Maintain لضمان الامتثال لمتطلبات معيار أمان بيانات صناعة بطاقات الدفع,To establish effective build & maintain practices,preventive,administrative,1,critical,True,annually,active
1301,PCI-DSS,4.0,2.37,2,Protect Data,Protect Data - Control 37,Protect Data - ضابط 37,The organization shall implement protect data controls to ensure compliance with Payment Card Industry Data Security Standard requirements.,يجب على المنظمة تطبيق ضوابط Protect Data لضمان الامتثال لمتطلبات معيار أمان بيانات صناعة بطاقات الدفع,To establish effective protect data practices,detective,technical,2,high,True,quarterly,active
1302,PCI-DSS,4.0,3.37,3,Vulnerability Mgmt,Vulnerability Mgmt - Control 37,Vulnerability Mgmt - ضابط 37,The organization shall implement vulnerability mgmt controls to ensure compliance with Payment Card Industry Data Security Standard requirements.,يجب على المنظمة تطبيق ضوابط Vulnerability Mgmt لضمان الامتثال لمتطلبات معيار أمان بيانات صناعة بطاقات الدفع,To establish effective vulnerability mgmt practices,corrective,operational,3,medium,True,monthly,active
1303,PCI-DSS,4.0,4.37,4,Access Control,Access Control - Control 37,Access Control - ضابط 37,The organization shall implement access control controls to ensure compliance with Payment Card Industry Data Security Standard requirements.,يجب على المنظمة تطبيق ضوابط Access Control لضمان الامتثال لمتطلبات معيار أمان بيانات صناعة بطاقات الدفع,To establish effective access control practices,preventive,administrative,4,low,True,continuous,active
1304,PCI-DSS,4.0,5.37,5,Monitor & Test,Monitor & Test - Control 37,Monitor & Test - ضابط 37,The organization shall implement monitor & test controls to ensure compliance with Payment Card Industry Data Security Standard requirements.,يجب على المنظمة تطبيق ضوابط Monitor & Test لضمان الامتثال لمتطلبات معيار أمان بيانات صناعة بطاقات الدفع,To establish effective monitor & test practices,detective,technical,1,critical,True,annually,active
1305,PCI-DSS,4.0,6.37,6,Policy,Policy - Control 37,Policy - ضابط 37,The organization shall implement policy controls to ensure compliance with Payment Card Industry Data Security Standard requirements.,يجب على المنظمة تطبيق ضوابط Policy لضمان الامتثال لمتطلبات معيار أمان بيانات صناعة بطاقات الدفع,To establish effective policy practices,corrective,operational,2,high,True,quarterly,active
1306,PCI-DSS,4.0,1.38,1,Build & Maintain,Build & Maintain - Control 38,Build & Maintain - ضابط 38,The organization shall implement build & maintain controls to ensure compliance with Payment Card Industry Data Security Standard requirements.,يجب على المنظمة تطبيق ضوابط Build & Maintain لضمان الامتثال لمتطلبات معيار أمان بيانات صناعة بطاقات الدفع,To establish effective build & maintain practices,preventive,administrative,3,medium,True,monthly,active
1307,PCI-DSS,4.0,2.38,2,Protect Data,Protect Data - Control 38,Protect Data - ضابط 38,The organization shall implement protect data controls to ensure compliance with Payment Card Industry Data Security Standard requirements.,يجب على المنظمة تطبيق ضوابط Protect Data لضمان الامتثال لمتطلبات معيار أمان بيانات صناعة بطاقات الدفع,To establish effective protect data practices,detective,technical,4,low,True,continuous,active
1308,PCI-DSS,4.0,3.38,3,Vulnerability Mgmt,Vulnerability Mgmt - Control 38,Vulnerability Mgmt - ضابط 38,The organization shall implement vulnerability mgmt controls to ensure compliance with Payment Card Industry Data Security Standard requirements.,يجب على المنظمة تطبيق ضوابط Vulnerability Mgmt لضمان الامتثال لمتطلبات معيار أمان بيانات صناعة بطاقات الدفع,To establish effective vulnerability mgmt practices,corrective,operational,1,critical,True,annually,active
1309,PCI-DSS,4.0,4.38,4,Access Control,Access Control - Control 38,Access Control - ضابط 38,The organization shall implement access control controls to ensure compliance with Payment Card Industry Data Security Standard requirements.,يجب على المنظمة تطبيق ضوابط Access Control لضمان الامتثال لمتطلبات معيار أمان بيانات صناعة بطاقات الدفع,To establish effective access control practices,preventive,administrative,2,high,True,quarterly,active
1310,PCI-DSS,4.0,5.38,5,Monitor & Test,Monitor & Test - Control 38,Monitor & Test - ضابط 38,The organization shall implement monitor & test controls to ensure compliance with Payment Card Industry Data Security Standard requirements.,يجب على المنظمة تطبيق ضوابط Monitor & Test لضمان الامتثال لمتطلبات معيار أمان بيانات صناعة بطاقات الدفع,To establish effective monitor & test practices,detective,technical,3,medium,True,monthly,active
1311,PCI-DSS,4.0,6.38,6,Policy,Policy - Control 38,Policy - ضابط 38,The organization shall implement policy controls to ensure compliance with Payment Card Industry Data Security Standard requirements.,يجب على المنظمة تطبيق ضوابط Policy لضمان الامتثال لمتطلبات معيار أمان بيانات صناعة بطاقات الدفع,To establish effective policy practices,corrective,operational,4,low,True,continuous,active
1312,PCI-DSS,4.0,1.39,1,Build & Maintain,Build & Maintain - Control 39,Build & Maintain - ضابط 39,The organization shall implement build & maintain controls to ensure compliance with Payment Card Industry Data Security Standard requirements.,يجب على المنظمة تطبيق ضوابط Build & Maintain لضمان الامتثال لمتطلبات معيار أمان بيانات صناعة بطاقات الدفع,To establish effective build & maintain practices,preventive,administrative,1,critical,True,annually,active
1313,PCI-DSS,4.0,2.39,2,Protect Data,Protect Data - Control 39,Protect Data - ضابط 39,The organization shall implement protect data controls to ensure compliance with Payment Card Industry Data Security Standard requirements.,يجب على المنظمة تطبيق ضوابط Protect Data لضمان الامتثال لمتطلبات معيار أمان بيانات صناعة بطاقات الدفع,To establish effective protect data practices,detective,technical,2,high,True,quarterly,active
1314,PCI-DSS,4.0,3.39,3,Vulnerability Mgmt,Vulnerability Mgmt - Control 39,Vulnerability Mgmt - ضابط 39,The organization shall implement vulnerability mgmt controls to ensure compliance with Payment Card Industry Data Security Standard requirements.,يجب على المنظمة تطبيق ضوابط Vulnerability Mgmt لضمان الامتثال لمتطلبات معيار أمان بيانات صناعة بطاقات الدفع,To establish effective vulnerability mgmt practices,corrective,operational,3,medium,True,monthly,active
1315,PCI-DSS,4.0,4.39,4,Access Control,Access Control - Control 39,Access Control - ضابط 39,The organization shall implement access control controls to ensure compliance with Payment Card Industry Data Security Standard requirements.,يجب على المنظمة تطبيق ضوابط Access Control لضمان الامتثال لمتطلبات معيار أمان بيانات صناعة بطاقات الدفع,To establish effective access control practices,preventive,administrative,4,low,True,continuous,active
1316,PCI-DSS,4.0,5.39,5,Monitor & Test,Monitor & Test - Control 39,Monitor & Test - ضابط 39,The organization shall implement monitor & test controls to ensure compliance with Payment Card Industry Data Security Standard requirements.,يجب على المنظمة تطبيق ضوابط Monitor & Test لضمان الامتثال لمتطلبات معيار أمان بيانات صناعة بطاقات الدفع,To establish effective monitor & test practices,detective,technical,1,critical,True,annually,active
1317,PCI-DSS,4.0,6.39,6,Policy,Policy - Control 39,Policy - ضابط 39,The organization shall implement policy controls to ensure compliance with Payment Card Industry Data Security Standard requirements.,يجب على المنظمة تطبيق ضوابط Policy لضمان الامتثال لمتطلبات معيار أمان بيانات صناعة بطاقات الدفع,To establish effective policy practices,corrective,operational,2,high,True,quarterly,active
1318,PCI-DSS,4.0,1.40,1,Build & Maintain,Build & Maintain - Control 40,Build & Maintain - ضابط 40,The organization shall implement build & maintain controls to ensure compliance with Payment Card Industry Data Security Standard requirements.,يجب على المنظمة تطبيق ضوابط Build & Maintain لضمان الامتثال لمتطلبات معيار أمان بيانات صناعة بطاقات الدفع,To establish effective build & maintain practices,preventive,administrative,3,medium,True,monthly,active
1319,PCI-DSS,4.0,2.40,2,Protect Data,Protect Data - Control 40,Protect Data - ضابط 40,The organization shall implement protect data controls to ensure compliance with Payment Card Industry Data Security Standard requirements.,يجب على المنظمة تطبيق ضوابط Protect Data لضمان الامتثال لمتطلبات معيار أمان بيانات صناعة بطاقات الدفع,To establish effective protect data practices,detective,technical,4,low,True,continuous,active
1320,PCI-DSS,4.0,3.40,3,Vulnerability Mgmt,Vulnerability Mgmt - Control 40,Vulnerability Mgmt - ضابط 40,The organization shall implement vulnerability mgmt controls to ensure compliance with Payment Card Industry Data Security Standard requirements.,يجب على المنظمة تطبيق ضوابط Vulnerability Mgmt لضمان الامتثال لمتطلبات معيار أمان بيانات صناعة بطاقات الدفع,To establish effective vulnerability mgmt practices,corrective,operational,1,critical,True,annually,active
1321,PCI-DSS,4.0,4.40,4,Access Control,Access Control - Control 40,Access Control - ضابط 40,The organization shall implement access control controls to ensure compliance with Payment Card Industry Data Security Standard requirements.,يجب على المنظمة تطبيق ضوابط Access Control لضمان الامتثال لمتطلبات معيار أمان بيانات صناعة بطاقات الدفع,To establish effective access control practices,preventive,administrative,2,high,True,quarterly,active
1322,PCI-DSS,4.0,5.40,5,Monitor & Test,Monitor & Test - Control 40,Monitor & Test - ضابط 40,The organization shall implement monitor & test controls to ensure compliance with Payment Card Industry Data Security Standard requirements.,يجب على المنظمة تطبيق ضوابط Monitor & Test لضمان الامتثال لمتطلبات معيار أمان بيانات صناعة بطاقات الدفع,To establish effective monitor & test practices,detective,technical,3,medium,True,monthly,active
1323,PCI-DSS,4.0,6.40,6,Policy,Policy - Control 40,Policy - ضابط 40,The organization shall implement policy controls to ensure compliance with Payment Card Industry Data Security Standard requirements.,يجب على المنظمة تطبيق ضوابط Policy لضمان الامتثال لمتطلبات معيار أمان بيانات صناعة بطاقات الدفع,To establish effective policy practices,corrective,operational,4,low,True,continuous,active
1324,PCI-DSS,4.0,1.41,1,Build & Maintain,Build & Maintain - Control 41,Build & Maintain - ضابط 41,The organization shall implement build & maintain controls to ensure compliance with Payment Card Industry Data Security Standard requirements.,يجب على المنظمة تطبيق ضوابط Build & Maintain لضمان الامتثال لمتطلبات معيار أمان بيانات صناعة بطاقات الدفع,To establish effective build & maintain practices,preventive,administrative,1,critical,True,annually,active
1325,PCI-DSS,4.0,2.41,2,Protect Data,Protect Data - Control 41,Protect Data - ضابط 41,The organization shall implement protect data controls to ensure compliance with Payment Card Industry Data Security Standard requirements.,يجب على المنظمة تطبيق ضوابط Protect Data لضمان الامتثال لمتطلبات معيار أمان بيانات صناعة بطاقات الدفع,To establish effective protect data practices,detective,technical,2,high,True,quarterly,active
1326,PCI-DSS,4.0,3.41,3,Vulnerability Mgmt,Vulnerability Mgmt - Control 41,Vulnerability Mgmt - ضابط 41,The organization shall implement vulnerability mgmt controls to ensure compliance with Payment Card Industry Data Security Standard requirements.,يجب على المنظمة تطبيق ضوابط Vulnerability Mgmt لضمان الامتثال لمتطلبات معيار أمان بيانات صناعة بطاقات الدفع,To establish effective vulnerability mgmt practices,corrective,operational,3,medium,True,monthly,active
1327,PCI-DSS,4.0,4.41,4,Access Control,Access Control - Control 41,Access Control - ضابط 41,The organization shall implement access control controls to ensure compliance with Payment Card Industry Data Security Standard requirements.,يجب على المنظمة تطبيق ضوابط Access Control لضمان الامتثال لمتطلبات معيار أمان بيانات صناعة بطاقات الدفع,To establish effective access control practices,preventive,administrative,4,low,True,continuous,active
1328,PCI-DSS,4.0,5.41,5,Monitor & Test,Monitor & Test - Control 41,Monitor & Test - ضابط 41,The organization shall implement monitor & test controls to ensure compliance with Payment Card Industry Data Security Standard requirements.,يجب على المنظمة تطبيق ضوابط Monitor & Test لضمان الامتثال لمتطلبات معيار أمان بيانات صناعة بطاقات الدفع,To establish effective monitor & test practices,detective,technical,1,critical,True,annually,active
1329,PCI-DSS,4.0,6.41,6,Policy,Policy - Control 41,Policy - ضابط 41,The organization shall implement policy controls to ensure compliance with Payment Card Industry Data Security Standard requirements.,يجب على المنظمة تطبيق ضوابط Policy لضمان الامتثال لمتطلبات معيار أمان بيانات صناعة بطاقات الدفع,To establish effective policy practices,corrective,operational,2,high,True,quarterly,active
1330,PCI-DSS,4.0,1.42,1,Build & Maintain,Build & Maintain - Control 42,Build & Maintain - ضابط 42,The organization shall implement build & maintain controls to ensure compliance with Payment Card Industry Data Security Standard requirements.,يجب على المنظمة تطبيق ضوابط Build & Maintain لضمان الامتثال لمتطلبات معيار أمان بيانات صناعة بطاقات الدفع,To establish effective build & maintain practices,preventive,administrative,3,medium,True,monthly,active
1331,PCI-DSS,4.0,2.42,2,Protect Data,Protect Data - Control 42,Protect Data - ضابط 42,The organization shall implement protect data controls to ensure compliance with Payment Card Industry Data Security Standard requirements.,يجب على المنظمة تطبيق ضوابط Protect Data لضمان الامتثال لمتطلبات معيار أمان بيانات صناعة بطاقات الدفع,To establish effective protect data practices,detective,technical,4,low,True,continuous,active
1332,PCI-DSS,4.0,3.42,3,Vulnerability Mgmt,Vulnerability Mgmt - Control 42,Vulnerability Mgmt - ضابط 42,The organization shall implement vulnerability mgmt controls to ensure compliance with Payment Card Industry Data Security Standard requirements.,يجب على المنظمة تطبيق ضوابط Vulnerability Mgmt لضمان الامتثال لمتطلبات معيار أمان بيانات صناعة بطاقات الدفع,To establish effective vulnerability mgmt practices,corrective,operational,1,critical,True,annually,active
1333,PCI-DSS,4.0,4.42,4,Access Control,Access Control - Control 42,Access Control - ضابط 42,The organization shall implement access control controls to ensure compliance with Payment Card Industry Data Security Standard requirements.,يجب على المنظمة تطبيق ضوابط Access Control لضمان الامتثال لمتطلبات معيار أمان بيانات صناعة بطاقات الدفع,To establish effective access control practices,preventive,administrative,2,high,True,quarterly,active
1334,PCI-DSS,4.0,5.42,5,Monitor & Test,Monitor & Test - Control 42,Monitor & Test - ضابط 42,The organization shall implement monitor & test controls to ensure compliance with Payment Card Industry Data Security Standard requirements.,يجب على المنظمة تطبيق ضوابط Monitor & Test لضمان الامتثال لمتطلبات معيار أمان بيانات صناعة بطاقات الدفع,To establish effective monitor & test practices,detective,technical,3,medium,True,monthly,active
1335,PCI-DSS,4.0,6.42,6,Policy,Policy - Control 42,Policy - ضابط 42,The organization shall implement policy controls to ensure compliance with Payment Card Industry Data Security Standard requirements.,يجب على المنظمة تطبيق ضوابط Policy لضمان الامتثال لمتطلبات معيار أمان بيانات صناعة بطاقات الدفع,To establish effective policy practices,corrective,operational,4,low,True,continuous,active
1336,PCI-DSS,4.0,1.43,1,Build & Maintain,Build & Maintain - Control 43,Build & Maintain - ضابط 43,The organization shall implement build & maintain controls to ensure compliance with Payment Card Industry Data Security Standard requirements.,يجب على المنظمة تطبيق ضوابط Build & Maintain لضمان الامتثال لمتطلبات معيار أمان بيانات صناعة بطاقات الدفع,To establish effective build & maintain practices,preventive,administrative,1,critical,True,annually,active
1337,PCI-DSS,4.0,2.43,2,Protect Data,Protect Data - Control 43,Protect Data - ضابط 43,The organization shall implement protect data controls to ensure compliance with Payment Card Industry Data Security Standard requirements.,يجب على المنظمة تطبيق ضوابط Protect Data لضمان الامتثال لمتطلبات معيار أمان بيانات صناعة بطاقات الدفع,To establish effective protect data practices,detective,technical,2,high,True,quarterly,active
1338,PCI-DSS,4.0,3.43,3,Vulnerability Mgmt,Vulnerability Mgmt - Control 43,Vulnerability Mgmt - ضابط 43,The organization shall implement vulnerability mgmt controls to ensure compliance with Payment Card Industry Data Security Standard requirements.,يجب على المنظمة تطبيق ضوابط Vulnerability Mgmt لضمان الامتثال لمتطلبات معيار أمان بيانات صناعة بطاقات الدفع,To establish effective vulnerability mgmt practices,corrective,operational,3,medium,True,monthly,active
1339,PCI-DSS,4.0,4.43,4,Access Control,Access Control - Control 43,Access Control - ضابط 43,The organization shall implement access control controls to ensure compliance with Payment Card Industry Data Security Standard requirements.,يجب على المنظمة تطبيق ضوابط Access Control لضمان الامتثال لمتطلبات معيار أمان بيانات صناعة بطاقات الدفع,To establish effective access control practices,preventive,administrative,4,low,True,continuous,active
1340,PCI-DSS,4.0,5.43,5,Monitor & Test,Monitor & Test - Control 43,Monitor & Test - ضابط 43,The organization shall implement monitor & test controls to ensure compliance with Payment Card Industry Data Security Standard requirements.,يجب على المنظمة تطبيق ضوابط Monitor & Test لضمان الامتثال لمتطلبات معيار أمان بيانات صناعة بطاقات الدفع,To establish effective monitor & test practices,detective,technical,1,critical,True,annually,active
1341,PCI-DSS,4.0,6.43,6,Policy,Policy - Control 43,Policy - ضابط 43,The organization shall implement policy controls to ensure compliance with Payment Card Industry Data Security Standard requirements.,يجب على المنظمة تطبيق ضوابط Policy لضمان الامتثال لمتطلبات معيار أمان بيانات صناعة بطاقات الدفع,To establish effective policy practices,corrective,operational,2,high,True,quarterly,active
1342,PCI-DSS,4.0,1.44,1,Build & Maintain,Build & Maintain - Control 44,Build & Maintain - ضابط 44,The organization shall implement build & maintain controls to ensure compliance with Payment Card Industry Data Security Standard requirements.,يجب على المنظمة تطبيق ضوابط Build & Maintain لضمان الامتثال لمتطلبات معيار أمان بيانات صناعة بطاقات الدفع,To establish effective build & maintain practices,preventive,administrative,3,medium,True,monthly,active
1343,PCI-DSS,4.0,2.44,2,Protect Data,Protect Data - Control 44,Protect Data - ضابط 44,The organization shall implement protect data controls to ensure compliance with Payment Card Industry Data Security Standard requirements.,يجب على المنظمة تطبيق ضوابط Protect Data لضمان الامتثال لمتطلبات معيار أمان بيانات صناعة بطاقات الدفع,To establish effective protect data practices,detective,technical,4,low,True,continuous,active
1344,PCI-DSS,4.0,3.44,3,Vulnerability Mgmt,Vulnerability Mgmt - Control 44,Vulnerability Mgmt - ضابط 44,The organization shall implement vulnerability mgmt controls to ensure compliance with Payment Card Industry Data Security Standard requirements.,يجب على المنظمة تطبيق ضوابط Vulnerability Mgmt لضمان الامتثال لمتطلبات معيار أمان بيانات صناعة بطاقات الدفع,To establish effective vulnerability mgmt practices,corrective,operational,1,critical,True,annually,active
1345,PCI-DSS,4.0,4.44,4,Access Control,Access Control - Control 44,Access Control - ضابط 44,The organization shall implement access control controls to ensure compliance with Payment Card Industry Data Security Standard requirements.,يجب على المنظمة تطبيق ضوابط Access Control لضمان الامتثال لمتطلبات معيار أمان بيانات صناعة بطاقات الدفع,To establish effective access control practices,preventive,administrative,2,high,True,quarterly,active
1346,PCI-DSS,4.0,5.44,5,Monitor & Test,Monitor & Test - Control 44,Monitor & Test - ضابط 44,The organization shall implement monitor & test controls to ensure compliance with Payment Card Industry Data Security Standard requirements.,يجب على المنظمة تطبيق ضوابط Monitor & Test لضمان الامتثال لمتطلبات معيار أمان بيانات صناعة بطاقات الدفع,To establish effective monitor & test practices,detective,technical,3,medium,True,monthly,active
1347,PCI-DSS,4.0,6.44,6,Policy,Policy - Control 44,Policy - ضابط 44,The organization shall implement policy controls to ensure compliance with Payment Card Industry Data Security Standard requirements.,يجب على المنظمة تطبيق ضوابط Policy لضمان الامتثال لمتطلبات معيار أمان بيانات صناعة بطاقات الدفع,To establish effective policy practices,corrective,operational,4,low,True,continuous,active
1348,PCI-DSS,4.0,1.45,1,Build & Maintain,Build & Maintain - Control 45,Build & Maintain - ضابط 45,The organization shall implement build & maintain controls to ensure compliance with Payment Card Industry Data Security Standard requirements.,يجب على المنظمة تطبيق ضوابط Build & Maintain لضمان الامتثال لمتطلبات معيار أمان بيانات صناعة بطاقات الدفع,To establish effective build & maintain practices,preventive,administrative,1,critical,True,annually,active
1349,PCI-DSS,4.0,2.45,2,Protect Data,Protect Data - Control 45,Protect Data - ضابط 45,The organization shall implement protect data controls to ensure compliance with Payment Card Industry Data Security Standard requirements.,يجب على المنظمة تطبيق ضوابط Protect Data لضمان الامتثال لمتطلبات معيار أمان بيانات صناعة بطاقات الدفع,To establish effective protect data practices,detective,technical,2,high,True,quarterly,active
1350,PCI-DSS,4.0,3.45,3,Vulnerability Mgmt,Vulnerability Mgmt - Control 45,Vulnerability Mgmt - ضابط 45,The organization shall implement vulnerability mgmt controls to ensure compliance with Payment Card Industry Data Security Standard requirements.,يجب على المنظمة تطبيق ضوابط Vulnerability Mgmt لضمان الامتثال لمتطلبات معيار أمان بيانات صناعة بطاقات الدفع,To establish effective vulnerability mgmt practices,corrective,operational,3,medium,True,monthly,active
1351,PCI-DSS,4.0,4.45,4,Access Control,Access Control - Control 45,Access Control - ضابط 45,The organization shall implement access control controls to ensure compliance with Payment Card Industry Data Security Standard requirements.,يجب على المنظمة تطبيق ضوابط Access Control لضمان الامتثال لمتطلبات معيار أمان بيانات صناعة بطاقات الدفع,To establish effective access control practices,preventive,administrative,4,low,True,continuous,active
1352,PCI-DSS,4.0,5.45,5,Monitor & Test,Monitor & Test - Control 45,Monitor & Test - ضابط 45,The organization shall implement monitor & test controls to ensure compliance with Payment Card Industry Data Security Standard requirements.,يجب على المنظمة تطبيق ضوابط Monitor & Test لضمان الامتثال لمتطلبات معيار أمان بيانات صناعة بطاقات الدفع,To establish effective monitor & test practices,detective,technical,1,critical,True,annually,active
1353,PCI-DSS,4.0,6.45,6,Policy,Policy - Control 45,Policy - ضابط 45,The organization shall implement policy controls to ensure compliance with Payment Card Industry Data Security Standard requirements.,يجب على المنظمة تطبيق ضوابط Policy لضمان الامتثال لمتطلبات معيار أمان بيانات صناعة بطاقات الدفع,To establish effective policy practices,corrective,operational,2,high,True,quarterly,active
1354,PCI-DSS,4.0,1.46,1,Build & Maintain,Build & Maintain - Control 46,Build & Maintain - ضابط 46,The organization shall implement build & maintain controls to ensure compliance with Payment Card Industry Data Security Standard requirements.,يجب على المنظمة تطبيق ضوابط Build & Maintain لضمان الامتثال لمتطلبات معيار أمان بيانات صناعة بطاقات الدفع,To establish effective build & maintain practices,preventive,administrative,3,medium,True,monthly,active
1355,PCI-DSS,4.0,2.46,2,Protect Data,Protect Data - Control 46,Protect Data - ضابط 46,The organization shall implement protect data controls to ensure compliance with Payment Card Industry Data Security Standard requirements.,يجب على المنظمة تطبيق ضوابط Protect Data لضمان الامتثال لمتطلبات معيار أمان بيانات صناعة بطاقات الدفع,To establish effective protect data practices,detective,technical,4,low,True,continuous,active
1356,PCI-DSS,4.0,3.46,3,Vulnerability Mgmt,Vulnerability Mgmt - Control 46,Vulnerability Mgmt - ضابط 46,The organization shall implement vulnerability mgmt controls to ensure compliance with Payment Card Industry Data Security Standard requirements.,يجب على المنظمة تطبيق ضوابط Vulnerability Mgmt لضمان الامتثال لمتطلبات معيار أمان بيانات صناعة بطاقات الدفع,To establish effective vulnerability mgmt practices,corrective,operational,1,critical,True,annually,active
1357,PCI-DSS,4.0,4.46,4,Access Control,Access Control - Control 46,Access Control - ضابط 46,The organization shall implement access control controls to ensure compliance with Payment Card Industry Data Security Standard requirements.,يجب على المنظمة تطبيق ضوابط Access Control لضمان الامتثال لمتطلبات معيار أمان بيانات صناعة بطاقات الدفع,To establish effective access control practices,preventive,administrative,2,high,True,quarterly,active
1358,PCI-DSS,4.0,5.46,5,Monitor & Test,Monitor & Test - Control 46,Monitor & Test - ضابط 46,The organization shall implement monitor & test controls to ensure compliance with Payment Card Industry Data Security Standard requirements.,يجب على المنظمة تطبيق ضوابط Monitor & Test لضمان الامتثال لمتطلبات معيار أمان بيانات صناعة بطاقات الدفع,To establish effective monitor & test practices,detective,technical,3,medium,True,monthly,active
1359,PCI-DSS,4.0,6.46,6,Policy,Policy - Control 46,Policy - ضابط 46,The organization shall implement policy controls to ensure compliance with Payment Card Industry Data Security Standard requirements.,يجب على المنظمة تطبيق ضوابط Policy لضمان الامتثال لمتطلبات معيار أمان بيانات صناعة بطاقات الدفع,To establish effective policy practices,corrective,operational,4,low,True,continuous,active
1360,PCI-DSS,4.0,1.47,1,Build & Maintain,Build & Maintain - Control 47,Build & Maintain - ضابط 47,The organization shall implement build & maintain controls to ensure compliance with Payment Card Industry Data Security Standard requirements.,يجب على المنظمة تطبيق ضوابط Build & Maintain لضمان الامتثال لمتطلبات معيار أمان بيانات صناعة بطاقات الدفع,To establish effective build & maintain practices,preventive,administrative,1,critical,True,annually,active
1361,PCI-DSS,4.0,2.47,2,Protect Data,Protect Data - Control 47,Protect Data - ضابط 47,The organization shall implement protect data controls to ensure compliance with Payment Card Industry Data Security Standard requirements.,يجب على المنظمة تطبيق ضوابط Protect Data لضمان الامتثال لمتطلبات معيار أمان بيانات صناعة بطاقات الدفع,To establish effective protect data practices,detective,technical,2,high,True,quarterly,active
1362,PCI-DSS,4.0,3.47,3,Vulnerability Mgmt,Vulnerability Mgmt - Control 47,Vulnerability Mgmt - ضابط 47,The organization shall implement vulnerability mgmt controls to ensure compliance with Payment Card Industry Data Security Standard requirements.,يجب على المنظمة تطبيق ضوابط Vulnerability Mgmt لضمان الامتثال لمتطلبات معيار أمان بيانات صناعة بطاقات الدفع,To establish effective vulnerability mgmt practices,corrective,operational,3,medium,True,monthly,active
1363,PCI-DSS,4.0,4.47,4,Access Control,Access Control - Control 47,Access Control - ضابط 47,The organization shall implement access control controls to ensure compliance with Payment Card Industry Data Security Standard requirements.,يجب على المنظمة تطبيق ضوابط Access Control لضمان الامتثال لمتطلبات معيار أمان بيانات صناعة بطاقات الدفع,To establish effective access control practices,preventive,administrative,4,low,True,continuous,active
1364,PCI-DSS,4.0,5.47,5,Monitor & Test,Monitor & Test - Control 47,Monitor & Test - ضابط 47,The organization shall implement monitor & test controls to ensure compliance with Payment Card Industry Data Security Standard requirements.,يجب على المنظمة تطبيق ضوابط Monitor & Test لضمان الامتثال لمتطلبات معيار أمان بيانات صناعة بطاقات الدفع,To establish effective monitor & test practices,detective,technical,1,critical,True,annually,active
1365,PCI-DSS,4.0,6.47,6,Policy,Policy - Control 47,Policy - ضابط 47,The organization shall implement policy controls to ensure compliance with Payment Card Industry Data Security Standard requirements.,يجب على المنظمة تطبيق ضوابط Policy لضمان الامتثال لمتطلبات معيار أمان بيانات صناعة بطاقات الدفع,To establish effective policy practices,corrective,operational,2,high,True,quarterly,active
1366,PCI-DSS,4.0,1.48,1,Build & Maintain,Build & Maintain - Control 48,Build & Maintain - ضابط 48,The organization shall implement build & maintain controls to ensure compliance with Payment Card Industry Data Security Standard requirements.,يجب على المنظمة تطبيق ضوابط Build & Maintain لضمان الامتثال لمتطلبات معيار أمان بيانات صناعة بطاقات الدفع,To establish effective build & maintain practices,preventive,administrative,3,medium,True,monthly,active
1367,PCI-DSS,4.0,2.48,2,Protect Data,Protect Data - Control 48,Protect Data - ضابط 48,The organization shall implement protect data controls to ensure compliance with Payment Card Industry Data Security Standard requirements.,يجب على المنظمة تطبيق ضوابط Protect Data لضمان الامتثال لمتطلبات معيار أمان بيانات صناعة بطاقات الدفع,To establish effective protect data practices,detective,technical,4,low,True,continuous,active
1368,PCI-DSS,4.0,3.48,3,Vulnerability Mgmt,Vulnerability Mgmt - Control 48,Vulnerability Mgmt - ضابط 48,The organization shall implement vulnerability mgmt controls to ensure compliance with Payment Card Industry Data Security Standard requirements.,يجب على المنظمة تطبيق ضوابط Vulnerability Mgmt لضمان الامتثال لمتطلبات معيار أمان بيانات صناعة بطاقات الدفع,To establish effective vulnerability mgmt practices,corrective,operational,1,critical,True,annually,active
1369,PCI-DSS,4.0,4.48,4,Access Control,Access Control - Control 48,Access Control - ضابط 48,The organization shall implement access control controls to ensure compliance with Payment Card Industry Data Security Standard requirements.,يجب على المنظمة تطبيق ضوابط Access Control لضمان الامتثال لمتطلبات معيار أمان بيانات صناعة بطاقات الدفع,To establish effective access control practices,preventive,administrative,2,high,True,quarterly,active
1370,PCI-DSS,4.0,5.48,5,Monitor & Test,Monitor & Test - Control 48,Monitor & Test - ضابط 48,The organization shall implement monitor & test controls to ensure compliance with Payment Card Industry Data Security Standard requirements.,يجب على المنظمة تطبيق ضوابط Monitor & Test لضمان الامتثال لمتطلبات معيار أمان بيانات صناعة بطاقات الدفع,To establish effective monitor & test practices,detective,technical,3,medium,True,monthly,active
1371,PCI-DSS,4.0,6.48,6,Policy,Policy - Control 48,Policy - ضابط 48,The organization shall implement policy controls to ensure compliance with Payment Card Industry Data Security Standard requirements.,يجب على المنظمة تطبيق ضوابط Policy لضمان الامتثال لمتطلبات معيار أمان بيانات صناعة بطاقات الدفع,To establish effective policy practices,corrective,operational,4,low,True,continuous,active
1372,PCI-DSS,4.0,1.49,1,Build & Maintain,Build & Maintain - Control 49,Build & Maintain - ضابط 49,The organization shall implement build & maintain controls to ensure compliance with Payment Card Industry Data Security Standard requirements.,يجب على المنظمة تطبيق ضوابط Build & Maintain لضمان الامتثال لمتطلبات معيار أمان بيانات صناعة بطاقات الدفع,To establish effective build & maintain practices,preventive,administrative,1,critical,True,annually,active
1373,PCI-DSS,4.0,2.49,2,Protect Data,Protect Data - Control 49,Protect Data - ضابط 49,The organization shall implement protect data controls to ensure compliance with Payment Card Industry Data Security Standard requirements.,يجب على المنظمة تطبيق ضوابط Protect Data لضمان الامتثال لمتطلبات معيار أمان بيانات صناعة بطاقات الدفع,To establish effective protect data practices,detective,technical,2,high,True,quarterly,active
1374,PCI-DSS,4.0,3.49,3,Vulnerability Mgmt,Vulnerability Mgmt - Control 49,Vulnerability Mgmt - ضابط 49,The organization shall implement vulnerability mgmt controls to ensure compliance with Payment Card Industry Data Security Standard requirements.,يجب على المنظمة تطبيق ضوابط Vulnerability Mgmt لضمان الامتثال لمتطلبات معيار أمان بيانات صناعة بطاقات الدفع,To establish effective vulnerability mgmt practices,corrective,operational,3,medium,True,monthly,active
1375,PCI-DSS,4.0,4.49,4,Access Control,Access Control - Control 49,Access Control - ضابط 49,The organization shall implement access control controls to ensure compliance with Payment Card Industry Data Security Standard requirements.,يجب على المنظمة تطبيق ضوابط Access Control لضمان الامتثال لمتطلبات معيار أمان بيانات صناعة بطاقات الدفع,To establish effective access control practices,preventive,administrative,4,low,True,continuous,active
1376,PCI-DSS,4.0,5.49,5,Monitor & Test,Monitor & Test - Control 49,Monitor & Test - ضابط 49,The organization shall implement monitor & test controls to ensure compliance with Payment Card Industry Data Security Standard requirements.,يجب على المنظمة تطبيق ضوابط Monitor & Test لضمان الامتثال لمتطلبات معيار أمان بيانات صناعة بطاقات الدفع,To establish effective monitor & test practices,detective,technical,1,critical,True,annually,active
1377,PCI-DSS,4.0,6.49,6,Policy,Policy - Control 49,Policy - ضابط 49,The organization shall implement policy controls to ensure compliance with Payment Card Industry Data Security Standard requirements.,يجب على المنظمة تطبيق ضوابط Policy لضمان الامتثال لمتطلبات معيار أمان بيانات صناعة بطاقات الدفع,To establish effective policy practices,corrective,operational,2,high,True,quarterly,active
1378,PCI-DSS,4.0,1.50,1,Build & Maintain,Build & Maintain - Control 50,Build & Maintain - ضابط 50,The organization shall implement build & maintain controls to ensure compliance with Payment Card Industry Data Security Standard requirements.,يجب على المنظمة تطبيق ضوابط Build & Maintain لضمان الامتثال لمتطلبات معيار أمان بيانات صناعة بطاقات الدفع,To establish effective build & maintain practices,preventive,administrative,3,medium,True,monthly,active
1379,PCI-DSS,4.0,2.50,2,Protect Data,Protect Data - Control 50,Protect Data - ضابط 50,The organization shall implement protect data controls to ensure compliance with Payment Card Industry Data Security Standard requirements.,يجب على المنظمة تطبيق ضوابط Protect Data لضمان الامتثال لمتطلبات معيار أمان بيانات صناعة بطاقات الدفع,To establish effective protect data practices,detective,technical,4,low,True,continuous,active
1380,PCI-DSS,4.0,3.50,3,Vulnerability Mgmt,Vulnerability Mgmt - Control 50,Vulnerability Mgmt - ضابط 50,The organization shall implement vulnerability mgmt controls to ensure compliance with Payment Card Industry Data Security Standard requirements.,يجب على المنظمة تطبيق ضوابط Vulnerability Mgmt لضمان الامتثال لمتطلبات معيار أمان بيانات صناعة بطاقات الدفع,To establish effective vulnerability mgmt practices,corrective,operational,1,critical,True,annually,active
1381,PCI-DSS,4.0,4.50,4,Access Control,Access Control - Control 50,Access Control - ضابط 50,The organization shall implement access control controls to ensure compliance with Payment Card Industry Data Security Standard requirements.,يجب على المنظمة تطبيق ضوابط Access Control لضمان الامتثال لمتطلبات معيار أمان بيانات صناعة بطاقات الدفع,To establish effective access control practices,preventive,administrative,2,high,True,quarterly,active
1382,PCI-DSS,4.0,5.50,5,Monitor & Test,Monitor & Test - Control 50,Monitor & Test - ضابط 50,The organization shall implement monitor & test controls to ensure compliance with Payment Card Industry Data Security Standard requirements.,يجب على المنظمة تطبيق ضوابط Monitor & Test لضمان الامتثال لمتطلبات معيار أمان بيانات صناعة بطاقات الدفع,To establish effective monitor & test practices,detective,technical,3,medium,True,monthly,active
1383,PCI-DSS,4.0,6.50,6,Policy,Policy - Control 50,Policy - ضابط 50,The organization shall implement policy controls to ensure compliance with Payment Card Industry Data Security Standard requirements.,يجب على المنظمة تطبيق ضوابط Policy لضمان الامتثال لمتطلبات معيار أمان بيانات صناعة بطاقات الدفع,To establish effective policy practices,corrective,operational,4,low,True,continuous,active
1384,PCI-DSS,4.0,1.51,1,Build & Maintain,Build & Maintain - Control 51,Build & Maintain - ضابط 51,The organization shall implement build & maintain controls to ensure compliance with Payment Card Industry Data Security Standard requirements.,يجب على المنظمة تطبيق ضوابط Build & Maintain لضمان الامتثال لمتطلبات معيار أمان بيانات صناعة بطاقات الدفع,To establish effective build & maintain practices,preventive,administrative,1,critical,True,annually,active
1385,PCI-DSS,4.0,2.51,2,Protect Data,Protect Data - Control 51,Protect Data - ضابط 51,The organization shall implement protect data controls to ensure compliance with Payment Card Industry Data Security Standard requirements.,يجب على المنظمة تطبيق ضوابط Protect Data لضمان الامتثال لمتطلبات معيار أمان بيانات صناعة بطاقات الدفع,To establish effective protect data practices,detective,technical,2,high,True,quarterly,active
1386,PCI-DSS,4.0,3.51,3,Vulnerability Mgmt,Vulnerability Mgmt - Control 51,Vulnerability Mgmt - ضابط 51,The organization shall implement vulnerability mgmt controls to ensure compliance with Payment Card Industry Data Security Standard requirements.,يجب على المنظمة تطبيق ضوابط Vulnerability Mgmt لضمان الامتثال لمتطلبات معيار أمان بيانات صناعة بطاقات الدفع,To establish effective vulnerability mgmt practices,corrective,operational,3,medium,True,monthly,active
1387,PCI-DSS,4.0,4.51,4,Access Control,Access Control - Control 51,Access Control - ضابط 51,The organization shall implement access control controls to ensure compliance with Payment Card Industry Data Security Standard requirements.,يجب على المنظمة تطبيق ضوابط Access Control لضمان الامتثال لمتطلبات معيار أمان بيانات صناعة بطاقات الدفع,To establish effective access control practices,preventive,administrative,4,low,True,continuous,active
1388,PCI-DSS,4.0,5.51,5,Monitor & Test,Monitor & Test - Control 51,Monitor & Test - ضابط 51,The organization shall implement monitor & test controls to ensure compliance with Payment Card Industry Data Security Standard requirements.,يجب على المنظمة تطبيق ضوابط Monitor & Test لضمان الامتثال لمتطلبات معيار أمان بيانات صناعة بطاقات الدفع,To establish effective monitor & test practices,detective,technical,1,critical,True,annually,active
1389,PCI-DSS,4.0,6.51,6,Policy,Policy - Control 51,Policy - ضابط 51,The organization shall implement policy controls to ensure compliance with Payment Card Industry Data Security Standard requirements.,يجب على المنظمة تطبيق ضوابط Policy لضمان الامتثال لمتطلبات معيار أمان بيانات صناعة بطاقات الدفع,To establish effective policy practices,corrective,operational,2,high,True,quarterly,active
1390,PCI-DSS,4.0,1.52,1,Build & Maintain,Build & Maintain - Control 52,Build & Maintain - ضابط 52,The organization shall implement build & maintain controls to ensure compliance with Payment Card Industry Data Security Standard requirements.,يجب على المنظمة تطبيق ضوابط Build & Maintain لضمان الامتثال لمتطلبات معيار أمان بيانات صناعة بطاقات الدفع,To establish effective build & maintain practices,preventive,administrative,3,medium,True,monthly,active
1391,PCI-DSS,4.0,2.52,2,Protect Data,Protect Data - Control 52,Protect Data - ضابط 52,The organization shall implement protect data controls to ensure compliance with Payment Card Industry Data Security Standard requirements.,يجب على المنظمة تطبيق ضوابط Protect Data لضمان الامتثال لمتطلبات معيار أمان بيانات صناعة بطاقات الدفع,To establish effective protect data practices,detective,technical,4,low,True,continuous,active
1392,PCI-DSS,4.0,3.52,3,Vulnerability Mgmt,Vulnerability Mgmt - Control 52,Vulnerability Mgmt - ضابط 52,The organization shall implement vulnerability mgmt controls to ensure compliance with Payment Card Industry Data Security Standard requirements.,يجب على المنظمة تطبيق ضوابط Vulnerability Mgmt لضمان الامتثال لمتطلبات معيار أمان بيانات صناعة بطاقات الدفع,To establish effective vulnerability mgmt practices,corrective,operational,1,critical,True,annually,active
1393,PCI-DSS,4.0,4.52,4,Access Control,Access Control - Control 52,Access Control - ضابط 52,The organization shall implement access control controls to ensure compliance with Payment Card Industry Data Security Standard requirements.,يجب على المنظمة تطبيق ضوابط Access Control لضمان الامتثال لمتطلبات معيار أمان بيانات صناعة بطاقات الدفع,To establish effective access control practices,preventive,administrative,2,high,True,quarterly,active
1394,PCI-DSS,4.0,5.52,5,Monitor & Test,Monitor & Test - Control 52,Monitor & Test - ضابط 52,The organization shall implement monitor & test controls to ensure compliance with Payment Card Industry Data Security Standard requirements.,يجب على المنظمة تطبيق ضوابط Monitor & Test لضمان الامتثال لمتطلبات معيار أمان بيانات صناعة بطاقات الدفع,To establish effective monitor & test practices,detective,technical,3,medium,True,monthly,active
1395,PCI-DSS,4.0,6.52,6,Policy,Policy - Control 52,Policy - ضابط 52,The organization shall implement policy controls to ensure compliance with Payment Card Industry Data Security Standard requirements.,يجب على المنظمة تطبيق ضوابط Policy لضمان الامتثال لمتطلبات معيار أمان بيانات صناعة بطاقات الدفع,To establish effective policy practices,corrective,operational,4,low,True,continuous,active
1396,PCI-DSS,4.0,1.53,1,Build & Maintain,Build & Maintain - Control 53,Build & Maintain - ضابط 53,The organization shall implement build & maintain controls to ensure compliance with Payment Card Industry Data Security Standard requirements.,يجب على المنظمة تطبيق ضوابط Build & Maintain لضمان الامتثال لمتطلبات معيار أمان بيانات صناعة بطاقات الدفع,To establish effective build & maintain practices,preventive,administrative,1,critical,True,annually,active
1397,PCI-DSS,4.0,2.53,2,Protect Data,Protect Data - Control 53,Protect Data - ضابط 53,The organization shall implement protect data controls to ensure compliance with Payment Card Industry Data Security Standard requirements.,يجب على المنظمة تطبيق ضوابط Protect Data لضمان الامتثال لمتطلبات معيار أمان بيانات صناعة بطاقات الدفع,To establish effective protect data practices,detective,technical,2,high,True,quarterly,active
1398,PCI-DSS,4.0,3.53,3,Vulnerability Mgmt,Vulnerability Mgmt - Control 53,Vulnerability Mgmt - ضابط 53,The organization shall implement vulnerability mgmt controls to ensure compliance with Payment Card Industry Data Security Standard requirements.,يجب على المنظمة تطبيق ضوابط Vulnerability Mgmt لضمان الامتثال لمتطلبات معيار أمان بيانات صناعة بطاقات الدفع,To establish effective vulnerability mgmt practices,corrective,operational,3,medium,True,monthly,active
1399,PCI-DSS,4.0,4.53,4,Access Control,Access Control - Control 53,Access Control - ضابط 53,The organization shall implement access control controls to ensure compliance with Payment Card Industry Data Security Standard requirements.,يجب على المنظمة تطبيق ضوابط Access Control لضمان الامتثال لمتطلبات معيار أمان بيانات صناعة بطاقات الدفع,To establish effective access control practices,preventive,administrative,4,low,True,continuous,active
1400,PCI-DSS,4.0,5.53,5,Monitor & Test,Monitor & Test - Control 53,Monitor & Test - ضابط 53,The organization shall implement monitor & test controls to ensure compliance with Payment Card Industry Data Security Standard requirements.,يجب على المنظمة تطبيق ضوابط Monitor & Test لضمان الامتثال لمتطلبات معيار أمان بيانات صناعة بطاقات الدفع,To establish effective monitor & test practices,detective,technical,1,critical,True,annually,active
1401,PCI-DSS,4.0,6.53,6,Policy,Policy - Control 53,Policy - ضابط 53,The organization shall implement policy controls to ensure compliance with Payment Card Industry Data Security Standard requirements.,يجب على المنظمة تطبيق ضوابط Policy لضمان الامتثال لمتطلبات معيار أمان بيانات صناعة بطاقات الدفع,To establish effective policy practices,corrective,operational,2,high,True,quarterly,active
1402,PCI-DSS,4.0,1.54,1,Build & Maintain,Build & Maintain - Control 54,Build & Maintain - ضابط 54,The organization shall implement build & maintain controls to ensure compliance with Payment Card Industry Data Security Standard requirements.,يجب على المنظمة تطبيق ضوابط Build & Maintain لضمان الامتثال لمتطلبات معيار أمان بيانات صناعة بطاقات الدفع,To establish effective build & maintain practices,preventive,administrative,3,medium,True,monthly,active
1403,PCI-DSS,4.0,2.54,2,Protect Data,Protect Data - Control 54,Protect Data - ضابط 54,The organization shall implement protect data controls to ensure compliance with Payment Card Industry Data Security Standard requirements.,يجب على المنظمة تطبيق ضوابط Protect Data لضمان الامتثال لمتطلبات معيار أمان بيانات صناعة بطاقات الدفع,To establish effective protect data practices,detective,technical,4,low,True,continuous,active
1404,PCI-DSS,4.0,3.54,3,Vulnerability Mgmt,Vulnerability Mgmt - Control 54,Vulnerability Mgmt - ضابط 54,The organization shall implement vulnerability mgmt controls to ensure compliance with Payment Card Industry Data Security Standard requirements.,يجب على المنظمة تطبيق ضوابط Vulnerability Mgmt لضمان الامتثال لمتطلبات معيار أمان بيانات صناعة بطاقات الدفع,To establish effective vulnerability mgmt practices,corrective,operational,1,critical,True,annually,active
1405,PCI-DSS,4.0,4.54,4,Access Control,Access Control - Control 54,Access Control - ضابط 54,The organization shall implement access control controls to ensure compliance with Payment Card Industry Data Security Standard requirements.,يجب على المنظمة تطبيق ضوابط Access Control لضمان الامتثال لمتطلبات معيار أمان بيانات صناعة بطاقات الدفع,To establish effective access control practices,preventive,administrative,2,high,True,quarterly,active
1406,PCI-DSS,4.0,5.54,5,Monitor & Test,Monitor & Test - Control 54,Monitor & Test - ضابط 54,The organization shall implement monitor & test controls to ensure compliance with Payment Card Industry Data Security Standard requirements.,يجب على المنظمة تطبيق ضوابط Monitor & Test لضمان الامتثال لمتطلبات معيار أمان بيانات صناعة بطاقات الدفع,To establish effective monitor & test practices,detective,technical,3,medium,True,monthly,active
1407,PCI-DSS,4.0,6.54,6,Policy,Policy - Control 54,Policy - ضابط 54,The organization shall implement policy controls to ensure compliance with Payment Card Industry Data Security Standard requirements.,يجب على المنظمة تطبيق ضوابط Policy لضمان الامتثال لمتطلبات معيار أمان بيانات صناعة بطاقات الدفع,To establish effective policy practices,corrective,operational,4,low,True,continuous,active
1408,PCI-DSS,4.0,1.55,1,Build & Maintain,Build & Maintain - Control 55,Build & Maintain - ضابط 55,The organization shall implement build & maintain controls to ensure compliance with Payment Card Industry Data Security Standard requirements.,يجب على المنظمة تطبيق ضوابط Build & Maintain لضمان الامتثال لمتطلبات معيار أمان بيانات صناعة بطاقات الدفع,To establish effective build & maintain practices,preventive,administrative,1,critical,True,annually,active
1409,PCI-DSS,4.0,2.55,2,Protect Data,Protect Data - Control 55,Protect Data - ضابط 55,The organization shall implement protect data controls to ensure compliance with Payment Card Industry Data Security Standard requirements.,يجب على المنظمة تطبيق ضوابط Protect Data لضمان الامتثال لمتطلبات معيار أمان بيانات صناعة بطاقات الدفع,To establish effective protect data practices,detective,technical,2,high,True,quarterly,active
1410,PCI-DSS,4.0,3.55,3,Vulnerability Mgmt,Vulnerability Mgmt - Control 55,Vulnerability Mgmt - ضابط 55,The organization shall implement vulnerability mgmt controls to ensure compliance with Payment Card Industry Data Security Standard requirements.,يجب على المنظمة تطبيق ضوابط Vulnerability Mgmt لضمان الامتثال لمتطلبات معيار أمان بيانات صناعة بطاقات الدفع,To establish effective vulnerability mgmt practices,corrective,operational,3,medium,True,monthly,active
1411,PCI-DSS,4.0,4.55,4,Access Control,Access Control - Control 55,Access Control - ضابط 55,The organization shall implement access control controls to ensure compliance with Payment Card Industry Data Security Standard requirements.,يجب على المنظمة تطبيق ضوابط Access Control لضمان الامتثال لمتطلبات معيار أمان بيانات صناعة بطاقات الدفع,To establish effective access control practices,preventive,administrative,4,low,True,continuous,active
1412,PCI-DSS,4.0,5.55,5,Monitor & Test,Monitor & Test - Control 55,Monitor & Test - ضابط 55,The organization shall implement monitor & test controls to ensure compliance with Payment Card Industry Data Security Standard requirements.,يجب على المنظمة تطبيق ضوابط Monitor & Test لضمان الامتثال لمتطلبات معيار أمان بيانات صناعة بطاقات الدفع,To establish effective monitor & test practices,detective,technical,1,critical,True,annually,active
1413,PCI-DSS,4.0,6.55,6,Policy,Policy - Control 55,Policy - ضابط 55,The organization shall implement policy controls to ensure compliance with Payment Card Industry Data Security Standard requirements.,يجب على المنظمة تطبيق ضوابط Policy لضمان الامتثال لمتطلبات معيار أمان بيانات صناعة بطاقات الدفع,To establish effective policy practices,corrective,operational,2,high,True,quarterly,active
1414,PCI-DSS,4.0,1.56,1,Build & Maintain,Build & Maintain - Control 56,Build & Maintain - ضابط 56,The organization shall implement build & maintain controls to ensure compliance with Payment Card Industry Data Security Standard requirements.,يجب على المنظمة تطبيق ضوابط Build & Maintain لضمان الامتثال لمتطلبات معيار أمان بيانات صناعة بطاقات الدفع,To establish effective build & maintain practices,preventive,administrative,3,medium,True,monthly,active
1415,PCI-DSS,4.0,2.56,2,Protect Data,Protect Data - Control 56,Protect Data - ضابط 56,The organization shall implement protect data controls to ensure compliance with Payment Card Industry Data Security Standard requirements.,يجب على المنظمة تطبيق ضوابط Protect Data لضمان الامتثال لمتطلبات معيار أمان بيانات صناعة بطاقات الدفع,To establish effective protect data practices,detective,technical,4,low,True,continuous,active
1416,PCI-DSS,4.0,3.56,3,Vulnerability Mgmt,Vulnerability Mgmt - Control 56,Vulnerability Mgmt - ضابط 56,The organization shall implement vulnerability mgmt controls to ensure compliance with Payment Card Industry Data Security Standard requirements.,يجب على المنظمة تطبيق ضوابط Vulnerability Mgmt لضمان الامتثال لمتطلبات معيار أمان بيانات صناعة بطاقات الدفع,To establish effective vulnerability mgmt practices,corrective,operational,1,critical,True,annually,active
1417,PCI-DSS,4.0,4.56,4,Access Control,Access Control - Control 56,Access Control - ضابط 56,The organization shall implement access control controls to ensure compliance with Payment Card Industry Data Security Standard requirements.,يجب على المنظمة تطبيق ضوابط Access Control لضمان الامتثال لمتطلبات معيار أمان بيانات صناعة بطاقات الدفع,To establish effective access control practices,preventive,administrative,2,high,True,quarterly,active
1418,PCI-DSS,4.0,5.56,5,Monitor & Test,Monitor & Test - Control 56,Monitor & Test - ضابط 56,The organization shall implement monitor & test controls to ensure compliance with Payment Card Industry Data Security Standard requirements.,يجب على المنظمة تطبيق ضوابط Monitor & Test لضمان الامتثال لمتطلبات معيار أمان بيانات صناعة بطاقات الدفع,To establish effective monitor & test practices,detective,technical,3,medium,True,monthly,active
1419,PCI-DSS,4.0,6.56,6,Policy,Policy - Control 56,Policy - ضابط 56,The organization shall implement policy controls to ensure compliance with Payment Card Industry Data Security Standard requirements.,يجب على المنظمة تطبيق ضوابط Policy لضمان الامتثال لمتطلبات معيار أمان بيانات صناعة بطاقات الدفع,To establish effective policy practices,corrective,operational,4,low,True,continuous,active
1420,PCI-DSS,4.0,1.57,1,Build & Maintain,Build & Maintain - Control 57,Build & Maintain - ضابط 57,The organization shall implement build & maintain controls to ensure compliance with Payment Card Industry Data Security Standard requirements.,يجب على المنظمة تطبيق ضوابط Build & Maintain لضمان الامتثال لمتطلبات معيار أمان بيانات صناعة بطاقات الدفع,To establish effective build & maintain practices,preventive,administrative,1,critical,True,annually,active
1421,PCI-DSS,4.0,2.57,2,Protect Data,Protect Data - Control 57,Protect Data - ضابط 57,The organization shall implement protect data controls to ensure compliance with Payment Card Industry Data Security Standard requirements.,يجب على المنظمة تطبيق ضوابط Protect Data لضمان الامتثال لمتطلبات معيار أمان بيانات صناعة بطاقات الدفع,To establish effective protect data practices,detective,technical,2,high,True,quarterly,active
1422,PCI-DSS,4.0,3.57,3,Vulnerability Mgmt,Vulnerability Mgmt - Control 57,Vulnerability Mgmt - ضابط 57,The organization shall implement vulnerability mgmt controls to ensure compliance with Payment Card Industry Data Security Standard requirements.,يجب على المنظمة تطبيق ضوابط Vulnerability Mgmt لضمان الامتثال لمتطلبات معيار أمان بيانات صناعة بطاقات الدفع,To establish effective vulnerability mgmt practices,corrective,operational,3,medium,True,monthly,active
1423,PCI-DSS,4.0,4.57,4,Access Control,Access Control - Control 57,Access Control - ضابط 57,The organization shall implement access control controls to ensure compliance with Payment Card Industry Data Security Standard requirements.,يجب على المنظمة تطبيق ضوابط Access Control لضمان الامتثال لمتطلبات معيار أمان بيانات صناعة بطاقات الدفع,To establish effective access control practices,preventive,administrative,4,low,True,continuous,active
1424,PCI-DSS,4.0,5.57,5,Monitor & Test,Monitor & Test - Control 57,Monitor & Test - ضابط 57,The organization shall implement monitor & test controls to ensure compliance with Payment Card Industry Data Security Standard requirements.,يجب على المنظمة تطبيق ضوابط Monitor & Test لضمان الامتثال لمتطلبات معيار أمان بيانات صناعة بطاقات الدفع,To establish effective monitor & test practices,detective,technical,1,critical,True,annually,active
1425,PCI-DSS,4.0,6.57,6,Policy,Policy - Control 57,Policy - ضابط 57,The organization shall implement policy controls to ensure compliance with Payment Card Industry Data Security Standard requirements.,يجب على المنظمة تطبيق ضوابط Policy لضمان الامتثال لمتطلبات معيار أمان بيانات صناعة بطاقات الدفع,To establish effective policy practices,corrective,operational,2,high,True,quarterly,active
1426,PCI-DSS,4.0,1.58,1,Build & Maintain,Build & Maintain - Control 58,Build & Maintain - ضابط 58,The organization shall implement build & maintain controls to ensure compliance with Payment Card Industry Data Security Standard requirements.,يجب على المنظمة تطبيق ضوابط Build & Maintain لضمان الامتثال لمتطلبات معيار أمان بيانات صناعة بطاقات الدفع,To establish effective build & maintain practices,preventive,administrative,3,medium,True,monthly,active
1427,PCI-DSS,4.0,2.58,2,Protect Data,Protect Data - Control 58,Protect Data - ضابط 58,The organization shall implement protect data controls to ensure compliance with Payment Card Industry Data Security Standard requirements.,يجب على المنظمة تطبيق ضوابط Protect Data لضمان الامتثال لمتطلبات معيار أمان بيانات صناعة بطاقات الدفع,To establish effective protect data practices,detective,technical,4,low,True,continuous,active
1428,PCI-DSS,4.0,3.58,3,Vulnerability Mgmt,Vulnerability Mgmt - Control 58,Vulnerability Mgmt - ضابط 58,The organization shall implement vulnerability mgmt controls to ensure compliance with Payment Card Industry Data Security Standard requirements.,يجب على المنظمة تطبيق ضوابط Vulnerability Mgmt لضمان الامتثال لمتطلبات معيار أمان بيانات صناعة بطاقات الدفع,To establish effective vulnerability mgmt practices,corrective,operational,1,critical,True,annually,active
1429,PCI-DSS,4.0,4.58,4,Access Control,Access Control - Control 58,Access Control - ضابط 58,The organization shall implement access control controls to ensure compliance with Payment Card Industry Data Security Standard requirements.,يجب على المنظمة تطبيق ضوابط Access Control لضمان الامتثال لمتطلبات معيار أمان بيانات صناعة بطاقات الدفع,To establish effective access control practices,preventive,administrative,2,high,True,quarterly,active
1430,PCI-DSS,4.0,5.58,5,Monitor & Test,Monitor & Test - Control 58,Monitor & Test - ضابط 58,The organization shall implement monitor & test controls to ensure compliance with Payment Card Industry Data Security Standard requirements.,يجب على المنظمة تطبيق ضوابط Monitor & Test لضمان الامتثال لمتطلبات معيار أمان بيانات صناعة بطاقات الدفع,To establish effective monitor & test practices,detective,technical,3,medium,True,monthly,active
1431,PCI-DSS,4.0,6.58,6,Policy,Policy - Control 58,Policy - ضابط 58,The organization shall implement policy controls to ensure compliance with Payment Card Industry Data Security Standard requirements.,يجب على المنظمة تطبيق ضوابط Policy لضمان الامتثال لمتطلبات معيار أمان بيانات صناعة بطاقات الدفع,To establish effective policy practices,corrective,operational,4,low,True,continuous,active
1432,PCI-DSS,4.0,1.59,1,Build & Maintain,Build & Maintain - Control 59,Build & Maintain - ضابط 59,The organization shall implement build & maintain controls to ensure compliance with Payment Card Industry Data Security Standard requirements.,يجب على المنظمة تطبيق ضوابط Build & Maintain لضمان الامتثال لمتطلبات معيار أمان بيانات صناعة بطاقات الدفع,To establish effective build & maintain practices,preventive,administrative,1,critical,True,annually,active
1433,PCI-DSS,4.0,2.59,2,Protect Data,Protect Data - Control 59,Protect Data - ضابط 59,The organization shall implement protect data controls to ensure compliance with Payment Card Industry Data Security Standard requirements.,يجب على المنظمة تطبيق ضوابط Protect Data لضمان الامتثال لمتطلبات معيار أمان بيانات صناعة بطاقات الدفع,To establish effective protect data practices,detective,technical,2,high,True,quarterly,active
1434,PCI-DSS,4.0,3.59,3,Vulnerability Mgmt,Vulnerability Mgmt - Control 59,Vulnerability Mgmt - ضابط 59,The organization shall implement vulnerability mgmt controls to ensure compliance with Payment Card Industry Data Security Standard requirements.,يجب على المنظمة تطبيق ضوابط Vulnerability Mgmt لضمان الامتثال لمتطلبات معيار أمان بيانات صناعة بطاقات الدفع,To establish effective vulnerability mgmt practices,corrective,operational,3,medium,True,monthly,active
1435,PCI-DSS,4.0,4.59,4,Access Control,Access Control - Control 59,Access Control - ضابط 59,The organization shall implement access control controls to ensure compliance with Payment Card Industry Data Security Standard requirements.,يجب على المنظمة تطبيق ضوابط Access Control لضمان الامتثال لمتطلبات معيار أمان بيانات صناعة بطاقات الدفع,To establish effective access control practices,preventive,administrative,4,low,True,continuous,active
1436,PCI-DSS,4.0,5.59,5,Monitor & Test,Monitor & Test - Control 59,Monitor & Test - ضابط 59,The organization shall implement monitor & test controls to ensure compliance with Payment Card Industry Data Security Standard requirements.,يجب على المنظمة تطبيق ضوابط Monitor & Test لضمان الامتثال لمتطلبات معيار أمان بيانات صناعة بطاقات الدفع,To establish effective monitor & test practices,detective,technical,1,critical,True,annually,active
1437,PCI-DSS,4.0,6.59,6,Policy,Policy - Control 59,Policy - ضابط 59,The organization shall implement policy controls to ensure compliance with Payment Card Industry Data Security Standard requirements.,يجب على المنظمة تطبيق ضوابط Policy لضمان الامتثال لمتطلبات معيار أمان بيانات صناعة بطاقات الدفع,To establish effective policy practices,corrective,operational,2,high,True,quarterly,active
1438,PCI-DSS,4.0,1.60,1,Build & Maintain,Build & Maintain - Control 60,Build & Maintain - ضابط 60,The organization shall implement build & maintain controls to ensure compliance with Payment Card Industry Data Security Standard requirements.,يجب على المنظمة تطبيق ضوابط Build & Maintain لضمان الامتثال لمتطلبات معيار أمان بيانات صناعة بطاقات الدفع,To establish effective build & maintain practices,preventive,administrative,3,medium,True,monthly,active
1439,PCI-DSS,4.0,2.60,2,Protect Data,Protect Data - Control 60,Protect Data - ضابط 60,The organization shall implement protect data controls to ensure compliance with Payment Card Industry Data Security Standard requirements.,يجب على المنظمة تطبيق ضوابط Protect Data لضمان الامتثال لمتطلبات معيار أمان بيانات صناعة بطاقات الدفع,To establish effective protect data practices,detective,technical,4,low,True,continuous,active
1440,PCI-DSS,4.0,3.60,3,Vulnerability Mgmt,Vulnerability Mgmt - Control 60,Vulnerability Mgmt - ضابط 60,The organization shall implement vulnerability mgmt controls to ensure compliance with Payment Card Industry Data Security Standard requirements.,يجب على المنظمة تطبيق ضوابط Vulnerability Mgmt لضمان الامتثال لمتطلبات معيار أمان بيانات صناعة بطاقات الدفع,To establish effective vulnerability mgmt practices,corrective,operational,1,critical,True,annually,active
1441,PCI-DSS,4.0,4.60,4,Access Control,Access Control - Control 60,Access Control - ضابط 60,The organization shall implement access control controls to ensure compliance with Payment Card Industry Data Security Standard requirements.,يجب على المنظمة تطبيق ضوابط Access Control لضمان الامتثال لمتطلبات معيار أمان بيانات صناعة بطاقات الدفع,To establish effective access control practices,preventive,administrative,2,high,True,quarterly,active
1442,PCI-DSS,4.0,5.60,5,Monitor & Test,Monitor & Test - Control 60,Monitor & Test - ضابط 60,The organization shall implement monitor & test controls to ensure compliance with Payment Card Industry Data Security Standard requirements.,يجب على المنظمة تطبيق ضوابط Monitor & Test لضمان الامتثال لمتطلبات معيار أمان بيانات صناعة بطاقات الدفع,To establish effective monitor & test practices,detective,technical,3,medium,True,monthly,active
1443,PCI-DSS,4.0,6.60,6,Policy,Policy - Control 60,Policy - ضابط 60,The organization shall implement policy controls to ensure compliance with Payment Card Industry Data Security Standard requirements.,يجب على المنظمة تطبيق ضوابط Policy لضمان الامتثال لمتطلبات معيار أمان بيانات صناعة بطاقات الدفع,To establish effective policy practices,corrective,operational,4,low,True,continuous,active
1444,PCI-DSS,4.0,1.61,1,Build & Maintain,Build & Maintain - Control 61,Build & Maintain - ضابط 61,The organization shall implement build & maintain controls to ensure compliance with Payment Card Industry Data Security Standard requirements.,يجب على المنظمة تطبيق ضوابط Build & Maintain لضمان الامتثال لمتطلبات معيار أمان بيانات صناعة بطاقات الدفع,To establish effective build & maintain practices,preventive,administrative,1,critical,True,annually,active
1445,PCI-DSS,4.0,2.61,2,Protect Data,Protect Data - Control 61,Protect Data - ضابط 61,The organization shall implement protect data controls to ensure compliance with Payment Card Industry Data Security Standard requirements.,يجب على المنظمة تطبيق ضوابط Protect Data لضمان الامتثال لمتطلبات معيار أمان بيانات صناعة بطاقات الدفع,To establish effective protect data practices,detective,technical,2,high,True,quarterly,active
