id,country_code,framework_code,version,control_number,domain,title_en,title_ar,requirement_en,requirement_ar,control_type,maturity_level,priority,is_mandatory,evidence_types,status
1,USA,USA-NIST-CSF,2.0,1.1,Govern,Govern - Control 1,Govern - ضابط 1,The organization shall implement govern controls to ensure compliance with NIST Cybersecurity Framework 2.0 requirements.,يجب على المنظمة تطبيق ضوابط Govern لضمان الامتثال لمتطلبات إطار الأمن السيبراني NIST,preventive,1,critical,False,POLICY|PROCEDURE|STANDARD|CONFIG|TRAINING_RECORD,active
2,USA,USA-NIST-CSF,2.0,2.1,Identify,Identify - Control 1,Identify - ضابط 1,The organization shall implement identify controls to ensure compliance with NIST Cybersecurity Framework 2.0 requirements.,يجب على المنظمة تطبيق ضوابط Identify لضمان الامتثال لمتطلبات إطار الأمن السيبراني NIST,detective,2,high,False,LOG|REPORT|SCAN_REPORT|AUDIT_REPORT|ACCESS_REVIEW,active
3,USA,USA-NIST-CSF,2.0,3.1,Protect,Protect - Control 1,Protect - ضابط 1,The organization shall implement protect controls to ensure compliance with NIST Cybersecurity Framework 2.0 requirements.,يجب على المنظمة تطبيق ضوابط Protect لضمان الامتثال لمتطلبات إطار الأمن السيبراني NIST,corrective,3,medium,False,INCIDENT_REPORT|MEETING_MINUTES|ATTESTATION|RISK_ASSESSMENT,active
4,USA,USA-NIST-CSF,2.0,4.1,Detect,Detect - Control 1,Detect - ضابط 1,The organization shall implement detect controls to ensure compliance with NIST Cybersecurity Framework 2.0 requirements.,يجب على المنظمة تطبيق ضوابط Detect لضمان الامتثال لمتطلبات إطار الأمن السيبراني NIST,preventive,4,low,False,POLICY|PROCEDURE|STANDARD|CONFIG|TRAINING_RECORD,active
5,USA,USA-NIST-CSF,2.0,5.1,Respond,Respond - Control 1,Respond - ضابط 1,The organization shall implement respond controls to ensure compliance with NIST Cybersecurity Framework 2.0 requirements.,يجب على المنظمة تطبيق ضوابط Respond لضمان الامتثال لمتطلبات إطار الأمن السيبراني NIST,detective,1,critical,False,LOG|REPORT|SCAN_REPORT|AUDIT_REPORT|ACCESS_REVIEW,active
6,USA,USA-NIST-CSF,2.0,6.1,Recover,Recover - Control 1,Recover - ضابط 1,The organization shall implement recover controls to ensure compliance with NIST Cybersecurity Framework 2.0 requirements.,يجب على المنظمة تطبيق ضوابط Recover لضمان الامتثال لمتطلبات إطار الأمن السيبراني NIST,corrective,2,high,False,INCIDENT_REPORT|MEETING_MINUTES|ATTESTATION|RISK_ASSESSMENT,active
7,USA,USA-NIST-CSF,2.0,1.2,Govern,Govern - Control 2,Govern - ضابط 2,The organization shall implement govern controls to ensure compliance with NIST Cybersecurity Framework 2.0 requirements.,يجب على المنظمة تطبيق ضوابط Govern لضمان الامتثال لمتطلبات إطار الأمن السيبراني NIST,preventive,3,medium,False,POLICY|PROCEDURE|STANDARD|CONFIG|TRAINING_RECORD,active
8,USA,USA-NIST-CSF,2.0,2.2,Identify,Identify - Control 2,Identify - ضابط 2,The organization shall implement identify controls to ensure compliance with NIST Cybersecurity Framework 2.0 requirements.,يجب على المنظمة تطبيق ضوابط Identify لضمان الامتثال لمتطلبات إطار الأمن السيبراني NIST,detective,4,low,False,LOG|REPORT|SCAN_REPORT|AUDIT_REPORT|ACCESS_REVIEW,active
9,USA,USA-NIST-CSF,2.0,3.2,Protect,Protect - Control 2,Protect - ضابط 2,The organization shall implement protect controls to ensure compliance with NIST Cybersecurity Framework 2.0 requirements.,يجب على المنظمة تطبيق ضوابط Protect لضمان الامتثال لمتطلبات إطار الأمن السيبراني NIST,corrective,1,critical,False,INCIDENT_REPORT|MEETING_MINUTES|ATTESTATION|RISK_ASSESSMENT,active
10,USA,USA-NIST-CSF,2.0,4.2,Detect,Detect - Control 2,Detect - ضابط 2,The organization shall implement detect controls to ensure compliance with NIST Cybersecurity Framework 2.0 requirements.,يجب على المنظمة تطبيق ضوابط Detect لضمان الامتثال لمتطلبات إطار الأمن السيبراني NIST,preventive,2,high,False,POLICY|PROCEDURE|STANDARD|CONFIG|TRAINING_RECORD,active
11,USA,USA-NIST-CSF,2.0,5.2,Respond,Respond - Control 2,Respond - ضابط 2,The organization shall implement respond controls to ensure compliance with NIST Cybersecurity Framework 2.0 requirements.,يجب على المنظمة تطبيق ضوابط Respond لضمان الامتثال لمتطلبات إطار الأمن السيبراني NIST,detective,3,medium,False,LOG|REPORT|SCAN_REPORT|AUDIT_REPORT|ACCESS_REVIEW,active
12,USA,USA-NIST-CSF,2.0,6.2,Recover,Recover - Control 2,Recover - ضابط 2,The organization shall implement recover controls to ensure compliance with NIST Cybersecurity Framework 2.0 requirements.,يجب على المنظمة تطبيق ضوابط Recover لضمان الامتثال لمتطلبات إطار الأمن السيبراني NIST,corrective,4,low,False,INCIDENT_REPORT|MEETING_MINUTES|ATTESTATION|RISK_ASSESSMENT,active
13,USA,USA-NIST-CSF,2.0,1.3,Govern,Govern - Control 3,Govern - ضابط 3,The organization shall implement govern controls to ensure compliance with NIST Cybersecurity Framework 2.0 requirements.,يجب على المنظمة تطبيق ضوابط Govern لضمان الامتثال لمتطلبات إطار الأمن السيبراني NIST,preventive,1,critical,False,POLICY|PROCEDURE|STANDARD|CONFIG|TRAINING_RECORD,active
14,USA,USA-NIST-CSF,2.0,2.3,Identify,Identify - Control 3,Identify - ضابط 3,The organization shall implement identify controls to ensure compliance with NIST Cybersecurity Framework 2.0 requirements.,يجب على المنظمة تطبيق ضوابط Identify لضمان الامتثال لمتطلبات إطار الأمن السيبراني NIST,detective,2,high,False,LOG|REPORT|SCAN_REPORT|AUDIT_REPORT|ACCESS_REVIEW,active
15,USA,USA-NIST-CSF,2.0,3.3,Protect,Protect - Control 3,Protect - ضابط 3,The organization shall implement protect controls to ensure compliance with NIST Cybersecurity Framework 2.0 requirements.,يجب على المنظمة تطبيق ضوابط Protect لضمان الامتثال لمتطلبات إطار الأمن السيبراني NIST,corrective,3,medium,False,INCIDENT_REPORT|MEETING_MINUTES|ATTESTATION|RISK_ASSESSMENT,active
16,USA,USA-NIST-CSF,2.0,4.3,Detect,Detect - Control 3,Detect - ضابط 3,The organization shall implement detect controls to ensure compliance with NIST Cybersecurity Framework 2.0 requirements.,يجب على المنظمة تطبيق ضوابط Detect لضمان الامتثال لمتطلبات إطار الأمن السيبراني NIST,preventive,4,low,False,POLICY|PROCEDURE|STANDARD|CONFIG|TRAINING_RECORD,active
17,USA,USA-NIST-CSF,2.0,5.3,Respond,Respond - Control 3,Respond - ضابط 3,The organization shall implement respond controls to ensure compliance with NIST Cybersecurity Framework 2.0 requirements.,يجب على المنظمة تطبيق ضوابط Respond لضمان الامتثال لمتطلبات إطار الأمن السيبراني NIST,detective,1,critical,False,LOG|REPORT|SCAN_REPORT|AUDIT_REPORT|ACCESS_REVIEW,active
18,USA,USA-NIST-CSF,2.0,6.3,Recover,Recover - Control 3,Recover - ضابط 3,The organization shall implement recover controls to ensure compliance with NIST Cybersecurity Framework 2.0 requirements.,يجب على المنظمة تطبيق ضوابط Recover لضمان الامتثال لمتطلبات إطار الأمن السيبراني NIST,corrective,2,high,False,INCIDENT_REPORT|MEETING_MINUTES|ATTESTATION|RISK_ASSESSMENT,active
19,USA,USA-NIST-CSF,2.0,1.4,Govern,Govern - Control 4,Govern - ضابط 4,The organization shall implement govern controls to ensure compliance with NIST Cybersecurity Framework 2.0 requirements.,يجب على المنظمة تطبيق ضوابط Govern لضمان الامتثال لمتطلبات إطار الأمن السيبراني NIST,preventive,3,medium,False,POLICY|PROCEDURE|STANDARD|CONFIG|TRAINING_RECORD,active
20,USA,USA-NIST-CSF,2.0,2.4,Identify,Identify - Control 4,Identify - ضابط 4,The organization shall implement identify controls to ensure compliance with NIST Cybersecurity Framework 2.0 requirements.,يجب على المنظمة تطبيق ضوابط Identify لضمان الامتثال لمتطلبات إطار الأمن السيبراني NIST,detective,4,low,False,LOG|REPORT|SCAN_REPORT|AUDIT_REPORT|ACCESS_REVIEW,active
21,USA,USA-NIST-CSF,2.0,3.4,Protect,Protect - Control 4,Protect - ضابط 4,The organization shall implement protect controls to ensure compliance with NIST Cybersecurity Framework 2.0 requirements.,يجب على المنظمة تطبيق ضوابط Protect لضمان الامتثال لمتطلبات إطار الأمن السيبراني NIST,corrective,1,critical,False,INCIDENT_REPORT|MEETING_MINUTES|ATTESTATION|RISK_ASSESSMENT,active
22,USA,USA-NIST-CSF,2.0,4.4,Detect,Detect - Control 4,Detect - ضابط 4,The organization shall implement detect controls to ensure compliance with NIST Cybersecurity Framework 2.0 requirements.,يجب على المنظمة تطبيق ضوابط Detect لضمان الامتثال لمتطلبات إطار الأمن السيبراني NIST,preventive,2,high,False,POLICY|PROCEDURE|STANDARD|CONFIG|TRAINING_RECORD,active
23,USA,USA-NIST-CSF,2.0,5.4,Respond,Respond - Control 4,Respond - ضابط 4,The organization shall implement respond controls to ensure compliance with NIST Cybersecurity Framework 2.0 requirements.,يجب على المنظمة تطبيق ضوابط Respond لضمان الامتثال لمتطلبات إطار الأمن السيبراني NIST,detective,3,medium,False,LOG|REPORT|SCAN_REPORT|AUDIT_REPORT|ACCESS_REVIEW,active
24,USA,USA-NIST-CSF,2.0,6.4,Recover,Recover - Control 4,Recover - ضابط 4,The organization shall implement recover controls to ensure compliance with NIST Cybersecurity Framework 2.0 requirements.,يجب على المنظمة تطبيق ضوابط Recover لضمان الامتثال لمتطلبات إطار الأمن السيبراني NIST,corrective,4,low,False,INCIDENT_REPORT|MEETING_MINUTES|ATTESTATION|RISK_ASSESSMENT,active
25,USA,USA-NIST-CSF,2.0,1.5,Govern,Govern - Control 5,Govern - ضابط 5,The organization shall implement govern controls to ensure compliance with NIST Cybersecurity Framework 2.0 requirements.,يجب على المنظمة تطبيق ضوابط Govern لضمان الامتثال لمتطلبات إطار الأمن السيبراني NIST,preventive,1,critical,False,POLICY|PROCEDURE|STANDARD|CONFIG|TRAINING_RECORD,active
26,USA,USA-NIST-CSF,2.0,2.5,Identify,Identify - Control 5,Identify - ضابط 5,The organization shall implement identify controls to ensure compliance with NIST Cybersecurity Framework 2.0 requirements.,يجب على المنظمة تطبيق ضوابط Identify لضمان الامتثال لمتطلبات إطار الأمن السيبراني NIST,detective,2,high,False,LOG|REPORT|SCAN_REPORT|AUDIT_REPORT|ACCESS_REVIEW,active
27,USA,USA-NIST-CSF,2.0,3.5,Protect,Protect - Control 5,Protect - ضابط 5,The organization shall implement protect controls to ensure compliance with NIST Cybersecurity Framework 2.0 requirements.,يجب على المنظمة تطبيق ضوابط Protect لضمان الامتثال لمتطلبات إطار الأمن السيبراني NIST,corrective,3,medium,False,INCIDENT_REPORT|MEETING_MINUTES|ATTESTATION|RISK_ASSESSMENT,active
28,USA,USA-NIST-CSF,2.0,4.5,Detect,Detect - Control 5,Detect - ضابط 5,The organization shall implement detect controls to ensure compliance with NIST Cybersecurity Framework 2.0 requirements.,يجب على المنظمة تطبيق ضوابط Detect لضمان الامتثال لمتطلبات إطار الأمن السيبراني NIST,preventive,4,low,False,POLICY|PROCEDURE|STANDARD|CONFIG|TRAINING_RECORD,active
29,USA,USA-NIST-CSF,2.0,5.5,Respond,Respond - Control 5,Respond - ضابط 5,The organization shall implement respond controls to ensure compliance with NIST Cybersecurity Framework 2.0 requirements.,يجب على المنظمة تطبيق ضوابط Respond لضمان الامتثال لمتطلبات إطار الأمن السيبراني NIST,detective,1,critical,False,LOG|REPORT|SCAN_REPORT|AUDIT_REPORT|ACCESS_REVIEW,active
30,USA,USA-NIST-CSF,2.0,6.5,Recover,Recover - Control 5,Recover - ضابط 5,The organization shall implement recover controls to ensure compliance with NIST Cybersecurity Framework 2.0 requirements.,يجب على المنظمة تطبيق ضوابط Recover لضمان الامتثال لمتطلبات إطار الأمن السيبراني NIST,corrective,2,high,False,INCIDENT_REPORT|MEETING_MINUTES|ATTESTATION|RISK_ASSESSMENT,active
31,USA,USA-NIST-CSF,2.0,1.6,Govern,Govern - Control 6,Govern - ضابط 6,The organization shall implement govern controls to ensure compliance with NIST Cybersecurity Framework 2.0 requirements.,يجب على المنظمة تطبيق ضوابط Govern لضمان الامتثال لمتطلبات إطار الأمن السيبراني NIST,preventive,3,medium,False,POLICY|PROCEDURE|STANDARD|CONFIG|TRAINING_RECORD,active
32,USA,USA-NIST-CSF,2.0,2.6,Identify,Identify - Control 6,Identify - ضابط 6,The organization shall implement identify controls to ensure compliance with NIST Cybersecurity Framework 2.0 requirements.,يجب على المنظمة تطبيق ضوابط Identify لضمان الامتثال لمتطلبات إطار الأمن السيبراني NIST,detective,4,low,False,LOG|REPORT|SCAN_REPORT|AUDIT_REPORT|ACCESS_REVIEW,active
33,USA,USA-NIST-CSF,2.0,3.6,Protect,Protect - Control 6,Protect - ضابط 6,The organization shall implement protect controls to ensure compliance with NIST Cybersecurity Framework 2.0 requirements.,يجب على المنظمة تطبيق ضوابط Protect لضمان الامتثال لمتطلبات إطار الأمن السيبراني NIST,corrective,1,critical,False,INCIDENT_REPORT|MEETING_MINUTES|ATTESTATION|RISK_ASSESSMENT,active
34,USA,USA-NIST-CSF,2.0,4.6,Detect,Detect - Control 6,Detect - ضابط 6,The organization shall implement detect controls to ensure compliance with NIST Cybersecurity Framework 2.0 requirements.,يجب على المنظمة تطبيق ضوابط Detect لضمان الامتثال لمتطلبات إطار الأمن السيبراني NIST,preventive,2,high,False,POLICY|PROCEDURE|STANDARD|CONFIG|TRAINING_RECORD,active
35,USA,USA-NIST-CSF,2.0,5.6,Respond,Respond - Control 6,Respond - ضابط 6,The organization shall implement respond controls to ensure compliance with NIST Cybersecurity Framework 2.0 requirements.,يجب على المنظمة تطبيق ضوابط Respond لضمان الامتثال لمتطلبات إطار الأمن السيبراني NIST,detective,3,medium,False,LOG|REPORT|SCAN_REPORT|AUDIT_REPORT|ACCESS_REVIEW,active
36,USA,USA-NIST-CSF,2.0,6.6,Recover,Recover - Control 6,Recover - ضابط 6,The organization shall implement recover controls to ensure compliance with NIST Cybersecurity Framework 2.0 requirements.,يجب على المنظمة تطبيق ضوابط Recover لضمان الامتثال لمتطلبات إطار الأمن السيبراني NIST,corrective,4,low,False,INCIDENT_REPORT|MEETING_MINUTES|ATTESTATION|RISK_ASSESSMENT,active
37,USA,USA-NIST-CSF,2.0,1.7,Govern,Govern - Control 7,Govern - ضابط 7,The organization shall implement govern controls to ensure compliance with NIST Cybersecurity Framework 2.0 requirements.,يجب على المنظمة تطبيق ضوابط Govern لضمان الامتثال لمتطلبات إطار الأمن السيبراني NIST,preventive,1,critical,False,POLICY|PROCEDURE|STANDARD|CONFIG|TRAINING_RECORD,active
38,USA,USA-NIST-CSF,2.0,2.7,Identify,Identify - Control 7,Identify - ضابط 7,The organization shall implement identify controls to ensure compliance with NIST Cybersecurity Framework 2.0 requirements.,يجب على المنظمة تطبيق ضوابط Identify لضمان الامتثال لمتطلبات إطار الأمن السيبراني NIST,detective,2,high,False,LOG|REPORT|SCAN_REPORT|AUDIT_REPORT|ACCESS_REVIEW,active
39,USA,USA-NIST-CSF,2.0,3.7,Protect,Protect - Control 7,Protect - ضابط 7,The organization shall implement protect controls to ensure compliance with NIST Cybersecurity Framework 2.0 requirements.,يجب على المنظمة تطبيق ضوابط Protect لضمان الامتثال لمتطلبات إطار الأمن السيبراني NIST,corrective,3,medium,False,INCIDENT_REPORT|MEETING_MINUTES|ATTESTATION|RISK_ASSESSMENT,active
40,USA,USA-NIST-CSF,2.0,4.7,Detect,Detect - Control 7,Detect - ضابط 7,The organization shall implement detect controls to ensure compliance with NIST Cybersecurity Framework 2.0 requirements.,يجب على المنظمة تطبيق ضوابط Detect لضمان الامتثال لمتطلبات إطار الأمن السيبراني NIST,preventive,4,low,False,POLICY|PROCEDURE|STANDARD|CONFIG|TRAINING_RECORD,active
41,USA,USA-NIST-CSF,2.0,5.7,Respond,Respond - Control 7,Respond - ضابط 7,The organization shall implement respond controls to ensure compliance with NIST Cybersecurity Framework 2.0 requirements.,يجب على المنظمة تطبيق ضوابط Respond لضمان الامتثال لمتطلبات إطار الأمن السيبراني NIST,detective,1,critical,False,LOG|REPORT|SCAN_REPORT|AUDIT_REPORT|ACCESS_REVIEW,active
42,USA,USA-NIST-CSF,2.0,6.7,Recover,Recover - Control 7,Recover - ضابط 7,The organization shall implement recover controls to ensure compliance with NIST Cybersecurity Framework 2.0 requirements.,يجب على المنظمة تطبيق ضوابط Recover لضمان الامتثال لمتطلبات إطار الأمن السيبراني NIST,corrective,2,high,False,INCIDENT_REPORT|MEETING_MINUTES|ATTESTATION|RISK_ASSESSMENT,active
43,USA,USA-NIST-CSF,2.0,1.8,Govern,Govern - Control 8,Govern - ضابط 8,The organization shall implement govern controls to ensure compliance with NIST Cybersecurity Framework 2.0 requirements.,يجب على المنظمة تطبيق ضوابط Govern لضمان الامتثال لمتطلبات إطار الأمن السيبراني NIST,preventive,3,medium,False,POLICY|PROCEDURE|STANDARD|CONFIG|TRAINING_RECORD,active
44,USA,USA-NIST-CSF,2.0,2.8,Identify,Identify - Control 8,Identify - ضابط 8,The organization shall implement identify controls to ensure compliance with NIST Cybersecurity Framework 2.0 requirements.,يجب على المنظمة تطبيق ضوابط Identify لضمان الامتثال لمتطلبات إطار الأمن السيبراني NIST,detective,4,low,False,LOG|REPORT|SCAN_REPORT|AUDIT_REPORT|ACCESS_REVIEW,active
45,USA,USA-NIST-CSF,2.0,3.8,Protect,Protect - Control 8,Protect - ضابط 8,The organization shall implement protect controls to ensure compliance with NIST Cybersecurity Framework 2.0 requirements.,يجب على المنظمة تطبيق ضوابط Protect لضمان الامتثال لمتطلبات إطار الأمن السيبراني NIST,corrective,1,critical,False,INCIDENT_REPORT|MEETING_MINUTES|ATTESTATION|RISK_ASSESSMENT,active
46,USA,USA-NIST-CSF,2.0,4.8,Detect,Detect - Control 8,Detect - ضابط 8,The organization shall implement detect controls to ensure compliance with NIST Cybersecurity Framework 2.0 requirements.,يجب على المنظمة تطبيق ضوابط Detect لضمان الامتثال لمتطلبات إطار الأمن السيبراني NIST,preventive,2,high,False,POLICY|PROCEDURE|STANDARD|CONFIG|TRAINING_RECORD,active
47,USA,USA-NIST-CSF,2.0,5.8,Respond,Respond - Control 8,Respond - ضابط 8,The organization shall implement respond controls to ensure compliance with NIST Cybersecurity Framework 2.0 requirements.,يجب على المنظمة تطبيق ضوابط Respond لضمان الامتثال لمتطلبات إطار الأمن السيبراني NIST,detective,3,medium,False,LOG|REPORT|SCAN_REPORT|AUDIT_REPORT|ACCESS_REVIEW,active
48,USA,USA-NIST-CSF,2.0,6.8,Recover,Recover - Control 8,Recover - ضابط 8,The organization shall implement recover controls to ensure compliance with NIST Cybersecurity Framework 2.0 requirements.,يجب على المنظمة تطبيق ضوابط Recover لضمان الامتثال لمتطلبات إطار الأمن السيبراني NIST,corrective,4,low,False,INCIDENT_REPORT|MEETING_MINUTES|ATTESTATION|RISK_ASSESSMENT,active
49,USA,USA-NIST-CSF,2.0,1.9,Govern,Govern - Control 9,Govern - ضابط 9,The organization shall implement govern controls to ensure compliance with NIST Cybersecurity Framework 2.0 requirements.,يجب على المنظمة تطبيق ضوابط Govern لضمان الامتثال لمتطلبات إطار الأمن السيبراني NIST,preventive,1,critical,False,POLICY|PROCEDURE|STANDARD|CONFIG|TRAINING_RECORD,active
50,USA,USA-NIST-CSF,2.0,2.9,Identify,Identify - Control 9,Identify - ضابط 9,The organization shall implement identify controls to ensure compliance with NIST Cybersecurity Framework 2.0 requirements.,يجب على المنظمة تطبيق ضوابط Identify لضمان الامتثال لمتطلبات إطار الأمن السيبراني NIST,detective,2,high,False,LOG|REPORT|SCAN_REPORT|AUDIT_REPORT|ACCESS_REVIEW,active
51,USA,USA-NIST-CSF,2.0,3.9,Protect,Protect - Control 9,Protect - ضابط 9,The organization shall implement protect controls to ensure compliance with NIST Cybersecurity Framework 2.0 requirements.,يجب على المنظمة تطبيق ضوابط Protect لضمان الامتثال لمتطلبات إطار الأمن السيبراني NIST,corrective,3,medium,False,INCIDENT_REPORT|MEETING_MINUTES|ATTESTATION|RISK_ASSESSMENT,active
52,USA,USA-NIST-CSF,2.0,4.9,Detect,Detect - Control 9,Detect - ضابط 9,The organization shall implement detect controls to ensure compliance with NIST Cybersecurity Framework 2.0 requirements.,يجب على المنظمة تطبيق ضوابط Detect لضمان الامتثال لمتطلبات إطار الأمن السيبراني NIST,preventive,4,low,False,POLICY|PROCEDURE|STANDARD|CONFIG|TRAINING_RECORD,active
53,USA,USA-NIST-CSF,2.0,5.9,Respond,Respond - Control 9,Respond - ضابط 9,The organization shall implement respond controls to ensure compliance with NIST Cybersecurity Framework 2.0 requirements.,يجب على المنظمة تطبيق ضوابط Respond لضمان الامتثال لمتطلبات إطار الأمن السيبراني NIST,detective,1,critical,False,LOG|REPORT|SCAN_REPORT|AUDIT_REPORT|ACCESS_REVIEW,active
54,USA,USA-NIST-CSF,2.0,6.9,Recover,Recover - Control 9,Recover - ضابط 9,The organization shall implement recover controls to ensure compliance with NIST Cybersecurity Framework 2.0 requirements.,يجب على المنظمة تطبيق ضوابط Recover لضمان الامتثال لمتطلبات إطار الأمن السيبراني NIST,corrective,2,high,False,INCIDENT_REPORT|MEETING_MINUTES|ATTESTATION|RISK_ASSESSMENT,active
55,USA,USA-NIST-CSF,2.0,1.10,Govern,Govern - Control 10,Govern - ضابط 10,The organization shall implement govern controls to ensure compliance with NIST Cybersecurity Framework 2.0 requirements.,يجب على المنظمة تطبيق ضوابط Govern لضمان الامتثال لمتطلبات إطار الأمن السيبراني NIST,preventive,3,medium,False,POLICY|PROCEDURE|STANDARD|CONFIG|TRAINING_RECORD,active
56,USA,USA-NIST-CSF,2.0,2.10,Identify,Identify - Control 10,Identify - ضابط 10,The organization shall implement identify controls to ensure compliance with NIST Cybersecurity Framework 2.0 requirements.,يجب على المنظمة تطبيق ضوابط Identify لضمان الامتثال لمتطلبات إطار الأمن السيبراني NIST,detective,4,low,False,LOG|REPORT|SCAN_REPORT|AUDIT_REPORT|ACCESS_REVIEW,active
57,USA,USA-NIST-CSF,2.0,3.10,Protect,Protect - Control 10,Protect - ضابط 10,The organization shall implement protect controls to ensure compliance with NIST Cybersecurity Framework 2.0 requirements.,يجب على المنظمة تطبيق ضوابط Protect لضمان الامتثال لمتطلبات إطار الأمن السيبراني NIST,corrective,1,critical,False,INCIDENT_REPORT|MEETING_MINUTES|ATTESTATION|RISK_ASSESSMENT,active
58,USA,USA-NIST-CSF,2.0,4.10,Detect,Detect - Control 10,Detect - ضابط 10,The organization shall implement detect controls to ensure compliance with NIST Cybersecurity Framework 2.0 requirements.,يجب على المنظمة تطبيق ضوابط Detect لضمان الامتثال لمتطلبات إطار الأمن السيبراني NIST,preventive,2,high,False,POLICY|PROCEDURE|STANDARD|CONFIG|TRAINING_RECORD,active
59,USA,USA-NIST-CSF,2.0,5.10,Respond,Respond - Control 10,Respond - ضابط 10,The organization shall implement respond controls to ensure compliance with NIST Cybersecurity Framework 2.0 requirements.,يجب على المنظمة تطبيق ضوابط Respond لضمان الامتثال لمتطلبات إطار الأمن السيبراني NIST,detective,3,medium,False,LOG|REPORT|SCAN_REPORT|AUDIT_REPORT|ACCESS_REVIEW,active
60,USA,USA-NIST-CSF,2.0,6.10,Recover,Recover - Control 10,Recover - ضابط 10,The organization shall implement recover controls to ensure compliance with NIST Cybersecurity Framework 2.0 requirements.,يجب على المنظمة تطبيق ضوابط Recover لضمان الامتثال لمتطلبات إطار الأمن السيبراني NIST,corrective,4,low,False,INCIDENT_REPORT|MEETING_MINUTES|ATTESTATION|RISK_ASSESSMENT,active
61,USA,USA-NIST-CSF,2.0,1.11,Govern,Govern - Control 11,Govern - ضابط 11,The organization shall implement govern controls to ensure compliance with NIST Cybersecurity Framework 2.0 requirements.,يجب على المنظمة تطبيق ضوابط Govern لضمان الامتثال لمتطلبات إطار الأمن السيبراني NIST,preventive,1,critical,False,POLICY|PROCEDURE|STANDARD|CONFIG|TRAINING_RECORD,active
62,USA,USA-NIST-CSF,2.0,2.11,Identify,Identify - Control 11,Identify - ضابط 11,The organization shall implement identify controls to ensure compliance with NIST Cybersecurity Framework 2.0 requirements.,يجب على المنظمة تطبيق ضوابط Identify لضمان الامتثال لمتطلبات إطار الأمن السيبراني NIST,detective,2,high,False,LOG|REPORT|SCAN_REPORT|AUDIT_REPORT|ACCESS_REVIEW,active
63,USA,USA-NIST-CSF,2.0,3.11,Protect,Protect - Control 11,Protect - ضابط 11,The organization shall implement protect controls to ensure compliance with NIST Cybersecurity Framework 2.0 requirements.,يجب على المنظمة تطبيق ضوابط Protect لضمان الامتثال لمتطلبات إطار الأمن السيبراني NIST,corrective,3,medium,False,INCIDENT_REPORT|MEETING_MINUTES|ATTESTATION|RISK_ASSESSMENT,active
64,USA,USA-NIST-CSF,2.0,4.11,Detect,Detect - Control 11,Detect - ضابط 11,The organization shall implement detect controls to ensure compliance with NIST Cybersecurity Framework 2.0 requirements.,يجب على المنظمة تطبيق ضوابط Detect لضمان الامتثال لمتطلبات إطار الأمن السيبراني NIST,preventive,4,low,False,POLICY|PROCEDURE|STANDARD|CONFIG|TRAINING_RECORD,active
65,USA,USA-NIST-CSF,2.0,5.11,Respond,Respond - Control 11,Respond - ضابط 11,The organization shall implement respond controls to ensure compliance with NIST Cybersecurity Framework 2.0 requirements.,يجب على المنظمة تطبيق ضوابط Respond لضمان الامتثال لمتطلبات إطار الأمن السيبراني NIST,detective,1,critical,False,LOG|REPORT|SCAN_REPORT|AUDIT_REPORT|ACCESS_REVIEW,active
66,USA,USA-NIST-CSF,2.0,6.11,Recover,Recover - Control 11,Recover - ضابط 11,The organization shall implement recover controls to ensure compliance with NIST Cybersecurity Framework 2.0 requirements.,يجب على المنظمة تطبيق ضوابط Recover لضمان الامتثال لمتطلبات إطار الأمن السيبراني NIST,corrective,2,high,False,INCIDENT_REPORT|MEETING_MINUTES|ATTESTATION|RISK_ASSESSMENT,active
67,USA,USA-NIST-CSF,2.0,1.12,Govern,Govern - Control 12,Govern - ضابط 12,The organization shall implement govern controls to ensure compliance with NIST Cybersecurity Framework 2.0 requirements.,يجب على المنظمة تطبيق ضوابط Govern لضمان الامتثال لمتطلبات إطار الأمن السيبراني NIST,preventive,3,medium,False,POLICY|PROCEDURE|STANDARD|CONFIG|TRAINING_RECORD,active
68,USA,USA-NIST-CSF,2.0,2.12,Identify,Identify - Control 12,Identify - ضابط 12,The organization shall implement identify controls to ensure compliance with NIST Cybersecurity Framework 2.0 requirements.,يجب على المنظمة تطبيق ضوابط Identify لضمان الامتثال لمتطلبات إطار الأمن السيبراني NIST,detective,4,low,False,LOG|REPORT|SCAN_REPORT|AUDIT_REPORT|ACCESS_REVIEW,active
69,USA,USA-NIST-CSF,2.0,3.12,Protect,Protect - Control 12,Protect - ضابط 12,The organization shall implement protect controls to ensure compliance with NIST Cybersecurity Framework 2.0 requirements.,يجب على المنظمة تطبيق ضوابط Protect لضمان الامتثال لمتطلبات إطار الأمن السيبراني NIST,corrective,1,critical,False,INCIDENT_REPORT|MEETING_MINUTES|ATTESTATION|RISK_ASSESSMENT,active
70,USA,USA-NIST-CSF,2.0,4.12,Detect,Detect - Control 12,Detect - ضابط 12,The organization shall implement detect controls to ensure compliance with NIST Cybersecurity Framework 2.0 requirements.,يجب على المنظمة تطبيق ضوابط Detect لضمان الامتثال لمتطلبات إطار الأمن السيبراني NIST,preventive,2,high,False,POLICY|PROCEDURE|STANDARD|CONFIG|TRAINING_RECORD,active
71,USA,USA-NIST-CSF,2.0,5.12,Respond,Respond - Control 12,Respond - ضابط 12,The organization shall implement respond controls to ensure compliance with NIST Cybersecurity Framework 2.0 requirements.,يجب على المنظمة تطبيق ضوابط Respond لضمان الامتثال لمتطلبات إطار الأمن السيبراني NIST,detective,3,medium,False,LOG|REPORT|SCAN_REPORT|AUDIT_REPORT|ACCESS_REVIEW,active
72,USA,USA-NIST-CSF,2.0,6.12,Recover,Recover - Control 12,Recover - ضابط 12,The organization shall implement recover controls to ensure compliance with NIST Cybersecurity Framework 2.0 requirements.,يجب على المنظمة تطبيق ضوابط Recover لضمان الامتثال لمتطلبات إطار الأمن السيبراني NIST,corrective,4,low,False,INCIDENT_REPORT|MEETING_MINUTES|ATTESTATION|RISK_ASSESSMENT,active
73,USA,USA-NIST-CSF,2.0,1.13,Govern,Govern - Control 13,Govern - ضابط 13,The organization shall implement govern controls to ensure compliance with NIST Cybersecurity Framework 2.0 requirements.,يجب على المنظمة تطبيق ضوابط Govern لضمان الامتثال لمتطلبات إطار الأمن السيبراني NIST,preventive,1,critical,False,POLICY|PROCEDURE|STANDARD|CONFIG|TRAINING_RECORD,active
74,USA,USA-NIST-CSF,2.0,2.13,Identify,Identify - Control 13,Identify - ضابط 13,The organization shall implement identify controls to ensure compliance with NIST Cybersecurity Framework 2.0 requirements.,يجب على المنظمة تطبيق ضوابط Identify لضمان الامتثال لمتطلبات إطار الأمن السيبراني NIST,detective,2,high,False,LOG|REPORT|SCAN_REPORT|AUDIT_REPORT|ACCESS_REVIEW,active
75,USA,USA-NIST-CSF,2.0,3.13,Protect,Protect - Control 13,Protect - ضابط 13,The organization shall implement protect controls to ensure compliance with NIST Cybersecurity Framework 2.0 requirements.,يجب على المنظمة تطبيق ضوابط Protect لضمان الامتثال لمتطلبات إطار الأمن السيبراني NIST,corrective,3,medium,False,INCIDENT_REPORT|MEETING_MINUTES|ATTESTATION|RISK_ASSESSMENT,active
76,USA,USA-NIST-CSF,2.0,4.13,Detect,Detect - Control 13,Detect - ضابط 13,The organization shall implement detect controls to ensure compliance with NIST Cybersecurity Framework 2.0 requirements.,يجب على المنظمة تطبيق ضوابط Detect لضمان الامتثال لمتطلبات إطار الأمن السيبراني NIST,preventive,4,low,False,POLICY|PROCEDURE|STANDARD|CONFIG|TRAINING_RECORD,active
77,USA,USA-NIST-CSF,2.0,5.13,Respond,Respond - Control 13,Respond - ضابط 13,The organization shall implement respond controls to ensure compliance with NIST Cybersecurity Framework 2.0 requirements.,يجب على المنظمة تطبيق ضوابط Respond لضمان الامتثال لمتطلبات إطار الأمن السيبراني NIST,detective,1,critical,False,LOG|REPORT|SCAN_REPORT|AUDIT_REPORT|ACCESS_REVIEW,active
78,USA,USA-NIST-CSF,2.0,6.13,Recover,Recover - Control 13,Recover - ضابط 13,The organization shall implement recover controls to ensure compliance with NIST Cybersecurity Framework 2.0 requirements.,يجب على المنظمة تطبيق ضوابط Recover لضمان الامتثال لمتطلبات إطار الأمن السيبراني NIST,corrective,2,high,False,INCIDENT_REPORT|MEETING_MINUTES|ATTESTATION|RISK_ASSESSMENT,active
79,USA,USA-NIST-CSF,2.0,1.14,Govern,Govern - Control 14,Govern - ضابط 14,The organization shall implement govern controls to ensure compliance with NIST Cybersecurity Framework 2.0 requirements.,يجب على المنظمة تطبيق ضوابط Govern لضمان الامتثال لمتطلبات إطار الأمن السيبراني NIST,preventive,3,medium,False,POLICY|PROCEDURE|STANDARD|CONFIG|TRAINING_RECORD,active
80,USA,USA-NIST-CSF,2.0,2.14,Identify,Identify - Control 14,Identify - ضابط 14,The organization shall implement identify controls to ensure compliance with NIST Cybersecurity Framework 2.0 requirements.,يجب على المنظمة تطبيق ضوابط Identify لضمان الامتثال لمتطلبات إطار الأمن السيبراني NIST,detective,4,low,False,LOG|REPORT|SCAN_REPORT|AUDIT_REPORT|ACCESS_REVIEW,active
81,USA,USA-NIST-CSF,2.0,3.14,Protect,Protect - Control 14,Protect - ضابط 14,The organization shall implement protect controls to ensure compliance with NIST Cybersecurity Framework 2.0 requirements.,يجب على المنظمة تطبيق ضوابط Protect لضمان الامتثال لمتطلبات إطار الأمن السيبراني NIST,corrective,1,critical,False,INCIDENT_REPORT|MEETING_MINUTES|ATTESTATION|RISK_ASSESSMENT,active
82,USA,USA-NIST-CSF,2.0,4.14,Detect,Detect - Control 14,Detect - ضابط 14,The organization shall implement detect controls to ensure compliance with NIST Cybersecurity Framework 2.0 requirements.,يجب على المنظمة تطبيق ضوابط Detect لضمان الامتثال لمتطلبات إطار الأمن السيبراني NIST,preventive,2,high,False,POLICY|PROCEDURE|STANDARD|CONFIG|TRAINING_RECORD,active
83,USA,USA-NIST-CSF,2.0,5.14,Respond,Respond - Control 14,Respond - ضابط 14,The organization shall implement respond controls to ensure compliance with NIST Cybersecurity Framework 2.0 requirements.,يجب على المنظمة تطبيق ضوابط Respond لضمان الامتثال لمتطلبات إطار الأمن السيبراني NIST,detective,3,medium,False,LOG|REPORT|SCAN_REPORT|AUDIT_REPORT|ACCESS_REVIEW,active
84,USA,USA-NIST-CSF,2.0,6.14,Recover,Recover - Control 14,Recover - ضابط 14,The organization shall implement recover controls to ensure compliance with NIST Cybersecurity Framework 2.0 requirements.,يجب على المنظمة تطبيق ضوابط Recover لضمان الامتثال لمتطلبات إطار الأمن السيبراني NIST,corrective,4,low,False,INCIDENT_REPORT|MEETING_MINUTES|ATTESTATION|RISK_ASSESSMENT,active
85,USA,USA-NIST-CSF,2.0,1.15,Govern,Govern - Control 15,Govern - ضابط 15,The organization shall implement govern controls to ensure compliance with NIST Cybersecurity Framework 2.0 requirements.,يجب على المنظمة تطبيق ضوابط Govern لضمان الامتثال لمتطلبات إطار الأمن السيبراني NIST,preventive,1,critical,False,POLICY|PROCEDURE|STANDARD|CONFIG|TRAINING_RECORD,active
86,USA,USA-NIST-CSF,2.0,2.15,Identify,Identify - Control 15,Identify - ضابط 15,The organization shall implement identify controls to ensure compliance with NIST Cybersecurity Framework 2.0 requirements.,يجب على المنظمة تطبيق ضوابط Identify لضمان الامتثال لمتطلبات إطار الأمن السيبراني NIST,detective,2,high,False,LOG|REPORT|SCAN_REPORT|AUDIT_REPORT|ACCESS_REVIEW,active
87,USA,USA-NIST-CSF,2.0,3.15,Protect,Protect - Control 15,Protect - ضابط 15,The organization shall implement protect controls to ensure compliance with NIST Cybersecurity Framework 2.0 requirements.,يجب على المنظمة تطبيق ضوابط Protect لضمان الامتثال لمتطلبات إطار الأمن السيبراني NIST,corrective,3,medium,False,INCIDENT_REPORT|MEETING_MINUTES|ATTESTATION|RISK_ASSESSMENT,active
88,USA,USA-NIST-CSF,2.0,4.15,Detect,Detect - Control 15,Detect - ضابط 15,The organization shall implement detect controls to ensure compliance with NIST Cybersecurity Framework 2.0 requirements.,يجب على المنظمة تطبيق ضوابط Detect لضمان الامتثال لمتطلبات إطار الأمن السيبراني NIST,preventive,4,low,False,POLICY|PROCEDURE|STANDARD|CONFIG|TRAINING_RECORD,active
89,USA,USA-NIST-CSF,2.0,5.15,Respond,Respond - Control 15,Respond - ضابط 15,The organization shall implement respond controls to ensure compliance with NIST Cybersecurity Framework 2.0 requirements.,يجب على المنظمة تطبيق ضوابط Respond لضمان الامتثال لمتطلبات إطار الأمن السيبراني NIST,detective,1,critical,False,LOG|REPORT|SCAN_REPORT|AUDIT_REPORT|ACCESS_REVIEW,active
90,USA,USA-NIST-CSF,2.0,6.15,Recover,Recover - Control 15,Recover - ضابط 15,The organization shall implement recover controls to ensure compliance with NIST Cybersecurity Framework 2.0 requirements.,يجب على المنظمة تطبيق ضوابط Recover لضمان الامتثال لمتطلبات إطار الأمن السيبراني NIST,corrective,2,high,False,INCIDENT_REPORT|MEETING_MINUTES|ATTESTATION|RISK_ASSESSMENT,active
91,USA,USA-NIST-CSF,2.0,1.16,Govern,Govern - Control 16,Govern - ضابط 16,The organization shall implement govern controls to ensure compliance with NIST Cybersecurity Framework 2.0 requirements.,يجب على المنظمة تطبيق ضوابط Govern لضمان الامتثال لمتطلبات إطار الأمن السيبراني NIST,preventive,3,medium,False,POLICY|PROCEDURE|STANDARD|CONFIG|TRAINING_RECORD,active
92,USA,USA-NIST-CSF,2.0,2.16,Identify,Identify - Control 16,Identify - ضابط 16,The organization shall implement identify controls to ensure compliance with NIST Cybersecurity Framework 2.0 requirements.,يجب على المنظمة تطبيق ضوابط Identify لضمان الامتثال لمتطلبات إطار الأمن السيبراني NIST,detective,4,low,False,LOG|REPORT|SCAN_REPORT|AUDIT_REPORT|ACCESS_REVIEW,active
93,USA,USA-NIST-CSF,2.0,3.16,Protect,Protect - Control 16,Protect - ضابط 16,The organization shall implement protect controls to ensure compliance with NIST Cybersecurity Framework 2.0 requirements.,يجب على المنظمة تطبيق ضوابط Protect لضمان الامتثال لمتطلبات إطار الأمن السيبراني NIST,corrective,1,critical,False,INCIDENT_REPORT|MEETING_MINUTES|ATTESTATION|RISK_ASSESSMENT,active
94,USA,USA-NIST-CSF,2.0,4.16,Detect,Detect - Control 16,Detect - ضابط 16,The organization shall implement detect controls to ensure compliance with NIST Cybersecurity Framework 2.0 requirements.,يجب على المنظمة تطبيق ضوابط Detect لضمان الامتثال لمتطلبات إطار الأمن السيبراني NIST,preventive,2,high,False,POLICY|PROCEDURE|STANDARD|CONFIG|TRAINING_RECORD,active
95,USA,USA-NIST-CSF,2.0,5.16,Respond,Respond - Control 16,Respond - ضابط 16,The organization shall implement respond controls to ensure compliance with NIST Cybersecurity Framework 2.0 requirements.,يجب على المنظمة تطبيق ضوابط Respond لضمان الامتثال لمتطلبات إطار الأمن السيبراني NIST,detective,3,medium,False,LOG|REPORT|SCAN_REPORT|AUDIT_REPORT|ACCESS_REVIEW,active
96,USA,USA-NIST-CSF,2.0,6.16,Recover,Recover - Control 16,Recover - ضابط 16,The organization shall implement recover controls to ensure compliance with NIST Cybersecurity Framework 2.0 requirements.,يجب على المنظمة تطبيق ضوابط Recover لضمان الامتثال لمتطلبات إطار الأمن السيبراني NIST,corrective,4,low,False,INCIDENT_REPORT|MEETING_MINUTES|ATTESTATION|RISK_ASSESSMENT,active
97,USA,USA-NIST-CSF,2.0,1.17,Govern,Govern - Control 17,Govern - ضابط 17,The organization shall implement govern controls to ensure compliance with NIST Cybersecurity Framework 2.0 requirements.,يجب على المنظمة تطبيق ضوابط Govern لضمان الامتثال لمتطلبات إطار الأمن السيبراني NIST,preventive,1,critical,False,POLICY|PROCEDURE|STANDARD|CONFIG|TRAINING_RECORD,active
98,USA,USA-NIST-CSF,2.0,2.17,Identify,Identify - Control 17,Identify - ضابط 17,The organization shall implement identify controls to ensure compliance with NIST Cybersecurity Framework 2.0 requirements.,يجب على المنظمة تطبيق ضوابط Identify لضمان الامتثال لمتطلبات إطار الأمن السيبراني NIST,detective,2,high,False,LOG|REPORT|SCAN_REPORT|AUDIT_REPORT|ACCESS_REVIEW,active
99,USA,USA-NIST-CSF,2.0,3.17,Protect,Protect - Control 17,Protect - ضابط 17,The organization shall implement protect controls to ensure compliance with NIST Cybersecurity Framework 2.0 requirements.,يجب على المنظمة تطبيق ضوابط Protect لضمان الامتثال لمتطلبات إطار الأمن السيبراني NIST,corrective,3,medium,False,INCIDENT_REPORT|MEETING_MINUTES|ATTESTATION|RISK_ASSESSMENT,active
100,USA,USA-NIST-CSF,2.0,4.17,Detect,Detect - Control 17,Detect - ضابط 17,The organization shall implement detect controls to ensure compliance with NIST Cybersecurity Framework 2.0 requirements.,يجب على المنظمة تطبيق ضوابط Detect لضمان الامتثال لمتطلبات إطار الأمن السيبراني NIST,preventive,4,low,False,POLICY|PROCEDURE|STANDARD|CONFIG|TRAINING_RECORD,active
101,USA,USA-NIST-CSF,2.0,5.17,Respond,Respond - Control 17,Respond - ضابط 17,The organization shall implement respond controls to ensure compliance with NIST Cybersecurity Framework 2.0 requirements.,يجب على المنظمة تطبيق ضوابط Respond لضمان الامتثال لمتطلبات إطار الأمن السيبراني NIST,detective,1,critical,False,LOG|REPORT|SCAN_REPORT|AUDIT_REPORT|ACCESS_REVIEW,active
102,USA,USA-NIST-CSF,2.0,6.17,Recover,Recover - Control 17,Recover - ضابط 17,The organization shall implement recover controls to ensure compliance with NIST Cybersecurity Framework 2.0 requirements.,يجب على المنظمة تطبيق ضوابط Recover لضمان الامتثال لمتطلبات إطار الأمن السيبراني NIST,corrective,2,high,False,INCIDENT_REPORT|MEETING_MINUTES|ATTESTATION|RISK_ASSESSMENT,active
103,USA,USA-NIST-CSF,2.0,1.18,Govern,Govern - Control 18,Govern - ضابط 18,The organization shall implement govern controls to ensure compliance with NIST Cybersecurity Framework 2.0 requirements.,يجب على المنظمة تطبيق ضوابط Govern لضمان الامتثال لمتطلبات إطار الأمن السيبراني NIST,preventive,3,medium,False,POLICY|PROCEDURE|STANDARD|CONFIG|TRAINING_RECORD,active
104,USA,USA-NIST-CSF,2.0,2.18,Identify,Identify - Control 18,Identify - ضابط 18,The organization shall implement identify controls to ensure compliance with NIST Cybersecurity Framework 2.0 requirements.,يجب على المنظمة تطبيق ضوابط Identify لضمان الامتثال لمتطلبات إطار الأمن السيبراني NIST,detective,4,low,False,LOG|REPORT|SCAN_REPORT|AUDIT_REPORT|ACCESS_REVIEW,active
105,USA,USA-NIST-CSF,2.0,3.18,Protect,Protect - Control 18,Protect - ضابط 18,The organization shall implement protect controls to ensure compliance with NIST Cybersecurity Framework 2.0 requirements.,يجب على المنظمة تطبيق ضوابط Protect لضمان الامتثال لمتطلبات إطار الأمن السيبراني NIST,corrective,1,critical,False,INCIDENT_REPORT|MEETING_MINUTES|ATTESTATION|RISK_ASSESSMENT,active
106,USA,USA-NIST-CSF,2.0,4.18,Detect,Detect - Control 18,Detect - ضابط 18,The organization shall implement detect controls to ensure compliance with NIST Cybersecurity Framework 2.0 requirements.,يجب على المنظمة تطبيق ضوابط Detect لضمان الامتثال لمتطلبات إطار الأمن السيبراني NIST,preventive,2,high,False,POLICY|PROCEDURE|STANDARD|CONFIG|TRAINING_RECORD,active
107,USA,USA-NIST-CSF,2.0,5.18,Respond,Respond - Control 18,Respond - ضابط 18,The organization shall implement respond controls to ensure compliance with NIST Cybersecurity Framework 2.0 requirements.,يجب على المنظمة تطبيق ضوابط Respond لضمان الامتثال لمتطلبات إطار الأمن السيبراني NIST,detective,3,medium,False,LOG|REPORT|SCAN_REPORT|AUDIT_REPORT|ACCESS_REVIEW,active
108,USA,USA-NIST-CSF,2.0,6.18,Recover,Recover - Control 18,Recover - ضابط 18,The organization shall implement recover controls to ensure compliance with NIST Cybersecurity Framework 2.0 requirements.,يجب على المنظمة تطبيق ضوابط Recover لضمان الامتثال لمتطلبات إطار الأمن السيبراني NIST,corrective,4,low,False,INCIDENT_REPORT|MEETING_MINUTES|ATTESTATION|RISK_ASSESSMENT,active
109,USA,USA-NIST-CSF,2.0,1.19,Govern,Govern - Control 19,Govern - ضابط 19,The organization shall implement govern controls to ensure compliance with NIST Cybersecurity Framework 2.0 requirements.,يجب على المنظمة تطبيق ضوابط Govern لضمان الامتثال لمتطلبات إطار الأمن السيبراني NIST,preventive,1,critical,False,POLICY|PROCEDURE|STANDARD|CONFIG|TRAINING_RECORD,active
110,USA,USA-NIST-CSF,2.0,2.19,Identify,Identify - Control 19,Identify - ضابط 19,The organization shall implement identify controls to ensure compliance with NIST Cybersecurity Framework 2.0 requirements.,يجب على المنظمة تطبيق ضوابط Identify لضمان الامتثال لمتطلبات إطار الأمن السيبراني NIST,detective,2,high,False,LOG|REPORT|SCAN_REPORT|AUDIT_REPORT|ACCESS_REVIEW,active
111,USA,USA-NIST-CSF,2.0,3.19,Protect,Protect - Control 19,Protect - ضابط 19,The organization shall implement protect controls to ensure compliance with NIST Cybersecurity Framework 2.0 requirements.,يجب على المنظمة تطبيق ضوابط Protect لضمان الامتثال لمتطلبات إطار الأمن السيبراني NIST,corrective,3,medium,False,INCIDENT_REPORT|MEETING_MINUTES|ATTESTATION|RISK_ASSESSMENT,active
112,USA,USA-NIST-CSF,2.0,4.19,Detect,Detect - Control 19,Detect - ضابط 19,The organization shall implement detect controls to ensure compliance with NIST Cybersecurity Framework 2.0 requirements.,يجب على المنظمة تطبيق ضوابط Detect لضمان الامتثال لمتطلبات إطار الأمن السيبراني NIST,preventive,4,low,False,POLICY|PROCEDURE|STANDARD|CONFIG|TRAINING_RECORD,active
113,USA,USA-NIST-CSF,2.0,5.19,Respond,Respond - Control 19,Respond - ضابط 19,The organization shall implement respond controls to ensure compliance with NIST Cybersecurity Framework 2.0 requirements.,يجب على المنظمة تطبيق ضوابط Respond لضمان الامتثال لمتطلبات إطار الأمن السيبراني NIST,detective,1,critical,False,LOG|REPORT|SCAN_REPORT|AUDIT_REPORT|ACCESS_REVIEW,active
114,USA,USA-NIST-CSF,2.0,6.19,Recover,Recover - Control 19,Recover - ضابط 19,The organization shall implement recover controls to ensure compliance with NIST Cybersecurity Framework 2.0 requirements.,يجب على المنظمة تطبيق ضوابط Recover لضمان الامتثال لمتطلبات إطار الأمن السيبراني NIST,corrective,2,high,False,INCIDENT_REPORT|MEETING_MINUTES|ATTESTATION|RISK_ASSESSMENT,active
115,USA,USA-NIST-CSF,2.0,1.20,Govern,Govern - Control 20,Govern - ضابط 20,The organization shall implement govern controls to ensure compliance with NIST Cybersecurity Framework 2.0 requirements.,يجب على المنظمة تطبيق ضوابط Govern لضمان الامتثال لمتطلبات إطار الأمن السيبراني NIST,preventive,3,medium,False,POLICY|PROCEDURE|STANDARD|CONFIG|TRAINING_RECORD,active
116,USA,USA-NIST-CSF,2.0,2.20,Identify,Identify - Control 20,Identify - ضابط 20,The organization shall implement identify controls to ensure compliance with NIST Cybersecurity Framework 2.0 requirements.,يجب على المنظمة تطبيق ضوابط Identify لضمان الامتثال لمتطلبات إطار الأمن السيبراني NIST,detective,4,low,False,LOG|REPORT|SCAN_REPORT|AUDIT_REPORT|ACCESS_REVIEW,active
117,USA,USA-NIST-CSF,2.0,3.20,Protect,Protect - Control 20,Protect - ضابط 20,The organization shall implement protect controls to ensure compliance with NIST Cybersecurity Framework 2.0 requirements.,يجب على المنظمة تطبيق ضوابط Protect لضمان الامتثال لمتطلبات إطار الأمن السيبراني NIST,corrective,1,critical,False,INCIDENT_REPORT|MEETING_MINUTES|ATTESTATION|RISK_ASSESSMENT,active
118,USA,USA-NIST-CSF,2.0,4.20,Detect,Detect - Control 20,Detect - ضابط 20,The organization shall implement detect controls to ensure compliance with NIST Cybersecurity Framework 2.0 requirements.,يجب على المنظمة تطبيق ضوابط Detect لضمان الامتثال لمتطلبات إطار الأمن السيبراني NIST,preventive,2,high,False,POLICY|PROCEDURE|STANDARD|CONFIG|TRAINING_RECORD,active
119,USA,USA-NIST-CSF,2.0,5.20,Respond,Respond - Control 20,Respond - ضابط 20,The organization shall implement respond controls to ensure compliance with NIST Cybersecurity Framework 2.0 requirements.,يجب على المنظمة تطبيق ضوابط Respond لضمان الامتثال لمتطلبات إطار الأمن السيبراني NIST,detective,3,medium,False,LOG|REPORT|SCAN_REPORT|AUDIT_REPORT|ACCESS_REVIEW,active
120,USA,USA-NIST-CSF,2.0,6.20,Recover,Recover - Control 20,Recover - ضابط 20,The organization shall implement recover controls to ensure compliance with NIST Cybersecurity Framework 2.0 requirements.,يجب على المنظمة تطبيق ضوابط Recover لضمان الامتثال لمتطلبات إطار الأمن السيبراني NIST,corrective,4,low,False,INCIDENT_REPORT|MEETING_MINUTES|ATTESTATION|RISK_ASSESSMENT,active
121,USA,USA-NIST-CSF,2.0,1.21,Govern,Govern - Control 21,Govern - ضابط 21,The organization shall implement govern controls to ensure compliance with NIST Cybersecurity Framework 2.0 requirements.,يجب على المنظمة تطبيق ضوابط Govern لضمان الامتثال لمتطلبات إطار الأمن السيبراني NIST,preventive,1,critical,False,POLICY|PROCEDURE|STANDARD|CONFIG|TRAINING_RECORD,active
122,USA,USA-NIST-CSF,2.0,2.21,Identify,Identify - Control 21,Identify - ضابط 21,The organization shall implement identify controls to ensure compliance with NIST Cybersecurity Framework 2.0 requirements.,يجب على المنظمة تطبيق ضوابط Identify لضمان الامتثال لمتطلبات إطار الأمن السيبراني NIST,detective,2,high,False,LOG|REPORT|SCAN_REPORT|AUDIT_REPORT|ACCESS_REVIEW,active
123,USA,USA-NIST-CSF,2.0,3.21,Protect,Protect - Control 21,Protect - ضابط 21,The organization shall implement protect controls to ensure compliance with NIST Cybersecurity Framework 2.0 requirements.,يجب على المنظمة تطبيق ضوابط Protect لضمان الامتثال لمتطلبات إطار الأمن السيبراني NIST,corrective,3,medium,False,INCIDENT_REPORT|MEETING_MINUTES|ATTESTATION|RISK_ASSESSMENT,active
124,USA,USA-NIST-CSF,2.0,4.21,Detect,Detect - Control 21,Detect - ضابط 21,The organization shall implement detect controls to ensure compliance with NIST Cybersecurity Framework 2.0 requirements.,يجب على المنظمة تطبيق ضوابط Detect لضمان الامتثال لمتطلبات إطار الأمن السيبراني NIST,preventive,4,low,False,POLICY|PROCEDURE|STANDARD|CONFIG|TRAINING_RECORD,active
125,USA,USA-NIST-CSF,2.0,5.21,Respond,Respond - Control 21,Respond - ضابط 21,The organization shall implement respond controls to ensure compliance with NIST Cybersecurity Framework 2.0 requirements.,يجب على المنظمة تطبيق ضوابط Respond لضمان الامتثال لمتطلبات إطار الأمن السيبراني NIST,detective,1,critical,False,LOG|REPORT|SCAN_REPORT|AUDIT_REPORT|ACCESS_REVIEW,active
126,USA,USA-NIST-80053,Rev 5,1.1,AC,AC - Control 1,AC - ضابط 1,The organization shall implement ac controls to ensure compliance with NIST SP 800-53 Rev 5 requirements.,يجب على المنظمة تطبيق ضوابط AC لضمان الامتثال لمتطلبات ضوابط أمنية,preventive,1,critical,True,POLICY|PROCEDURE|STANDARD|CONFIG|TRAINING_RECORD,active
127,USA,USA-NIST-80053,Rev 5,2.1,AT,AT - Control 1,AT - ضابط 1,The organization shall implement at controls to ensure compliance with NIST SP 800-53 Rev 5 requirements.,يجب على المنظمة تطبيق ضوابط AT لضمان الامتثال لمتطلبات ضوابط أمنية,detective,2,high,True,LOG|REPORT|SCAN_REPORT|AUDIT_REPORT|ACCESS_REVIEW,active
128,USA,USA-NIST-80053,Rev 5,3.1,AU,AU - Control 1,AU - ضابط 1,The organization shall implement au controls to ensure compliance with NIST SP 800-53 Rev 5 requirements.,يجب على المنظمة تطبيق ضوابط AU لضمان الامتثال لمتطلبات ضوابط أمنية,corrective,3,medium,True,INCIDENT_REPORT|MEETING_MINUTES|ATTESTATION|RISK_ASSESSMENT,active
129,USA,USA-NIST-80053,Rev 5,4.1,CA,CA - Control 1,CA - ضابط 1,The organization shall implement ca controls to ensure compliance with NIST SP 800-53 Rev 5 requirements.,يجب على المنظمة تطبيق ضوابط CA لضمان الامتثال لمتطلبات ضوابط أمنية,preventive,4,low,True,POLICY|PROCEDURE|STANDARD|CONFIG|TRAINING_RECORD,active
130,USA,USA-NIST-80053,Rev 5,5.1,CM,CM - Control 1,CM - ضابط 1,The organization shall implement cm controls to ensure compliance with NIST SP 800-53 Rev 5 requirements.,يجب على المنظمة تطبيق ضوابط CM لضمان الامتثال لمتطلبات ضوابط أمنية,detective,1,critical,True,LOG|REPORT|SCAN_REPORT|AUDIT_REPORT|ACCESS_REVIEW,active
131,USA,USA-NIST-80053,Rev 5,6.1,CP,CP - Control 1,CP - ضابط 1,The organization shall implement cp controls to ensure compliance with NIST SP 800-53 Rev 5 requirements.,يجب على المنظمة تطبيق ضوابط CP لضمان الامتثال لمتطلبات ضوابط أمنية,corrective,2,high,True,INCIDENT_REPORT|MEETING_MINUTES|ATTESTATION|RISK_ASSESSMENT,active
132,USA,USA-NIST-80053,Rev 5,7.1,IA,IA - Control 1,IA - ضابط 1,The organization shall implement ia controls to ensure compliance with NIST SP 800-53 Rev 5 requirements.,يجب على المنظمة تطبيق ضوابط IA لضمان الامتثال لمتطلبات ضوابط أمنية,preventive,3,medium,True,POLICY|PROCEDURE|STANDARD|CONFIG|TRAINING_RECORD,active
133,USA,USA-NIST-80053,Rev 5,8.1,IR,IR - Control 1,IR - ضابط 1,The organization shall implement ir controls to ensure compliance with NIST SP 800-53 Rev 5 requirements.,يجب على المنظمة تطبيق ضوابط IR لضمان الامتثال لمتطلبات ضوابط أمنية,detective,4,low,True,LOG|REPORT|SCAN_REPORT|AUDIT_REPORT|ACCESS_REVIEW,active
134,USA,USA-NIST-80053,Rev 5,9.1,MA,MA - Control 1,MA - ضابط 1,The organization shall implement ma controls to ensure compliance with NIST SP 800-53 Rev 5 requirements.,يجب على المنظمة تطبيق ضوابط MA لضمان الامتثال لمتطلبات ضوابط أمنية,corrective,1,critical,True,INCIDENT_REPORT|MEETING_MINUTES|ATTESTATION|RISK_ASSESSMENT,active
135,USA,USA-NIST-80053,Rev 5,10.1,MP,MP - Control 1,MP - ضابط 1,The organization shall implement mp controls to ensure compliance with NIST SP 800-53 Rev 5 requirements.,يجب على المنظمة تطبيق ضوابط MP لضمان الامتثال لمتطلبات ضوابط أمنية,preventive,2,high,True,POLICY|PROCEDURE|STANDARD|CONFIG|TRAINING_RECORD,active
136,USA,USA-NIST-80053,Rev 5,11.1,PE,PE - Control 1,PE - ضابط 1,The organization shall implement pe controls to ensure compliance with NIST SP 800-53 Rev 5 requirements.,يجب على المنظمة تطبيق ضوابط PE لضمان الامتثال لمتطلبات ضوابط أمنية,detective,3,medium,True,LOG|REPORT|SCAN_REPORT|AUDIT_REPORT|ACCESS_REVIEW,active
137,USA,USA-NIST-80053,Rev 5,12.1,PL,PL - Control 1,PL - ضابط 1,The organization shall implement pl controls to ensure compliance with NIST SP 800-53 Rev 5 requirements.,يجب على المنظمة تطبيق ضوابط PL لضمان الامتثال لمتطلبات ضوابط أمنية,corrective,4,low,True,INCIDENT_REPORT|MEETING_MINUTES|ATTESTATION|RISK_ASSESSMENT,active
138,USA,USA-NIST-80053,Rev 5,13.1,PM,PM - Control 1,PM - ضابط 1,The organization shall implement pm controls to ensure compliance with NIST SP 800-53 Rev 5 requirements.,يجب على المنظمة تطبيق ضوابط PM لضمان الامتثال لمتطلبات ضوابط أمنية,preventive,1,critical,True,POLICY|PROCEDURE|STANDARD|CONFIG|TRAINING_RECORD,active
139,USA,USA-NIST-80053,Rev 5,14.1,PS,PS - Control 1,PS - ضابط 1,The organization shall implement ps controls to ensure compliance with NIST SP 800-53 Rev 5 requirements.,يجب على المنظمة تطبيق ضوابط PS لضمان الامتثال لمتطلبات ضوابط أمنية,detective,2,high,True,LOG|REPORT|SCAN_REPORT|AUDIT_REPORT|ACCESS_REVIEW,active
140,USA,USA-NIST-80053,Rev 5,15.1,PT,PT - Control 1,PT - ضابط 1,The organization shall implement pt controls to ensure compliance with NIST SP 800-53 Rev 5 requirements.,يجب على المنظمة تطبيق ضوابط PT لضمان الامتثال لمتطلبات ضوابط أمنية,corrective,3,medium,True,INCIDENT_REPORT|MEETING_MINUTES|ATTESTATION|RISK_ASSESSMENT,active
141,USA,USA-NIST-80053,Rev 5,16.1,RA,RA - Control 1,RA - ضابط 1,The organization shall implement ra controls to ensure compliance with NIST SP 800-53 Rev 5 requirements.,يجب على المنظمة تطبيق ضوابط RA لضمان الامتثال لمتطلبات ضوابط أمنية,preventive,4,low,True,POLICY|PROCEDURE|STANDARD|CONFIG|TRAINING_RECORD,active
142,USA,USA-NIST-80053,Rev 5,17.1,SA,SA - Control 1,SA - ضابط 1,The organization shall implement sa controls to ensure compliance with NIST SP 800-53 Rev 5 requirements.,يجب على المنظمة تطبيق ضوابط SA لضمان الامتثال لمتطلبات ضوابط أمنية,detective,1,critical,True,LOG|REPORT|SCAN_REPORT|AUDIT_REPORT|ACCESS_REVIEW,active
143,USA,USA-NIST-80053,Rev 5,18.1,SC,SC - Control 1,SC - ضابط 1,The organization shall implement sc controls to ensure compliance with NIST SP 800-53 Rev 5 requirements.,يجب على المنظمة تطبيق ضوابط SC لضمان الامتثال لمتطلبات ضوابط أمنية,corrective,2,high,True,INCIDENT_REPORT|MEETING_MINUTES|ATTESTATION|RISK_ASSESSMENT,active
144,USA,USA-NIST-80053,Rev 5,19.1,SI,SI - Control 1,SI - ضابط 1,The organization shall implement si controls to ensure compliance with NIST SP 800-53 Rev 5 requirements.,يجب على المنظمة تطبيق ضوابط SI لضمان الامتثال لمتطلبات ضوابط أمنية,preventive,3,medium,True,POLICY|PROCEDURE|STANDARD|CONFIG|TRAINING_RECORD,active
145,USA,USA-NIST-80053,Rev 5,20.1,SR,SR - Control 1,SR - ضابط 1,The organization shall implement sr controls to ensure compliance with NIST SP 800-53 Rev 5 requirements.,يجب على المنظمة تطبيق ضوابط SR لضمان الامتثال لمتطلبات ضوابط أمنية,detective,4,low,True,LOG|REPORT|SCAN_REPORT|AUDIT_REPORT|ACCESS_REVIEW,active
146,USA,USA-NIST-80053,Rev 5,1.2,AC,AC - Control 2,AC - ضابط 2,The organization shall implement ac controls to ensure compliance with NIST SP 800-53 Rev 5 requirements.,يجب على المنظمة تطبيق ضوابط AC لضمان الامتثال لمتطلبات ضوابط أمنية,corrective,1,critical,True,INCIDENT_REPORT|MEETING_MINUTES|ATTESTATION|RISK_ASSESSMENT,active
147,USA,USA-NIST-80053,Rev 5,2.2,AT,AT - Control 2,AT - ضابط 2,The organization shall implement at controls to ensure compliance with NIST SP 800-53 Rev 5 requirements.,يجب على المنظمة تطبيق ضوابط AT لضمان الامتثال لمتطلبات ضوابط أمنية,preventive,2,high,True,POLICY|PROCEDURE|STANDARD|CONFIG|TRAINING_RECORD,active
148,USA,USA-NIST-80053,Rev 5,3.2,AU,AU - Control 2,AU - ضابط 2,The organization shall implement au controls to ensure compliance with NIST SP 800-53 Rev 5 requirements.,يجب على المنظمة تطبيق ضوابط AU لضمان الامتثال لمتطلبات ضوابط أمنية,detective,3,medium,True,LOG|REPORT|SCAN_REPORT|AUDIT_REPORT|ACCESS_REVIEW,active
149,USA,USA-NIST-80053,Rev 5,4.2,CA,CA - Control 2,CA - ضابط 2,The organization shall implement ca controls to ensure compliance with NIST SP 800-53 Rev 5 requirements.,يجب على المنظمة تطبيق ضوابط CA لضمان الامتثال لمتطلبات ضوابط أمنية,corrective,4,low,True,INCIDENT_REPORT|MEETING_MINUTES|ATTESTATION|RISK_ASSESSMENT,active
150,USA,USA-NIST-80053,Rev 5,5.2,CM,CM - Control 2,CM - ضابط 2,The organization shall implement cm controls to ensure compliance with NIST SP 800-53 Rev 5 requirements.,يجب على المنظمة تطبيق ضوابط CM لضمان الامتثال لمتطلبات ضوابط أمنية,preventive,1,critical,True,POLICY|PROCEDURE|STANDARD|CONFIG|TRAINING_RECORD,active
151,USA,USA-NIST-80053,Rev 5,6.2,CP,CP - Control 2,CP - ضابط 2,The organization shall implement cp controls to ensure compliance with NIST SP 800-53 Rev 5 requirements.,يجب على المنظمة تطبيق ضوابط CP لضمان الامتثال لمتطلبات ضوابط أمنية,detective,2,high,True,LOG|REPORT|SCAN_REPORT|AUDIT_REPORT|ACCESS_REVIEW,active
152,USA,USA-NIST-80053,Rev 5,7.2,IA,IA - Control 2,IA - ضابط 2,The organization shall implement ia controls to ensure compliance with NIST SP 800-53 Rev 5 requirements.,يجب على المنظمة تطبيق ضوابط IA لضمان الامتثال لمتطلبات ضوابط أمنية,corrective,3,medium,True,INCIDENT_REPORT|MEETING_MINUTES|ATTESTATION|RISK_ASSESSMENT,active
153,USA,USA-NIST-80053,Rev 5,8.2,IR,IR - Control 2,IR - ضابط 2,The organization shall implement ir controls to ensure compliance with NIST SP 800-53 Rev 5 requirements.,يجب على المنظمة تطبيق ضوابط IR لضمان الامتثال لمتطلبات ضوابط أمنية,preventive,4,low,True,POLICY|PROCEDURE|STANDARD|CONFIG|TRAINING_RECORD,active
154,USA,USA-NIST-80053,Rev 5,9.2,MA,MA - Control 2,MA - ضابط 2,The organization shall implement ma controls to ensure compliance with NIST SP 800-53 Rev 5 requirements.,يجب على المنظمة تطبيق ضوابط MA لضمان الامتثال لمتطلبات ضوابط أمنية,detective,1,critical,True,LOG|REPORT|SCAN_REPORT|AUDIT_REPORT|ACCESS_REVIEW,active
155,USA,USA-NIST-80053,Rev 5,10.2,MP,MP - Control 2,MP - ضابط 2,The organization shall implement mp controls to ensure compliance with NIST SP 800-53 Rev 5 requirements.,يجب على المنظمة تطبيق ضوابط MP لضمان الامتثال لمتطلبات ضوابط أمنية,corrective,2,high,True,INCIDENT_REPORT|MEETING_MINUTES|ATTESTATION|RISK_ASSESSMENT,active
156,USA,USA-NIST-80053,Rev 5,11.2,PE,PE - Control 2,PE - ضابط 2,The organization shall implement pe controls to ensure compliance with NIST SP 800-53 Rev 5 requirements.,يجب على المنظمة تطبيق ضوابط PE لضمان الامتثال لمتطلبات ضوابط أمنية,preventive,3,medium,True,POLICY|PROCEDURE|STANDARD|CONFIG|TRAINING_RECORD,active
157,USA,USA-NIST-80053,Rev 5,12.2,PL,PL - Control 2,PL - ضابط 2,The organization shall implement pl controls to ensure compliance with NIST SP 800-53 Rev 5 requirements.,يجب على المنظمة تطبيق ضوابط PL لضمان الامتثال لمتطلبات ضوابط أمنية,detective,4,low,True,LOG|REPORT|SCAN_REPORT|AUDIT_REPORT|ACCESS_REVIEW,active
158,USA,USA-NIST-80053,Rev 5,13.2,PM,PM - Control 2,PM - ضابط 2,The organization shall implement pm controls to ensure compliance with NIST SP 800-53 Rev 5 requirements.,يجب على المنظمة تطبيق ضوابط PM لضمان الامتثال لمتطلبات ضوابط أمنية,corrective,1,critical,True,INCIDENT_REPORT|MEETING_MINUTES|ATTESTATION|RISK_ASSESSMENT,active
159,USA,USA-NIST-80053,Rev 5,14.2,PS,PS - Control 2,PS - ضابط 2,The organization shall implement ps controls to ensure compliance with NIST SP 800-53 Rev 5 requirements.,يجب على المنظمة تطبيق ضوابط PS لضمان الامتثال لمتطلبات ضوابط أمنية,preventive,2,high,True,POLICY|PROCEDURE|STANDARD|CONFIG|TRAINING_RECORD,active
160,USA,USA-NIST-80053,Rev 5,15.2,PT,PT - Control 2,PT - ضابط 2,The organization shall implement pt controls to ensure compliance with NIST SP 800-53 Rev 5 requirements.,يجب على المنظمة تطبيق ضوابط PT لضمان الامتثال لمتطلبات ضوابط أمنية,detective,3,medium,True,LOG|REPORT|SCAN_REPORT|AUDIT_REPORT|ACCESS_REVIEW,active
161,USA,USA-NIST-80053,Rev 5,16.2,RA,RA - Control 2,RA - ضابط 2,The organization shall implement ra controls to ensure compliance with NIST SP 800-53 Rev 5 requirements.,يجب على المنظمة تطبيق ضوابط RA لضمان الامتثال لمتطلبات ضوابط أمنية,corrective,4,low,True,INCIDENT_REPORT|MEETING_MINUTES|ATTESTATION|RISK_ASSESSMENT,active
162,USA,USA-NIST-80053,Rev 5,17.2,SA,SA - Control 2,SA - ضابط 2,The organization shall implement sa controls to ensure compliance with NIST SP 800-53 Rev 5 requirements.,يجب على المنظمة تطبيق ضوابط SA لضمان الامتثال لمتطلبات ضوابط أمنية,preventive,1,critical,True,POLICY|PROCEDURE|STANDARD|CONFIG|TRAINING_RECORD,active
163,USA,USA-NIST-80053,Rev 5,18.2,SC,SC - Control 2,SC - ضابط 2,The organization shall implement sc controls to ensure compliance with NIST SP 800-53 Rev 5 requirements.,يجب على المنظمة تطبيق ضوابط SC لضمان الامتثال لمتطلبات ضوابط أمنية,detective,2,high,True,LOG|REPORT|SCAN_REPORT|AUDIT_REPORT|ACCESS_REVIEW,active
164,USA,USA-NIST-80053,Rev 5,19.2,SI,SI - Control 2,SI - ضابط 2,The organization shall implement si controls to ensure compliance with NIST SP 800-53 Rev 5 requirements.,يجب على المنظمة تطبيق ضوابط SI لضمان الامتثال لمتطلبات ضوابط أمنية,corrective,3,medium,True,INCIDENT_REPORT|MEETING_MINUTES|ATTESTATION|RISK_ASSESSMENT,active
165,USA,USA-NIST-80053,Rev 5,20.2,SR,SR - Control 2,SR - ضابط 2,The organization shall implement sr controls to ensure compliance with NIST SP 800-53 Rev 5 requirements.,يجب على المنظمة تطبيق ضوابط SR لضمان الامتثال لمتطلبات ضوابط أمنية,preventive,4,low,True,POLICY|PROCEDURE|STANDARD|CONFIG|TRAINING_RECORD,active
166,USA,USA-NIST-80053,Rev 5,1.3,AC,AC - Control 3,AC - ضابط 3,The organization shall implement ac controls to ensure compliance with NIST SP 800-53 Rev 5 requirements.,يجب على المنظمة تطبيق ضوابط AC لضمان الامتثال لمتطلبات ضوابط أمنية,detective,1,critical,True,LOG|REPORT|SCAN_REPORT|AUDIT_REPORT|ACCESS_REVIEW,active
167,USA,USA-NIST-80053,Rev 5,2.3,AT,AT - Control 3,AT - ضابط 3,The organization shall implement at controls to ensure compliance with NIST SP 800-53 Rev 5 requirements.,يجب على المنظمة تطبيق ضوابط AT لضمان الامتثال لمتطلبات ضوابط أمنية,corrective,2,high,True,INCIDENT_REPORT|MEETING_MINUTES|ATTESTATION|RISK_ASSESSMENT,active
168,USA,USA-NIST-80053,Rev 5,3.3,AU,AU - Control 3,AU - ضابط 3,The organization shall implement au controls to ensure compliance with NIST SP 800-53 Rev 5 requirements.,يجب على المنظمة تطبيق ضوابط AU لضمان الامتثال لمتطلبات ضوابط أمنية,preventive,3,medium,True,POLICY|PROCEDURE|STANDARD|CONFIG|TRAINING_RECORD,active
169,USA,USA-NIST-80053,Rev 5,4.3,CA,CA - Control 3,CA - ضابط 3,The organization shall implement ca controls to ensure compliance with NIST SP 800-53 Rev 5 requirements.,يجب على المنظمة تطبيق ضوابط CA لضمان الامتثال لمتطلبات ضوابط أمنية,detective,4,low,True,LOG|REPORT|SCAN_REPORT|AUDIT_REPORT|ACCESS_REVIEW,active
170,USA,USA-NIST-80053,Rev 5,5.3,CM,CM - Control 3,CM - ضابط 3,The organization shall implement cm controls to ensure compliance with NIST SP 800-53 Rev 5 requirements.,يجب على المنظمة تطبيق ضوابط CM لضمان الامتثال لمتطلبات ضوابط أمنية,corrective,1,critical,True,INCIDENT_REPORT|MEETING_MINUTES|ATTESTATION|RISK_ASSESSMENT,active
171,USA,USA-NIST-80053,Rev 5,6.3,CP,CP - Control 3,CP - ضابط 3,The organization shall implement cp controls to ensure compliance with NIST SP 800-53 Rev 5 requirements.,يجب على المنظمة تطبيق ضوابط CP لضمان الامتثال لمتطلبات ضوابط أمنية,preventive,2,high,True,POLICY|PROCEDURE|STANDARD|CONFIG|TRAINING_RECORD,active
172,USA,USA-NIST-80053,Rev 5,7.3,IA,IA - Control 3,IA - ضابط 3,The organization shall implement ia controls to ensure compliance with NIST SP 800-53 Rev 5 requirements.,يجب على المنظمة تطبيق ضوابط IA لضمان الامتثال لمتطلبات ضوابط أمنية,detective,3,medium,True,LOG|REPORT|SCAN_REPORT|AUDIT_REPORT|ACCESS_REVIEW,active
173,USA,USA-NIST-80053,Rev 5,8.3,IR,IR - Control 3,IR - ضابط 3,The organization shall implement ir controls to ensure compliance with NIST SP 800-53 Rev 5 requirements.,يجب على المنظمة تطبيق ضوابط IR لضمان الامتثال لمتطلبات ضوابط أمنية,corrective,4,low,True,INCIDENT_REPORT|MEETING_MINUTES|ATTESTATION|RISK_ASSESSMENT,active
174,USA,USA-NIST-80053,Rev 5,9.3,MA,MA - Control 3,MA - ضابط 3,The organization shall implement ma controls to ensure compliance with NIST SP 800-53 Rev 5 requirements.,يجب على المنظمة تطبيق ضوابط MA لضمان الامتثال لمتطلبات ضوابط أمنية,preventive,1,critical,True,POLICY|PROCEDURE|STANDARD|CONFIG|TRAINING_RECORD,active
175,USA,USA-NIST-80053,Rev 5,10.3,MP,MP - Control 3,MP - ضابط 3,The organization shall implement mp controls to ensure compliance with NIST SP 800-53 Rev 5 requirements.,يجب على المنظمة تطبيق ضوابط MP لضمان الامتثال لمتطلبات ضوابط أمنية,detective,2,high,True,LOG|REPORT|SCAN_REPORT|AUDIT_REPORT|ACCESS_REVIEW,active
176,USA,USA-NIST-80053,Rev 5,11.3,PE,PE - Control 3,PE - ضابط 3,The organization shall implement pe controls to ensure compliance with NIST SP 800-53 Rev 5 requirements.,يجب على المنظمة تطبيق ضوابط PE لضمان الامتثال لمتطلبات ضوابط أمنية,corrective,3,medium,True,INCIDENT_REPORT|MEETING_MINUTES|ATTESTATION|RISK_ASSESSMENT,active
177,USA,USA-NIST-80053,Rev 5,12.3,PL,PL - Control 3,PL - ضابط 3,The organization shall implement pl controls to ensure compliance with NIST SP 800-53 Rev 5 requirements.,يجب على المنظمة تطبيق ضوابط PL لضمان الامتثال لمتطلبات ضوابط أمنية,preventive,4,low,True,POLICY|PROCEDURE|STANDARD|CONFIG|TRAINING_RECORD,active
178,USA,USA-NIST-80053,Rev 5,13.3,PM,PM - Control 3,PM - ضابط 3,The organization shall implement pm controls to ensure compliance with NIST SP 800-53 Rev 5 requirements.,يجب على المنظمة تطبيق ضوابط PM لضمان الامتثال لمتطلبات ضوابط أمنية,detective,1,critical,True,LOG|REPORT|SCAN_REPORT|AUDIT_REPORT|ACCESS_REVIEW,active
179,USA,USA-NIST-80053,Rev 5,14.3,PS,PS - Control 3,PS - ضابط 3,The organization shall implement ps controls to ensure compliance with NIST SP 800-53 Rev 5 requirements.,يجب على المنظمة تطبيق ضوابط PS لضمان الامتثال لمتطلبات ضوابط أمنية,corrective,2,high,True,INCIDENT_REPORT|MEETING_MINUTES|ATTESTATION|RISK_ASSESSMENT,active
180,USA,USA-NIST-80053,Rev 5,15.3,PT,PT - Control 3,PT - ضابط 3,The organization shall implement pt controls to ensure compliance with NIST SP 800-53 Rev 5 requirements.,يجب على المنظمة تطبيق ضوابط PT لضمان الامتثال لمتطلبات ضوابط أمنية,preventive,3,medium,True,POLICY|PROCEDURE|STANDARD|CONFIG|TRAINING_RECORD,active
181,USA,USA-NIST-80053,Rev 5,16.3,RA,RA - Control 3,RA - ضابط 3,The organization shall implement ra controls to ensure compliance with NIST SP 800-53 Rev 5 requirements.,يجب على المنظمة تطبيق ضوابط RA لضمان الامتثال لمتطلبات ضوابط أمنية,detective,4,low,True,LOG|REPORT|SCAN_REPORT|AUDIT_REPORT|ACCESS_REVIEW,active
182,USA,USA-NIST-80053,Rev 5,17.3,SA,SA - Control 3,SA - ضابط 3,The organization shall implement sa controls to ensure compliance with NIST SP 800-53 Rev 5 requirements.,يجب على المنظمة تطبيق ضوابط SA لضمان الامتثال لمتطلبات ضوابط أمنية,corrective,1,critical,True,INCIDENT_REPORT|MEETING_MINUTES|ATTESTATION|RISK_ASSESSMENT,active
183,USA,USA-NIST-80053,Rev 5,18.3,SC,SC - Control 3,SC - ضابط 3,The organization shall implement sc controls to ensure compliance with NIST SP 800-53 Rev 5 requirements.,يجب على المنظمة تطبيق ضوابط SC لضمان الامتثال لمتطلبات ضوابط أمنية,preventive,2,high,True,POLICY|PROCEDURE|STANDARD|CONFIG|TRAINING_RECORD,active
184,USA,USA-NIST-80053,Rev 5,19.3,SI,SI - Control 3,SI - ضابط 3,The organization shall implement si controls to ensure compliance with NIST SP 800-53 Rev 5 requirements.,يجب على المنظمة تطبيق ضوابط SI لضمان الامتثال لمتطلبات ضوابط أمنية,detective,3,medium,True,LOG|REPORT|SCAN_REPORT|AUDIT_REPORT|ACCESS_REVIEW,active
185,USA,USA-NIST-80053,Rev 5,20.3,SR,SR - Control 3,SR - ضابط 3,The organization shall implement sr controls to ensure compliance with NIST SP 800-53 Rev 5 requirements.,يجب على المنظمة تطبيق ضوابط SR لضمان الامتثال لمتطلبات ضوابط أمنية,corrective,4,low,True,INCIDENT_REPORT|MEETING_MINUTES|ATTESTATION|RISK_ASSESSMENT,active
186,USA,USA-NIST-80053,Rev 5,1.4,AC,AC - Control 4,AC - ضابط 4,The organization shall implement ac controls to ensure compliance with NIST SP 800-53 Rev 5 requirements.,يجب على المنظمة تطبيق ضوابط AC لضمان الامتثال لمتطلبات ضوابط أمنية,preventive,1,critical,True,POLICY|PROCEDURE|STANDARD|CONFIG|TRAINING_RECORD,active
187,USA,USA-NIST-80053,Rev 5,2.4,AT,AT - Control 4,AT - ضابط 4,The organization shall implement at controls to ensure compliance with NIST SP 800-53 Rev 5 requirements.,يجب على المنظمة تطبيق ضوابط AT لضمان الامتثال لمتطلبات ضوابط أمنية,detective,2,high,True,LOG|REPORT|SCAN_REPORT|AUDIT_REPORT|ACCESS_REVIEW,active
188,USA,USA-NIST-80053,Rev 5,3.4,AU,AU - Control 4,AU - ضابط 4,The organization shall implement au controls to ensure compliance with NIST SP 800-53 Rev 5 requirements.,يجب على المنظمة تطبيق ضوابط AU لضمان الامتثال لمتطلبات ضوابط أمنية,corrective,3,medium,True,INCIDENT_REPORT|MEETING_MINUTES|ATTESTATION|RISK_ASSESSMENT,active
189,USA,USA-NIST-80053,Rev 5,4.4,CA,CA - Control 4,CA - ضابط 4,The organization shall implement ca controls to ensure compliance with NIST SP 800-53 Rev 5 requirements.,يجب على المنظمة تطبيق ضوابط CA لضمان الامتثال لمتطلبات ضوابط أمنية,preventive,4,low,True,POLICY|PROCEDURE|STANDARD|CONFIG|TRAINING_RECORD,active
190,USA,USA-NIST-80053,Rev 5,5.4,CM,CM - Control 4,CM - ضابط 4,The organization shall implement cm controls to ensure compliance with NIST SP 800-53 Rev 5 requirements.,يجب على المنظمة تطبيق ضوابط CM لضمان الامتثال لمتطلبات ضوابط أمنية,detective,1,critical,True,LOG|REPORT|SCAN_REPORT|AUDIT_REPORT|ACCESS_REVIEW,active
191,USA,USA-NIST-80053,Rev 5,6.4,CP,CP - Control 4,CP - ضابط 4,The organization shall implement cp controls to ensure compliance with NIST SP 800-53 Rev 5 requirements.,يجب على المنظمة تطبيق ضوابط CP لضمان الامتثال لمتطلبات ضوابط أمنية,corrective,2,high,True,INCIDENT_REPORT|MEETING_MINUTES|ATTESTATION|RISK_ASSESSMENT,active
192,USA,USA-NIST-80053,Rev 5,7.4,IA,IA - Control 4,IA - ضابط 4,The organization shall implement ia controls to ensure compliance with NIST SP 800-53 Rev 5 requirements.,يجب على المنظمة تطبيق ضوابط IA لضمان الامتثال لمتطلبات ضوابط أمنية,preventive,3,medium,True,POLICY|PROCEDURE|STANDARD|CONFIG|TRAINING_RECORD,active
193,USA,USA-NIST-80053,Rev 5,8.4,IR,IR - Control 4,IR - ضابط 4,The organization shall implement ir controls to ensure compliance with NIST SP 800-53 Rev 5 requirements.,يجب على المنظمة تطبيق ضوابط IR لضمان الامتثال لمتطلبات ضوابط أمنية,detective,4,low,True,LOG|REPORT|SCAN_REPORT|AUDIT_REPORT|ACCESS_REVIEW,active
194,USA,USA-NIST-80053,Rev 5,9.4,MA,MA - Control 4,MA - ضابط 4,The organization shall implement ma controls to ensure compliance with NIST SP 800-53 Rev 5 requirements.,يجب على المنظمة تطبيق ضوابط MA لضمان الامتثال لمتطلبات ضوابط أمنية,corrective,1,critical,True,INCIDENT_REPORT|MEETING_MINUTES|ATTESTATION|RISK_ASSESSMENT,active
195,USA,USA-NIST-80053,Rev 5,10.4,MP,MP - Control 4,MP - ضابط 4,The organization shall implement mp controls to ensure compliance with NIST SP 800-53 Rev 5 requirements.,يجب على المنظمة تطبيق ضوابط MP لضمان الامتثال لمتطلبات ضوابط أمنية,preventive,2,high,True,POLICY|PROCEDURE|STANDARD|CONFIG|TRAINING_RECORD,active
196,USA,USA-NIST-80053,Rev 5,11.4,PE,PE - Control 4,PE - ضابط 4,The organization shall implement pe controls to ensure compliance with NIST SP 800-53 Rev 5 requirements.,يجب على المنظمة تطبيق ضوابط PE لضمان الامتثال لمتطلبات ضوابط أمنية,detective,3,medium,True,LOG|REPORT|SCAN_REPORT|AUDIT_REPORT|ACCESS_REVIEW,active
197,USA,USA-NIST-80053,Rev 5,12.4,PL,PL - Control 4,PL - ضابط 4,The organization shall implement pl controls to ensure compliance with NIST SP 800-53 Rev 5 requirements.,يجب على المنظمة تطبيق ضوابط PL لضمان الامتثال لمتطلبات ضوابط أمنية,corrective,4,low,True,INCIDENT_REPORT|MEETING_MINUTES|ATTESTATION|RISK_ASSESSMENT,active
198,USA,USA-NIST-80053,Rev 5,13.4,PM,PM - Control 4,PM - ضابط 4,The organization shall implement pm controls to ensure compliance with NIST SP 800-53 Rev 5 requirements.,يجب على المنظمة تطبيق ضوابط PM لضمان الامتثال لمتطلبات ضوابط أمنية,preventive,1,critical,True,POLICY|PROCEDURE|STANDARD|CONFIG|TRAINING_RECORD,active
199,USA,USA-NIST-80053,Rev 5,14.4,PS,PS - Control 4,PS - ضابط 4,The organization shall implement ps controls to ensure compliance with NIST SP 800-53 Rev 5 requirements.,يجب على المنظمة تطبيق ضوابط PS لضمان الامتثال لمتطلبات ضوابط أمنية,detective,2,high,True,LOG|REPORT|SCAN_REPORT|AUDIT_REPORT|ACCESS_REVIEW,active
200,USA,USA-NIST-80053,Rev 5,15.4,PT,PT - Control 4,PT - ضابط 4,The organization shall implement pt controls to ensure compliance with NIST SP 800-53 Rev 5 requirements.,يجب على المنظمة تطبيق ضوابط PT لضمان الامتثال لمتطلبات ضوابط أمنية,corrective,3,medium,True,INCIDENT_REPORT|MEETING_MINUTES|ATTESTATION|RISK_ASSESSMENT,active
201,USA,USA-NIST-80053,Rev 5,16.4,RA,RA - Control 4,RA - ضابط 4,The organization shall implement ra controls to ensure compliance with NIST SP 800-53 Rev 5 requirements.,يجب على المنظمة تطبيق ضوابط RA لضمان الامتثال لمتطلبات ضوابط أمنية,preventive,4,low,True,POLICY|PROCEDURE|STANDARD|CONFIG|TRAINING_RECORD,active
202,USA,USA-NIST-80053,Rev 5,17.4,SA,SA - Control 4,SA - ضابط 4,The organization shall implement sa controls to ensure compliance with NIST SP 800-53 Rev 5 requirements.,يجب على المنظمة تطبيق ضوابط SA لضمان الامتثال لمتطلبات ضوابط أمنية,detective,1,critical,True,LOG|REPORT|SCAN_REPORT|AUDIT_REPORT|ACCESS_REVIEW,active
203,USA,USA-NIST-80053,Rev 5,18.4,SC,SC - Control 4,SC - ضابط 4,The organization shall implement sc controls to ensure compliance with NIST SP 800-53 Rev 5 requirements.,يجب على المنظمة تطبيق ضوابط SC لضمان الامتثال لمتطلبات ضوابط أمنية,corrective,2,high,True,INCIDENT_REPORT|MEETING_MINUTES|ATTESTATION|RISK_ASSESSMENT,active
204,USA,USA-NIST-80053,Rev 5,19.4,SI,SI - Control 4,SI - ضابط 4,The organization shall implement si controls to ensure compliance with NIST SP 800-53 Rev 5 requirements.,يجب على المنظمة تطبيق ضوابط SI لضمان الامتثال لمتطلبات ضوابط أمنية,preventive,3,medium,True,POLICY|PROCEDURE|STANDARD|CONFIG|TRAINING_RECORD,active
205,USA,USA-NIST-80053,Rev 5,20.4,SR,SR - Control 4,SR - ضابط 4,The organization shall implement sr controls to ensure compliance with NIST SP 800-53 Rev 5 requirements.,يجب على المنظمة تطبيق ضوابط SR لضمان الامتثال لمتطلبات ضوابط أمنية,detective,4,low,True,LOG|REPORT|SCAN_REPORT|AUDIT_REPORT|ACCESS_REVIEW,active
206,USA,USA-NIST-80053,Rev 5,1.5,AC,AC - Control 5,AC - ضابط 5,The organization shall implement ac controls to ensure compliance with NIST SP 800-53 Rev 5 requirements.,يجب على المنظمة تطبيق ضوابط AC لضمان الامتثال لمتطلبات ضوابط أمنية,corrective,1,critical,True,INCIDENT_REPORT|MEETING_MINUTES|ATTESTATION|RISK_ASSESSMENT,active
207,USA,USA-NIST-80053,Rev 5,2.5,AT,AT - Control 5,AT - ضابط 5,The organization shall implement at controls to ensure compliance with NIST SP 800-53 Rev 5 requirements.,يجب على المنظمة تطبيق ضوابط AT لضمان الامتثال لمتطلبات ضوابط أمنية,preventive,2,high,True,POLICY|PROCEDURE|STANDARD|CONFIG|TRAINING_RECORD,active
208,USA,USA-NIST-80053,Rev 5,3.5,AU,AU - Control 5,AU - ضابط 5,The organization shall implement au controls to ensure compliance with NIST SP 800-53 Rev 5 requirements.,يجب على المنظمة تطبيق ضوابط AU لضمان الامتثال لمتطلبات ضوابط أمنية,detective,3,medium,True,LOG|REPORT|SCAN_REPORT|AUDIT_REPORT|ACCESS_REVIEW,active
209,USA,USA-NIST-80053,Rev 5,4.5,CA,CA - Control 5,CA - ضابط 5,The organization shall implement ca controls to ensure compliance with NIST SP 800-53 Rev 5 requirements.,يجب على المنظمة تطبيق ضوابط CA لضمان الامتثال لمتطلبات ضوابط أمنية,corrective,4,low,True,INCIDENT_REPORT|MEETING_MINUTES|ATTESTATION|RISK_ASSESSMENT,active
210,USA,USA-NIST-80053,Rev 5,5.5,CM,CM - Control 5,CM - ضابط 5,The organization shall implement cm controls to ensure compliance with NIST SP 800-53 Rev 5 requirements.,يجب على المنظمة تطبيق ضوابط CM لضمان الامتثال لمتطلبات ضوابط أمنية,preventive,1,critical,True,POLICY|PROCEDURE|STANDARD|CONFIG|TRAINING_RECORD,active
211,USA,USA-NIST-80053,Rev 5,6.5,CP,CP - Control 5,CP - ضابط 5,The organization shall implement cp controls to ensure compliance with NIST SP 800-53 Rev 5 requirements.,يجب على المنظمة تطبيق ضوابط CP لضمان الامتثال لمتطلبات ضوابط أمنية,detective,2,high,True,LOG|REPORT|SCAN_REPORT|AUDIT_REPORT|ACCESS_REVIEW,active
212,USA,USA-NIST-80053,Rev 5,7.5,IA,IA - Control 5,IA - ضابط 5,The organization shall implement ia controls to ensure compliance with NIST SP 800-53 Rev 5 requirements.,يجب على المنظمة تطبيق ضوابط IA لضمان الامتثال لمتطلبات ضوابط أمنية,corrective,3,medium,True,INCIDENT_REPORT|MEETING_MINUTES|ATTESTATION|RISK_ASSESSMENT,active
213,USA,USA-NIST-80053,Rev 5,8.5,IR,IR - Control 5,IR - ضابط 5,The organization shall implement ir controls to ensure compliance with NIST SP 800-53 Rev 5 requirements.,يجب على المنظمة تطبيق ضوابط IR لضمان الامتثال لمتطلبات ضوابط أمنية,preventive,4,low,True,POLICY|PROCEDURE|STANDARD|CONFIG|TRAINING_RECORD,active
214,USA,USA-NIST-80053,Rev 5,9.5,MA,MA - Control 5,MA - ضابط 5,The organization shall implement ma controls to ensure compliance with NIST SP 800-53 Rev 5 requirements.,يجب على المنظمة تطبيق ضوابط MA لضمان الامتثال لمتطلبات ضوابط أمنية,detective,1,critical,True,LOG|REPORT|SCAN_REPORT|AUDIT_REPORT|ACCESS_REVIEW,active
215,USA,USA-NIST-80053,Rev 5,10.5,MP,MP - Control 5,MP - ضابط 5,The organization shall implement mp controls to ensure compliance with NIST SP 800-53 Rev 5 requirements.,يجب على المنظمة تطبيق ضوابط MP لضمان الامتثال لمتطلبات ضوابط أمنية,corrective,2,high,True,INCIDENT_REPORT|MEETING_MINUTES|ATTESTATION|RISK_ASSESSMENT,active
216,USA,USA-NIST-80053,Rev 5,11.5,PE,PE - Control 5,PE - ضابط 5,The organization shall implement pe controls to ensure compliance with NIST SP 800-53 Rev 5 requirements.,يجب على المنظمة تطبيق ضوابط PE لضمان الامتثال لمتطلبات ضوابط أمنية,preventive,3,medium,True,POLICY|PROCEDURE|STANDARD|CONFIG|TRAINING_RECORD,active
217,USA,USA-NIST-80053,Rev 5,12.5,PL,PL - Control 5,PL - ضابط 5,The organization shall implement pl controls to ensure compliance with NIST SP 800-53 Rev 5 requirements.,يجب على المنظمة تطبيق ضوابط PL لضمان الامتثال لمتطلبات ضوابط أمنية,detective,4,low,True,LOG|REPORT|SCAN_REPORT|AUDIT_REPORT|ACCESS_REVIEW,active
218,USA,USA-NIST-80053,Rev 5,13.5,PM,PM - Control 5,PM - ضابط 5,The organization shall implement pm controls to ensure compliance with NIST SP 800-53 Rev 5 requirements.,يجب على المنظمة تطبيق ضوابط PM لضمان الامتثال لمتطلبات ضوابط أمنية,corrective,1,critical,True,INCIDENT_REPORT|MEETING_MINUTES|ATTESTATION|RISK_ASSESSMENT,active
219,USA,USA-NIST-80053,Rev 5,14.5,PS,PS - Control 5,PS - ضابط 5,The organization shall implement ps controls to ensure compliance with NIST SP 800-53 Rev 5 requirements.,يجب على المنظمة تطبيق ضوابط PS لضمان الامتثال لمتطلبات ضوابط أمنية,preventive,2,high,True,POLICY|PROCEDURE|STANDARD|CONFIG|TRAINING_RECORD,active
220,USA,USA-NIST-80053,Rev 5,15.5,PT,PT - Control 5,PT - ضابط 5,The organization shall implement pt controls to ensure compliance with NIST SP 800-53 Rev 5 requirements.,يجب على المنظمة تطبيق ضوابط PT لضمان الامتثال لمتطلبات ضوابط أمنية,detective,3,medium,True,LOG|REPORT|SCAN_REPORT|AUDIT_REPORT|ACCESS_REVIEW,active
221,USA,USA-NIST-80053,Rev 5,16.5,RA,RA - Control 5,RA - ضابط 5,The organization shall implement ra controls to ensure compliance with NIST SP 800-53 Rev 5 requirements.,يجب على المنظمة تطبيق ضوابط RA لضمان الامتثال لمتطلبات ضوابط أمنية,corrective,4,low,True,INCIDENT_REPORT|MEETING_MINUTES|ATTESTATION|RISK_ASSESSMENT,active
222,USA,USA-NIST-80053,Rev 5,17.5,SA,SA - Control 5,SA - ضابط 5,The organization shall implement sa controls to ensure compliance with NIST SP 800-53 Rev 5 requirements.,يجب على المنظمة تطبيق ضوابط SA لضمان الامتثال لمتطلبات ضوابط أمنية,preventive,1,critical,True,POLICY|PROCEDURE|STANDARD|CONFIG|TRAINING_RECORD,active
223,USA,USA-NIST-80053,Rev 5,18.5,SC,SC - Control 5,SC - ضابط 5,The organization shall implement sc controls to ensure compliance with NIST SP 800-53 Rev 5 requirements.,يجب على المنظمة تطبيق ضوابط SC لضمان الامتثال لمتطلبات ضوابط أمنية,detective,2,high,True,LOG|REPORT|SCAN_REPORT|AUDIT_REPORT|ACCESS_REVIEW,active
224,USA,USA-NIST-80053,Rev 5,19.5,SI,SI - Control 5,SI - ضابط 5,The organization shall implement si controls to ensure compliance with NIST SP 800-53 Rev 5 requirements.,يجب على المنظمة تطبيق ضوابط SI لضمان الامتثال لمتطلبات ضوابط أمنية,corrective,3,medium,True,INCIDENT_REPORT|MEETING_MINUTES|ATTESTATION|RISK_ASSESSMENT,active
225,USA,USA-NIST-80053,Rev 5,20.5,SR,SR - Control 5,SR - ضابط 5,The organization shall implement sr controls to ensure compliance with NIST SP 800-53 Rev 5 requirements.,يجب على المنظمة تطبيق ضوابط SR لضمان الامتثال لمتطلبات ضوابط أمنية,preventive,4,low,True,POLICY|PROCEDURE|STANDARD|CONFIG|TRAINING_RECORD,active
226,USA,USA-NIST-80053,Rev 5,1.6,AC,AC - Control 6,AC - ضابط 6,The organization shall implement ac controls to ensure compliance with NIST SP 800-53 Rev 5 requirements.,يجب على المنظمة تطبيق ضوابط AC لضمان الامتثال لمتطلبات ضوابط أمنية,detective,1,critical,True,LOG|REPORT|SCAN_REPORT|AUDIT_REPORT|ACCESS_REVIEW,active
227,USA,USA-NIST-80053,Rev 5,2.6,AT,AT - Control 6,AT - ضابط 6,The organization shall implement at controls to ensure compliance with NIST SP 800-53 Rev 5 requirements.,يجب على المنظمة تطبيق ضوابط AT لضمان الامتثال لمتطلبات ضوابط أمنية,corrective,2,high,True,INCIDENT_REPORT|MEETING_MINUTES|ATTESTATION|RISK_ASSESSMENT,active
228,USA,USA-NIST-80053,Rev 5,3.6,AU,AU - Control 6,AU - ضابط 6,The organization shall implement au controls to ensure compliance with NIST SP 800-53 Rev 5 requirements.,يجب على المنظمة تطبيق ضوابط AU لضمان الامتثال لمتطلبات ضوابط أمنية,preventive,3,medium,True,POLICY|PROCEDURE|STANDARD|CONFIG|TRAINING_RECORD,active
229,USA,USA-NIST-80053,Rev 5,4.6,CA,CA - Control 6,CA - ضابط 6,The organization shall implement ca controls to ensure compliance with NIST SP 800-53 Rev 5 requirements.,يجب على المنظمة تطبيق ضوابط CA لضمان الامتثال لمتطلبات ضوابط أمنية,detective,4,low,True,LOG|REPORT|SCAN_REPORT|AUDIT_REPORT|ACCESS_REVIEW,active
230,USA,USA-NIST-80053,Rev 5,5.6,CM,CM - Control 6,CM - ضابط 6,The organization shall implement cm controls to ensure compliance with NIST SP 800-53 Rev 5 requirements.,يجب على المنظمة تطبيق ضوابط CM لضمان الامتثال لمتطلبات ضوابط أمنية,corrective,1,critical,True,INCIDENT_REPORT|MEETING_MINUTES|ATTESTATION|RISK_ASSESSMENT,active
231,USA,USA-NIST-80053,Rev 5,6.6,CP,CP - Control 6,CP - ضابط 6,The organization shall implement cp controls to ensure compliance with NIST SP 800-53 Rev 5 requirements.,يجب على المنظمة تطبيق ضوابط CP لضمان الامتثال لمتطلبات ضوابط أمنية,preventive,2,high,True,POLICY|PROCEDURE|STANDARD|CONFIG|TRAINING_RECORD,active
232,USA,USA-NIST-80053,Rev 5,7.6,IA,IA - Control 6,IA - ضابط 6,The organization shall implement ia controls to ensure compliance with NIST SP 800-53 Rev 5 requirements.,يجب على المنظمة تطبيق ضوابط IA لضمان الامتثال لمتطلبات ضوابط أمنية,detective,3,medium,True,LOG|REPORT|SCAN_REPORT|AUDIT_REPORT|ACCESS_REVIEW,active
233,USA,USA-NIST-80053,Rev 5,8.6,IR,IR - Control 6,IR - ضابط 6,The organization shall implement ir controls to ensure compliance with NIST SP 800-53 Rev 5 requirements.,يجب على المنظمة تطبيق ضوابط IR لضمان الامتثال لمتطلبات ضوابط أمنية,corrective,4,low,True,INCIDENT_REPORT|MEETING_MINUTES|ATTESTATION|RISK_ASSESSMENT,active
234,USA,USA-NIST-80053,Rev 5,9.6,MA,MA - Control 6,MA - ضابط 6,The organization shall implement ma controls to ensure compliance with NIST SP 800-53 Rev 5 requirements.,يجب على المنظمة تطبيق ضوابط MA لضمان الامتثال لمتطلبات ضوابط أمنية,preventive,1,critical,True,POLICY|PROCEDURE|STANDARD|CONFIG|TRAINING_RECORD,active
235,USA,USA-NIST-80053,Rev 5,10.6,MP,MP - Control 6,MP - ضابط 6,The organization shall implement mp controls to ensure compliance with NIST SP 800-53 Rev 5 requirements.,يجب على المنظمة تطبيق ضوابط MP لضمان الامتثال لمتطلبات ضوابط أمنية,detective,2,high,True,LOG|REPORT|SCAN_REPORT|AUDIT_REPORT|ACCESS_REVIEW,active
236,USA,USA-NIST-80053,Rev 5,11.6,PE,PE - Control 6,PE - ضابط 6,The organization shall implement pe controls to ensure compliance with NIST SP 800-53 Rev 5 requirements.,يجب على المنظمة تطبيق ضوابط PE لضمان الامتثال لمتطلبات ضوابط أمنية,corrective,3,medium,True,INCIDENT_REPORT|MEETING_MINUTES|ATTESTATION|RISK_ASSESSMENT,active
237,USA,USA-NIST-80053,Rev 5,12.6,PL,PL - Control 6,PL - ضابط 6,The organization shall implement pl controls to ensure compliance with NIST SP 800-53 Rev 5 requirements.,يجب على المنظمة تطبيق ضوابط PL لضمان الامتثال لمتطلبات ضوابط أمنية,preventive,4,low,True,POLICY|PROCEDURE|STANDARD|CONFIG|TRAINING_RECORD,active
238,USA,USA-NIST-80053,Rev 5,13.6,PM,PM - Control 6,PM - ضابط 6,The organization shall implement pm controls to ensure compliance with NIST SP 800-53 Rev 5 requirements.,يجب على المنظمة تطبيق ضوابط PM لضمان الامتثال لمتطلبات ضوابط أمنية,detective,1,critical,True,LOG|REPORT|SCAN_REPORT|AUDIT_REPORT|ACCESS_REVIEW,active
239,USA,USA-NIST-80053,Rev 5,14.6,PS,PS - Control 6,PS - ضابط 6,The organization shall implement ps controls to ensure compliance with NIST SP 800-53 Rev 5 requirements.,يجب على المنظمة تطبيق ضوابط PS لضمان الامتثال لمتطلبات ضوابط أمنية,corrective,2,high,True,INCIDENT_REPORT|MEETING_MINUTES|ATTESTATION|RISK_ASSESSMENT,active
240,USA,USA-NIST-80053,Rev 5,15.6,PT,PT - Control 6,PT - ضابط 6,The organization shall implement pt controls to ensure compliance with NIST SP 800-53 Rev 5 requirements.,يجب على المنظمة تطبيق ضوابط PT لضمان الامتثال لمتطلبات ضوابط أمنية,preventive,3,medium,True,POLICY|PROCEDURE|STANDARD|CONFIG|TRAINING_RECORD,active
241,USA,USA-NIST-80053,Rev 5,16.6,RA,RA - Control 6,RA - ضابط 6,The organization shall implement ra controls to ensure compliance with NIST SP 800-53 Rev 5 requirements.,يجب على المنظمة تطبيق ضوابط RA لضمان الامتثال لمتطلبات ضوابط أمنية,detective,4,low,True,LOG|REPORT|SCAN_REPORT|AUDIT_REPORT|ACCESS_REVIEW,active
242,USA,USA-NIST-80053,Rev 5,17.6,SA,SA - Control 6,SA - ضابط 6,The organization shall implement sa controls to ensure compliance with NIST SP 800-53 Rev 5 requirements.,يجب على المنظمة تطبيق ضوابط SA لضمان الامتثال لمتطلبات ضوابط أمنية,corrective,1,critical,True,INCIDENT_REPORT|MEETING_MINUTES|ATTESTATION|RISK_ASSESSMENT,active
243,USA,USA-NIST-80053,Rev 5,18.6,SC,SC - Control 6,SC - ضابط 6,The organization shall implement sc controls to ensure compliance with NIST SP 800-53 Rev 5 requirements.,يجب على المنظمة تطبيق ضوابط SC لضمان الامتثال لمتطلبات ضوابط أمنية,preventive,2,high,True,POLICY|PROCEDURE|STANDARD|CONFIG|TRAINING_RECORD,active
244,USA,USA-NIST-80053,Rev 5,19.6,SI,SI - Control 6,SI - ضابط 6,The organization shall implement si controls to ensure compliance with NIST SP 800-53 Rev 5 requirements.,يجب على المنظمة تطبيق ضوابط SI لضمان الامتثال لمتطلبات ضوابط أمنية,detective,3,medium,True,LOG|REPORT|SCAN_REPORT|AUDIT_REPORT|ACCESS_REVIEW,active
245,USA,USA-NIST-80053,Rev 5,20.6,SR,SR - Control 6,SR - ضابط 6,The organization shall implement sr controls to ensure compliance with NIST SP 800-53 Rev 5 requirements.,يجب على المنظمة تطبيق ضوابط SR لضمان الامتثال لمتطلبات ضوابط أمنية,corrective,4,low,True,INCIDENT_REPORT|MEETING_MINUTES|ATTESTATION|RISK_ASSESSMENT,active
246,USA,USA-NIST-80053,Rev 5,1.7,AC,AC - Control 7,AC - ضابط 7,The organization shall implement ac controls to ensure compliance with NIST SP 800-53 Rev 5 requirements.,يجب على المنظمة تطبيق ضوابط AC لضمان الامتثال لمتطلبات ضوابط أمنية,preventive,1,critical,True,POLICY|PROCEDURE|STANDARD|CONFIG|TRAINING_RECORD,active
247,USA,USA-NIST-80053,Rev 5,2.7,AT,AT - Control 7,AT - ضابط 7,The organization shall implement at controls to ensure compliance with NIST SP 800-53 Rev 5 requirements.,يجب على المنظمة تطبيق ضوابط AT لضمان الامتثال لمتطلبات ضوابط أمنية,detective,2,high,True,LOG|REPORT|SCAN_REPORT|AUDIT_REPORT|ACCESS_REVIEW,active
248,USA,USA-NIST-80053,Rev 5,3.7,AU,AU - Control 7,AU - ضابط 7,The organization shall implement au controls to ensure compliance with NIST SP 800-53 Rev 5 requirements.,يجب على المنظمة تطبيق ضوابط AU لضمان الامتثال لمتطلبات ضوابط أمنية,corrective,3,medium,True,INCIDENT_REPORT|MEETING_MINUTES|ATTESTATION|RISK_ASSESSMENT,active
249,USA,USA-NIST-80053,Rev 5,4.7,CA,CA - Control 7,CA - ضابط 7,The organization shall implement ca controls to ensure compliance with NIST SP 800-53 Rev 5 requirements.,يجب على المنظمة تطبيق ضوابط CA لضمان الامتثال لمتطلبات ضوابط أمنية,preventive,4,low,True,POLICY|PROCEDURE|STANDARD|CONFIG|TRAINING_RECORD,active
250,USA,USA-NIST-80053,Rev 5,5.7,CM,CM - Control 7,CM - ضابط 7,The organization shall implement cm controls to ensure compliance with NIST SP 800-53 Rev 5 requirements.,يجب على المنظمة تطبيق ضوابط CM لضمان الامتثال لمتطلبات ضوابط أمنية,detective,1,critical,True,LOG|REPORT|SCAN_REPORT|AUDIT_REPORT|ACCESS_REVIEW,active
251,USA,USA-NIST-80053,Rev 5,6.7,CP,CP - Control 7,CP - ضابط 7,The organization shall implement cp controls to ensure compliance with NIST SP 800-53 Rev 5 requirements.,يجب على المنظمة تطبيق ضوابط CP لضمان الامتثال لمتطلبات ضوابط أمنية,corrective,2,high,True,INCIDENT_REPORT|MEETING_MINUTES|ATTESTATION|RISK_ASSESSMENT,active
252,USA,USA-NIST-80053,Rev 5,7.7,IA,IA - Control 7,IA - ضابط 7,The organization shall implement ia controls to ensure compliance with NIST SP 800-53 Rev 5 requirements.,يجب على المنظمة تطبيق ضوابط IA لضمان الامتثال لمتطلبات ضوابط أمنية,preventive,3,medium,True,POLICY|PROCEDURE|STANDARD|CONFIG|TRAINING_RECORD,active
253,USA,USA-NIST-80053,Rev 5,8.7,IR,IR - Control 7,IR - ضابط 7,The organization shall implement ir controls to ensure compliance with NIST SP 800-53 Rev 5 requirements.,يجب على المنظمة تطبيق ضوابط IR لضمان الامتثال لمتطلبات ضوابط أمنية,detective,4,low,True,LOG|REPORT|SCAN_REPORT|AUDIT_REPORT|ACCESS_REVIEW,active
254,USA,USA-NIST-80053,Rev 5,9.7,MA,MA - Control 7,MA - ضابط 7,The organization shall implement ma controls to ensure compliance with NIST SP 800-53 Rev 5 requirements.,يجب على المنظمة تطبيق ضوابط MA لضمان الامتثال لمتطلبات ضوابط أمنية,corrective,1,critical,True,INCIDENT_REPORT|MEETING_MINUTES|ATTESTATION|RISK_ASSESSMENT,active
255,USA,USA-NIST-80053,Rev 5,10.7,MP,MP - Control 7,MP - ضابط 7,The organization shall implement mp controls to ensure compliance with NIST SP 800-53 Rev 5 requirements.,يجب على المنظمة تطبيق ضوابط MP لضمان الامتثال لمتطلبات ضوابط أمنية,preventive,2,high,True,POLICY|PROCEDURE|STANDARD|CONFIG|TRAINING_RECORD,active
256,USA,USA-NIST-80053,Rev 5,11.7,PE,PE - Control 7,PE - ضابط 7,The organization shall implement pe controls to ensure compliance with NIST SP 800-53 Rev 5 requirements.,يجب على المنظمة تطبيق ضوابط PE لضمان الامتثال لمتطلبات ضوابط أمنية,detective,3,medium,True,LOG|REPORT|SCAN_REPORT|AUDIT_REPORT|ACCESS_REVIEW,active
257,USA,USA-NIST-80053,Rev 5,12.7,PL,PL - Control 7,PL - ضابط 7,The organization shall implement pl controls to ensure compliance with NIST SP 800-53 Rev 5 requirements.,يجب على المنظمة تطبيق ضوابط PL لضمان الامتثال لمتطلبات ضوابط أمنية,corrective,4,low,True,INCIDENT_REPORT|MEETING_MINUTES|ATTESTATION|RISK_ASSESSMENT,active
258,USA,USA-NIST-80053,Rev 5,13.7,PM,PM - Control 7,PM - ضابط 7,The organization shall implement pm controls to ensure compliance with NIST SP 800-53 Rev 5 requirements.,يجب على المنظمة تطبيق ضوابط PM لضمان الامتثال لمتطلبات ضوابط أمنية,preventive,1,critical,True,POLICY|PROCEDURE|STANDARD|CONFIG|TRAINING_RECORD,active
259,USA,USA-NIST-80053,Rev 5,14.7,PS,PS - Control 7,PS - ضابط 7,The organization shall implement ps controls to ensure compliance with NIST SP 800-53 Rev 5 requirements.,يجب على المنظمة تطبيق ضوابط PS لضمان الامتثال لمتطلبات ضوابط أمنية,detective,2,high,True,LOG|REPORT|SCAN_REPORT|AUDIT_REPORT|ACCESS_REVIEW,active
260,USA,USA-NIST-80053,Rev 5,15.7,PT,PT - Control 7,PT - ضابط 7,The organization shall implement pt controls to ensure compliance with NIST SP 800-53 Rev 5 requirements.,يجب على المنظمة تطبيق ضوابط PT لضمان الامتثال لمتطلبات ضوابط أمنية,corrective,3,medium,True,INCIDENT_REPORT|MEETING_MINUTES|ATTESTATION|RISK_ASSESSMENT,active
261,USA,USA-NIST-80053,Rev 5,16.7,RA,RA - Control 7,RA - ضابط 7,The organization shall implement ra controls to ensure compliance with NIST SP 800-53 Rev 5 requirements.,يجب على المنظمة تطبيق ضوابط RA لضمان الامتثال لمتطلبات ضوابط أمنية,preventive,4,low,True,POLICY|PROCEDURE|STANDARD|CONFIG|TRAINING_RECORD,active
262,USA,USA-NIST-80053,Rev 5,17.7,SA,SA - Control 7,SA - ضابط 7,The organization shall implement sa controls to ensure compliance with NIST SP 800-53 Rev 5 requirements.,يجب على المنظمة تطبيق ضوابط SA لضمان الامتثال لمتطلبات ضوابط أمنية,detective,1,critical,True,LOG|REPORT|SCAN_REPORT|AUDIT_REPORT|ACCESS_REVIEW,active
263,USA,USA-NIST-80053,Rev 5,18.7,SC,SC - Control 7,SC - ضابط 7,The organization shall implement sc controls to ensure compliance with NIST SP 800-53 Rev 5 requirements.,يجب على المنظمة تطبيق ضوابط SC لضمان الامتثال لمتطلبات ضوابط أمنية,corrective,2,high,True,INCIDENT_REPORT|MEETING_MINUTES|ATTESTATION|RISK_ASSESSMENT,active
264,USA,USA-NIST-80053,Rev 5,19.7,SI,SI - Control 7,SI - ضابط 7,The organization shall implement si controls to ensure compliance with NIST SP 800-53 Rev 5 requirements.,يجب على المنظمة تطبيق ضوابط SI لضمان الامتثال لمتطلبات ضوابط أمنية,preventive,3,medium,True,POLICY|PROCEDURE|STANDARD|CONFIG|TRAINING_RECORD,active
265,USA,USA-NIST-80053,Rev 5,20.7,SR,SR - Control 7,SR - ضابط 7,The organization shall implement sr controls to ensure compliance with NIST SP 800-53 Rev 5 requirements.,يجب على المنظمة تطبيق ضوابط SR لضمان الامتثال لمتطلبات ضوابط أمنية,detective,4,low,True,LOG|REPORT|SCAN_REPORT|AUDIT_REPORT|ACCESS_REVIEW,active
266,USA,USA-NIST-80053,Rev 5,1.8,AC,AC - Control 8,AC - ضابط 8,The organization shall implement ac controls to ensure compliance with NIST SP 800-53 Rev 5 requirements.,يجب على المنظمة تطبيق ضوابط AC لضمان الامتثال لمتطلبات ضوابط أمنية,corrective,1,critical,True,INCIDENT_REPORT|MEETING_MINUTES|ATTESTATION|RISK_ASSESSMENT,active
267,USA,USA-NIST-80053,Rev 5,2.8,AT,AT - Control 8,AT - ضابط 8,The organization shall implement at controls to ensure compliance with NIST SP 800-53 Rev 5 requirements.,يجب على المنظمة تطبيق ضوابط AT لضمان الامتثال لمتطلبات ضوابط أمنية,preventive,2,high,True,POLICY|PROCEDURE|STANDARD|CONFIG|TRAINING_RECORD,active
268,USA,USA-NIST-80053,Rev 5,3.8,AU,AU - Control 8,AU - ضابط 8,The organization shall implement au controls to ensure compliance with NIST SP 800-53 Rev 5 requirements.,يجب على المنظمة تطبيق ضوابط AU لضمان الامتثال لمتطلبات ضوابط أمنية,detective,3,medium,True,LOG|REPORT|SCAN_REPORT|AUDIT_REPORT|ACCESS_REVIEW,active
269,USA,USA-NIST-80053,Rev 5,4.8,CA,CA - Control 8,CA - ضابط 8,The organization shall implement ca controls to ensure compliance with NIST SP 800-53 Rev 5 requirements.,يجب على المنظمة تطبيق ضوابط CA لضمان الامتثال لمتطلبات ضوابط أمنية,corrective,4,low,True,INCIDENT_REPORT|MEETING_MINUTES|ATTESTATION|RISK_ASSESSMENT,active
270,USA,USA-NIST-80053,Rev 5,5.8,CM,CM - Control 8,CM - ضابط 8,The organization shall implement cm controls to ensure compliance with NIST SP 800-53 Rev 5 requirements.,يجب على المنظمة تطبيق ضوابط CM لضمان الامتثال لمتطلبات ضوابط أمنية,preventive,1,critical,True,POLICY|PROCEDURE|STANDARD|CONFIG|TRAINING_RECORD,active
271,USA,USA-NIST-80053,Rev 5,6.8,CP,CP - Control 8,CP - ضابط 8,The organization shall implement cp controls to ensure compliance with NIST SP 800-53 Rev 5 requirements.,يجب على المنظمة تطبيق ضوابط CP لضمان الامتثال لمتطلبات ضوابط أمنية,detective,2,high,True,LOG|REPORT|SCAN_REPORT|AUDIT_REPORT|ACCESS_REVIEW,active
272,USA,USA-NIST-80053,Rev 5,7.8,IA,IA - Control 8,IA - ضابط 8,The organization shall implement ia controls to ensure compliance with NIST SP 800-53 Rev 5 requirements.,يجب على المنظمة تطبيق ضوابط IA لضمان الامتثال لمتطلبات ضوابط أمنية,corrective,3,medium,True,INCIDENT_REPORT|MEETING_MINUTES|ATTESTATION|RISK_ASSESSMENT,active
273,USA,USA-NIST-80053,Rev 5,8.8,IR,IR - Control 8,IR - ضابط 8,The organization shall implement ir controls to ensure compliance with NIST SP 800-53 Rev 5 requirements.,يجب على المنظمة تطبيق ضوابط IR لضمان الامتثال لمتطلبات ضوابط أمنية,preventive,4,low,True,POLICY|PROCEDURE|STANDARD|CONFIG|TRAINING_RECORD,active
274,USA,USA-NIST-80053,Rev 5,9.8,MA,MA - Control 8,MA - ضابط 8,The organization shall implement ma controls to ensure compliance with NIST SP 800-53 Rev 5 requirements.,يجب على المنظمة تطبيق ضوابط MA لضمان الامتثال لمتطلبات ضوابط أمنية,detective,1,critical,True,LOG|REPORT|SCAN_REPORT|AUDIT_REPORT|ACCESS_REVIEW,active
275,USA,USA-NIST-80053,Rev 5,10.8,MP,MP - Control 8,MP - ضابط 8,The organization shall implement mp controls to ensure compliance with NIST SP 800-53 Rev 5 requirements.,يجب على المنظمة تطبيق ضوابط MP لضمان الامتثال لمتطلبات ضوابط أمنية,corrective,2,high,True,INCIDENT_REPORT|MEETING_MINUTES|ATTESTATION|RISK_ASSESSMENT,active
276,USA,USA-NIST-80053,Rev 5,11.8,PE,PE - Control 8,PE - ضابط 8,The organization shall implement pe controls to ensure compliance with NIST SP 800-53 Rev 5 requirements.,يجب على المنظمة تطبيق ضوابط PE لضمان الامتثال لمتطلبات ضوابط أمنية,preventive,3,medium,True,POLICY|PROCEDURE|STANDARD|CONFIG|TRAINING_RECORD,active
277,USA,USA-NIST-80053,Rev 5,12.8,PL,PL - Control 8,PL - ضابط 8,The organization shall implement pl controls to ensure compliance with NIST SP 800-53 Rev 5 requirements.,يجب على المنظمة تطبيق ضوابط PL لضمان الامتثال لمتطلبات ضوابط أمنية,detective,4,low,True,LOG|REPORT|SCAN_REPORT|AUDIT_REPORT|ACCESS_REVIEW,active
278,USA,USA-NIST-80053,Rev 5,13.8,PM,PM - Control 8,PM - ضابط 8,The organization shall implement pm controls to ensure compliance with NIST SP 800-53 Rev 5 requirements.,يجب على المنظمة تطبيق ضوابط PM لضمان الامتثال لمتطلبات ضوابط أمنية,corrective,1,critical,True,INCIDENT_REPORT|MEETING_MINUTES|ATTESTATION|RISK_ASSESSMENT,active
279,USA,USA-NIST-80053,Rev 5,14.8,PS,PS - Control 8,PS - ضابط 8,The organization shall implement ps controls to ensure compliance with NIST SP 800-53 Rev 5 requirements.,يجب على المنظمة تطبيق ضوابط PS لضمان الامتثال لمتطلبات ضوابط أمنية,preventive,2,high,True,POLICY|PROCEDURE|STANDARD|CONFIG|TRAINING_RECORD,active
280,USA,USA-NIST-80053,Rev 5,15.8,PT,PT - Control 8,PT - ضابط 8,The organization shall implement pt controls to ensure compliance with NIST SP 800-53 Rev 5 requirements.,يجب على المنظمة تطبيق ضوابط PT لضمان الامتثال لمتطلبات ضوابط أمنية,detective,3,medium,True,LOG|REPORT|SCAN_REPORT|AUDIT_REPORT|ACCESS_REVIEW,active
281,USA,USA-NIST-80053,Rev 5,16.8,RA,RA - Control 8,RA - ضابط 8,The organization shall implement ra controls to ensure compliance with NIST SP 800-53 Rev 5 requirements.,يجب على المنظمة تطبيق ضوابط RA لضمان الامتثال لمتطلبات ضوابط أمنية,corrective,4,low,True,INCIDENT_REPORT|MEETING_MINUTES|ATTESTATION|RISK_ASSESSMENT,active
282,USA,USA-NIST-80053,Rev 5,17.8,SA,SA - Control 8,SA - ضابط 8,The organization shall implement sa controls to ensure compliance with NIST SP 800-53 Rev 5 requirements.,يجب على المنظمة تطبيق ضوابط SA لضمان الامتثال لمتطلبات ضوابط أمنية,preventive,1,critical,True,POLICY|PROCEDURE|STANDARD|CONFIG|TRAINING_RECORD,active
283,USA,USA-NIST-80053,Rev 5,18.8,SC,SC - Control 8,SC - ضابط 8,The organization shall implement sc controls to ensure compliance with NIST SP 800-53 Rev 5 requirements.,يجب على المنظمة تطبيق ضوابط SC لضمان الامتثال لمتطلبات ضوابط أمنية,detective,2,high,True,LOG|REPORT|SCAN_REPORT|AUDIT_REPORT|ACCESS_REVIEW,active
284,USA,USA-NIST-80053,Rev 5,19.8,SI,SI - Control 8,SI - ضابط 8,The organization shall implement si controls to ensure compliance with NIST SP 800-53 Rev 5 requirements.,يجب على المنظمة تطبيق ضوابط SI لضمان الامتثال لمتطلبات ضوابط أمنية,corrective,3,medium,True,INCIDENT_REPORT|MEETING_MINUTES|ATTESTATION|RISK_ASSESSMENT,active
285,USA,USA-NIST-80053,Rev 5,20.8,SR,SR - Control 8,SR - ضابط 8,The organization shall implement sr controls to ensure compliance with NIST SP 800-53 Rev 5 requirements.,يجب على المنظمة تطبيق ضوابط SR لضمان الامتثال لمتطلبات ضوابط أمنية,preventive,4,low,True,POLICY|PROCEDURE|STANDARD|CONFIG|TRAINING_RECORD,active
286,USA,USA-NIST-80053,Rev 5,1.9,AC,AC - Control 9,AC - ضابط 9,The organization shall implement ac controls to ensure compliance with NIST SP 800-53 Rev 5 requirements.,يجب على المنظمة تطبيق ضوابط AC لضمان الامتثال لمتطلبات ضوابط أمنية,detective,1,critical,True,LOG|REPORT|SCAN_REPORT|AUDIT_REPORT|ACCESS_REVIEW,active
287,USA,USA-NIST-80053,Rev 5,2.9,AT,AT - Control 9,AT - ضابط 9,The organization shall implement at controls to ensure compliance with NIST SP 800-53 Rev 5 requirements.,يجب على المنظمة تطبيق ضوابط AT لضمان الامتثال لمتطلبات ضوابط أمنية,corrective,2,high,True,INCIDENT_REPORT|MEETING_MINUTES|ATTESTATION|RISK_ASSESSMENT,active
288,USA,USA-NIST-80053,Rev 5,3.9,AU,AU - Control 9,AU - ضابط 9,The organization shall implement au controls to ensure compliance with NIST SP 800-53 Rev 5 requirements.,يجب على المنظمة تطبيق ضوابط AU لضمان الامتثال لمتطلبات ضوابط أمنية,preventive,3,medium,True,POLICY|PROCEDURE|STANDARD|CONFIG|TRAINING_RECORD,active
289,USA,USA-NIST-80053,Rev 5,4.9,CA,CA - Control 9,CA - ضابط 9,The organization shall implement ca controls to ensure compliance with NIST SP 800-53 Rev 5 requirements.,يجب على المنظمة تطبيق ضوابط CA لضمان الامتثال لمتطلبات ضوابط أمنية,detective,4,low,True,LOG|REPORT|SCAN_REPORT|AUDIT_REPORT|ACCESS_REVIEW,active
290,USA,USA-NIST-80053,Rev 5,5.9,CM,CM - Control 9,CM - ضابط 9,The organization shall implement cm controls to ensure compliance with NIST SP 800-53 Rev 5 requirements.,يجب على المنظمة تطبيق ضوابط CM لضمان الامتثال لمتطلبات ضوابط أمنية,corrective,1,critical,True,INCIDENT_REPORT|MEETING_MINUTES|ATTESTATION|RISK_ASSESSMENT,active
291,USA,USA-NIST-80053,Rev 5,6.9,CP,CP - Control 9,CP - ضابط 9,The organization shall implement cp controls to ensure compliance with NIST SP 800-53 Rev 5 requirements.,يجب على المنظمة تطبيق ضوابط CP لضمان الامتثال لمتطلبات ضوابط أمنية,preventive,2,high,True,POLICY|PROCEDURE|STANDARD|CONFIG|TRAINING_RECORD,active
292,USA,USA-NIST-80053,Rev 5,7.9,IA,IA - Control 9,IA - ضابط 9,The organization shall implement ia controls to ensure compliance with NIST SP 800-53 Rev 5 requirements.,يجب على المنظمة تطبيق ضوابط IA لضمان الامتثال لمتطلبات ضوابط أمنية,detective,3,medium,True,LOG|REPORT|SCAN_REPORT|AUDIT_REPORT|ACCESS_REVIEW,active
293,USA,USA-NIST-80053,Rev 5,8.9,IR,IR - Control 9,IR - ضابط 9,The organization shall implement ir controls to ensure compliance with NIST SP 800-53 Rev 5 requirements.,يجب على المنظمة تطبيق ضوابط IR لضمان الامتثال لمتطلبات ضوابط أمنية,corrective,4,low,True,INCIDENT_REPORT|MEETING_MINUTES|ATTESTATION|RISK_ASSESSMENT,active
294,USA,USA-NIST-80053,Rev 5,9.9,MA,MA - Control 9,MA - ضابط 9,The organization shall implement ma controls to ensure compliance with NIST SP 800-53 Rev 5 requirements.,يجب على المنظمة تطبيق ضوابط MA لضمان الامتثال لمتطلبات ضوابط أمنية,preventive,1,critical,True,POLICY|PROCEDURE|STANDARD|CONFIG|TRAINING_RECORD,active
295,USA,USA-NIST-80053,Rev 5,10.9,MP,MP - Control 9,MP - ضابط 9,The organization shall implement mp controls to ensure compliance with NIST SP 800-53 Rev 5 requirements.,يجب على المنظمة تطبيق ضوابط MP لضمان الامتثال لمتطلبات ضوابط أمنية,detective,2,high,True,LOG|REPORT|SCAN_REPORT|AUDIT_REPORT|ACCESS_REVIEW,active
296,USA,USA-NIST-80053,Rev 5,11.9,PE,PE - Control 9,PE - ضابط 9,The organization shall implement pe controls to ensure compliance with NIST SP 800-53 Rev 5 requirements.,يجب على المنظمة تطبيق ضوابط PE لضمان الامتثال لمتطلبات ضوابط أمنية,corrective,3,medium,True,INCIDENT_REPORT|MEETING_MINUTES|ATTESTATION|RISK_ASSESSMENT,active
297,USA,USA-NIST-80053,Rev 5,12.9,PL,PL - Control 9,PL - ضابط 9,The organization shall implement pl controls to ensure compliance with NIST SP 800-53 Rev 5 requirements.,يجب على المنظمة تطبيق ضوابط PL لضمان الامتثال لمتطلبات ضوابط أمنية,preventive,4,low,True,POLICY|PROCEDURE|STANDARD|CONFIG|TRAINING_RECORD,active
298,USA,USA-NIST-80053,Rev 5,13.9,PM,PM - Control 9,PM - ضابط 9,The organization shall implement pm controls to ensure compliance with NIST SP 800-53 Rev 5 requirements.,يجب على المنظمة تطبيق ضوابط PM لضمان الامتثال لمتطلبات ضوابط أمنية,detective,1,critical,True,LOG|REPORT|SCAN_REPORT|AUDIT_REPORT|ACCESS_REVIEW,active
299,USA,USA-NIST-80053,Rev 5,14.9,PS,PS - Control 9,PS - ضابط 9,The organization shall implement ps controls to ensure compliance with NIST SP 800-53 Rev 5 requirements.,يجب على المنظمة تطبيق ضوابط PS لضمان الامتثال لمتطلبات ضوابط أمنية,corrective,2,high,True,INCIDENT_REPORT|MEETING_MINUTES|ATTESTATION|RISK_ASSESSMENT,active
300,USA,USA-NIST-80053,Rev 5,15.9,PT,PT - Control 9,PT - ضابط 9,The organization shall implement pt controls to ensure compliance with NIST SP 800-53 Rev 5 requirements.,يجب على المنظمة تطبيق ضوابط PT لضمان الامتثال لمتطلبات ضوابط أمنية,preventive,3,medium,True,POLICY|PROCEDURE|STANDARD|CONFIG|TRAINING_RECORD,active
301,USA,USA-NIST-80053,Rev 5,16.9,RA,RA - Control 9,RA - ضابط 9,The organization shall implement ra controls to ensure compliance with NIST SP 800-53 Rev 5 requirements.,يجب على المنظمة تطبيق ضوابط RA لضمان الامتثال لمتطلبات ضوابط أمنية,detective,4,low,True,LOG|REPORT|SCAN_REPORT|AUDIT_REPORT|ACCESS_REVIEW,active
302,USA,USA-NIST-80053,Rev 5,17.9,SA,SA - Control 9,SA - ضابط 9,The organization shall implement sa controls to ensure compliance with NIST SP 800-53 Rev 5 requirements.,يجب على المنظمة تطبيق ضوابط SA لضمان الامتثال لمتطلبات ضوابط أمنية,corrective,1,critical,True,INCIDENT_REPORT|MEETING_MINUTES|ATTESTATION|RISK_ASSESSMENT,active
303,USA,USA-NIST-80053,Rev 5,18.9,SC,SC - Control 9,SC - ضابط 9,The organization shall implement sc controls to ensure compliance with NIST SP 800-53 Rev 5 requirements.,يجب على المنظمة تطبيق ضوابط SC لضمان الامتثال لمتطلبات ضوابط أمنية,preventive,2,high,True,POLICY|PROCEDURE|STANDARD|CONFIG|TRAINING_RECORD,active
304,USA,USA-NIST-80053,Rev 5,19.9,SI,SI - Control 9,SI - ضابط 9,The organization shall implement si controls to ensure compliance with NIST SP 800-53 Rev 5 requirements.,يجب على المنظمة تطبيق ضوابط SI لضمان الامتثال لمتطلبات ضوابط أمنية,detective,3,medium,True,LOG|REPORT|SCAN_REPORT|AUDIT_REPORT|ACCESS_REVIEW,active
305,USA,USA-NIST-80053,Rev 5,20.9,SR,SR - Control 9,SR - ضابط 9,The organization shall implement sr controls to ensure compliance with NIST SP 800-53 Rev 5 requirements.,يجب على المنظمة تطبيق ضوابط SR لضمان الامتثال لمتطلبات ضوابط أمنية,corrective,4,low,True,INCIDENT_REPORT|MEETING_MINUTES|ATTESTATION|RISK_ASSESSMENT,active
306,USA,USA-NIST-80053,Rev 5,1.10,AC,AC - Control 10,AC - ضابط 10,The organization shall implement ac controls to ensure compliance with NIST SP 800-53 Rev 5 requirements.,يجب على المنظمة تطبيق ضوابط AC لضمان الامتثال لمتطلبات ضوابط أمنية,preventive,1,critical,True,POLICY|PROCEDURE|STANDARD|CONFIG|TRAINING_RECORD,active
307,USA,USA-NIST-80053,Rev 5,2.10,AT,AT - Control 10,AT - ضابط 10,The organization shall implement at controls to ensure compliance with NIST SP 800-53 Rev 5 requirements.,يجب على المنظمة تطبيق ضوابط AT لضمان الامتثال لمتطلبات ضوابط أمنية,detective,2,high,True,LOG|REPORT|SCAN_REPORT|AUDIT_REPORT|ACCESS_REVIEW,active
308,USA,USA-NIST-80053,Rev 5,3.10,AU,AU - Control 10,AU - ضابط 10,The organization shall implement au controls to ensure compliance with NIST SP 800-53 Rev 5 requirements.,يجب على المنظمة تطبيق ضوابط AU لضمان الامتثال لمتطلبات ضوابط أمنية,corrective,3,medium,True,INCIDENT_REPORT|MEETING_MINUTES|ATTESTATION|RISK_ASSESSMENT,active
309,USA,USA-NIST-80053,Rev 5,4.10,CA,CA - Control 10,CA - ضابط 10,The organization shall implement ca controls to ensure compliance with NIST SP 800-53 Rev 5 requirements.,يجب على المنظمة تطبيق ضوابط CA لضمان الامتثال لمتطلبات ضوابط أمنية,preventive,4,low,True,POLICY|PROCEDURE|STANDARD|CONFIG|TRAINING_RECORD,active
310,USA,USA-NIST-80053,Rev 5,5.10,CM,CM - Control 10,CM - ضابط 10,The organization shall implement cm controls to ensure compliance with NIST SP 800-53 Rev 5 requirements.,يجب على المنظمة تطبيق ضوابط CM لضمان الامتثال لمتطلبات ضوابط أمنية,detective,1,critical,True,LOG|REPORT|SCAN_REPORT|AUDIT_REPORT|ACCESS_REVIEW,active
311,USA,USA-NIST-80053,Rev 5,6.10,CP,CP - Control 10,CP - ضابط 10,The organization shall implement cp controls to ensure compliance with NIST SP 800-53 Rev 5 requirements.,يجب على المنظمة تطبيق ضوابط CP لضمان الامتثال لمتطلبات ضوابط أمنية,corrective,2,high,True,INCIDENT_REPORT|MEETING_MINUTES|ATTESTATION|RISK_ASSESSMENT,active
312,USA,USA-NIST-80053,Rev 5,7.10,IA,IA - Control 10,IA - ضابط 10,The organization shall implement ia controls to ensure compliance with NIST SP 800-53 Rev 5 requirements.,يجب على المنظمة تطبيق ضوابط IA لضمان الامتثال لمتطلبات ضوابط أمنية,preventive,3,medium,True,POLICY|PROCEDURE|STANDARD|CONFIG|TRAINING_RECORD,active
313,USA,USA-NIST-80053,Rev 5,8.10,IR,IR - Control 10,IR - ضابط 10,The organization shall implement ir controls to ensure compliance with NIST SP 800-53 Rev 5 requirements.,يجب على المنظمة تطبيق ضوابط IR لضمان الامتثال لمتطلبات ضوابط أمنية,detective,4,low,True,LOG|REPORT|SCAN_REPORT|AUDIT_REPORT|ACCESS_REVIEW,active
314,USA,USA-NIST-80053,Rev 5,9.10,MA,MA - Control 10,MA - ضابط 10,The organization shall implement ma controls to ensure compliance with NIST SP 800-53 Rev 5 requirements.,يجب على المنظمة تطبيق ضوابط MA لضمان الامتثال لمتطلبات ضوابط أمنية,corrective,1,critical,True,INCIDENT_REPORT|MEETING_MINUTES|ATTESTATION|RISK_ASSESSMENT,active
315,USA,USA-NIST-80053,Rev 5,10.10,MP,MP - Control 10,MP - ضابط 10,The organization shall implement mp controls to ensure compliance with NIST SP 800-53 Rev 5 requirements.,يجب على المنظمة تطبيق ضوابط MP لضمان الامتثال لمتطلبات ضوابط أمنية,preventive,2,high,True,POLICY|PROCEDURE|STANDARD|CONFIG|TRAINING_RECORD,active
316,USA,USA-NIST-80053,Rev 5,11.10,PE,PE - Control 10,PE - ضابط 10,The organization shall implement pe controls to ensure compliance with NIST SP 800-53 Rev 5 requirements.,يجب على المنظمة تطبيق ضوابط PE لضمان الامتثال لمتطلبات ضوابط أمنية,detective,3,medium,True,LOG|REPORT|SCAN_REPORT|AUDIT_REPORT|ACCESS_REVIEW,active
317,USA,USA-NIST-80053,Rev 5,12.10,PL,PL - Control 10,PL - ضابط 10,The organization shall implement pl controls to ensure compliance with NIST SP 800-53 Rev 5 requirements.,يجب على المنظمة تطبيق ضوابط PL لضمان الامتثال لمتطلبات ضوابط أمنية,corrective,4,low,True,INCIDENT_REPORT|MEETING_MINUTES|ATTESTATION|RISK_ASSESSMENT,active
318,USA,USA-NIST-80053,Rev 5,13.10,PM,PM - Control 10,PM - ضابط 10,The organization shall implement pm controls to ensure compliance with NIST SP 800-53 Rev 5 requirements.,يجب على المنظمة تطبيق ضوابط PM لضمان الامتثال لمتطلبات ضوابط أمنية,preventive,1,critical,True,POLICY|PROCEDURE|STANDARD|CONFIG|TRAINING_RECORD,active
319,USA,USA-NIST-80053,Rev 5,14.10,PS,PS - Control 10,PS - ضابط 10,The organization shall implement ps controls to ensure compliance with NIST SP 800-53 Rev 5 requirements.,يجب على المنظمة تطبيق ضوابط PS لضمان الامتثال لمتطلبات ضوابط أمنية,detective,2,high,True,LOG|REPORT|SCAN_REPORT|AUDIT_REPORT|ACCESS_REVIEW,active
320,USA,USA-NIST-80053,Rev 5,15.10,PT,PT - Control 10,PT - ضابط 10,The organization shall implement pt controls to ensure compliance with NIST SP 800-53 Rev 5 requirements.,يجب على المنظمة تطبيق ضوابط PT لضمان الامتثال لمتطلبات ضوابط أمنية,corrective,3,medium,True,INCIDENT_REPORT|MEETING_MINUTES|ATTESTATION|RISK_ASSESSMENT,active
321,USA,USA-NIST-80053,Rev 5,16.10,RA,RA - Control 10,RA - ضابط 10,The organization shall implement ra controls to ensure compliance with NIST SP 800-53 Rev 5 requirements.,يجب على المنظمة تطبيق ضوابط RA لضمان الامتثال لمتطلبات ضوابط أمنية,preventive,4,low,True,POLICY|PROCEDURE|STANDARD|CONFIG|TRAINING_RECORD,active
322,USA,USA-NIST-80053,Rev 5,17.10,SA,SA - Control 10,SA - ضابط 10,The organization shall implement sa controls to ensure compliance with NIST SP 800-53 Rev 5 requirements.,يجب على المنظمة تطبيق ضوابط SA لضمان الامتثال لمتطلبات ضوابط أمنية,detective,1,critical,True,LOG|REPORT|SCAN_REPORT|AUDIT_REPORT|ACCESS_REVIEW,active
323,USA,USA-NIST-80053,Rev 5,18.10,SC,SC - Control 10,SC - ضابط 10,The organization shall implement sc controls to ensure compliance with NIST SP 800-53 Rev 5 requirements.,يجب على المنظمة تطبيق ضوابط SC لضمان الامتثال لمتطلبات ضوابط أمنية,corrective,2,high,True,INCIDENT_REPORT|MEETING_MINUTES|ATTESTATION|RISK_ASSESSMENT,active
324,USA,USA-NIST-80053,Rev 5,19.10,SI,SI - Control 10,SI - ضابط 10,The organization shall implement si controls to ensure compliance with NIST SP 800-53 Rev 5 requirements.,يجب على المنظمة تطبيق ضوابط SI لضمان الامتثال لمتطلبات ضوابط أمنية,preventive,3,medium,True,POLICY|PROCEDURE|STANDARD|CONFIG|TRAINING_RECORD,active
325,USA,USA-NIST-80053,Rev 5,20.10,SR,SR - Control 10,SR - ضابط 10,The organization shall implement sr controls to ensure compliance with NIST SP 800-53 Rev 5 requirements.,يجب على المنظمة تطبيق ضوابط SR لضمان الامتثال لمتطلبات ضوابط أمنية,detective,4,low,True,LOG|REPORT|SCAN_REPORT|AUDIT_REPORT|ACCESS_REVIEW,active
326,USA,USA-NIST-80053,Rev 5,1.11,AC,AC - Control 11,AC - ضابط 11,The organization shall implement ac controls to ensure compliance with NIST SP 800-53 Rev 5 requirements.,يجب على المنظمة تطبيق ضوابط AC لضمان الامتثال لمتطلبات ضوابط أمنية,corrective,1,critical,True,INCIDENT_REPORT|MEETING_MINUTES|ATTESTATION|RISK_ASSESSMENT,active
327,USA,USA-NIST-80053,Rev 5,2.11,AT,AT - Control 11,AT - ضابط 11,The organization shall implement at controls to ensure compliance with NIST SP 800-53 Rev 5 requirements.,يجب على المنظمة تطبيق ضوابط AT لضمان الامتثال لمتطلبات ضوابط أمنية,preventive,2,high,True,POLICY|PROCEDURE|STANDARD|CONFIG|TRAINING_RECORD,active
328,USA,USA-NIST-80053,Rev 5,3.11,AU,AU - Control 11,AU - ضابط 11,The organization shall implement au controls to ensure compliance with NIST SP 800-53 Rev 5 requirements.,يجب على المنظمة تطبيق ضوابط AU لضمان الامتثال لمتطلبات ضوابط أمنية,detective,3,medium,True,LOG|REPORT|SCAN_REPORT|AUDIT_REPORT|ACCESS_REVIEW,active
329,USA,USA-NIST-80053,Rev 5,4.11,CA,CA - Control 11,CA - ضابط 11,The organization shall implement ca controls to ensure compliance with NIST SP 800-53 Rev 5 requirements.,يجب على المنظمة تطبيق ضوابط CA لضمان الامتثال لمتطلبات ضوابط أمنية,corrective,4,low,True,INCIDENT_REPORT|MEETING_MINUTES|ATTESTATION|RISK_ASSESSMENT,active
330,USA,USA-NIST-80053,Rev 5,5.11,CM,CM - Control 11,CM - ضابط 11,The organization shall implement cm controls to ensure compliance with NIST SP 800-53 Rev 5 requirements.,يجب على المنظمة تطبيق ضوابط CM لضمان الامتثال لمتطلبات ضوابط أمنية,preventive,1,critical,True,POLICY|PROCEDURE|STANDARD|CONFIG|TRAINING_RECORD,active
331,USA,USA-NIST-80053,Rev 5,6.11,CP,CP - Control 11,CP - ضابط 11,The organization shall implement cp controls to ensure compliance with NIST SP 800-53 Rev 5 requirements.,يجب على المنظمة تطبيق ضوابط CP لضمان الامتثال لمتطلبات ضوابط أمنية,detective,2,high,True,LOG|REPORT|SCAN_REPORT|AUDIT_REPORT|ACCESS_REVIEW,active
332,USA,USA-NIST-80053,Rev 5,7.11,IA,IA - Control 11,IA - ضابط 11,The organization shall implement ia controls to ensure compliance with NIST SP 800-53 Rev 5 requirements.,يجب على المنظمة تطبيق ضوابط IA لضمان الامتثال لمتطلبات ضوابط أمنية,corrective,3,medium,True,INCIDENT_REPORT|MEETING_MINUTES|ATTESTATION|RISK_ASSESSMENT,active
333,USA,USA-NIST-80053,Rev 5,8.11,IR,IR - Control 11,IR - ضابط 11,The organization shall implement ir controls to ensure compliance with NIST SP 800-53 Rev 5 requirements.,يجب على المنظمة تطبيق ضوابط IR لضمان الامتثال لمتطلبات ضوابط أمنية,preventive,4,low,True,POLICY|PROCEDURE|STANDARD|CONFIG|TRAINING_RECORD,active
334,USA,USA-NIST-80053,Rev 5,9.11,MA,MA - Control 11,MA - ضابط 11,The organization shall implement ma controls to ensure compliance with NIST SP 800-53 Rev 5 requirements.,يجب على المنظمة تطبيق ضوابط MA لضمان الامتثال لمتطلبات ضوابط أمنية,detective,1,critical,True,LOG|REPORT|SCAN_REPORT|AUDIT_REPORT|ACCESS_REVIEW,active
335,USA,USA-NIST-80053,Rev 5,10.11,MP,MP - Control 11,MP - ضابط 11,The organization shall implement mp controls to ensure compliance with NIST SP 800-53 Rev 5 requirements.,يجب على المنظمة تطبيق ضوابط MP لضمان الامتثال لمتطلبات ضوابط أمنية,corrective,2,high,True,INCIDENT_REPORT|MEETING_MINUTES|ATTESTATION|RISK_ASSESSMENT,active
336,USA,USA-NIST-80053,Rev 5,11.11,PE,PE - Control 11,PE - ضابط 11,The organization shall implement pe controls to ensure compliance with NIST SP 800-53 Rev 5 requirements.,يجب على المنظمة تطبيق ضوابط PE لضمان الامتثال لمتطلبات ضوابط أمنية,preventive,3,medium,True,POLICY|PROCEDURE|STANDARD|CONFIG|TRAINING_RECORD,active
337,USA,USA-NIST-80053,Rev 5,12.11,PL,PL - Control 11,PL - ضابط 11,The organization shall implement pl controls to ensure compliance with NIST SP 800-53 Rev 5 requirements.,يجب على المنظمة تطبيق ضوابط PL لضمان الامتثال لمتطلبات ضوابط أمنية,detective,4,low,True,LOG|REPORT|SCAN_REPORT|AUDIT_REPORT|ACCESS_REVIEW,active
338,USA,USA-NIST-80053,Rev 5,13.11,PM,PM - Control 11,PM - ضابط 11,The organization shall implement pm controls to ensure compliance with NIST SP 800-53 Rev 5 requirements.,يجب على المنظمة تطبيق ضوابط PM لضمان الامتثال لمتطلبات ضوابط أمنية,corrective,1,critical,True,INCIDENT_REPORT|MEETING_MINUTES|ATTESTATION|RISK_ASSESSMENT,active
339,USA,USA-NIST-80053,Rev 5,14.11,PS,PS - Control 11,PS - ضابط 11,The organization shall implement ps controls to ensure compliance with NIST SP 800-53 Rev 5 requirements.,يجب على المنظمة تطبيق ضوابط PS لضمان الامتثال لمتطلبات ضوابط أمنية,preventive,2,high,True,POLICY|PROCEDURE|STANDARD|CONFIG|TRAINING_RECORD,active
340,USA,USA-NIST-80053,Rev 5,15.11,PT,PT - Control 11,PT - ضابط 11,The organization shall implement pt controls to ensure compliance with NIST SP 800-53 Rev 5 requirements.,يجب على المنظمة تطبيق ضوابط PT لضمان الامتثال لمتطلبات ضوابط أمنية,detective,3,medium,True,LOG|REPORT|SCAN_REPORT|AUDIT_REPORT|ACCESS_REVIEW,active
341,USA,USA-NIST-80053,Rev 5,16.11,RA,RA - Control 11,RA - ضابط 11,The organization shall implement ra controls to ensure compliance with NIST SP 800-53 Rev 5 requirements.,يجب على المنظمة تطبيق ضوابط RA لضمان الامتثال لمتطلبات ضوابط أمنية,corrective,4,low,True,INCIDENT_REPORT|MEETING_MINUTES|ATTESTATION|RISK_ASSESSMENT,active
342,USA,USA-NIST-80053,Rev 5,17.11,SA,SA - Control 11,SA - ضابط 11,The organization shall implement sa controls to ensure compliance with NIST SP 800-53 Rev 5 requirements.,يجب على المنظمة تطبيق ضوابط SA لضمان الامتثال لمتطلبات ضوابط أمنية,preventive,1,critical,True,POLICY|PROCEDURE|STANDARD|CONFIG|TRAINING_RECORD,active
343,USA,USA-NIST-80053,Rev 5,18.11,SC,SC - Control 11,SC - ضابط 11,The organization shall implement sc controls to ensure compliance with NIST SP 800-53 Rev 5 requirements.,يجب على المنظمة تطبيق ضوابط SC لضمان الامتثال لمتطلبات ضوابط أمنية,detective,2,high,True,LOG|REPORT|SCAN_REPORT|AUDIT_REPORT|ACCESS_REVIEW,active
344,USA,USA-NIST-80053,Rev 5,19.11,SI,SI - Control 11,SI - ضابط 11,The organization shall implement si controls to ensure compliance with NIST SP 800-53 Rev 5 requirements.,يجب على المنظمة تطبيق ضوابط SI لضمان الامتثال لمتطلبات ضوابط أمنية,corrective,3,medium,True,INCIDENT_REPORT|MEETING_MINUTES|ATTESTATION|RISK_ASSESSMENT,active
345,USA,USA-NIST-80053,Rev 5,20.11,SR,SR - Control 11,SR - ضابط 11,The organization shall implement sr controls to ensure compliance with NIST SP 800-53 Rev 5 requirements.,يجب على المنظمة تطبيق ضوابط SR لضمان الامتثال لمتطلبات ضوابط أمنية,preventive,4,low,True,POLICY|PROCEDURE|STANDARD|CONFIG|TRAINING_RECORD,active
346,USA,USA-NIST-80053,Rev 5,1.12,AC,AC - Control 12,AC - ضابط 12,The organization shall implement ac controls to ensure compliance with NIST SP 800-53 Rev 5 requirements.,يجب على المنظمة تطبيق ضوابط AC لضمان الامتثال لمتطلبات ضوابط أمنية,detective,1,critical,True,LOG|REPORT|SCAN_REPORT|AUDIT_REPORT|ACCESS_REVIEW,active
347,USA,USA-NIST-80053,Rev 5,2.12,AT,AT - Control 12,AT - ضابط 12,The organization shall implement at controls to ensure compliance with NIST SP 800-53 Rev 5 requirements.,يجب على المنظمة تطبيق ضوابط AT لضمان الامتثال لمتطلبات ضوابط أمنية,corrective,2,high,True,INCIDENT_REPORT|MEETING_MINUTES|ATTESTATION|RISK_ASSESSMENT,active
348,USA,USA-NIST-80053,Rev 5,3.12,AU,AU - Control 12,AU - ضابط 12,The organization shall implement au controls to ensure compliance with NIST SP 800-53 Rev 5 requirements.,يجب على المنظمة تطبيق ضوابط AU لضمان الامتثال لمتطلبات ضوابط أمنية,preventive,3,medium,True,POLICY|PROCEDURE|STANDARD|CONFIG|TRAINING_RECORD,active
349,USA,USA-NIST-80053,Rev 5,4.12,CA,CA - Control 12,CA - ضابط 12,The organization shall implement ca controls to ensure compliance with NIST SP 800-53 Rev 5 requirements.,يجب على المنظمة تطبيق ضوابط CA لضمان الامتثال لمتطلبات ضوابط أمنية,detective,4,low,True,LOG|REPORT|SCAN_REPORT|AUDIT_REPORT|ACCESS_REVIEW,active
350,USA,USA-NIST-80053,Rev 5,5.12,CM,CM - Control 12,CM - ضابط 12,The organization shall implement cm controls to ensure compliance with NIST SP 800-53 Rev 5 requirements.,يجب على المنظمة تطبيق ضوابط CM لضمان الامتثال لمتطلبات ضوابط أمنية,corrective,1,critical,True,INCIDENT_REPORT|MEETING_MINUTES|ATTESTATION|RISK_ASSESSMENT,active
351,USA,USA-NIST-80053,Rev 5,6.12,CP,CP - Control 12,CP - ضابط 12,The organization shall implement cp controls to ensure compliance with NIST SP 800-53 Rev 5 requirements.,يجب على المنظمة تطبيق ضوابط CP لضمان الامتثال لمتطلبات ضوابط أمنية,preventive,2,high,True,POLICY|PROCEDURE|STANDARD|CONFIG|TRAINING_RECORD,active
352,USA,USA-NIST-80053,Rev 5,7.12,IA,IA - Control 12,IA - ضابط 12,The organization shall implement ia controls to ensure compliance with NIST SP 800-53 Rev 5 requirements.,يجب على المنظمة تطبيق ضوابط IA لضمان الامتثال لمتطلبات ضوابط أمنية,detective,3,medium,True,LOG|REPORT|SCAN_REPORT|AUDIT_REPORT|ACCESS_REVIEW,active
353,USA,USA-NIST-80053,Rev 5,8.12,IR,IR - Control 12,IR - ضابط 12,The organization shall implement ir controls to ensure compliance with NIST SP 800-53 Rev 5 requirements.,يجب على المنظمة تطبيق ضوابط IR لضمان الامتثال لمتطلبات ضوابط أمنية,corrective,4,low,True,INCIDENT_REPORT|MEETING_MINUTES|ATTESTATION|RISK_ASSESSMENT,active
354,USA,USA-NIST-80053,Rev 5,9.12,MA,MA - Control 12,MA - ضابط 12,The organization shall implement ma controls to ensure compliance with NIST SP 800-53 Rev 5 requirements.,يجب على المنظمة تطبيق ضوابط MA لضمان الامتثال لمتطلبات ضوابط أمنية,preventive,1,critical,True,POLICY|PROCEDURE|STANDARD|CONFIG|TRAINING_RECORD,active
355,USA,USA-NIST-80053,Rev 5,10.12,MP,MP - Control 12,MP - ضابط 12,The organization shall implement mp controls to ensure compliance with NIST SP 800-53 Rev 5 requirements.,يجب على المنظمة تطبيق ضوابط MP لضمان الامتثال لمتطلبات ضوابط أمنية,detective,2,high,True,LOG|REPORT|SCAN_REPORT|AUDIT_REPORT|ACCESS_REVIEW,active
356,USA,USA-NIST-80053,Rev 5,11.12,PE,PE - Control 12,PE - ضابط 12,The organization shall implement pe controls to ensure compliance with NIST SP 800-53 Rev 5 requirements.,يجب على المنظمة تطبيق ضوابط PE لضمان الامتثال لمتطلبات ضوابط أمنية,corrective,3,medium,True,INCIDENT_REPORT|MEETING_MINUTES|ATTESTATION|RISK_ASSESSMENT,active
357,USA,USA-NIST-80053,Rev 5,12.12,PL,PL - Control 12,PL - ضابط 12,The organization shall implement pl controls to ensure compliance with NIST SP 800-53 Rev 5 requirements.,يجب على المنظمة تطبيق ضوابط PL لضمان الامتثال لمتطلبات ضوابط أمنية,preventive,4,low,True,POLICY|PROCEDURE|STANDARD|CONFIG|TRAINING_RECORD,active
358,USA,USA-NIST-80053,Rev 5,13.12,PM,PM - Control 12,PM - ضابط 12,The organization shall implement pm controls to ensure compliance with NIST SP 800-53 Rev 5 requirements.,يجب على المنظمة تطبيق ضوابط PM لضمان الامتثال لمتطلبات ضوابط أمنية,detective,1,critical,True,LOG|REPORT|SCAN_REPORT|AUDIT_REPORT|ACCESS_REVIEW,active
359,USA,USA-NIST-80053,Rev 5,14.12,PS,PS - Control 12,PS - ضابط 12,The organization shall implement ps controls to ensure compliance with NIST SP 800-53 Rev 5 requirements.,يجب على المنظمة تطبيق ضوابط PS لضمان الامتثال لمتطلبات ضوابط أمنية,corrective,2,high,True,INCIDENT_REPORT|MEETING_MINUTES|ATTESTATION|RISK_ASSESSMENT,active
360,USA,USA-NIST-80053,Rev 5,15.12,PT,PT - Control 12,PT - ضابط 12,The organization shall implement pt controls to ensure compliance with NIST SP 800-53 Rev 5 requirements.,يجب على المنظمة تطبيق ضوابط PT لضمان الامتثال لمتطلبات ضوابط أمنية,preventive,3,medium,True,POLICY|PROCEDURE|STANDARD|CONFIG|TRAINING_RECORD,active
361,USA,USA-NIST-80053,Rev 5,16.12,RA,RA - Control 12,RA - ضابط 12,The organization shall implement ra controls to ensure compliance with NIST SP 800-53 Rev 5 requirements.,يجب على المنظمة تطبيق ضوابط RA لضمان الامتثال لمتطلبات ضوابط أمنية,detective,4,low,True,LOG|REPORT|SCAN_REPORT|AUDIT_REPORT|ACCESS_REVIEW,active
362,USA,USA-NIST-80053,Rev 5,17.12,SA,SA - Control 12,SA - ضابط 12,The organization shall implement sa controls to ensure compliance with NIST SP 800-53 Rev 5 requirements.,يجب على المنظمة تطبيق ضوابط SA لضمان الامتثال لمتطلبات ضوابط أمنية,corrective,1,critical,True,INCIDENT_REPORT|MEETING_MINUTES|ATTESTATION|RISK_ASSESSMENT,active
363,USA,USA-NIST-80053,Rev 5,18.12,SC,SC - Control 12,SC - ضابط 12,The organization shall implement sc controls to ensure compliance with NIST SP 800-53 Rev 5 requirements.,يجب على المنظمة تطبيق ضوابط SC لضمان الامتثال لمتطلبات ضوابط أمنية,preventive,2,high,True,POLICY|PROCEDURE|STANDARD|CONFIG|TRAINING_RECORD,active
364,USA,USA-NIST-80053,Rev 5,19.12,SI,SI - Control 12,SI - ضابط 12,The organization shall implement si controls to ensure compliance with NIST SP 800-53 Rev 5 requirements.,يجب على المنظمة تطبيق ضوابط SI لضمان الامتثال لمتطلبات ضوابط أمنية,detective,3,medium,True,LOG|REPORT|SCAN_REPORT|AUDIT_REPORT|ACCESS_REVIEW,active
365,USA,USA-NIST-80053,Rev 5,20.12,SR,SR - Control 12,SR - ضابط 12,The organization shall implement sr controls to ensure compliance with NIST SP 800-53 Rev 5 requirements.,يجب على المنظمة تطبيق ضوابط SR لضمان الامتثال لمتطلبات ضوابط أمنية,corrective,4,low,True,INCIDENT_REPORT|MEETING_MINUTES|ATTESTATION|RISK_ASSESSMENT,active
366,USA,USA-NIST-80053,Rev 5,1.13,AC,AC - Control 13,AC - ضابط 13,The organization shall implement ac controls to ensure compliance with NIST SP 800-53 Rev 5 requirements.,يجب على المنظمة تطبيق ضوابط AC لضمان الامتثال لمتطلبات ضوابط أمنية,preventive,1,critical,True,POLICY|PROCEDURE|STANDARD|CONFIG|TRAINING_RECORD,active
367,USA,USA-NIST-80053,Rev 5,2.13,AT,AT - Control 13,AT - ضابط 13,The organization shall implement at controls to ensure compliance with NIST SP 800-53 Rev 5 requirements.,يجب على المنظمة تطبيق ضوابط AT لضمان الامتثال لمتطلبات ضوابط أمنية,detective,2,high,True,LOG|REPORT|SCAN_REPORT|AUDIT_REPORT|ACCESS_REVIEW,active
368,USA,USA-NIST-80053,Rev 5,3.13,AU,AU - Control 13,AU - ضابط 13,The organization shall implement au controls to ensure compliance with NIST SP 800-53 Rev 5 requirements.,يجب على المنظمة تطبيق ضوابط AU لضمان الامتثال لمتطلبات ضوابط أمنية,corrective,3,medium,True,INCIDENT_REPORT|MEETING_MINUTES|ATTESTATION|RISK_ASSESSMENT,active
369,USA,USA-NIST-80053,Rev 5,4.13,CA,CA - Control 13,CA - ضابط 13,The organization shall implement ca controls to ensure compliance with NIST SP 800-53 Rev 5 requirements.,يجب على المنظمة تطبيق ضوابط CA لضمان الامتثال لمتطلبات ضوابط أمنية,preventive,4,low,True,POLICY|PROCEDURE|STANDARD|CONFIG|TRAINING_RECORD,active
370,USA,USA-NIST-80053,Rev 5,5.13,CM,CM - Control 13,CM - ضابط 13,The organization shall implement cm controls to ensure compliance with NIST SP 800-53 Rev 5 requirements.,يجب على المنظمة تطبيق ضوابط CM لضمان الامتثال لمتطلبات ضوابط أمنية,detective,1,critical,True,LOG|REPORT|SCAN_REPORT|AUDIT_REPORT|ACCESS_REVIEW,active
371,USA,USA-NIST-80053,Rev 5,6.13,CP,CP - Control 13,CP - ضابط 13,The organization shall implement cp controls to ensure compliance with NIST SP 800-53 Rev 5 requirements.,يجب على المنظمة تطبيق ضوابط CP لضمان الامتثال لمتطلبات ضوابط أمنية,corrective,2,high,True,INCIDENT_REPORT|MEETING_MINUTES|ATTESTATION|RISK_ASSESSMENT,active
372,USA,USA-NIST-80053,Rev 5,7.13,IA,IA - Control 13,IA - ضابط 13,The organization shall implement ia controls to ensure compliance with NIST SP 800-53 Rev 5 requirements.,يجب على المنظمة تطبيق ضوابط IA لضمان الامتثال لمتطلبات ضوابط أمنية,preventive,3,medium,True,POLICY|PROCEDURE|STANDARD|CONFIG|TRAINING_RECORD,active
373,USA,USA-NIST-80053,Rev 5,8.13,IR,IR - Control 13,IR - ضابط 13,The organization shall implement ir controls to ensure compliance with NIST SP 800-53 Rev 5 requirements.,يجب على المنظمة تطبيق ضوابط IR لضمان الامتثال لمتطلبات ضوابط أمنية,detective,4,low,True,LOG|REPORT|SCAN_REPORT|AUDIT_REPORT|ACCESS_REVIEW,active
374,USA,USA-NIST-80053,Rev 5,9.13,MA,MA - Control 13,MA - ضابط 13,The organization shall implement ma controls to ensure compliance with NIST SP 800-53 Rev 5 requirements.,يجب على المنظمة تطبيق ضوابط MA لضمان الامتثال لمتطلبات ضوابط أمنية,corrective,1,critical,True,INCIDENT_REPORT|MEETING_MINUTES|ATTESTATION|RISK_ASSESSMENT,active
375,USA,USA-NIST-80053,Rev 5,10.13,MP,MP - Control 13,MP - ضابط 13,The organization shall implement mp controls to ensure compliance with NIST SP 800-53 Rev 5 requirements.,يجب على المنظمة تطبيق ضوابط MP لضمان الامتثال لمتطلبات ضوابط أمنية,preventive,2,high,True,POLICY|PROCEDURE|STANDARD|CONFIG|TRAINING_RECORD,active
376,USA,USA-NIST-80053,Rev 5,11.13,PE,PE - Control 13,PE - ضابط 13,The organization shall implement pe controls to ensure compliance with NIST SP 800-53 Rev 5 requirements.,يجب على المنظمة تطبيق ضوابط PE لضمان الامتثال لمتطلبات ضوابط أمنية,detective,3,medium,True,LOG|REPORT|SCAN_REPORT|AUDIT_REPORT|ACCESS_REVIEW,active
377,USA,USA-NIST-80053,Rev 5,12.13,PL,PL - Control 13,PL - ضابط 13,The organization shall implement pl controls to ensure compliance with NIST SP 800-53 Rev 5 requirements.,يجب على المنظمة تطبيق ضوابط PL لضمان الامتثال لمتطلبات ضوابط أمنية,corrective,4,low,True,INCIDENT_REPORT|MEETING_MINUTES|ATTESTATION|RISK_ASSESSMENT,active
378,USA,USA-NIST-80053,Rev 5,13.13,PM,PM - Control 13,PM - ضابط 13,The organization shall implement pm controls to ensure compliance with NIST SP 800-53 Rev 5 requirements.,يجب على المنظمة تطبيق ضوابط PM لضمان الامتثال لمتطلبات ضوابط أمنية,preventive,1,critical,True,POLICY|PROCEDURE|STANDARD|CONFIG|TRAINING_RECORD,active
379,USA,USA-NIST-80053,Rev 5,14.13,PS,PS - Control 13,PS - ضابط 13,The organization shall implement ps controls to ensure compliance with NIST SP 800-53 Rev 5 requirements.,يجب على المنظمة تطبيق ضوابط PS لضمان الامتثال لمتطلبات ضوابط أمنية,detective,2,high,True,LOG|REPORT|SCAN_REPORT|AUDIT_REPORT|ACCESS_REVIEW,active
380,USA,USA-NIST-80053,Rev 5,15.13,PT,PT - Control 13,PT - ضابط 13,The organization shall implement pt controls to ensure compliance with NIST SP 800-53 Rev 5 requirements.,يجب على المنظمة تطبيق ضوابط PT لضمان الامتثال لمتطلبات ضوابط أمنية,corrective,3,medium,True,INCIDENT_REPORT|MEETING_MINUTES|ATTESTATION|RISK_ASSESSMENT,active
381,USA,USA-NIST-80053,Rev 5,16.13,RA,RA - Control 13,RA - ضابط 13,The organization shall implement ra controls to ensure compliance with NIST SP 800-53 Rev 5 requirements.,يجب على المنظمة تطبيق ضوابط RA لضمان الامتثال لمتطلبات ضوابط أمنية,preventive,4,low,True,POLICY|PROCEDURE|STANDARD|CONFIG|TRAINING_RECORD,active
382,USA,USA-NIST-80053,Rev 5,17.13,SA,SA - Control 13,SA - ضابط 13,The organization shall implement sa controls to ensure compliance with NIST SP 800-53 Rev 5 requirements.,يجب على المنظمة تطبيق ضوابط SA لضمان الامتثال لمتطلبات ضوابط أمنية,detective,1,critical,True,LOG|REPORT|SCAN_REPORT|AUDIT_REPORT|ACCESS_REVIEW,active
383,USA,USA-NIST-80053,Rev 5,18.13,SC,SC - Control 13,SC - ضابط 13,The organization shall implement sc controls to ensure compliance with NIST SP 800-53 Rev 5 requirements.,يجب على المنظمة تطبيق ضوابط SC لضمان الامتثال لمتطلبات ضوابط أمنية,corrective,2,high,True,INCIDENT_REPORT|MEETING_MINUTES|ATTESTATION|RISK_ASSESSMENT,active
384,USA,USA-NIST-80053,Rev 5,19.13,SI,SI - Control 13,SI - ضابط 13,The organization shall implement si controls to ensure compliance with NIST SP 800-53 Rev 5 requirements.,يجب على المنظمة تطبيق ضوابط SI لضمان الامتثال لمتطلبات ضوابط أمنية,preventive,3,medium,True,POLICY|PROCEDURE|STANDARD|CONFIG|TRAINING_RECORD,active
385,USA,USA-NIST-80053,Rev 5,20.13,SR,SR - Control 13,SR - ضابط 13,The organization shall implement sr controls to ensure compliance with NIST SP 800-53 Rev 5 requirements.,يجب على المنظمة تطبيق ضوابط SR لضمان الامتثال لمتطلبات ضوابط أمنية,detective,4,low,True,LOG|REPORT|SCAN_REPORT|AUDIT_REPORT|ACCESS_REVIEW,active
386,USA,USA-NIST-80053,Rev 5,1.14,AC,AC - Control 14,AC - ضابط 14,The organization shall implement ac controls to ensure compliance with NIST SP 800-53 Rev 5 requirements.,يجب على المنظمة تطبيق ضوابط AC لضمان الامتثال لمتطلبات ضوابط أمنية,corrective,1,critical,True,INCIDENT_REPORT|MEETING_MINUTES|ATTESTATION|RISK_ASSESSMENT,active
387,USA,USA-NIST-80053,Rev 5,2.14,AT,AT - Control 14,AT - ضابط 14,The organization shall implement at controls to ensure compliance with NIST SP 800-53 Rev 5 requirements.,يجب على المنظمة تطبيق ضوابط AT لضمان الامتثال لمتطلبات ضوابط أمنية,preventive,2,high,True,POLICY|PROCEDURE|STANDARD|CONFIG|TRAINING_RECORD,active
388,USA,USA-NIST-80053,Rev 5,3.14,AU,AU - Control 14,AU - ضابط 14,The organization shall implement au controls to ensure compliance with NIST SP 800-53 Rev 5 requirements.,يجب على المنظمة تطبيق ضوابط AU لضمان الامتثال لمتطلبات ضوابط أمنية,detective,3,medium,True,LOG|REPORT|SCAN_REPORT|AUDIT_REPORT|ACCESS_REVIEW,active
389,USA,USA-NIST-80053,Rev 5,4.14,CA,CA - Control 14,CA - ضابط 14,The organization shall implement ca controls to ensure compliance with NIST SP 800-53 Rev 5 requirements.,يجب على المنظمة تطبيق ضوابط CA لضمان الامتثال لمتطلبات ضوابط أمنية,corrective,4,low,True,INCIDENT_REPORT|MEETING_MINUTES|ATTESTATION|RISK_ASSESSMENT,active
390,USA,USA-NIST-80053,Rev 5,5.14,CM,CM - Control 14,CM - ضابط 14,The organization shall implement cm controls to ensure compliance with NIST SP 800-53 Rev 5 requirements.,يجب على المنظمة تطبيق ضوابط CM لضمان الامتثال لمتطلبات ضوابط أمنية,preventive,1,critical,True,POLICY|PROCEDURE|STANDARD|CONFIG|TRAINING_RECORD,active
391,USA,USA-NIST-80053,Rev 5,6.14,CP,CP - Control 14,CP - ضابط 14,The organization shall implement cp controls to ensure compliance with NIST SP 800-53 Rev 5 requirements.,يجب على المنظمة تطبيق ضوابط CP لضمان الامتثال لمتطلبات ضوابط أمنية,detective,2,high,True,LOG|REPORT|SCAN_REPORT|AUDIT_REPORT|ACCESS_REVIEW,active
392,USA,USA-NIST-80053,Rev 5,7.14,IA,IA - Control 14,IA - ضابط 14,The organization shall implement ia controls to ensure compliance with NIST SP 800-53 Rev 5 requirements.,يجب على المنظمة تطبيق ضوابط IA لضمان الامتثال لمتطلبات ضوابط أمنية,corrective,3,medium,True,INCIDENT_REPORT|MEETING_MINUTES|ATTESTATION|RISK_ASSESSMENT,active
393,USA,USA-NIST-80053,Rev 5,8.14,IR,IR - Control 14,IR - ضابط 14,The organization shall implement ir controls to ensure compliance with NIST SP 800-53 Rev 5 requirements.,يجب على المنظمة تطبيق ضوابط IR لضمان الامتثال لمتطلبات ضوابط أمنية,preventive,4,low,True,POLICY|PROCEDURE|STANDARD|CONFIG|TRAINING_RECORD,active
394,USA,USA-NIST-80053,Rev 5,9.14,MA,MA - Control 14,MA - ضابط 14,The organization shall implement ma controls to ensure compliance with NIST SP 800-53 Rev 5 requirements.,يجب على المنظمة تطبيق ضوابط MA لضمان الامتثال لمتطلبات ضوابط أمنية,detective,1,critical,True,LOG|REPORT|SCAN_REPORT|AUDIT_REPORT|ACCESS_REVIEW,active
395,USA,USA-NIST-80053,Rev 5,10.14,MP,MP - Control 14,MP - ضابط 14,The organization shall implement mp controls to ensure compliance with NIST SP 800-53 Rev 5 requirements.,يجب على المنظمة تطبيق ضوابط MP لضمان الامتثال لمتطلبات ضوابط أمنية,corrective,2,high,True,INCIDENT_REPORT|MEETING_MINUTES|ATTESTATION|RISK_ASSESSMENT,active
396,USA,USA-NIST-80053,Rev 5,11.14,PE,PE - Control 14,PE - ضابط 14,The organization shall implement pe controls to ensure compliance with NIST SP 800-53 Rev 5 requirements.,يجب على المنظمة تطبيق ضوابط PE لضمان الامتثال لمتطلبات ضوابط أمنية,preventive,3,medium,True,POLICY|PROCEDURE|STANDARD|CONFIG|TRAINING_RECORD,active
397,USA,USA-NIST-80053,Rev 5,12.14,PL,PL - Control 14,PL - ضابط 14,The organization shall implement pl controls to ensure compliance with NIST SP 800-53 Rev 5 requirements.,يجب على المنظمة تطبيق ضوابط PL لضمان الامتثال لمتطلبات ضوابط أمنية,detective,4,low,True,LOG|REPORT|SCAN_REPORT|AUDIT_REPORT|ACCESS_REVIEW,active
398,USA,USA-NIST-80053,Rev 5,13.14,PM,PM - Control 14,PM - ضابط 14,The organization shall implement pm controls to ensure compliance with NIST SP 800-53 Rev 5 requirements.,يجب على المنظمة تطبيق ضوابط PM لضمان الامتثال لمتطلبات ضوابط أمنية,corrective,1,critical,True,INCIDENT_REPORT|MEETING_MINUTES|ATTESTATION|RISK_ASSESSMENT,active
399,USA,USA-NIST-80053,Rev 5,14.14,PS,PS - Control 14,PS - ضابط 14,The organization shall implement ps controls to ensure compliance with NIST SP 800-53 Rev 5 requirements.,يجب على المنظمة تطبيق ضوابط PS لضمان الامتثال لمتطلبات ضوابط أمنية,preventive,2,high,True,POLICY|PROCEDURE|STANDARD|CONFIG|TRAINING_RECORD,active
400,USA,USA-NIST-80053,Rev 5,15.14,PT,PT - Control 14,PT - ضابط 14,The organization shall implement pt controls to ensure compliance with NIST SP 800-53 Rev 5 requirements.,يجب على المنظمة تطبيق ضوابط PT لضمان الامتثال لمتطلبات ضوابط أمنية,detective,3,medium,True,LOG|REPORT|SCAN_REPORT|AUDIT_REPORT|ACCESS_REVIEW,active
401,USA,USA-NIST-80053,Rev 5,16.14,RA,RA - Control 14,RA - ضابط 14,The organization shall implement ra controls to ensure compliance with NIST SP 800-53 Rev 5 requirements.,يجب على المنظمة تطبيق ضوابط RA لضمان الامتثال لمتطلبات ضوابط أمنية,corrective,4,low,True,INCIDENT_REPORT|MEETING_MINUTES|ATTESTATION|RISK_ASSESSMENT,active
402,USA,USA-NIST-80053,Rev 5,17.14,SA,SA - Control 14,SA - ضابط 14,The organization shall implement sa controls to ensure compliance with NIST SP 800-53 Rev 5 requirements.,يجب على المنظمة تطبيق ضوابط SA لضمان الامتثال لمتطلبات ضوابط أمنية,preventive,1,critical,True,POLICY|PROCEDURE|STANDARD|CONFIG|TRAINING_RECORD,active
403,USA,USA-NIST-80053,Rev 5,18.14,SC,SC - Control 14,SC - ضابط 14,The organization shall implement sc controls to ensure compliance with NIST SP 800-53 Rev 5 requirements.,يجب على المنظمة تطبيق ضوابط SC لضمان الامتثال لمتطلبات ضوابط أمنية,detective,2,high,True,LOG|REPORT|SCAN_REPORT|AUDIT_REPORT|ACCESS_REVIEW,active
404,USA,USA-NIST-80053,Rev 5,19.14,SI,SI - Control 14,SI - ضابط 14,The organization shall implement si controls to ensure compliance with NIST SP 800-53 Rev 5 requirements.,يجب على المنظمة تطبيق ضوابط SI لضمان الامتثال لمتطلبات ضوابط أمنية,corrective,3,medium,True,INCIDENT_REPORT|MEETING_MINUTES|ATTESTATION|RISK_ASSESSMENT,active
405,USA,USA-NIST-80053,Rev 5,20.14,SR,SR - Control 14,SR - ضابط 14,The organization shall implement sr controls to ensure compliance with NIST SP 800-53 Rev 5 requirements.,يجب على المنظمة تطبيق ضوابط SR لضمان الامتثال لمتطلبات ضوابط أمنية,preventive,4,low,True,POLICY|PROCEDURE|STANDARD|CONFIG|TRAINING_RECORD,active
406,USA,USA-NIST-80053,Rev 5,1.15,AC,AC - Control 15,AC - ضابط 15,The organization shall implement ac controls to ensure compliance with NIST SP 800-53 Rev 5 requirements.,يجب على المنظمة تطبيق ضوابط AC لضمان الامتثال لمتطلبات ضوابط أمنية,detective,1,critical,True,LOG|REPORT|SCAN_REPORT|AUDIT_REPORT|ACCESS_REVIEW,active
407,USA,USA-NIST-80053,Rev 5,2.15,AT,AT - Control 15,AT - ضابط 15,The organization shall implement at controls to ensure compliance with NIST SP 800-53 Rev 5 requirements.,يجب على المنظمة تطبيق ضوابط AT لضمان الامتثال لمتطلبات ضوابط أمنية,corrective,2,high,True,INCIDENT_REPORT|MEETING_MINUTES|ATTESTATION|RISK_ASSESSMENT,active
408,USA,USA-NIST-80053,Rev 5,3.15,AU,AU - Control 15,AU - ضابط 15,The organization shall implement au controls to ensure compliance with NIST SP 800-53 Rev 5 requirements.,يجب على المنظمة تطبيق ضوابط AU لضمان الامتثال لمتطلبات ضوابط أمنية,preventive,3,medium,True,POLICY|PROCEDURE|STANDARD|CONFIG|TRAINING_RECORD,active
409,USA,USA-NIST-80053,Rev 5,4.15,CA,CA - Control 15,CA - ضابط 15,The organization shall implement ca controls to ensure compliance with NIST SP 800-53 Rev 5 requirements.,يجب على المنظمة تطبيق ضوابط CA لضمان الامتثال لمتطلبات ضوابط أمنية,detective,4,low,True,LOG|REPORT|SCAN_REPORT|AUDIT_REPORT|ACCESS_REVIEW,active
410,USA,USA-NIST-80053,Rev 5,5.15,CM,CM - Control 15,CM - ضابط 15,The organization shall implement cm controls to ensure compliance with NIST SP 800-53 Rev 5 requirements.,يجب على المنظمة تطبيق ضوابط CM لضمان الامتثال لمتطلبات ضوابط أمنية,corrective,1,critical,True,INCIDENT_REPORT|MEETING_MINUTES|ATTESTATION|RISK_ASSESSMENT,active
411,USA,USA-NIST-80053,Rev 5,6.15,CP,CP - Control 15,CP - ضابط 15,The organization shall implement cp controls to ensure compliance with NIST SP 800-53 Rev 5 requirements.,يجب على المنظمة تطبيق ضوابط CP لضمان الامتثال لمتطلبات ضوابط أمنية,preventive,2,high,True,POLICY|PROCEDURE|STANDARD|CONFIG|TRAINING_RECORD,active
412,USA,USA-NIST-80053,Rev 5,7.15,IA,IA - Control 15,IA - ضابط 15,The organization shall implement ia controls to ensure compliance with NIST SP 800-53 Rev 5 requirements.,يجب على المنظمة تطبيق ضوابط IA لضمان الامتثال لمتطلبات ضوابط أمنية,detective,3,medium,True,LOG|REPORT|SCAN_REPORT|AUDIT_REPORT|ACCESS_REVIEW,active
413,USA,USA-NIST-80053,Rev 5,8.15,IR,IR - Control 15,IR - ضابط 15,The organization shall implement ir controls to ensure compliance with NIST SP 800-53 Rev 5 requirements.,يجب على المنظمة تطبيق ضوابط IR لضمان الامتثال لمتطلبات ضوابط أمنية,corrective,4,low,True,INCIDENT_REPORT|MEETING_MINUTES|ATTESTATION|RISK_ASSESSMENT,active
414,USA,USA-NIST-80053,Rev 5,9.15,MA,MA - Control 15,MA - ضابط 15,The organization shall implement ma controls to ensure compliance with NIST SP 800-53 Rev 5 requirements.,يجب على المنظمة تطبيق ضوابط MA لضمان الامتثال لمتطلبات ضوابط أمنية,preventive,1,critical,True,POLICY|PROCEDURE|STANDARD|CONFIG|TRAINING_RECORD,active
415,USA,USA-NIST-80053,Rev 5,10.15,MP,MP - Control 15,MP - ضابط 15,The organization shall implement mp controls to ensure compliance with NIST SP 800-53 Rev 5 requirements.,يجب على المنظمة تطبيق ضوابط MP لضمان الامتثال لمتطلبات ضوابط أمنية,detective,2,high,True,LOG|REPORT|SCAN_REPORT|AUDIT_REPORT|ACCESS_REVIEW,active
416,USA,USA-NIST-80053,Rev 5,11.15,PE,PE - Control 15,PE - ضابط 15,The organization shall implement pe controls to ensure compliance with NIST SP 800-53 Rev 5 requirements.,يجب على المنظمة تطبيق ضوابط PE لضمان الامتثال لمتطلبات ضوابط أمنية,corrective,3,medium,True,INCIDENT_REPORT|MEETING_MINUTES|ATTESTATION|RISK_ASSESSMENT,active
417,USA,USA-NIST-80053,Rev 5,12.15,PL,PL - Control 15,PL - ضابط 15,The organization shall implement pl controls to ensure compliance with NIST SP 800-53 Rev 5 requirements.,يجب على المنظمة تطبيق ضوابط PL لضمان الامتثال لمتطلبات ضوابط أمنية,preventive,4,low,True,POLICY|PROCEDURE|STANDARD|CONFIG|TRAINING_RECORD,active
418,USA,USA-NIST-80053,Rev 5,13.15,PM,PM - Control 15,PM - ضابط 15,The organization shall implement pm controls to ensure compliance with NIST SP 800-53 Rev 5 requirements.,يجب على المنظمة تطبيق ضوابط PM لضمان الامتثال لمتطلبات ضوابط أمنية,detective,1,critical,True,LOG|REPORT|SCAN_REPORT|AUDIT_REPORT|ACCESS_REVIEW,active
419,USA,USA-NIST-80053,Rev 5,14.15,PS,PS - Control 15,PS - ضابط 15,The organization shall implement ps controls to ensure compliance with NIST SP 800-53 Rev 5 requirements.,يجب على المنظمة تطبيق ضوابط PS لضمان الامتثال لمتطلبات ضوابط أمنية,corrective,2,high,True,INCIDENT_REPORT|MEETING_MINUTES|ATTESTATION|RISK_ASSESSMENT,active
420,USA,USA-NIST-80053,Rev 5,15.15,PT,PT - Control 15,PT - ضابط 15,The organization shall implement pt controls to ensure compliance with NIST SP 800-53 Rev 5 requirements.,يجب على المنظمة تطبيق ضوابط PT لضمان الامتثال لمتطلبات ضوابط أمنية,preventive,3,medium,True,POLICY|PROCEDURE|STANDARD|CONFIG|TRAINING_RECORD,active
421,USA,USA-NIST-80053,Rev 5,16.15,RA,RA - Control 15,RA - ضابط 15,The organization shall implement ra controls to ensure compliance with NIST SP 800-53 Rev 5 requirements.,يجب على المنظمة تطبيق ضوابط RA لضمان الامتثال لمتطلبات ضوابط أمنية,detective,4,low,True,LOG|REPORT|SCAN_REPORT|AUDIT_REPORT|ACCESS_REVIEW,active
422,USA,USA-NIST-80053,Rev 5,17.15,SA,SA - Control 15,SA - ضابط 15,The organization shall implement sa controls to ensure compliance with NIST SP 800-53 Rev 5 requirements.,يجب على المنظمة تطبيق ضوابط SA لضمان الامتثال لمتطلبات ضوابط أمنية,corrective,1,critical,True,INCIDENT_REPORT|MEETING_MINUTES|ATTESTATION|RISK_ASSESSMENT,active
423,USA,USA-NIST-80053,Rev 5,18.15,SC,SC - Control 15,SC - ضابط 15,The organization shall implement sc controls to ensure compliance with NIST SP 800-53 Rev 5 requirements.,يجب على المنظمة تطبيق ضوابط SC لضمان الامتثال لمتطلبات ضوابط أمنية,preventive,2,high,True,POLICY|PROCEDURE|STANDARD|CONFIG|TRAINING_RECORD,active
424,USA,USA-NIST-80053,Rev 5,19.15,SI,SI - Control 15,SI - ضابط 15,The organization shall implement si controls to ensure compliance with NIST SP 800-53 Rev 5 requirements.,يجب على المنظمة تطبيق ضوابط SI لضمان الامتثال لمتطلبات ضوابط أمنية,detective,3,medium,True,LOG|REPORT|SCAN_REPORT|AUDIT_REPORT|ACCESS_REVIEW,active
425,USA,USA-NIST-80053,Rev 5,20.15,SR,SR - Control 15,SR - ضابط 15,The organization shall implement sr controls to ensure compliance with NIST SP 800-53 Rev 5 requirements.,يجب على المنظمة تطبيق ضوابط SR لضمان الامتثال لمتطلبات ضوابط أمنية,corrective,4,low,True,INCIDENT_REPORT|MEETING_MINUTES|ATTESTATION|RISK_ASSESSMENT,active
426,USA,USA-NIST-80053,Rev 5,1.16,AC,AC - Control 16,AC - ضابط 16,The organization shall implement ac controls to ensure compliance with NIST SP 800-53 Rev 5 requirements.,يجب على المنظمة تطبيق ضوابط AC لضمان الامتثال لمتطلبات ضوابط أمنية,preventive,1,critical,True,POLICY|PROCEDURE|STANDARD|CONFIG|TRAINING_RECORD,active
427,USA,USA-NIST-80053,Rev 5,2.16,AT,AT - Control 16,AT - ضابط 16,The organization shall implement at controls to ensure compliance with NIST SP 800-53 Rev 5 requirements.,يجب على المنظمة تطبيق ضوابط AT لضمان الامتثال لمتطلبات ضوابط أمنية,detective,2,high,True,LOG|REPORT|SCAN_REPORT|AUDIT_REPORT|ACCESS_REVIEW,active
428,USA,USA-NIST-80053,Rev 5,3.16,AU,AU - Control 16,AU - ضابط 16,The organization shall implement au controls to ensure compliance with NIST SP 800-53 Rev 5 requirements.,يجب على المنظمة تطبيق ضوابط AU لضمان الامتثال لمتطلبات ضوابط أمنية,corrective,3,medium,True,INCIDENT_REPORT|MEETING_MINUTES|ATTESTATION|RISK_ASSESSMENT,active
429,USA,USA-NIST-80053,Rev 5,4.16,CA,CA - Control 16,CA - ضابط 16,The organization shall implement ca controls to ensure compliance with NIST SP 800-53 Rev 5 requirements.,يجب على المنظمة تطبيق ضوابط CA لضمان الامتثال لمتطلبات ضوابط أمنية,preventive,4,low,True,POLICY|PROCEDURE|STANDARD|CONFIG|TRAINING_RECORD,active
430,USA,USA-NIST-80053,Rev 5,5.16,CM,CM - Control 16,CM - ضابط 16,The organization shall implement cm controls to ensure compliance with NIST SP 800-53 Rev 5 requirements.,يجب على المنظمة تطبيق ضوابط CM لضمان الامتثال لمتطلبات ضوابط أمنية,detective,1,critical,True,LOG|REPORT|SCAN_REPORT|AUDIT_REPORT|ACCESS_REVIEW,active
431,USA,USA-NIST-80053,Rev 5,6.16,CP,CP - Control 16,CP - ضابط 16,The organization shall implement cp controls to ensure compliance with NIST SP 800-53 Rev 5 requirements.,يجب على المنظمة تطبيق ضوابط CP لضمان الامتثال لمتطلبات ضوابط أمنية,corrective,2,high,True,INCIDENT_REPORT|MEETING_MINUTES|ATTESTATION|RISK_ASSESSMENT,active
432,USA,USA-NIST-80053,Rev 5,7.16,IA,IA - Control 16,IA - ضابط 16,The organization shall implement ia controls to ensure compliance with NIST SP 800-53 Rev 5 requirements.,يجب على المنظمة تطبيق ضوابط IA لضمان الامتثال لمتطلبات ضوابط أمنية,preventive,3,medium,True,POLICY|PROCEDURE|STANDARD|CONFIG|TRAINING_RECORD,active
433,USA,USA-NIST-80053,Rev 5,8.16,IR,IR - Control 16,IR - ضابط 16,The organization shall implement ir controls to ensure compliance with NIST SP 800-53 Rev 5 requirements.,يجب على المنظمة تطبيق ضوابط IR لضمان الامتثال لمتطلبات ضوابط أمنية,detective,4,low,True,LOG|REPORT|SCAN_REPORT|AUDIT_REPORT|ACCESS_REVIEW,active
434,USA,USA-NIST-80053,Rev 5,9.16,MA,MA - Control 16,MA - ضابط 16,The organization shall implement ma controls to ensure compliance with NIST SP 800-53 Rev 5 requirements.,يجب على المنظمة تطبيق ضوابط MA لضمان الامتثال لمتطلبات ضوابط أمنية,corrective,1,critical,True,INCIDENT_REPORT|MEETING_MINUTES|ATTESTATION|RISK_ASSESSMENT,active
435,USA,USA-NIST-80053,Rev 5,10.16,MP,MP - Control 16,MP - ضابط 16,The organization shall implement mp controls to ensure compliance with NIST SP 800-53 Rev 5 requirements.,يجب على المنظمة تطبيق ضوابط MP لضمان الامتثال لمتطلبات ضوابط أمنية,preventive,2,high,True,POLICY|PROCEDURE|STANDARD|CONFIG|TRAINING_RECORD,active
436,USA,USA-NIST-80053,Rev 5,11.16,PE,PE - Control 16,PE - ضابط 16,The organization shall implement pe controls to ensure compliance with NIST SP 800-53 Rev 5 requirements.,يجب على المنظمة تطبيق ضوابط PE لضمان الامتثال لمتطلبات ضوابط أمنية,detective,3,medium,True,LOG|REPORT|SCAN_REPORT|AUDIT_REPORT|ACCESS_REVIEW,active
437,USA,USA-NIST-80053,Rev 5,12.16,PL,PL - Control 16,PL - ضابط 16,The organization shall implement pl controls to ensure compliance with NIST SP 800-53 Rev 5 requirements.,يجب على المنظمة تطبيق ضوابط PL لضمان الامتثال لمتطلبات ضوابط أمنية,corrective,4,low,True,INCIDENT_REPORT|MEETING_MINUTES|ATTESTATION|RISK_ASSESSMENT,active
438,USA,USA-NIST-80053,Rev 5,13.16,PM,PM - Control 16,PM - ضابط 16,The organization shall implement pm controls to ensure compliance with NIST SP 800-53 Rev 5 requirements.,يجب على المنظمة تطبيق ضوابط PM لضمان الامتثال لمتطلبات ضوابط أمنية,preventive,1,critical,True,POLICY|PROCEDURE|STANDARD|CONFIG|TRAINING_RECORD,active
439,USA,USA-NIST-80053,Rev 5,14.16,PS,PS - Control 16,PS - ضابط 16,The organization shall implement ps controls to ensure compliance with NIST SP 800-53 Rev 5 requirements.,يجب على المنظمة تطبيق ضوابط PS لضمان الامتثال لمتطلبات ضوابط أمنية,detective,2,high,True,LOG|REPORT|SCAN_REPORT|AUDIT_REPORT|ACCESS_REVIEW,active
440,USA,USA-NIST-80053,Rev 5,15.16,PT,PT - Control 16,PT - ضابط 16,The organization shall implement pt controls to ensure compliance with NIST SP 800-53 Rev 5 requirements.,يجب على المنظمة تطبيق ضوابط PT لضمان الامتثال لمتطلبات ضوابط أمنية,corrective,3,medium,True,INCIDENT_REPORT|MEETING_MINUTES|ATTESTATION|RISK_ASSESSMENT,active
441,USA,USA-NIST-80053,Rev 5,16.16,RA,RA - Control 16,RA - ضابط 16,The organization shall implement ra controls to ensure compliance with NIST SP 800-53 Rev 5 requirements.,يجب على المنظمة تطبيق ضوابط RA لضمان الامتثال لمتطلبات ضوابط أمنية,preventive,4,low,True,POLICY|PROCEDURE|STANDARD|CONFIG|TRAINING_RECORD,active
442,USA,USA-NIST-80053,Rev 5,17.16,SA,SA - Control 16,SA - ضابط 16,The organization shall implement sa controls to ensure compliance with NIST SP 800-53 Rev 5 requirements.,يجب على المنظمة تطبيق ضوابط SA لضمان الامتثال لمتطلبات ضوابط أمنية,detective,1,critical,True,LOG|REPORT|SCAN_REPORT|AUDIT_REPORT|ACCESS_REVIEW,active
443,USA,USA-NIST-80053,Rev 5,18.16,SC,SC - Control 16,SC - ضابط 16,The organization shall implement sc controls to ensure compliance with NIST SP 800-53 Rev 5 requirements.,يجب على المنظمة تطبيق ضوابط SC لضمان الامتثال لمتطلبات ضوابط أمنية,corrective,2,high,True,INCIDENT_REPORT|MEETING_MINUTES|ATTESTATION|RISK_ASSESSMENT,active
444,USA,USA-NIST-80053,Rev 5,19.16,SI,SI - Control 16,SI - ضابط 16,The organization shall implement si controls to ensure compliance with NIST SP 800-53 Rev 5 requirements.,يجب على المنظمة تطبيق ضوابط SI لضمان الامتثال لمتطلبات ضوابط أمنية,preventive,3,medium,True,POLICY|PROCEDURE|STANDARD|CONFIG|TRAINING_RECORD,active
445,USA,USA-NIST-80053,Rev 5,20.16,SR,SR - Control 16,SR - ضابط 16,The organization shall implement sr controls to ensure compliance with NIST SP 800-53 Rev 5 requirements.,يجب على المنظمة تطبيق ضوابط SR لضمان الامتثال لمتطلبات ضوابط أمنية,detective,4,low,True,LOG|REPORT|SCAN_REPORT|AUDIT_REPORT|ACCESS_REVIEW,active
446,USA,USA-NIST-80053,Rev 5,1.17,AC,AC - Control 17,AC - ضابط 17,The organization shall implement ac controls to ensure compliance with NIST SP 800-53 Rev 5 requirements.,يجب على المنظمة تطبيق ضوابط AC لضمان الامتثال لمتطلبات ضوابط أمنية,corrective,1,critical,True,INCIDENT_REPORT|MEETING_MINUTES|ATTESTATION|RISK_ASSESSMENT,active
447,USA,USA-NIST-80053,Rev 5,2.17,AT,AT - Control 17,AT - ضابط 17,The organization shall implement at controls to ensure compliance with NIST SP 800-53 Rev 5 requirements.,يجب على المنظمة تطبيق ضوابط AT لضمان الامتثال لمتطلبات ضوابط أمنية,preventive,2,high,True,POLICY|PROCEDURE|STANDARD|CONFIG|TRAINING_RECORD,active
448,USA,USA-NIST-80053,Rev 5,3.17,AU,AU - Control 17,AU - ضابط 17,The organization shall implement au controls to ensure compliance with NIST SP 800-53 Rev 5 requirements.,يجب على المنظمة تطبيق ضوابط AU لضمان الامتثال لمتطلبات ضوابط أمنية,detective,3,medium,True,LOG|REPORT|SCAN_REPORT|AUDIT_REPORT|ACCESS_REVIEW,active
449,USA,USA-NIST-80053,Rev 5,4.17,CA,CA - Control 17,CA - ضابط 17,The organization shall implement ca controls to ensure compliance with NIST SP 800-53 Rev 5 requirements.,يجب على المنظمة تطبيق ضوابط CA لضمان الامتثال لمتطلبات ضوابط أمنية,corrective,4,low,True,INCIDENT_REPORT|MEETING_MINUTES|ATTESTATION|RISK_ASSESSMENT,active
450,USA,USA-NIST-80053,Rev 5,5.17,CM,CM - Control 17,CM - ضابط 17,The organization shall implement cm controls to ensure compliance with NIST SP 800-53 Rev 5 requirements.,يجب على المنظمة تطبيق ضوابط CM لضمان الامتثال لمتطلبات ضوابط أمنية,preventive,1,critical,True,POLICY|PROCEDURE|STANDARD|CONFIG|TRAINING_RECORD,active
451,USA,USA-NIST-80053,Rev 5,6.17,CP,CP - Control 17,CP - ضابط 17,The organization shall implement cp controls to ensure compliance with NIST SP 800-53 Rev 5 requirements.,يجب على المنظمة تطبيق ضوابط CP لضمان الامتثال لمتطلبات ضوابط أمنية,detective,2,high,True,LOG|REPORT|SCAN_REPORT|AUDIT_REPORT|ACCESS_REVIEW,active
452,USA,USA-NIST-80053,Rev 5,7.17,IA,IA - Control 17,IA - ضابط 17,The organization shall implement ia controls to ensure compliance with NIST SP 800-53 Rev 5 requirements.,يجب على المنظمة تطبيق ضوابط IA لضمان الامتثال لمتطلبات ضوابط أمنية,corrective,3,medium,True,INCIDENT_REPORT|MEETING_MINUTES|ATTESTATION|RISK_ASSESSMENT,active
453,USA,USA-NIST-80053,Rev 5,8.17,IR,IR - Control 17,IR - ضابط 17,The organization shall implement ir controls to ensure compliance with NIST SP 800-53 Rev 5 requirements.,يجب على المنظمة تطبيق ضوابط IR لضمان الامتثال لمتطلبات ضوابط أمنية,preventive,4,low,True,POLICY|PROCEDURE|STANDARD|CONFIG|TRAINING_RECORD,active
454,USA,USA-NIST-80053,Rev 5,9.17,MA,MA - Control 17,MA - ضابط 17,The organization shall implement ma controls to ensure compliance with NIST SP 800-53 Rev 5 requirements.,يجب على المنظمة تطبيق ضوابط MA لضمان الامتثال لمتطلبات ضوابط أمنية,detective,1,critical,True,LOG|REPORT|SCAN_REPORT|AUDIT_REPORT|ACCESS_REVIEW,active
455,USA,USA-NIST-80053,Rev 5,10.17,MP,MP - Control 17,MP - ضابط 17,The organization shall implement mp controls to ensure compliance with NIST SP 800-53 Rev 5 requirements.,يجب على المنظمة تطبيق ضوابط MP لضمان الامتثال لمتطلبات ضوابط أمنية,corrective,2,high,True,INCIDENT_REPORT|MEETING_MINUTES|ATTESTATION|RISK_ASSESSMENT,active
456,USA,USA-NIST-80053,Rev 5,11.17,PE,PE - Control 17,PE - ضابط 17,The organization shall implement pe controls to ensure compliance with NIST SP 800-53 Rev 5 requirements.,يجب على المنظمة تطبيق ضوابط PE لضمان الامتثال لمتطلبات ضوابط أمنية,preventive,3,medium,True,POLICY|PROCEDURE|STANDARD|CONFIG|TRAINING_RECORD,active
457,USA,USA-NIST-80053,Rev 5,12.17,PL,PL - Control 17,PL - ضابط 17,The organization shall implement pl controls to ensure compliance with NIST SP 800-53 Rev 5 requirements.,يجب على المنظمة تطبيق ضوابط PL لضمان الامتثال لمتطلبات ضوابط أمنية,detective,4,low,True,LOG|REPORT|SCAN_REPORT|AUDIT_REPORT|ACCESS_REVIEW,active
458,USA,USA-NIST-80053,Rev 5,13.17,PM,PM - Control 17,PM - ضابط 17,The organization shall implement pm controls to ensure compliance with NIST SP 800-53 Rev 5 requirements.,يجب على المنظمة تطبيق ضوابط PM لضمان الامتثال لمتطلبات ضوابط أمنية,corrective,1,critical,True,INCIDENT_REPORT|MEETING_MINUTES|ATTESTATION|RISK_ASSESSMENT,active
459,USA,USA-NIST-80053,Rev 5,14.17,PS,PS - Control 17,PS - ضابط 17,The organization shall implement ps controls to ensure compliance with NIST SP 800-53 Rev 5 requirements.,يجب على المنظمة تطبيق ضوابط PS لضمان الامتثال لمتطلبات ضوابط أمنية,preventive,2,high,True,POLICY|PROCEDURE|STANDARD|CONFIG|TRAINING_RECORD,active
460,USA,USA-NIST-80053,Rev 5,15.17,PT,PT - Control 17,PT - ضابط 17,The organization shall implement pt controls to ensure compliance with NIST SP 800-53 Rev 5 requirements.,يجب على المنظمة تطبيق ضوابط PT لضمان الامتثال لمتطلبات ضوابط أمنية,detective,3,medium,True,LOG|REPORT|SCAN_REPORT|AUDIT_REPORT|ACCESS_REVIEW,active
461,USA,USA-NIST-80053,Rev 5,16.17,RA,RA - Control 17,RA - ضابط 17,The organization shall implement ra controls to ensure compliance with NIST SP 800-53 Rev 5 requirements.,يجب على المنظمة تطبيق ضوابط RA لضمان الامتثال لمتطلبات ضوابط أمنية,corrective,4,low,True,INCIDENT_REPORT|MEETING_MINUTES|ATTESTATION|RISK_ASSESSMENT,active
462,USA,USA-NIST-80053,Rev 5,17.17,SA,SA - Control 17,SA - ضابط 17,The organization shall implement sa controls to ensure compliance with NIST SP 800-53 Rev 5 requirements.,يجب على المنظمة تطبيق ضوابط SA لضمان الامتثال لمتطلبات ضوابط أمنية,preventive,1,critical,True,POLICY|PROCEDURE|STANDARD|CONFIG|TRAINING_RECORD,active
463,USA,USA-NIST-80053,Rev 5,18.17,SC,SC - Control 17,SC - ضابط 17,The organization shall implement sc controls to ensure compliance with NIST SP 800-53 Rev 5 requirements.,يجب على المنظمة تطبيق ضوابط SC لضمان الامتثال لمتطلبات ضوابط أمنية,detective,2,high,True,LOG|REPORT|SCAN_REPORT|AUDIT_REPORT|ACCESS_REVIEW,active
464,USA,USA-NIST-80053,Rev 5,19.17,SI,SI - Control 17,SI - ضابط 17,The organization shall implement si controls to ensure compliance with NIST SP 800-53 Rev 5 requirements.,يجب على المنظمة تطبيق ضوابط SI لضمان الامتثال لمتطلبات ضوابط أمنية,corrective,3,medium,True,INCIDENT_REPORT|MEETING_MINUTES|ATTESTATION|RISK_ASSESSMENT,active
465,USA,USA-NIST-80053,Rev 5,20.17,SR,SR - Control 17,SR - ضابط 17,The organization shall implement sr controls to ensure compliance with NIST SP 800-53 Rev 5 requirements.,يجب على المنظمة تطبيق ضوابط SR لضمان الامتثال لمتطلبات ضوابط أمنية,preventive,4,low,True,POLICY|PROCEDURE|STANDARD|CONFIG|TRAINING_RECORD,active
466,USA,USA-NIST-80053,Rev 5,1.18,AC,AC - Control 18,AC - ضابط 18,The organization shall implement ac controls to ensure compliance with NIST SP 800-53 Rev 5 requirements.,يجب على المنظمة تطبيق ضوابط AC لضمان الامتثال لمتطلبات ضوابط أمنية,detective,1,critical,True,LOG|REPORT|SCAN_REPORT|AUDIT_REPORT|ACCESS_REVIEW,active
467,USA,USA-NIST-80053,Rev 5,2.18,AT,AT - Control 18,AT - ضابط 18,The organization shall implement at controls to ensure compliance with NIST SP 800-53 Rev 5 requirements.,يجب على المنظمة تطبيق ضوابط AT لضمان الامتثال لمتطلبات ضوابط أمنية,corrective,2,high,True,INCIDENT_REPORT|MEETING_MINUTES|ATTESTATION|RISK_ASSESSMENT,active
468,USA,USA-NIST-80053,Rev 5,3.18,AU,AU - Control 18,AU - ضابط 18,The organization shall implement au controls to ensure compliance with NIST SP 800-53 Rev 5 requirements.,يجب على المنظمة تطبيق ضوابط AU لضمان الامتثال لمتطلبات ضوابط أمنية,preventive,3,medium,True,POLICY|PROCEDURE|STANDARD|CONFIG|TRAINING_RECORD,active
469,USA,USA-NIST-80053,Rev 5,4.18,CA,CA - Control 18,CA - ضابط 18,The organization shall implement ca controls to ensure compliance with NIST SP 800-53 Rev 5 requirements.,يجب على المنظمة تطبيق ضوابط CA لضمان الامتثال لمتطلبات ضوابط أمنية,detective,4,low,True,LOG|REPORT|SCAN_REPORT|AUDIT_REPORT|ACCESS_REVIEW,active
470,USA,USA-NIST-80053,Rev 5,5.18,CM,CM - Control 18,CM - ضابط 18,The organization shall implement cm controls to ensure compliance with NIST SP 800-53 Rev 5 requirements.,يجب على المنظمة تطبيق ضوابط CM لضمان الامتثال لمتطلبات ضوابط أمنية,corrective,1,critical,True,INCIDENT_REPORT|MEETING_MINUTES|ATTESTATION|RISK_ASSESSMENT,active
471,USA,USA-NIST-80053,Rev 5,6.18,CP,CP - Control 18,CP - ضابط 18,The organization shall implement cp controls to ensure compliance with NIST SP 800-53 Rev 5 requirements.,يجب على المنظمة تطبيق ضوابط CP لضمان الامتثال لمتطلبات ضوابط أمنية,preventive,2,high,True,POLICY|PROCEDURE|STANDARD|CONFIG|TRAINING_RECORD,active
472,USA,USA-NIST-80053,Rev 5,7.18,IA,IA - Control 18,IA - ضابط 18,The organization shall implement ia controls to ensure compliance with NIST SP 800-53 Rev 5 requirements.,يجب على المنظمة تطبيق ضوابط IA لضمان الامتثال لمتطلبات ضوابط أمنية,detective,3,medium,True,LOG|REPORT|SCAN_REPORT|AUDIT_REPORT|ACCESS_REVIEW,active
473,USA,USA-NIST-80053,Rev 5,8.18,IR,IR - Control 18,IR - ضابط 18,The organization shall implement ir controls to ensure compliance with NIST SP 800-53 Rev 5 requirements.,يجب على المنظمة تطبيق ضوابط IR لضمان الامتثال لمتطلبات ضوابط أمنية,corrective,4,low,True,INCIDENT_REPORT|MEETING_MINUTES|ATTESTATION|RISK_ASSESSMENT,active
474,USA,USA-NIST-80053,Rev 5,9.18,MA,MA - Control 18,MA - ضابط 18,The organization shall implement ma controls to ensure compliance with NIST SP 800-53 Rev 5 requirements.,يجب على المنظمة تطبيق ضوابط MA لضمان الامتثال لمتطلبات ضوابط أمنية,preventive,1,critical,True,POLICY|PROCEDURE|STANDARD|CONFIG|TRAINING_RECORD,active
475,USA,USA-NIST-80053,Rev 5,10.18,MP,MP - Control 18,MP - ضابط 18,The organization shall implement mp controls to ensure compliance with NIST SP 800-53 Rev 5 requirements.,يجب على المنظمة تطبيق ضوابط MP لضمان الامتثال لمتطلبات ضوابط أمنية,detective,2,high,True,LOG|REPORT|SCAN_REPORT|AUDIT_REPORT|ACCESS_REVIEW,active
476,USA,USA-NIST-80053,Rev 5,11.18,PE,PE - Control 18,PE - ضابط 18,The organization shall implement pe controls to ensure compliance with NIST SP 800-53 Rev 5 requirements.,يجب على المنظمة تطبيق ضوابط PE لضمان الامتثال لمتطلبات ضوابط أمنية,corrective,3,medium,True,INCIDENT_REPORT|MEETING_MINUTES|ATTESTATION|RISK_ASSESSMENT,active
477,USA,USA-NIST-80053,Rev 5,12.18,PL,PL - Control 18,PL - ضابط 18,The organization shall implement pl controls to ensure compliance with NIST SP 800-53 Rev 5 requirements.,يجب على المنظمة تطبيق ضوابط PL لضمان الامتثال لمتطلبات ضوابط أمنية,preventive,4,low,True,POLICY|PROCEDURE|STANDARD|CONFIG|TRAINING_RECORD,active
478,USA,USA-NIST-80053,Rev 5,13.18,PM,PM - Control 18,PM - ضابط 18,The organization shall implement pm controls to ensure compliance with NIST SP 800-53 Rev 5 requirements.,يجب على المنظمة تطبيق ضوابط PM لضمان الامتثال لمتطلبات ضوابط أمنية,detective,1,critical,True,LOG|REPORT|SCAN_REPORT|AUDIT_REPORT|ACCESS_REVIEW,active
479,USA,USA-NIST-80053,Rev 5,14.18,PS,PS - Control 18,PS - ضابط 18,The organization shall implement ps controls to ensure compliance with NIST SP 800-53 Rev 5 requirements.,يجب على المنظمة تطبيق ضوابط PS لضمان الامتثال لمتطلبات ضوابط أمنية,corrective,2,high,True,INCIDENT_REPORT|MEETING_MINUTES|ATTESTATION|RISK_ASSESSMENT,active
480,USA,USA-NIST-80053,Rev 5,15.18,PT,PT - Control 18,PT - ضابط 18,The organization shall implement pt controls to ensure compliance with NIST SP 800-53 Rev 5 requirements.,يجب على المنظمة تطبيق ضوابط PT لضمان الامتثال لمتطلبات ضوابط أمنية,preventive,3,medium,True,POLICY|PROCEDURE|STANDARD|CONFIG|TRAINING_RECORD,active
481,USA,USA-NIST-80053,Rev 5,16.18,RA,RA - Control 18,RA - ضابط 18,The organization shall implement ra controls to ensure compliance with NIST SP 800-53 Rev 5 requirements.,يجب على المنظمة تطبيق ضوابط RA لضمان الامتثال لمتطلبات ضوابط أمنية,detective,4,low,True,LOG|REPORT|SCAN_REPORT|AUDIT_REPORT|ACCESS_REVIEW,active
482,USA,USA-NIST-80053,Rev 5,17.18,SA,SA - Control 18,SA - ضابط 18,The organization shall implement sa controls to ensure compliance with NIST SP 800-53 Rev 5 requirements.,يجب على المنظمة تطبيق ضوابط SA لضمان الامتثال لمتطلبات ضوابط أمنية,corrective,1,critical,True,INCIDENT_REPORT|MEETING_MINUTES|ATTESTATION|RISK_ASSESSMENT,active
483,USA,USA-NIST-80053,Rev 5,18.18,SC,SC - Control 18,SC - ضابط 18,The organization shall implement sc controls to ensure compliance with NIST SP 800-53 Rev 5 requirements.,يجب على المنظمة تطبيق ضوابط SC لضمان الامتثال لمتطلبات ضوابط أمنية,preventive,2,high,True,POLICY|PROCEDURE|STANDARD|CONFIG|TRAINING_RECORD,active
484,USA,USA-NIST-80053,Rev 5,19.18,SI,SI - Control 18,SI - ضابط 18,The organization shall implement si controls to ensure compliance with NIST SP 800-53 Rev 5 requirements.,يجب على المنظمة تطبيق ضوابط SI لضمان الامتثال لمتطلبات ضوابط أمنية,detective,3,medium,True,LOG|REPORT|SCAN_REPORT|AUDIT_REPORT|ACCESS_REVIEW,active
485,USA,USA-NIST-80053,Rev 5,20.18,SR,SR - Control 18,SR - ضابط 18,The organization shall implement sr controls to ensure compliance with NIST SP 800-53 Rev 5 requirements.,يجب على المنظمة تطبيق ضوابط SR لضمان الامتثال لمتطلبات ضوابط أمنية,corrective,4,low,True,INCIDENT_REPORT|MEETING_MINUTES|ATTESTATION|RISK_ASSESSMENT,active
486,USA,USA-NIST-80053,Rev 5,1.19,AC,AC - Control 19,AC - ضابط 19,The organization shall implement ac controls to ensure compliance with NIST SP 800-53 Rev 5 requirements.,يجب على المنظمة تطبيق ضوابط AC لضمان الامتثال لمتطلبات ضوابط أمنية,preventive,1,critical,True,POLICY|PROCEDURE|STANDARD|CONFIG|TRAINING_RECORD,active
487,USA,USA-NIST-80053,Rev 5,2.19,AT,AT - Control 19,AT - ضابط 19,The organization shall implement at controls to ensure compliance with NIST SP 800-53 Rev 5 requirements.,يجب على المنظمة تطبيق ضوابط AT لضمان الامتثال لمتطلبات ضوابط أمنية,detective,2,high,True,LOG|REPORT|SCAN_REPORT|AUDIT_REPORT|ACCESS_REVIEW,active
488,USA,USA-NIST-80053,Rev 5,3.19,AU,AU - Control 19,AU - ضابط 19,The organization shall implement au controls to ensure compliance with NIST SP 800-53 Rev 5 requirements.,يجب على المنظمة تطبيق ضوابط AU لضمان الامتثال لمتطلبات ضوابط أمنية,corrective,3,medium,True,INCIDENT_REPORT|MEETING_MINUTES|ATTESTATION|RISK_ASSESSMENT,active
489,USA,USA-NIST-80053,Rev 5,4.19,CA,CA - Control 19,CA - ضابط 19,The organization shall implement ca controls to ensure compliance with NIST SP 800-53 Rev 5 requirements.,يجب على المنظمة تطبيق ضوابط CA لضمان الامتثال لمتطلبات ضوابط أمنية,preventive,4,low,True,POLICY|PROCEDURE|STANDARD|CONFIG|TRAINING_RECORD,active
490,USA,USA-NIST-80053,Rev 5,5.19,CM,CM - Control 19,CM - ضابط 19,The organization shall implement cm controls to ensure compliance with NIST SP 800-53 Rev 5 requirements.,يجب على المنظمة تطبيق ضوابط CM لضمان الامتثال لمتطلبات ضوابط أمنية,detective,1,critical,True,LOG|REPORT|SCAN_REPORT|AUDIT_REPORT|ACCESS_REVIEW,active
491,USA,USA-NIST-80053,Rev 5,6.19,CP,CP - Control 19,CP - ضابط 19,The organization shall implement cp controls to ensure compliance with NIST SP 800-53 Rev 5 requirements.,يجب على المنظمة تطبيق ضوابط CP لضمان الامتثال لمتطلبات ضوابط أمنية,corrective,2,high,True,INCIDENT_REPORT|MEETING_MINUTES|ATTESTATION|RISK_ASSESSMENT,active
492,USA,USA-NIST-80053,Rev 5,7.19,IA,IA - Control 19,IA - ضابط 19,The organization shall implement ia controls to ensure compliance with NIST SP 800-53 Rev 5 requirements.,يجب على المنظمة تطبيق ضوابط IA لضمان الامتثال لمتطلبات ضوابط أمنية,preventive,3,medium,True,POLICY|PROCEDURE|STANDARD|CONFIG|TRAINING_RECORD,active
493,USA,USA-NIST-80053,Rev 5,8.19,IR,IR - Control 19,IR - ضابط 19,The organization shall implement ir controls to ensure compliance with NIST SP 800-53 Rev 5 requirements.,يجب على المنظمة تطبيق ضوابط IR لضمان الامتثال لمتطلبات ضوابط أمنية,detective,4,low,True,LOG|REPORT|SCAN_REPORT|AUDIT_REPORT|ACCESS_REVIEW,active
494,USA,USA-NIST-80053,Rev 5,9.19,MA,MA - Control 19,MA - ضابط 19,The organization shall implement ma controls to ensure compliance with NIST SP 800-53 Rev 5 requirements.,يجب على المنظمة تطبيق ضوابط MA لضمان الامتثال لمتطلبات ضوابط أمنية,corrective,1,critical,True,INCIDENT_REPORT|MEETING_MINUTES|ATTESTATION|RISK_ASSESSMENT,active
495,USA,USA-NIST-80053,Rev 5,10.19,MP,MP - Control 19,MP - ضابط 19,The organization shall implement mp controls to ensure compliance with NIST SP 800-53 Rev 5 requirements.,يجب على المنظمة تطبيق ضوابط MP لضمان الامتثال لمتطلبات ضوابط أمنية,preventive,2,high,True,POLICY|PROCEDURE|STANDARD|CONFIG|TRAINING_RECORD,active
496,USA,USA-NIST-80053,Rev 5,11.19,PE,PE - Control 19,PE - ضابط 19,The organization shall implement pe controls to ensure compliance with NIST SP 800-53 Rev 5 requirements.,يجب على المنظمة تطبيق ضوابط PE لضمان الامتثال لمتطلبات ضوابط أمنية,detective,3,medium,True,LOG|REPORT|SCAN_REPORT|AUDIT_REPORT|ACCESS_REVIEW,active
497,USA,USA-NIST-80053,Rev 5,12.19,PL,PL - Control 19,PL - ضابط 19,The organization shall implement pl controls to ensure compliance with NIST SP 800-53 Rev 5 requirements.,يجب على المنظمة تطبيق ضوابط PL لضمان الامتثال لمتطلبات ضوابط أمنية,corrective,4,low,True,INCIDENT_REPORT|MEETING_MINUTES|ATTESTATION|RISK_ASSESSMENT,active
498,USA,USA-NIST-80053,Rev 5,13.19,PM,PM - Control 19,PM - ضابط 19,The organization shall implement pm controls to ensure compliance with NIST SP 800-53 Rev 5 requirements.,يجب على المنظمة تطبيق ضوابط PM لضمان الامتثال لمتطلبات ضوابط أمنية,preventive,1,critical,True,POLICY|PROCEDURE|STANDARD|CONFIG|TRAINING_RECORD,active
499,USA,USA-NIST-80053,Rev 5,14.19,PS,PS - Control 19,PS - ضابط 19,The organization shall implement ps controls to ensure compliance with NIST SP 800-53 Rev 5 requirements.,يجب على المنظمة تطبيق ضوابط PS لضمان الامتثال لمتطلبات ضوابط أمنية,detective,2,high,True,LOG|REPORT|SCAN_REPORT|AUDIT_REPORT|ACCESS_REVIEW,active
500,USA,USA-NIST-80053,Rev 5,15.19,PT,PT - Control 19,PT - ضابط 19,The organization shall implement pt controls to ensure compliance with NIST SP 800-53 Rev 5 requirements.,يجب على المنظمة تطبيق ضوابط PT لضمان الامتثال لمتطلبات ضوابط أمنية,corrective,3,medium,True,INCIDENT_REPORT|MEETING_MINUTES|ATTESTATION|RISK_ASSESSMENT,active
501,USA,USA-NIST-80053,Rev 5,16.19,RA,RA - Control 19,RA - ضابط 19,The organization shall implement ra controls to ensure compliance with NIST SP 800-53 Rev 5 requirements.,يجب على المنظمة تطبيق ضوابط RA لضمان الامتثال لمتطلبات ضوابط أمنية,preventive,4,low,True,POLICY|PROCEDURE|STANDARD|CONFIG|TRAINING_RECORD,active
502,USA,USA-NIST-80053,Rev 5,17.19,SA,SA - Control 19,SA - ضابط 19,The organization shall implement sa controls to ensure compliance with NIST SP 800-53 Rev 5 requirements.,يجب على المنظمة تطبيق ضوابط SA لضمان الامتثال لمتطلبات ضوابط أمنية,detective,1,critical,True,LOG|REPORT|SCAN_REPORT|AUDIT_REPORT|ACCESS_REVIEW,active
503,USA,USA-NIST-80053,Rev 5,18.19,SC,SC - Control 19,SC - ضابط 19,The organization shall implement sc controls to ensure compliance with NIST SP 800-53 Rev 5 requirements.,يجب على المنظمة تطبيق ضوابط SC لضمان الامتثال لمتطلبات ضوابط أمنية,corrective,2,high,True,INCIDENT_REPORT|MEETING_MINUTES|ATTESTATION|RISK_ASSESSMENT,active
504,USA,USA-NIST-80053,Rev 5,19.19,SI,SI - Control 19,SI - ضابط 19,The organization shall implement si controls to ensure compliance with NIST SP 800-53 Rev 5 requirements.,يجب على المنظمة تطبيق ضوابط SI لضمان الامتثال لمتطلبات ضوابط أمنية,preventive,3,medium,True,POLICY|PROCEDURE|STANDARD|CONFIG|TRAINING_RECORD,active
505,USA,USA-NIST-80053,Rev 5,20.19,SR,SR - Control 19,SR - ضابط 19,The organization shall implement sr controls to ensure compliance with NIST SP 800-53 Rev 5 requirements.,يجب على المنظمة تطبيق ضوابط SR لضمان الامتثال لمتطلبات ضوابط أمنية,detective,4,low,True,LOG|REPORT|SCAN_REPORT|AUDIT_REPORT|ACCESS_REVIEW,active
506,USA,USA-NIST-80053,Rev 5,1.20,AC,AC - Control 20,AC - ضابط 20,The organization shall implement ac controls to ensure compliance with NIST SP 800-53 Rev 5 requirements.,يجب على المنظمة تطبيق ضوابط AC لضمان الامتثال لمتطلبات ضوابط أمنية,corrective,1,critical,True,INCIDENT_REPORT|MEETING_MINUTES|ATTESTATION|RISK_ASSESSMENT,active
507,USA,USA-NIST-80053,Rev 5,2.20,AT,AT - Control 20,AT - ضابط 20,The organization shall implement at controls to ensure compliance with NIST SP 800-53 Rev 5 requirements.,يجب على المنظمة تطبيق ضوابط AT لضمان الامتثال لمتطلبات ضوابط أمنية,preventive,2,high,True,POLICY|PROCEDURE|STANDARD|CONFIG|TRAINING_RECORD,active
508,USA,USA-NIST-80053,Rev 5,3.20,AU,AU - Control 20,AU - ضابط 20,The organization shall implement au controls to ensure compliance with NIST SP 800-53 Rev 5 requirements.,يجب على المنظمة تطبيق ضوابط AU لضمان الامتثال لمتطلبات ضوابط أمنية,detective,3,medium,True,LOG|REPORT|SCAN_REPORT|AUDIT_REPORT|ACCESS_REVIEW,active
509,USA,USA-NIST-80053,Rev 5,4.20,CA,CA - Control 20,CA - ضابط 20,The organization shall implement ca controls to ensure compliance with NIST SP 800-53 Rev 5 requirements.,يجب على المنظمة تطبيق ضوابط CA لضمان الامتثال لمتطلبات ضوابط أمنية,corrective,4,low,True,INCIDENT_REPORT|MEETING_MINUTES|ATTESTATION|RISK_ASSESSMENT,active
510,USA,USA-NIST-80053,Rev 5,5.20,CM,CM - Control 20,CM - ضابط 20,The organization shall implement cm controls to ensure compliance with NIST SP 800-53 Rev 5 requirements.,يجب على المنظمة تطبيق ضوابط CM لضمان الامتثال لمتطلبات ضوابط أمنية,preventive,1,critical,True,POLICY|PROCEDURE|STANDARD|CONFIG|TRAINING_RECORD,active
511,USA,USA-NIST-80053,Rev 5,6.20,CP,CP - Control 20,CP - ضابط 20,The organization shall implement cp controls to ensure compliance with NIST SP 800-53 Rev 5 requirements.,يجب على المنظمة تطبيق ضوابط CP لضمان الامتثال لمتطلبات ضوابط أمنية,detective,2,high,True,LOG|REPORT|SCAN_REPORT|AUDIT_REPORT|ACCESS_REVIEW,active
512,USA,USA-NIST-80053,Rev 5,7.20,IA,IA - Control 20,IA - ضابط 20,The organization shall implement ia controls to ensure compliance with NIST SP 800-53 Rev 5 requirements.,يجب على المنظمة تطبيق ضوابط IA لضمان الامتثال لمتطلبات ضوابط أمنية,corrective,3,medium,True,INCIDENT_REPORT|MEETING_MINUTES|ATTESTATION|RISK_ASSESSMENT,active
513,USA,USA-NIST-80053,Rev 5,8.20,IR,IR - Control 20,IR - ضابط 20,The organization shall implement ir controls to ensure compliance with NIST SP 800-53 Rev 5 requirements.,يجب على المنظمة تطبيق ضوابط IR لضمان الامتثال لمتطلبات ضوابط أمنية,preventive,4,low,True,POLICY|PROCEDURE|STANDARD|CONFIG|TRAINING_RECORD,active
514,USA,USA-NIST-80053,Rev 5,9.20,MA,MA - Control 20,MA - ضابط 20,The organization shall implement ma controls to ensure compliance with NIST SP 800-53 Rev 5 requirements.,يجب على المنظمة تطبيق ضوابط MA لضمان الامتثال لمتطلبات ضوابط أمنية,detective,1,critical,True,LOG|REPORT|SCAN_REPORT|AUDIT_REPORT|ACCESS_REVIEW,active
515,USA,USA-NIST-80053,Rev 5,10.20,MP,MP - Control 20,MP - ضابط 20,The organization shall implement mp controls to ensure compliance with NIST SP 800-53 Rev 5 requirements.,يجب على المنظمة تطبيق ضوابط MP لضمان الامتثال لمتطلبات ضوابط أمنية,corrective,2,high,True,INCIDENT_REPORT|MEETING_MINUTES|ATTESTATION|RISK_ASSESSMENT,active
516,USA,USA-NIST-80053,Rev 5,11.20,PE,PE - Control 20,PE - ضابط 20,The organization shall implement pe controls to ensure compliance with NIST SP 800-53 Rev 5 requirements.,يجب على المنظمة تطبيق ضوابط PE لضمان الامتثال لمتطلبات ضوابط أمنية,preventive,3,medium,True,POLICY|PROCEDURE|STANDARD|CONFIG|TRAINING_RECORD,active
517,USA,USA-NIST-80053,Rev 5,12.20,PL,PL - Control 20,PL - ضابط 20,The organization shall implement pl controls to ensure compliance with NIST SP 800-53 Rev 5 requirements.,يجب على المنظمة تطبيق ضوابط PL لضمان الامتثال لمتطلبات ضوابط أمنية,detective,4,low,True,LOG|REPORT|SCAN_REPORT|AUDIT_REPORT|ACCESS_REVIEW,active
518,USA,USA-NIST-80053,Rev 5,13.20,PM,PM - Control 20,PM - ضابط 20,The organization shall implement pm controls to ensure compliance with NIST SP 800-53 Rev 5 requirements.,يجب على المنظمة تطبيق ضوابط PM لضمان الامتثال لمتطلبات ضوابط أمنية,corrective,1,critical,True,INCIDENT_REPORT|MEETING_MINUTES|ATTESTATION|RISK_ASSESSMENT,active
519,USA,USA-NIST-80053,Rev 5,14.20,PS,PS - Control 20,PS - ضابط 20,The organization shall implement ps controls to ensure compliance with NIST SP 800-53 Rev 5 requirements.,يجب على المنظمة تطبيق ضوابط PS لضمان الامتثال لمتطلبات ضوابط أمنية,preventive,2,high,True,POLICY|PROCEDURE|STANDARD|CONFIG|TRAINING_RECORD,active
520,USA,USA-NIST-80053,Rev 5,15.20,PT,PT - Control 20,PT - ضابط 20,The organization shall implement pt controls to ensure compliance with NIST SP 800-53 Rev 5 requirements.,يجب على المنظمة تطبيق ضوابط PT لضمان الامتثال لمتطلبات ضوابط أمنية,detective,3,medium,True,LOG|REPORT|SCAN_REPORT|AUDIT_REPORT|ACCESS_REVIEW,active
521,USA,USA-NIST-80053,Rev 5,16.20,RA,RA - Control 20,RA - ضابط 20,The organization shall implement ra controls to ensure compliance with NIST SP 800-53 Rev 5 requirements.,يجب على المنظمة تطبيق ضوابط RA لضمان الامتثال لمتطلبات ضوابط أمنية,corrective,4,low,True,INCIDENT_REPORT|MEETING_MINUTES|ATTESTATION|RISK_ASSESSMENT,active
522,USA,USA-NIST-80053,Rev 5,17.20,SA,SA - Control 20,SA - ضابط 20,The organization shall implement sa controls to ensure compliance with NIST SP 800-53 Rev 5 requirements.,يجب على المنظمة تطبيق ضوابط SA لضمان الامتثال لمتطلبات ضوابط أمنية,preventive,1,critical,True,POLICY|PROCEDURE|STANDARD|CONFIG|TRAINING_RECORD,active
523,USA,USA-NIST-80053,Rev 5,18.20,SC,SC - Control 20,SC - ضابط 20,The organization shall implement sc controls to ensure compliance with NIST SP 800-53 Rev 5 requirements.,يجب على المنظمة تطبيق ضوابط SC لضمان الامتثال لمتطلبات ضوابط أمنية,detective,2,high,True,LOG|REPORT|SCAN_REPORT|AUDIT_REPORT|ACCESS_REVIEW,active
524,USA,USA-NIST-80053,Rev 5,19.20,SI,SI - Control 20,SI - ضابط 20,The organization shall implement si controls to ensure compliance with NIST SP 800-53 Rev 5 requirements.,يجب على المنظمة تطبيق ضوابط SI لضمان الامتثال لمتطلبات ضوابط أمنية,corrective,3,medium,True,INCIDENT_REPORT|MEETING_MINUTES|ATTESTATION|RISK_ASSESSMENT,active
525,USA,USA-NIST-80053,Rev 5,20.20,SR,SR - Control 20,SR - ضابط 20,The organization shall implement sr controls to ensure compliance with NIST SP 800-53 Rev 5 requirements.,يجب على المنظمة تطبيق ضوابط SR لضمان الامتثال لمتطلبات ضوابط أمنية,preventive,4,low,True,POLICY|PROCEDURE|STANDARD|CONFIG|TRAINING_RECORD,active
526,USA,USA-NIST-80053,Rev 5,1.21,AC,AC - Control 21,AC - ضابط 21,The organization shall implement ac controls to ensure compliance with NIST SP 800-53 Rev 5 requirements.,يجب على المنظمة تطبيق ضوابط AC لضمان الامتثال لمتطلبات ضوابط أمنية,detective,1,critical,True,LOG|REPORT|SCAN_REPORT|AUDIT_REPORT|ACCESS_REVIEW,active
527,USA,USA-NIST-80053,Rev 5,2.21,AT,AT - Control 21,AT - ضابط 21,The organization shall implement at controls to ensure compliance with NIST SP 800-53 Rev 5 requirements.,يجب على المنظمة تطبيق ضوابط AT لضمان الامتثال لمتطلبات ضوابط أمنية,corrective,2,high,True,INCIDENT_REPORT|MEETING_MINUTES|ATTESTATION|RISK_ASSESSMENT,active
528,USA,USA-NIST-80053,Rev 5,3.21,AU,AU - Control 21,AU - ضابط 21,The organization shall implement au controls to ensure compliance with NIST SP 800-53 Rev 5 requirements.,يجب على المنظمة تطبيق ضوابط AU لضمان الامتثال لمتطلبات ضوابط أمنية,preventive,3,medium,True,POLICY|PROCEDURE|STANDARD|CONFIG|TRAINING_RECORD,active
529,USA,USA-NIST-80053,Rev 5,4.21,CA,CA - Control 21,CA - ضابط 21,The organization shall implement ca controls to ensure compliance with NIST SP 800-53 Rev 5 requirements.,يجب على المنظمة تطبيق ضوابط CA لضمان الامتثال لمتطلبات ضوابط أمنية,detective,4,low,True,LOG|REPORT|SCAN_REPORT|AUDIT_REPORT|ACCESS_REVIEW,active
530,USA,USA-NIST-80053,Rev 5,5.21,CM,CM - Control 21,CM - ضابط 21,The organization shall implement cm controls to ensure compliance with NIST SP 800-53 Rev 5 requirements.,يجب على المنظمة تطبيق ضوابط CM لضمان الامتثال لمتطلبات ضوابط أمنية,corrective,1,critical,True,INCIDENT_REPORT|MEETING_MINUTES|ATTESTATION|RISK_ASSESSMENT,active
531,USA,USA-NIST-80053,Rev 5,6.21,CP,CP - Control 21,CP - ضابط 21,The organization shall implement cp controls to ensure compliance with NIST SP 800-53 Rev 5 requirements.,يجب على المنظمة تطبيق ضوابط CP لضمان الامتثال لمتطلبات ضوابط أمنية,preventive,2,high,True,POLICY|PROCEDURE|STANDARD|CONFIG|TRAINING_RECORD,active
532,USA,USA-NIST-80053,Rev 5,7.21,IA,IA - Control 21,IA - ضابط 21,The organization shall implement ia controls to ensure compliance with NIST SP 800-53 Rev 5 requirements.,يجب على المنظمة تطبيق ضوابط IA لضمان الامتثال لمتطلبات ضوابط أمنية,detective,3,medium,True,LOG|REPORT|SCAN_REPORT|AUDIT_REPORT|ACCESS_REVIEW,active
533,USA,USA-NIST-80053,Rev 5,8.21,IR,IR - Control 21,IR - ضابط 21,The organization shall implement ir controls to ensure compliance with NIST SP 800-53 Rev 5 requirements.,يجب على المنظمة تطبيق ضوابط IR لضمان الامتثال لمتطلبات ضوابط أمنية,corrective,4,low,True,INCIDENT_REPORT|MEETING_MINUTES|ATTESTATION|RISK_ASSESSMENT,active
534,USA,USA-NIST-80053,Rev 5,9.21,MA,MA - Control 21,MA - ضابط 21,The organization shall implement ma controls to ensure compliance with NIST SP 800-53 Rev 5 requirements.,يجب على المنظمة تطبيق ضوابط MA لضمان الامتثال لمتطلبات ضوابط أمنية,preventive,1,critical,True,POLICY|PROCEDURE|STANDARD|CONFIG|TRAINING_RECORD,active
535,USA,USA-NIST-80053,Rev 5,10.21,MP,MP - Control 21,MP - ضابط 21,The organization shall implement mp controls to ensure compliance with NIST SP 800-53 Rev 5 requirements.,يجب على المنظمة تطبيق ضوابط MP لضمان الامتثال لمتطلبات ضوابط أمنية,detective,2,high,True,LOG|REPORT|SCAN_REPORT|AUDIT_REPORT|ACCESS_REVIEW,active
536,USA,USA-NIST-80053,Rev 5,11.21,PE,PE - Control 21,PE - ضابط 21,The organization shall implement pe controls to ensure compliance with NIST SP 800-53 Rev 5 requirements.,يجب على المنظمة تطبيق ضوابط PE لضمان الامتثال لمتطلبات ضوابط أمنية,corrective,3,medium,True,INCIDENT_REPORT|MEETING_MINUTES|ATTESTATION|RISK_ASSESSMENT,active
537,USA,USA-NIST-80053,Rev 5,12.21,PL,PL - Control 21,PL - ضابط 21,The organization shall implement pl controls to ensure compliance with NIST SP 800-53 Rev 5 requirements.,يجب على المنظمة تطبيق ضوابط PL لضمان الامتثال لمتطلبات ضوابط أمنية,preventive,4,low,True,POLICY|PROCEDURE|STANDARD|CONFIG|TRAINING_RECORD,active
538,USA,USA-NIST-80053,Rev 5,13.21,PM,PM - Control 21,PM - ضابط 21,The organization shall implement pm controls to ensure compliance with NIST SP 800-53 Rev 5 requirements.,يجب على المنظمة تطبيق ضوابط PM لضمان الامتثال لمتطلبات ضوابط أمنية,detective,1,critical,True,LOG|REPORT|SCAN_REPORT|AUDIT_REPORT|ACCESS_REVIEW,active
539,USA,USA-NIST-80053,Rev 5,14.21,PS,PS - Control 21,PS - ضابط 21,The organization shall implement ps controls to ensure compliance with NIST SP 800-53 Rev 5 requirements.,يجب على المنظمة تطبيق ضوابط PS لضمان الامتثال لمتطلبات ضوابط أمنية,corrective,2,high,True,INCIDENT_REPORT|MEETING_MINUTES|ATTESTATION|RISK_ASSESSMENT,active
540,USA,USA-NIST-80053,Rev 5,15.21,PT,PT - Control 21,PT - ضابط 21,The organization shall implement pt controls to ensure compliance with NIST SP 800-53 Rev 5 requirements.,يجب على المنظمة تطبيق ضوابط PT لضمان الامتثال لمتطلبات ضوابط أمنية,preventive,3,medium,True,POLICY|PROCEDURE|STANDARD|CONFIG|TRAINING_RECORD,active
541,USA,USA-NIST-80053,Rev 5,16.21,RA,RA - Control 21,RA - ضابط 21,The organization shall implement ra controls to ensure compliance with NIST SP 800-53 Rev 5 requirements.,يجب على المنظمة تطبيق ضوابط RA لضمان الامتثال لمتطلبات ضوابط أمنية,detective,4,low,True,LOG|REPORT|SCAN_REPORT|AUDIT_REPORT|ACCESS_REVIEW,active
542,USA,USA-NIST-80053,Rev 5,17.21,SA,SA - Control 21,SA - ضابط 21,The organization shall implement sa controls to ensure compliance with NIST SP 800-53 Rev 5 requirements.,يجب على المنظمة تطبيق ضوابط SA لضمان الامتثال لمتطلبات ضوابط أمنية,corrective,1,critical,True,INCIDENT_REPORT|MEETING_MINUTES|ATTESTATION|RISK_ASSESSMENT,active
543,USA,USA-NIST-80053,Rev 5,18.21,SC,SC - Control 21,SC - ضابط 21,The organization shall implement sc controls to ensure compliance with NIST SP 800-53 Rev 5 requirements.,يجب على المنظمة تطبيق ضوابط SC لضمان الامتثال لمتطلبات ضوابط أمنية,preventive,2,high,True,POLICY|PROCEDURE|STANDARD|CONFIG|TRAINING_RECORD,active
544,USA,USA-NIST-80053,Rev 5,19.21,SI,SI - Control 21,SI - ضابط 21,The organization shall implement si controls to ensure compliance with NIST SP 800-53 Rev 5 requirements.,يجب على المنظمة تطبيق ضوابط SI لضمان الامتثال لمتطلبات ضوابط أمنية,detective,3,medium,True,LOG|REPORT|SCAN_REPORT|AUDIT_REPORT|ACCESS_REVIEW,active
545,USA,USA-NIST-80053,Rev 5,20.21,SR,SR - Control 21,SR - ضابط 21,The organization shall implement sr controls to ensure compliance with NIST SP 800-53 Rev 5 requirements.,يجب على المنظمة تطبيق ضوابط SR لضمان الامتثال لمتطلبات ضوابط أمنية,corrective,4,low,True,INCIDENT_REPORT|MEETING_MINUTES|ATTESTATION|RISK_ASSESSMENT,active
546,USA,USA-NIST-80053,Rev 5,1.22,AC,AC - Control 22,AC - ضابط 22,The organization shall implement ac controls to ensure compliance with NIST SP 800-53 Rev 5 requirements.,يجب على المنظمة تطبيق ضوابط AC لضمان الامتثال لمتطلبات ضوابط أمنية,preventive,1,critical,True,POLICY|PROCEDURE|STANDARD|CONFIG|TRAINING_RECORD,active
547,USA,USA-NIST-80053,Rev 5,2.22,AT,AT - Control 22,AT - ضابط 22,The organization shall implement at controls to ensure compliance with NIST SP 800-53 Rev 5 requirements.,يجب على المنظمة تطبيق ضوابط AT لضمان الامتثال لمتطلبات ضوابط أمنية,detective,2,high,True,LOG|REPORT|SCAN_REPORT|AUDIT_REPORT|ACCESS_REVIEW,active
548,USA,USA-NIST-80053,Rev 5,3.22,AU,AU - Control 22,AU - ضابط 22,The organization shall implement au controls to ensure compliance with NIST SP 800-53 Rev 5 requirements.,يجب على المنظمة تطبيق ضوابط AU لضمان الامتثال لمتطلبات ضوابط أمنية,corrective,3,medium,True,INCIDENT_REPORT|MEETING_MINUTES|ATTESTATION|RISK_ASSESSMENT,active
549,USA,USA-NIST-80053,Rev 5,4.22,CA,CA - Control 22,CA - ضابط 22,The organization shall implement ca controls to ensure compliance with NIST SP 800-53 Rev 5 requirements.,يجب على المنظمة تطبيق ضوابط CA لضمان الامتثال لمتطلبات ضوابط أمنية,preventive,4,low,True,POLICY|PROCEDURE|STANDARD|CONFIG|TRAINING_RECORD,active
550,USA,USA-NIST-80053,Rev 5,5.22,CM,CM - Control 22,CM - ضابط 22,The organization shall implement cm controls to ensure compliance with NIST SP 800-53 Rev 5 requirements.,يجب على المنظمة تطبيق ضوابط CM لضمان الامتثال لمتطلبات ضوابط أمنية,detective,1,critical,True,LOG|REPORT|SCAN_REPORT|AUDIT_REPORT|ACCESS_REVIEW,active
551,USA,USA-NIST-80053,Rev 5,6.22,CP,CP - Control 22,CP - ضابط 22,The organization shall implement cp controls to ensure compliance with NIST SP 800-53 Rev 5 requirements.,يجب على المنظمة تطبيق ضوابط CP لضمان الامتثال لمتطلبات ضوابط أمنية,corrective,2,high,True,INCIDENT_REPORT|MEETING_MINUTES|ATTESTATION|RISK_ASSESSMENT,active
552,USA,USA-NIST-80053,Rev 5,7.22,IA,IA - Control 22,IA - ضابط 22,The organization shall implement ia controls to ensure compliance with NIST SP 800-53 Rev 5 requirements.,يجب على المنظمة تطبيق ضوابط IA لضمان الامتثال لمتطلبات ضوابط أمنية,preventive,3,medium,True,POLICY|PROCEDURE|STANDARD|CONFIG|TRAINING_RECORD,active
553,USA,USA-NIST-80053,Rev 5,8.22,IR,IR - Control 22,IR - ضابط 22,The organization shall implement ir controls to ensure compliance with NIST SP 800-53 Rev 5 requirements.,يجب على المنظمة تطبيق ضوابط IR لضمان الامتثال لمتطلبات ضوابط أمنية,detective,4,low,True,LOG|REPORT|SCAN_REPORT|AUDIT_REPORT|ACCESS_REVIEW,active
554,USA,USA-NIST-80053,Rev 5,9.22,MA,MA - Control 22,MA - ضابط 22,The organization shall implement ma controls to ensure compliance with NIST SP 800-53 Rev 5 requirements.,يجب على المنظمة تطبيق ضوابط MA لضمان الامتثال لمتطلبات ضوابط أمنية,corrective,1,critical,True,INCIDENT_REPORT|MEETING_MINUTES|ATTESTATION|RISK_ASSESSMENT,active
555,USA,USA-NIST-80053,Rev 5,10.22,MP,MP - Control 22,MP - ضابط 22,The organization shall implement mp controls to ensure compliance with NIST SP 800-53 Rev 5 requirements.,يجب على المنظمة تطبيق ضوابط MP لضمان الامتثال لمتطلبات ضوابط أمنية,preventive,2,high,True,POLICY|PROCEDURE|STANDARD|CONFIG|TRAINING_RECORD,active
556,USA,USA-NIST-80053,Rev 5,11.22,PE,PE - Control 22,PE - ضابط 22,The organization shall implement pe controls to ensure compliance with NIST SP 800-53 Rev 5 requirements.,يجب على المنظمة تطبيق ضوابط PE لضمان الامتثال لمتطلبات ضوابط أمنية,detective,3,medium,True,LOG|REPORT|SCAN_REPORT|AUDIT_REPORT|ACCESS_REVIEW,active
557,USA,USA-NIST-80053,Rev 5,12.22,PL,PL - Control 22,PL - ضابط 22,The organization shall implement pl controls to ensure compliance with NIST SP 800-53 Rev 5 requirements.,يجب على المنظمة تطبيق ضوابط PL لضمان الامتثال لمتطلبات ضوابط أمنية,corrective,4,low,True,INCIDENT_REPORT|MEETING_MINUTES|ATTESTATION|RISK_ASSESSMENT,active
558,USA,USA-NIST-80053,Rev 5,13.22,PM,PM - Control 22,PM - ضابط 22,The organization shall implement pm controls to ensure compliance with NIST SP 800-53 Rev 5 requirements.,يجب على المنظمة تطبيق ضوابط PM لضمان الامتثال لمتطلبات ضوابط أمنية,preventive,1,critical,True,POLICY|PROCEDURE|STANDARD|CONFIG|TRAINING_RECORD,active
559,USA,USA-NIST-80053,Rev 5,14.22,PS,PS - Control 22,PS - ضابط 22,The organization shall implement ps controls to ensure compliance with NIST SP 800-53 Rev 5 requirements.,يجب على المنظمة تطبيق ضوابط PS لضمان الامتثال لمتطلبات ضوابط أمنية,detective,2,high,True,LOG|REPORT|SCAN_REPORT|AUDIT_REPORT|ACCESS_REVIEW,active
560,USA,USA-NIST-80053,Rev 5,15.22,PT,PT - Control 22,PT - ضابط 22,The organization shall implement pt controls to ensure compliance with NIST SP 800-53 Rev 5 requirements.,يجب على المنظمة تطبيق ضوابط PT لضمان الامتثال لمتطلبات ضوابط أمنية,corrective,3,medium,True,INCIDENT_REPORT|MEETING_MINUTES|ATTESTATION|RISK_ASSESSMENT,active
561,USA,USA-NIST-80053,Rev 5,16.22,RA,RA - Control 22,RA - ضابط 22,The organization shall implement ra controls to ensure compliance with NIST SP 800-53 Rev 5 requirements.,يجب على المنظمة تطبيق ضوابط RA لضمان الامتثال لمتطلبات ضوابط أمنية,preventive,4,low,True,POLICY|PROCEDURE|STANDARD|CONFIG|TRAINING_RECORD,active
562,USA,USA-NIST-80053,Rev 5,17.22,SA,SA - Control 22,SA - ضابط 22,The organization shall implement sa controls to ensure compliance with NIST SP 800-53 Rev 5 requirements.,يجب على المنظمة تطبيق ضوابط SA لضمان الامتثال لمتطلبات ضوابط أمنية,detective,1,critical,True,LOG|REPORT|SCAN_REPORT|AUDIT_REPORT|ACCESS_REVIEW,active
563,USA,USA-NIST-80053,Rev 5,18.22,SC,SC - Control 22,SC - ضابط 22,The organization shall implement sc controls to ensure compliance with NIST SP 800-53 Rev 5 requirements.,يجب على المنظمة تطبيق ضوابط SC لضمان الامتثال لمتطلبات ضوابط أمنية,corrective,2,high,True,INCIDENT_REPORT|MEETING_MINUTES|ATTESTATION|RISK_ASSESSMENT,active
564,USA,USA-NIST-80053,Rev 5,19.22,SI,SI - Control 22,SI - ضابط 22,The organization shall implement si controls to ensure compliance with NIST SP 800-53 Rev 5 requirements.,يجب على المنظمة تطبيق ضوابط SI لضمان الامتثال لمتطلبات ضوابط أمنية,preventive,3,medium,True,POLICY|PROCEDURE|STANDARD|CONFIG|TRAINING_RECORD,active
565,USA,USA-NIST-80053,Rev 5,20.22,SR,SR - Control 22,SR - ضابط 22,The organization shall implement sr controls to ensure compliance with NIST SP 800-53 Rev 5 requirements.,يجب على المنظمة تطبيق ضوابط SR لضمان الامتثال لمتطلبات ضوابط أمنية,detective,4,low,True,LOG|REPORT|SCAN_REPORT|AUDIT_REPORT|ACCESS_REVIEW,active
566,USA,USA-NIST-80053,Rev 5,1.23,AC,AC - Control 23,AC - ضابط 23,The organization shall implement ac controls to ensure compliance with NIST SP 800-53 Rev 5 requirements.,يجب على المنظمة تطبيق ضوابط AC لضمان الامتثال لمتطلبات ضوابط أمنية,corrective,1,critical,True,INCIDENT_REPORT|MEETING_MINUTES|ATTESTATION|RISK_ASSESSMENT,active
567,USA,USA-NIST-80053,Rev 5,2.23,AT,AT - Control 23,AT - ضابط 23,The organization shall implement at controls to ensure compliance with NIST SP 800-53 Rev 5 requirements.,يجب على المنظمة تطبيق ضوابط AT لضمان الامتثال لمتطلبات ضوابط أمنية,preventive,2,high,True,POLICY|PROCEDURE|STANDARD|CONFIG|TRAINING_RECORD,active
568,USA,USA-NIST-80053,Rev 5,3.23,AU,AU - Control 23,AU - ضابط 23,The organization shall implement au controls to ensure compliance with NIST SP 800-53 Rev 5 requirements.,يجب على المنظمة تطبيق ضوابط AU لضمان الامتثال لمتطلبات ضوابط أمنية,detective,3,medium,True,LOG|REPORT|SCAN_REPORT|AUDIT_REPORT|ACCESS_REVIEW,active
569,USA,USA-NIST-80053,Rev 5,4.23,CA,CA - Control 23,CA - ضابط 23,The organization shall implement ca controls to ensure compliance with NIST SP 800-53 Rev 5 requirements.,يجب على المنظمة تطبيق ضوابط CA لضمان الامتثال لمتطلبات ضوابط أمنية,corrective,4,low,True,INCIDENT_REPORT|MEETING_MINUTES|ATTESTATION|RISK_ASSESSMENT,active
570,USA,USA-NIST-80053,Rev 5,5.23,CM,CM - Control 23,CM - ضابط 23,The organization shall implement cm controls to ensure compliance with NIST SP 800-53 Rev 5 requirements.,يجب على المنظمة تطبيق ضوابط CM لضمان الامتثال لمتطلبات ضوابط أمنية,preventive,1,critical,True,POLICY|PROCEDURE|STANDARD|CONFIG|TRAINING_RECORD,active
571,USA,USA-NIST-80053,Rev 5,6.23,CP,CP - Control 23,CP - ضابط 23,The organization shall implement cp controls to ensure compliance with NIST SP 800-53 Rev 5 requirements.,يجب على المنظمة تطبيق ضوابط CP لضمان الامتثال لمتطلبات ضوابط أمنية,detective,2,high,True,LOG|REPORT|SCAN_REPORT|AUDIT_REPORT|ACCESS_REVIEW,active
572,USA,USA-NIST-80053,Rev 5,7.23,IA,IA - Control 23,IA - ضابط 23,The organization shall implement ia controls to ensure compliance with NIST SP 800-53 Rev 5 requirements.,يجب على المنظمة تطبيق ضوابط IA لضمان الامتثال لمتطلبات ضوابط أمنية,corrective,3,medium,True,INCIDENT_REPORT|MEETING_MINUTES|ATTESTATION|RISK_ASSESSMENT,active
573,USA,USA-NIST-80053,Rev 5,8.23,IR,IR - Control 23,IR - ضابط 23,The organization shall implement ir controls to ensure compliance with NIST SP 800-53 Rev 5 requirements.,يجب على المنظمة تطبيق ضوابط IR لضمان الامتثال لمتطلبات ضوابط أمنية,preventive,4,low,True,POLICY|PROCEDURE|STANDARD|CONFIG|TRAINING_RECORD,active
574,USA,USA-NIST-80053,Rev 5,9.23,MA,MA - Control 23,MA - ضابط 23,The organization shall implement ma controls to ensure compliance with NIST SP 800-53 Rev 5 requirements.,يجب على المنظمة تطبيق ضوابط MA لضمان الامتثال لمتطلبات ضوابط أمنية,detective,1,critical,True,LOG|REPORT|SCAN_REPORT|AUDIT_REPORT|ACCESS_REVIEW,active
575,USA,USA-NIST-80053,Rev 5,10.23,MP,MP - Control 23,MP - ضابط 23,The organization shall implement mp controls to ensure compliance with NIST SP 800-53 Rev 5 requirements.,يجب على المنظمة تطبيق ضوابط MP لضمان الامتثال لمتطلبات ضوابط أمنية,corrective,2,high,True,INCIDENT_REPORT|MEETING_MINUTES|ATTESTATION|RISK_ASSESSMENT,active
576,USA,USA-NIST-80053,Rev 5,11.23,PE,PE - Control 23,PE - ضابط 23,The organization shall implement pe controls to ensure compliance with NIST SP 800-53 Rev 5 requirements.,يجب على المنظمة تطبيق ضوابط PE لضمان الامتثال لمتطلبات ضوابط أمنية,preventive,3,medium,True,POLICY|PROCEDURE|STANDARD|CONFIG|TRAINING_RECORD,active
577,USA,USA-NIST-80053,Rev 5,12.23,PL,PL - Control 23,PL - ضابط 23,The organization shall implement pl controls to ensure compliance with NIST SP 800-53 Rev 5 requirements.,يجب على المنظمة تطبيق ضوابط PL لضمان الامتثال لمتطلبات ضوابط أمنية,detective,4,low,True,LOG|REPORT|SCAN_REPORT|AUDIT_REPORT|ACCESS_REVIEW,active
578,USA,USA-NIST-80053,Rev 5,13.23,PM,PM - Control 23,PM - ضابط 23,The organization shall implement pm controls to ensure compliance with NIST SP 800-53 Rev 5 requirements.,يجب على المنظمة تطبيق ضوابط PM لضمان الامتثال لمتطلبات ضوابط أمنية,corrective,1,critical,True,INCIDENT_REPORT|MEETING_MINUTES|ATTESTATION|RISK_ASSESSMENT,active
579,USA,USA-NIST-80053,Rev 5,14.23,PS,PS - Control 23,PS - ضابط 23,The organization shall implement ps controls to ensure compliance with NIST SP 800-53 Rev 5 requirements.,يجب على المنظمة تطبيق ضوابط PS لضمان الامتثال لمتطلبات ضوابط أمنية,preventive,2,high,True,POLICY|PROCEDURE|STANDARD|CONFIG|TRAINING_RECORD,active
580,USA,USA-NIST-80053,Rev 5,15.23,PT,PT - Control 23,PT - ضابط 23,The organization shall implement pt controls to ensure compliance with NIST SP 800-53 Rev 5 requirements.,يجب على المنظمة تطبيق ضوابط PT لضمان الامتثال لمتطلبات ضوابط أمنية,detective,3,medium,True,LOG|REPORT|SCAN_REPORT|AUDIT_REPORT|ACCESS_REVIEW,active
581,USA,USA-NIST-80053,Rev 5,16.23,RA,RA - Control 23,RA - ضابط 23,The organization shall implement ra controls to ensure compliance with NIST SP 800-53 Rev 5 requirements.,يجب على المنظمة تطبيق ضوابط RA لضمان الامتثال لمتطلبات ضوابط أمنية,corrective,4,low,True,INCIDENT_REPORT|MEETING_MINUTES|ATTESTATION|RISK_ASSESSMENT,active
582,USA,USA-NIST-80053,Rev 5,17.23,SA,SA - Control 23,SA - ضابط 23,The organization shall implement sa controls to ensure compliance with NIST SP 800-53 Rev 5 requirements.,يجب على المنظمة تطبيق ضوابط SA لضمان الامتثال لمتطلبات ضوابط أمنية,preventive,1,critical,True,POLICY|PROCEDURE|STANDARD|CONFIG|TRAINING_RECORD,active
583,USA,USA-NIST-80053,Rev 5,18.23,SC,SC - Control 23,SC - ضابط 23,The organization shall implement sc controls to ensure compliance with NIST SP 800-53 Rev 5 requirements.,يجب على المنظمة تطبيق ضوابط SC لضمان الامتثال لمتطلبات ضوابط أمنية,detective,2,high,True,LOG|REPORT|SCAN_REPORT|AUDIT_REPORT|ACCESS_REVIEW,active
584,USA,USA-NIST-80053,Rev 5,19.23,SI,SI - Control 23,SI - ضابط 23,The organization shall implement si controls to ensure compliance with NIST SP 800-53 Rev 5 requirements.,يجب على المنظمة تطبيق ضوابط SI لضمان الامتثال لمتطلبات ضوابط أمنية,corrective,3,medium,True,INCIDENT_REPORT|MEETING_MINUTES|ATTESTATION|RISK_ASSESSMENT,active
585,USA,USA-NIST-80053,Rev 5,20.23,SR,SR - Control 23,SR - ضابط 23,The organization shall implement sr controls to ensure compliance with NIST SP 800-53 Rev 5 requirements.,يجب على المنظمة تطبيق ضوابط SR لضمان الامتثال لمتطلبات ضوابط أمنية,preventive,4,low,True,POLICY|PROCEDURE|STANDARD|CONFIG|TRAINING_RECORD,active
586,USA,USA-NIST-80053,Rev 5,1.24,AC,AC - Control 24,AC - ضابط 24,The organization shall implement ac controls to ensure compliance with NIST SP 800-53 Rev 5 requirements.,يجب على المنظمة تطبيق ضوابط AC لضمان الامتثال لمتطلبات ضوابط أمنية,detective,1,critical,True,LOG|REPORT|SCAN_REPORT|AUDIT_REPORT|ACCESS_REVIEW,active
587,USA,USA-NIST-80053,Rev 5,2.24,AT,AT - Control 24,AT - ضابط 24,The organization shall implement at controls to ensure compliance with NIST SP 800-53 Rev 5 requirements.,يجب على المنظمة تطبيق ضوابط AT لضمان الامتثال لمتطلبات ضوابط أمنية,corrective,2,high,True,INCIDENT_REPORT|MEETING_MINUTES|ATTESTATION|RISK_ASSESSMENT,active
588,USA,USA-NIST-80053,Rev 5,3.24,AU,AU - Control 24,AU - ضابط 24,The organization shall implement au controls to ensure compliance with NIST SP 800-53 Rev 5 requirements.,يجب على المنظمة تطبيق ضوابط AU لضمان الامتثال لمتطلبات ضوابط أمنية,preventive,3,medium,True,POLICY|PROCEDURE|STANDARD|CONFIG|TRAINING_RECORD,active
589,USA,USA-NIST-80053,Rev 5,4.24,CA,CA - Control 24,CA - ضابط 24,The organization shall implement ca controls to ensure compliance with NIST SP 800-53 Rev 5 requirements.,يجب على المنظمة تطبيق ضوابط CA لضمان الامتثال لمتطلبات ضوابط أمنية,detective,4,low,True,LOG|REPORT|SCAN_REPORT|AUDIT_REPORT|ACCESS_REVIEW,active
590,USA,USA-NIST-80053,Rev 5,5.24,CM,CM - Control 24,CM - ضابط 24,The organization shall implement cm controls to ensure compliance with NIST SP 800-53 Rev 5 requirements.,يجب على المنظمة تطبيق ضوابط CM لضمان الامتثال لمتطلبات ضوابط أمنية,corrective,1,critical,True,INCIDENT_REPORT|MEETING_MINUTES|ATTESTATION|RISK_ASSESSMENT,active
591,USA,USA-NIST-80053,Rev 5,6.24,CP,CP - Control 24,CP - ضابط 24,The organization shall implement cp controls to ensure compliance with NIST SP 800-53 Rev 5 requirements.,يجب على المنظمة تطبيق ضوابط CP لضمان الامتثال لمتطلبات ضوابط أمنية,preventive,2,high,True,POLICY|PROCEDURE|STANDARD|CONFIG|TRAINING_RECORD,active
592,USA,USA-NIST-80053,Rev 5,7.24,IA,IA - Control 24,IA - ضابط 24,The organization shall implement ia controls to ensure compliance with NIST SP 800-53 Rev 5 requirements.,يجب على المنظمة تطبيق ضوابط IA لضمان الامتثال لمتطلبات ضوابط أمنية,detective,3,medium,True,LOG|REPORT|SCAN_REPORT|AUDIT_REPORT|ACCESS_REVIEW,active
593,USA,USA-NIST-80053,Rev 5,8.24,IR,IR - Control 24,IR - ضابط 24,The organization shall implement ir controls to ensure compliance with NIST SP 800-53 Rev 5 requirements.,يجب على المنظمة تطبيق ضوابط IR لضمان الامتثال لمتطلبات ضوابط أمنية,corrective,4,low,True,INCIDENT_REPORT|MEETING_MINUTES|ATTESTATION|RISK_ASSESSMENT,active
594,USA,USA-NIST-80053,Rev 5,9.24,MA,MA - Control 24,MA - ضابط 24,The organization shall implement ma controls to ensure compliance with NIST SP 800-53 Rev 5 requirements.,يجب على المنظمة تطبيق ضوابط MA لضمان الامتثال لمتطلبات ضوابط أمنية,preventive,1,critical,True,POLICY|PROCEDURE|STANDARD|CONFIG|TRAINING_RECORD,active
595,USA,USA-NIST-80053,Rev 5,10.24,MP,MP - Control 24,MP - ضابط 24,The organization shall implement mp controls to ensure compliance with NIST SP 800-53 Rev 5 requirements.,يجب على المنظمة تطبيق ضوابط MP لضمان الامتثال لمتطلبات ضوابط أمنية,detective,2,high,True,LOG|REPORT|SCAN_REPORT|AUDIT_REPORT|ACCESS_REVIEW,active
596,USA,USA-NIST-80053,Rev 5,11.24,PE,PE - Control 24,PE - ضابط 24,The organization shall implement pe controls to ensure compliance with NIST SP 800-53 Rev 5 requirements.,يجب على المنظمة تطبيق ضوابط PE لضمان الامتثال لمتطلبات ضوابط أمنية,corrective,3,medium,True,INCIDENT_REPORT|MEETING_MINUTES|ATTESTATION|RISK_ASSESSMENT,active
597,USA,USA-NIST-80053,Rev 5,12.24,PL,PL - Control 24,PL - ضابط 24,The organization shall implement pl controls to ensure compliance with NIST SP 800-53 Rev 5 requirements.,يجب على المنظمة تطبيق ضوابط PL لضمان الامتثال لمتطلبات ضوابط أمنية,preventive,4,low,True,POLICY|PROCEDURE|STANDARD|CONFIG|TRAINING_RECORD,active
598,USA,USA-NIST-80053,Rev 5,13.24,PM,PM - Control 24,PM - ضابط 24,The organization shall implement pm controls to ensure compliance with NIST SP 800-53 Rev 5 requirements.,يجب على المنظمة تطبيق ضوابط PM لضمان الامتثال لمتطلبات ضوابط أمنية,detective,1,critical,True,LOG|REPORT|SCAN_REPORT|AUDIT_REPORT|ACCESS_REVIEW,active
599,USA,USA-NIST-80053,Rev 5,14.24,PS,PS - Control 24,PS - ضابط 24,The organization shall implement ps controls to ensure compliance with NIST SP 800-53 Rev 5 requirements.,يجب على المنظمة تطبيق ضوابط PS لضمان الامتثال لمتطلبات ضوابط أمنية,corrective,2,high,True,INCIDENT_REPORT|MEETING_MINUTES|ATTESTATION|RISK_ASSESSMENT,active
600,USA,USA-NIST-80053,Rev 5,15.24,PT,PT - Control 24,PT - ضابط 24,The organization shall implement pt controls to ensure compliance with NIST SP 800-53 Rev 5 requirements.,يجب على المنظمة تطبيق ضوابط PT لضمان الامتثال لمتطلبات ضوابط أمنية,preventive,3,medium,True,POLICY|PROCEDURE|STANDARD|CONFIG|TRAINING_RECORD,active
601,USA,USA-NIST-80053,Rev 5,16.24,RA,RA - Control 24,RA - ضابط 24,The organization shall implement ra controls to ensure compliance with NIST SP 800-53 Rev 5 requirements.,يجب على المنظمة تطبيق ضوابط RA لضمان الامتثال لمتطلبات ضوابط أمنية,detective,4,low,True,LOG|REPORT|SCAN_REPORT|AUDIT_REPORT|ACCESS_REVIEW,active
602,USA,USA-NIST-80053,Rev 5,17.24,SA,SA - Control 24,SA - ضابط 24,The organization shall implement sa controls to ensure compliance with NIST SP 800-53 Rev 5 requirements.,يجب على المنظمة تطبيق ضوابط SA لضمان الامتثال لمتطلبات ضوابط أمنية,corrective,1,critical,True,INCIDENT_REPORT|MEETING_MINUTES|ATTESTATION|RISK_ASSESSMENT,active
603,USA,USA-NIST-80053,Rev 5,18.24,SC,SC - Control 24,SC - ضابط 24,The organization shall implement sc controls to ensure compliance with NIST SP 800-53 Rev 5 requirements.,يجب على المنظمة تطبيق ضوابط SC لضمان الامتثال لمتطلبات ضوابط أمنية,preventive,2,high,True,POLICY|PROCEDURE|STANDARD|CONFIG|TRAINING_RECORD,active
604,USA,USA-NIST-80053,Rev 5,19.24,SI,SI - Control 24,SI - ضابط 24,The organization shall implement si controls to ensure compliance with NIST SP 800-53 Rev 5 requirements.,يجب على المنظمة تطبيق ضوابط SI لضمان الامتثال لمتطلبات ضوابط أمنية,detective,3,medium,True,LOG|REPORT|SCAN_REPORT|AUDIT_REPORT|ACCESS_REVIEW,active
605,USA,USA-NIST-80053,Rev 5,20.24,SR,SR - Control 24,SR - ضابط 24,The organization shall implement sr controls to ensure compliance with NIST SP 800-53 Rev 5 requirements.,يجب على المنظمة تطبيق ضوابط SR لضمان الامتثال لمتطلبات ضوابط أمنية,corrective,4,low,True,INCIDENT_REPORT|MEETING_MINUTES|ATTESTATION|RISK_ASSESSMENT,active
606,USA,USA-NIST-80053,Rev 5,1.25,AC,AC - Control 25,AC - ضابط 25,The organization shall implement ac controls to ensure compliance with NIST SP 800-53 Rev 5 requirements.,يجب على المنظمة تطبيق ضوابط AC لضمان الامتثال لمتطلبات ضوابط أمنية,preventive,1,critical,True,POLICY|PROCEDURE|STANDARD|CONFIG|TRAINING_RECORD,active
607,USA,USA-NIST-80053,Rev 5,2.25,AT,AT - Control 25,AT - ضابط 25,The organization shall implement at controls to ensure compliance with NIST SP 800-53 Rev 5 requirements.,يجب على المنظمة تطبيق ضوابط AT لضمان الامتثال لمتطلبات ضوابط أمنية,detective,2,high,True,LOG|REPORT|SCAN_REPORT|AUDIT_REPORT|ACCESS_REVIEW,active
608,USA,USA-NIST-80053,Rev 5,3.25,AU,AU - Control 25,AU - ضابط 25,The organization shall implement au controls to ensure compliance with NIST SP 800-53 Rev 5 requirements.,يجب على المنظمة تطبيق ضوابط AU لضمان الامتثال لمتطلبات ضوابط أمنية,corrective,3,medium,True,INCIDENT_REPORT|MEETING_MINUTES|ATTESTATION|RISK_ASSESSMENT,active
609,USA,USA-NIST-80053,Rev 5,4.25,CA,CA - Control 25,CA - ضابط 25,The organization shall implement ca controls to ensure compliance with NIST SP 800-53 Rev 5 requirements.,يجب على المنظمة تطبيق ضوابط CA لضمان الامتثال لمتطلبات ضوابط أمنية,preventive,4,low,True,POLICY|PROCEDURE|STANDARD|CONFIG|TRAINING_RECORD,active
610,USA,USA-NIST-80053,Rev 5,5.25,CM,CM - Control 25,CM - ضابط 25,The organization shall implement cm controls to ensure compliance with NIST SP 800-53 Rev 5 requirements.,يجب على المنظمة تطبيق ضوابط CM لضمان الامتثال لمتطلبات ضوابط أمنية,detective,1,critical,True,LOG|REPORT|SCAN_REPORT|AUDIT_REPORT|ACCESS_REVIEW,active
611,USA,USA-NIST-80053,Rev 5,6.25,CP,CP - Control 25,CP - ضابط 25,The organization shall implement cp controls to ensure compliance with NIST SP 800-53 Rev 5 requirements.,يجب على المنظمة تطبيق ضوابط CP لضمان الامتثال لمتطلبات ضوابط أمنية,corrective,2,high,True,INCIDENT_REPORT|MEETING_MINUTES|ATTESTATION|RISK_ASSESSMENT,active
612,USA,USA-NIST-80053,Rev 5,7.25,IA,IA - Control 25,IA - ضابط 25,The organization shall implement ia controls to ensure compliance with NIST SP 800-53 Rev 5 requirements.,يجب على المنظمة تطبيق ضوابط IA لضمان الامتثال لمتطلبات ضوابط أمنية,preventive,3,medium,True,POLICY|PROCEDURE|STANDARD|CONFIG|TRAINING_RECORD,active
613,USA,USA-NIST-80053,Rev 5,8.25,IR,IR - Control 25,IR - ضابط 25,The organization shall implement ir controls to ensure compliance with NIST SP 800-53 Rev 5 requirements.,يجب على المنظمة تطبيق ضوابط IR لضمان الامتثال لمتطلبات ضوابط أمنية,detective,4,low,True,LOG|REPORT|SCAN_REPORT|AUDIT_REPORT|ACCESS_REVIEW,active
614,USA,USA-NIST-80053,Rev 5,9.25,MA,MA - Control 25,MA - ضابط 25,The organization shall implement ma controls to ensure compliance with NIST SP 800-53 Rev 5 requirements.,يجب على المنظمة تطبيق ضوابط MA لضمان الامتثال لمتطلبات ضوابط أمنية,corrective,1,critical,True,INCIDENT_REPORT|MEETING_MINUTES|ATTESTATION|RISK_ASSESSMENT,active
615,USA,USA-NIST-80053,Rev 5,10.25,MP,MP - Control 25,MP - ضابط 25,The organization shall implement mp controls to ensure compliance with NIST SP 800-53 Rev 5 requirements.,يجب على المنظمة تطبيق ضوابط MP لضمان الامتثال لمتطلبات ضوابط أمنية,preventive,2,high,True,POLICY|PROCEDURE|STANDARD|CONFIG|TRAINING_RECORD,active
616,USA,USA-NIST-80053,Rev 5,11.25,PE,PE - Control 25,PE - ضابط 25,The organization shall implement pe controls to ensure compliance with NIST SP 800-53 Rev 5 requirements.,يجب على المنظمة تطبيق ضوابط PE لضمان الامتثال لمتطلبات ضوابط أمنية,detective,3,medium,True,LOG|REPORT|SCAN_REPORT|AUDIT_REPORT|ACCESS_REVIEW,active
617,USA,USA-NIST-80053,Rev 5,12.25,PL,PL - Control 25,PL - ضابط 25,The organization shall implement pl controls to ensure compliance with NIST SP 800-53 Rev 5 requirements.,يجب على المنظمة تطبيق ضوابط PL لضمان الامتثال لمتطلبات ضوابط أمنية,corrective,4,low,True,INCIDENT_REPORT|MEETING_MINUTES|ATTESTATION|RISK_ASSESSMENT,active
618,USA,USA-NIST-80053,Rev 5,13.25,PM,PM - Control 25,PM - ضابط 25,The organization shall implement pm controls to ensure compliance with NIST SP 800-53 Rev 5 requirements.,يجب على المنظمة تطبيق ضوابط PM لضمان الامتثال لمتطلبات ضوابط أمنية,preventive,1,critical,True,POLICY|PROCEDURE|STANDARD|CONFIG|TRAINING_RECORD,active
619,USA,USA-NIST-80053,Rev 5,14.25,PS,PS - Control 25,PS - ضابط 25,The organization shall implement ps controls to ensure compliance with NIST SP 800-53 Rev 5 requirements.,يجب على المنظمة تطبيق ضوابط PS لضمان الامتثال لمتطلبات ضوابط أمنية,detective,2,high,True,LOG|REPORT|SCAN_REPORT|AUDIT_REPORT|ACCESS_REVIEW,active
620,USA,USA-NIST-80053,Rev 5,15.25,PT,PT - Control 25,PT - ضابط 25,The organization shall implement pt controls to ensure compliance with NIST SP 800-53 Rev 5 requirements.,يجب على المنظمة تطبيق ضوابط PT لضمان الامتثال لمتطلبات ضوابط أمنية,corrective,3,medium,True,INCIDENT_REPORT|MEETING_MINUTES|ATTESTATION|RISK_ASSESSMENT,active
621,USA,USA-NIST-80053,Rev 5,16.25,RA,RA - Control 25,RA - ضابط 25,The organization shall implement ra controls to ensure compliance with NIST SP 800-53 Rev 5 requirements.,يجب على المنظمة تطبيق ضوابط RA لضمان الامتثال لمتطلبات ضوابط أمنية,preventive,4,low,True,POLICY|PROCEDURE|STANDARD|CONFIG|TRAINING_RECORD,active
622,USA,USA-NIST-80053,Rev 5,17.25,SA,SA - Control 25,SA - ضابط 25,The organization shall implement sa controls to ensure compliance with NIST SP 800-53 Rev 5 requirements.,يجب على المنظمة تطبيق ضوابط SA لضمان الامتثال لمتطلبات ضوابط أمنية,detective,1,critical,True,LOG|REPORT|SCAN_REPORT|AUDIT_REPORT|ACCESS_REVIEW,active
623,USA,USA-NIST-80053,Rev 5,18.25,SC,SC - Control 25,SC - ضابط 25,The organization shall implement sc controls to ensure compliance with NIST SP 800-53 Rev 5 requirements.,يجب على المنظمة تطبيق ضوابط SC لضمان الامتثال لمتطلبات ضوابط أمنية,corrective,2,high,True,INCIDENT_REPORT|MEETING_MINUTES|ATTESTATION|RISK_ASSESSMENT,active
624,USA,USA-NIST-80053,Rev 5,19.25,SI,SI - Control 25,SI - ضابط 25,The organization shall implement si controls to ensure compliance with NIST SP 800-53 Rev 5 requirements.,يجب على المنظمة تطبيق ضوابط SI لضمان الامتثال لمتطلبات ضوابط أمنية,preventive,3,medium,True,POLICY|PROCEDURE|STANDARD|CONFIG|TRAINING_RECORD,active
625,USA,USA-NIST-80053,Rev 5,20.25,SR,SR - Control 25,SR - ضابط 25,The organization shall implement sr controls to ensure compliance with NIST SP 800-53 Rev 5 requirements.,يجب على المنظمة تطبيق ضوابط SR لضمان الامتثال لمتطلبات ضوابط أمنية,detective,4,low,True,LOG|REPORT|SCAN_REPORT|AUDIT_REPORT|ACCESS_REVIEW,active
626,USA,USA-NIST-80053,Rev 5,1.26,AC,AC - Control 26,AC - ضابط 26,The organization shall implement ac controls to ensure compliance with NIST SP 800-53 Rev 5 requirements.,يجب على المنظمة تطبيق ضوابط AC لضمان الامتثال لمتطلبات ضوابط أمنية,corrective,1,critical,True,INCIDENT_REPORT|MEETING_MINUTES|ATTESTATION|RISK_ASSESSMENT,active
627,USA,USA-NIST-80053,Rev 5,2.26,AT,AT - Control 26,AT - ضابط 26,The organization shall implement at controls to ensure compliance with NIST SP 800-53 Rev 5 requirements.,يجب على المنظمة تطبيق ضوابط AT لضمان الامتثال لمتطلبات ضوابط أمنية,preventive,2,high,True,POLICY|PROCEDURE|STANDARD|CONFIG|TRAINING_RECORD,active
628,USA,USA-NIST-80053,Rev 5,3.26,AU,AU - Control 26,AU - ضابط 26,The organization shall implement au controls to ensure compliance with NIST SP 800-53 Rev 5 requirements.,يجب على المنظمة تطبيق ضوابط AU لضمان الامتثال لمتطلبات ضوابط أمنية,detective,3,medium,True,LOG|REPORT|SCAN_REPORT|AUDIT_REPORT|ACCESS_REVIEW,active
629,USA,USA-NIST-80053,Rev 5,4.26,CA,CA - Control 26,CA - ضابط 26,The organization shall implement ca controls to ensure compliance with NIST SP 800-53 Rev 5 requirements.,يجب على المنظمة تطبيق ضوابط CA لضمان الامتثال لمتطلبات ضوابط أمنية,corrective,4,low,True,INCIDENT_REPORT|MEETING_MINUTES|ATTESTATION|RISK_ASSESSMENT,active
630,USA,USA-NIST-80053,Rev 5,5.26,CM,CM - Control 26,CM - ضابط 26,The organization shall implement cm controls to ensure compliance with NIST SP 800-53 Rev 5 requirements.,يجب على المنظمة تطبيق ضوابط CM لضمان الامتثال لمتطلبات ضوابط أمنية,preventive,1,critical,True,POLICY|PROCEDURE|STANDARD|CONFIG|TRAINING_RECORD,active
631,USA,USA-NIST-80053,Rev 5,6.26,CP,CP - Control 26,CP - ضابط 26,The organization shall implement cp controls to ensure compliance with NIST SP 800-53 Rev 5 requirements.,يجب على المنظمة تطبيق ضوابط CP لضمان الامتثال لمتطلبات ضوابط أمنية,detective,2,high,True,LOG|REPORT|SCAN_REPORT|AUDIT_REPORT|ACCESS_REVIEW,active
632,USA,USA-NIST-80053,Rev 5,7.26,IA,IA - Control 26,IA - ضابط 26,The organization shall implement ia controls to ensure compliance with NIST SP 800-53 Rev 5 requirements.,يجب على المنظمة تطبيق ضوابط IA لضمان الامتثال لمتطلبات ضوابط أمنية,corrective,3,medium,True,INCIDENT_REPORT|MEETING_MINUTES|ATTESTATION|RISK_ASSESSMENT,active
633,USA,USA-NIST-80053,Rev 5,8.26,IR,IR - Control 26,IR - ضابط 26,The organization shall implement ir controls to ensure compliance with NIST SP 800-53 Rev 5 requirements.,يجب على المنظمة تطبيق ضوابط IR لضمان الامتثال لمتطلبات ضوابط أمنية,preventive,4,low,True,POLICY|PROCEDURE|STANDARD|CONFIG|TRAINING_RECORD,active
634,USA,USA-NIST-80053,Rev 5,9.26,MA,MA - Control 26,MA - ضابط 26,The organization shall implement ma controls to ensure compliance with NIST SP 800-53 Rev 5 requirements.,يجب على المنظمة تطبيق ضوابط MA لضمان الامتثال لمتطلبات ضوابط أمنية,detective,1,critical,True,LOG|REPORT|SCAN_REPORT|AUDIT_REPORT|ACCESS_REVIEW,active
635,USA,USA-NIST-80053,Rev 5,10.26,MP,MP - Control 26,MP - ضابط 26,The organization shall implement mp controls to ensure compliance with NIST SP 800-53 Rev 5 requirements.,يجب على المنظمة تطبيق ضوابط MP لضمان الامتثال لمتطلبات ضوابط أمنية,corrective,2,high,True,INCIDENT_REPORT|MEETING_MINUTES|ATTESTATION|RISK_ASSESSMENT,active
636,USA,USA-NIST-80053,Rev 5,11.26,PE,PE - Control 26,PE - ضابط 26,The organization shall implement pe controls to ensure compliance with NIST SP 800-53 Rev 5 requirements.,يجب على المنظمة تطبيق ضوابط PE لضمان الامتثال لمتطلبات ضوابط أمنية,preventive,3,medium,True,POLICY|PROCEDURE|STANDARD|CONFIG|TRAINING_RECORD,active
637,USA,USA-NIST-80053,Rev 5,12.26,PL,PL - Control 26,PL - ضابط 26,The organization shall implement pl controls to ensure compliance with NIST SP 800-53 Rev 5 requirements.,يجب على المنظمة تطبيق ضوابط PL لضمان الامتثال لمتطلبات ضوابط أمنية,detective,4,low,True,LOG|REPORT|SCAN_REPORT|AUDIT_REPORT|ACCESS_REVIEW,active
638,USA,USA-NIST-80053,Rev 5,13.26,PM,PM - Control 26,PM - ضابط 26,The organization shall implement pm controls to ensure compliance with NIST SP 800-53 Rev 5 requirements.,يجب على المنظمة تطبيق ضوابط PM لضمان الامتثال لمتطلبات ضوابط أمنية,corrective,1,critical,True,INCIDENT_REPORT|MEETING_MINUTES|ATTESTATION|RISK_ASSESSMENT,active
639,USA,USA-NIST-80053,Rev 5,14.26,PS,PS - Control 26,PS - ضابط 26,The organization shall implement ps controls to ensure compliance with NIST SP 800-53 Rev 5 requirements.,يجب على المنظمة تطبيق ضوابط PS لضمان الامتثال لمتطلبات ضوابط أمنية,preventive,2,high,True,POLICY|PROCEDURE|STANDARD|CONFIG|TRAINING_RECORD,active
640,USA,USA-NIST-80053,Rev 5,15.26,PT,PT - Control 26,PT - ضابط 26,The organization shall implement pt controls to ensure compliance with NIST SP 800-53 Rev 5 requirements.,يجب على المنظمة تطبيق ضوابط PT لضمان الامتثال لمتطلبات ضوابط أمنية,detective,3,medium,True,LOG|REPORT|SCAN_REPORT|AUDIT_REPORT|ACCESS_REVIEW,active
641,USA,USA-NIST-80053,Rev 5,16.26,RA,RA - Control 26,RA - ضابط 26,The organization shall implement ra controls to ensure compliance with NIST SP 800-53 Rev 5 requirements.,يجب على المنظمة تطبيق ضوابط RA لضمان الامتثال لمتطلبات ضوابط أمنية,corrective,4,low,True,INCIDENT_REPORT|MEETING_MINUTES|ATTESTATION|RISK_ASSESSMENT,active
642,USA,USA-NIST-80053,Rev 5,17.26,SA,SA - Control 26,SA - ضابط 26,The organization shall implement sa controls to ensure compliance with NIST SP 800-53 Rev 5 requirements.,يجب على المنظمة تطبيق ضوابط SA لضمان الامتثال لمتطلبات ضوابط أمنية,preventive,1,critical,True,POLICY|PROCEDURE|STANDARD|CONFIG|TRAINING_RECORD,active
643,USA,USA-NIST-80053,Rev 5,18.26,SC,SC - Control 26,SC - ضابط 26,The organization shall implement sc controls to ensure compliance with NIST SP 800-53 Rev 5 requirements.,يجب على المنظمة تطبيق ضوابط SC لضمان الامتثال لمتطلبات ضوابط أمنية,detective,2,high,True,LOG|REPORT|SCAN_REPORT|AUDIT_REPORT|ACCESS_REVIEW,active
644,USA,USA-NIST-80053,Rev 5,19.26,SI,SI - Control 26,SI - ضابط 26,The organization shall implement si controls to ensure compliance with NIST SP 800-53 Rev 5 requirements.,يجب على المنظمة تطبيق ضوابط SI لضمان الامتثال لمتطلبات ضوابط أمنية,corrective,3,medium,True,INCIDENT_REPORT|MEETING_MINUTES|ATTESTATION|RISK_ASSESSMENT,active
645,USA,USA-NIST-80053,Rev 5,20.26,SR,SR - Control 26,SR - ضابط 26,The organization shall implement sr controls to ensure compliance with NIST SP 800-53 Rev 5 requirements.,يجب على المنظمة تطبيق ضوابط SR لضمان الامتثال لمتطلبات ضوابط أمنية,preventive,4,low,True,POLICY|PROCEDURE|STANDARD|CONFIG|TRAINING_RECORD,active
646,USA,USA-NIST-80053,Rev 5,1.27,AC,AC - Control 27,AC - ضابط 27,The organization shall implement ac controls to ensure compliance with NIST SP 800-53 Rev 5 requirements.,يجب على المنظمة تطبيق ضوابط AC لضمان الامتثال لمتطلبات ضوابط أمنية,detective,1,critical,True,LOG|REPORT|SCAN_REPORT|AUDIT_REPORT|ACCESS_REVIEW,active
647,USA,USA-NIST-80053,Rev 5,2.27,AT,AT - Control 27,AT - ضابط 27,The organization shall implement at controls to ensure compliance with NIST SP 800-53 Rev 5 requirements.,يجب على المنظمة تطبيق ضوابط AT لضمان الامتثال لمتطلبات ضوابط أمنية,corrective,2,high,True,INCIDENT_REPORT|MEETING_MINUTES|ATTESTATION|RISK_ASSESSMENT,active
648,USA,USA-NIST-80053,Rev 5,3.27,AU,AU - Control 27,AU - ضابط 27,The organization shall implement au controls to ensure compliance with NIST SP 800-53 Rev 5 requirements.,يجب على المنظمة تطبيق ضوابط AU لضمان الامتثال لمتطلبات ضوابط أمنية,preventive,3,medium,True,POLICY|PROCEDURE|STANDARD|CONFIG|TRAINING_RECORD,active
649,USA,USA-NIST-80053,Rev 5,4.27,CA,CA - Control 27,CA - ضابط 27,The organization shall implement ca controls to ensure compliance with NIST SP 800-53 Rev 5 requirements.,يجب على المنظمة تطبيق ضوابط CA لضمان الامتثال لمتطلبات ضوابط أمنية,detective,4,low,True,LOG|REPORT|SCAN_REPORT|AUDIT_REPORT|ACCESS_REVIEW,active
650,USA,USA-NIST-80053,Rev 5,5.27,CM,CM - Control 27,CM - ضابط 27,The organization shall implement cm controls to ensure compliance with NIST SP 800-53 Rev 5 requirements.,يجب على المنظمة تطبيق ضوابط CM لضمان الامتثال لمتطلبات ضوابط أمنية,corrective,1,critical,True,INCIDENT_REPORT|MEETING_MINUTES|ATTESTATION|RISK_ASSESSMENT,active
651,USA,USA-NIST-80053,Rev 5,6.27,CP,CP - Control 27,CP - ضابط 27,The organization shall implement cp controls to ensure compliance with NIST SP 800-53 Rev 5 requirements.,يجب على المنظمة تطبيق ضوابط CP لضمان الامتثال لمتطلبات ضوابط أمنية,preventive,2,high,True,POLICY|PROCEDURE|STANDARD|CONFIG|TRAINING_RECORD,active
652,USA,USA-NIST-80053,Rev 5,7.27,IA,IA - Control 27,IA - ضابط 27,The organization shall implement ia controls to ensure compliance with NIST SP 800-53 Rev 5 requirements.,يجب على المنظمة تطبيق ضوابط IA لضمان الامتثال لمتطلبات ضوابط أمنية,detective,3,medium,True,LOG|REPORT|SCAN_REPORT|AUDIT_REPORT|ACCESS_REVIEW,active
653,USA,USA-NIST-80053,Rev 5,8.27,IR,IR - Control 27,IR - ضابط 27,The organization shall implement ir controls to ensure compliance with NIST SP 800-53 Rev 5 requirements.,يجب على المنظمة تطبيق ضوابط IR لضمان الامتثال لمتطلبات ضوابط أمنية,corrective,4,low,True,INCIDENT_REPORT|MEETING_MINUTES|ATTESTATION|RISK_ASSESSMENT,active
654,USA,USA-NIST-80053,Rev 5,9.27,MA,MA - Control 27,MA - ضابط 27,The organization shall implement ma controls to ensure compliance with NIST SP 800-53 Rev 5 requirements.,يجب على المنظمة تطبيق ضوابط MA لضمان الامتثال لمتطلبات ضوابط أمنية,preventive,1,critical,True,POLICY|PROCEDURE|STANDARD|CONFIG|TRAINING_RECORD,active
655,USA,USA-NIST-80053,Rev 5,10.27,MP,MP - Control 27,MP - ضابط 27,The organization shall implement mp controls to ensure compliance with NIST SP 800-53 Rev 5 requirements.,يجب على المنظمة تطبيق ضوابط MP لضمان الامتثال لمتطلبات ضوابط أمنية,detective,2,high,True,LOG|REPORT|SCAN_REPORT|AUDIT_REPORT|ACCESS_REVIEW,active
656,USA,USA-NIST-80053,Rev 5,11.27,PE,PE - Control 27,PE - ضابط 27,The organization shall implement pe controls to ensure compliance with NIST SP 800-53 Rev 5 requirements.,يجب على المنظمة تطبيق ضوابط PE لضمان الامتثال لمتطلبات ضوابط أمنية,corrective,3,medium,True,INCIDENT_REPORT|MEETING_MINUTES|ATTESTATION|RISK_ASSESSMENT,active
657,USA,USA-NIST-80053,Rev 5,12.27,PL,PL - Control 27,PL - ضابط 27,The organization shall implement pl controls to ensure compliance with NIST SP 800-53 Rev 5 requirements.,يجب على المنظمة تطبيق ضوابط PL لضمان الامتثال لمتطلبات ضوابط أمنية,preventive,4,low,True,POLICY|PROCEDURE|STANDARD|CONFIG|TRAINING_RECORD,active
658,USA,USA-NIST-80053,Rev 5,13.27,PM,PM - Control 27,PM - ضابط 27,The organization shall implement pm controls to ensure compliance with NIST SP 800-53 Rev 5 requirements.,يجب على المنظمة تطبيق ضوابط PM لضمان الامتثال لمتطلبات ضوابط أمنية,detective,1,critical,True,LOG|REPORT|SCAN_REPORT|AUDIT_REPORT|ACCESS_REVIEW,active
659,USA,USA-NIST-80053,Rev 5,14.27,PS,PS - Control 27,PS - ضابط 27,The organization shall implement ps controls to ensure compliance with NIST SP 800-53 Rev 5 requirements.,يجب على المنظمة تطبيق ضوابط PS لضمان الامتثال لمتطلبات ضوابط أمنية,corrective,2,high,True,INCIDENT_REPORT|MEETING_MINUTES|ATTESTATION|RISK_ASSESSMENT,active
660,USA,USA-NIST-80053,Rev 5,15.27,PT,PT - Control 27,PT - ضابط 27,The organization shall implement pt controls to ensure compliance with NIST SP 800-53 Rev 5 requirements.,يجب على المنظمة تطبيق ضوابط PT لضمان الامتثال لمتطلبات ضوابط أمنية,preventive,3,medium,True,POLICY|PROCEDURE|STANDARD|CONFIG|TRAINING_RECORD,active
661,USA,USA-NIST-80053,Rev 5,16.27,RA,RA - Control 27,RA - ضابط 27,The organization shall implement ra controls to ensure compliance with NIST SP 800-53 Rev 5 requirements.,يجب على المنظمة تطبيق ضوابط RA لضمان الامتثال لمتطلبات ضوابط أمنية,detective,4,low,True,LOG|REPORT|SCAN_REPORT|AUDIT_REPORT|ACCESS_REVIEW,active
662,USA,USA-NIST-80053,Rev 5,17.27,SA,SA - Control 27,SA - ضابط 27,The organization shall implement sa controls to ensure compliance with NIST SP 800-53 Rev 5 requirements.,يجب على المنظمة تطبيق ضوابط SA لضمان الامتثال لمتطلبات ضوابط أمنية,corrective,1,critical,True,INCIDENT_REPORT|MEETING_MINUTES|ATTESTATION|RISK_ASSESSMENT,active
663,USA,USA-NIST-80053,Rev 5,18.27,SC,SC - Control 27,SC - ضابط 27,The organization shall implement sc controls to ensure compliance with NIST SP 800-53 Rev 5 requirements.,يجب على المنظمة تطبيق ضوابط SC لضمان الامتثال لمتطلبات ضوابط أمنية,preventive,2,high,True,POLICY|PROCEDURE|STANDARD|CONFIG|TRAINING_RECORD,active
664,USA,USA-NIST-80053,Rev 5,19.27,SI,SI - Control 27,SI - ضابط 27,The organization shall implement si controls to ensure compliance with NIST SP 800-53 Rev 5 requirements.,يجب على المنظمة تطبيق ضوابط SI لضمان الامتثال لمتطلبات ضوابط أمنية,detective,3,medium,True,LOG|REPORT|SCAN_REPORT|AUDIT_REPORT|ACCESS_REVIEW,active
665,USA,USA-NIST-80053,Rev 5,20.27,SR,SR - Control 27,SR - ضابط 27,The organization shall implement sr controls to ensure compliance with NIST SP 800-53 Rev 5 requirements.,يجب على المنظمة تطبيق ضوابط SR لضمان الامتثال لمتطلبات ضوابط أمنية,corrective,4,low,True,INCIDENT_REPORT|MEETING_MINUTES|ATTESTATION|RISK_ASSESSMENT,active
666,USA,USA-NIST-80053,Rev 5,1.28,AC,AC - Control 28,AC - ضابط 28,The organization shall implement ac controls to ensure compliance with NIST SP 800-53 Rev 5 requirements.,يجب على المنظمة تطبيق ضوابط AC لضمان الامتثال لمتطلبات ضوابط أمنية,preventive,1,critical,True,POLICY|PROCEDURE|STANDARD|CONFIG|TRAINING_RECORD,active
667,USA,USA-NIST-80053,Rev 5,2.28,AT,AT - Control 28,AT - ضابط 28,The organization shall implement at controls to ensure compliance with NIST SP 800-53 Rev 5 requirements.,يجب على المنظمة تطبيق ضوابط AT لضمان الامتثال لمتطلبات ضوابط أمنية,detective,2,high,True,LOG|REPORT|SCAN_REPORT|AUDIT_REPORT|ACCESS_REVIEW,active
668,USA,USA-NIST-80053,Rev 5,3.28,AU,AU - Control 28,AU - ضابط 28,The organization shall implement au controls to ensure compliance with NIST SP 800-53 Rev 5 requirements.,يجب على المنظمة تطبيق ضوابط AU لضمان الامتثال لمتطلبات ضوابط أمنية,corrective,3,medium,True,INCIDENT_REPORT|MEETING_MINUTES|ATTESTATION|RISK_ASSESSMENT,active
669,USA,USA-NIST-80053,Rev 5,4.28,CA,CA - Control 28,CA - ضابط 28,The organization shall implement ca controls to ensure compliance with NIST SP 800-53 Rev 5 requirements.,يجب على المنظمة تطبيق ضوابط CA لضمان الامتثال لمتطلبات ضوابط أمنية,preventive,4,low,True,POLICY|PROCEDURE|STANDARD|CONFIG|TRAINING_RECORD,active
670,USA,USA-NIST-80053,Rev 5,5.28,CM,CM - Control 28,CM - ضابط 28,The organization shall implement cm controls to ensure compliance with NIST SP 800-53 Rev 5 requirements.,يجب على المنظمة تطبيق ضوابط CM لضمان الامتثال لمتطلبات ضوابط أمنية,detective,1,critical,True,LOG|REPORT|SCAN_REPORT|AUDIT_REPORT|ACCESS_REVIEW,active
671,USA,USA-NIST-80053,Rev 5,6.28,CP,CP - Control 28,CP - ضابط 28,The organization shall implement cp controls to ensure compliance with NIST SP 800-53 Rev 5 requirements.,يجب على المنظمة تطبيق ضوابط CP لضمان الامتثال لمتطلبات ضوابط أمنية,corrective,2,high,True,INCIDENT_REPORT|MEETING_MINUTES|ATTESTATION|RISK_ASSESSMENT,active
672,USA,USA-NIST-80053,Rev 5,7.28,IA,IA - Control 28,IA - ضابط 28,The organization shall implement ia controls to ensure compliance with NIST SP 800-53 Rev 5 requirements.,يجب على المنظمة تطبيق ضوابط IA لضمان الامتثال لمتطلبات ضوابط أمنية,preventive,3,medium,True,POLICY|PROCEDURE|STANDARD|CONFIG|TRAINING_RECORD,active
673,USA,USA-NIST-80053,Rev 5,8.28,IR,IR - Control 28,IR - ضابط 28,The organization shall implement ir controls to ensure compliance with NIST SP 800-53 Rev 5 requirements.,يجب على المنظمة تطبيق ضوابط IR لضمان الامتثال لمتطلبات ضوابط أمنية,detective,4,low,True,LOG|REPORT|SCAN_REPORT|AUDIT_REPORT|ACCESS_REVIEW,active
674,USA,USA-NIST-80053,Rev 5,9.28,MA,MA - Control 28,MA - ضابط 28,The organization shall implement ma controls to ensure compliance with NIST SP 800-53 Rev 5 requirements.,يجب على المنظمة تطبيق ضوابط MA لضمان الامتثال لمتطلبات ضوابط أمنية,corrective,1,critical,True,INCIDENT_REPORT|MEETING_MINUTES|ATTESTATION|RISK_ASSESSMENT,active
675,USA,USA-NIST-80053,Rev 5,10.28,MP,MP - Control 28,MP - ضابط 28,The organization shall implement mp controls to ensure compliance with NIST SP 800-53 Rev 5 requirements.,يجب على المنظمة تطبيق ضوابط MP لضمان الامتثال لمتطلبات ضوابط أمنية,preventive,2,high,True,POLICY|PROCEDURE|STANDARD|CONFIG|TRAINING_RECORD,active
676,USA,USA-NIST-80053,Rev 5,11.28,PE,PE - Control 28,PE - ضابط 28,The organization shall implement pe controls to ensure compliance with NIST SP 800-53 Rev 5 requirements.,يجب على المنظمة تطبيق ضوابط PE لضمان الامتثال لمتطلبات ضوابط أمنية,detective,3,medium,True,LOG|REPORT|SCAN_REPORT|AUDIT_REPORT|ACCESS_REVIEW,active
677,USA,USA-NIST-80053,Rev 5,12.28,PL,PL - Control 28,PL - ضابط 28,The organization shall implement pl controls to ensure compliance with NIST SP 800-53 Rev 5 requirements.,يجب على المنظمة تطبيق ضوابط PL لضمان الامتثال لمتطلبات ضوابط أمنية,corrective,4,low,True,INCIDENT_REPORT|MEETING_MINUTES|ATTESTATION|RISK_ASSESSMENT,active
678,USA,USA-NIST-80053,Rev 5,13.28,PM,PM - Control 28,PM - ضابط 28,The organization shall implement pm controls to ensure compliance with NIST SP 800-53 Rev 5 requirements.,يجب على المنظمة تطبيق ضوابط PM لضمان الامتثال لمتطلبات ضوابط أمنية,preventive,1,critical,True,POLICY|PROCEDURE|STANDARD|CONFIG|TRAINING_RECORD,active
679,USA,USA-NIST-80053,Rev 5,14.28,PS,PS - Control 28,PS - ضابط 28,The organization shall implement ps controls to ensure compliance with NIST SP 800-53 Rev 5 requirements.,يجب على المنظمة تطبيق ضوابط PS لضمان الامتثال لمتطلبات ضوابط أمنية,detective,2,high,True,LOG|REPORT|SCAN_REPORT|AUDIT_REPORT|ACCESS_REVIEW,active
680,USA,USA-NIST-80053,Rev 5,15.28,PT,PT - Control 28,PT - ضابط 28,The organization shall implement pt controls to ensure compliance with NIST SP 800-53 Rev 5 requirements.,يجب على المنظمة تطبيق ضوابط PT لضمان الامتثال لمتطلبات ضوابط أمنية,corrective,3,medium,True,INCIDENT_REPORT|MEETING_MINUTES|ATTESTATION|RISK_ASSESSMENT,active
681,USA,USA-NIST-80053,Rev 5,16.28,RA,RA - Control 28,RA - ضابط 28,The organization shall implement ra controls to ensure compliance with NIST SP 800-53 Rev 5 requirements.,يجب على المنظمة تطبيق ضوابط RA لضمان الامتثال لمتطلبات ضوابط أمنية,preventive,4,low,True,POLICY|PROCEDURE|STANDARD|CONFIG|TRAINING_RECORD,active
682,USA,USA-NIST-80053,Rev 5,17.28,SA,SA - Control 28,SA - ضابط 28,The organization shall implement sa controls to ensure compliance with NIST SP 800-53 Rev 5 requirements.,يجب على المنظمة تطبيق ضوابط SA لضمان الامتثال لمتطلبات ضوابط أمنية,detective,1,critical,True,LOG|REPORT|SCAN_REPORT|AUDIT_REPORT|ACCESS_REVIEW,active
683,USA,USA-NIST-80053,Rev 5,18.28,SC,SC - Control 28,SC - ضابط 28,The organization shall implement sc controls to ensure compliance with NIST SP 800-53 Rev 5 requirements.,يجب على المنظمة تطبيق ضوابط SC لضمان الامتثال لمتطلبات ضوابط أمنية,corrective,2,high,True,INCIDENT_REPORT|MEETING_MINUTES|ATTESTATION|RISK_ASSESSMENT,active
684,USA,USA-NIST-80053,Rev 5,19.28,SI,SI - Control 28,SI - ضابط 28,The organization shall implement si controls to ensure compliance with NIST SP 800-53 Rev 5 requirements.,يجب على المنظمة تطبيق ضوابط SI لضمان الامتثال لمتطلبات ضوابط أمنية,preventive,3,medium,True,POLICY|PROCEDURE|STANDARD|CONFIG|TRAINING_RECORD,active
685,USA,USA-NIST-80053,Rev 5,20.28,SR,SR - Control 28,SR - ضابط 28,The organization shall implement sr controls to ensure compliance with NIST SP 800-53 Rev 5 requirements.,يجب على المنظمة تطبيق ضوابط SR لضمان الامتثال لمتطلبات ضوابط أمنية,detective,4,low,True,LOG|REPORT|SCAN_REPORT|AUDIT_REPORT|ACCESS_REVIEW,active
686,USA,USA-NIST-80053,Rev 5,1.29,AC,AC - Control 29,AC - ضابط 29,The organization shall implement ac controls to ensure compliance with NIST SP 800-53 Rev 5 requirements.,يجب على المنظمة تطبيق ضوابط AC لضمان الامتثال لمتطلبات ضوابط أمنية,corrective,1,critical,True,INCIDENT_REPORT|MEETING_MINUTES|ATTESTATION|RISK_ASSESSMENT,active
687,USA,USA-NIST-80053,Rev 5,2.29,AT,AT - Control 29,AT - ضابط 29,The organization shall implement at controls to ensure compliance with NIST SP 800-53 Rev 5 requirements.,يجب على المنظمة تطبيق ضوابط AT لضمان الامتثال لمتطلبات ضوابط أمنية,preventive,2,high,True,POLICY|PROCEDURE|STANDARD|CONFIG|TRAINING_RECORD,active
688,USA,USA-NIST-80053,Rev 5,3.29,AU,AU - Control 29,AU - ضابط 29,The organization shall implement au controls to ensure compliance with NIST SP 800-53 Rev 5 requirements.,يجب على المنظمة تطبيق ضوابط AU لضمان الامتثال لمتطلبات ضوابط أمنية,detective,3,medium,True,LOG|REPORT|SCAN_REPORT|AUDIT_REPORT|ACCESS_REVIEW,active
689,USA,USA-NIST-80053,Rev 5,4.29,CA,CA - Control 29,CA - ضابط 29,The organization shall implement ca controls to ensure compliance with NIST SP 800-53 Rev 5 requirements.,يجب على المنظمة تطبيق ضوابط CA لضمان الامتثال لمتطلبات ضوابط أمنية,corrective,4,low,True,INCIDENT_REPORT|MEETING_MINUTES|ATTESTATION|RISK_ASSESSMENT,active
690,USA,USA-NIST-80053,Rev 5,5.29,CM,CM - Control 29,CM - ضابط 29,The organization shall implement cm controls to ensure compliance with NIST SP 800-53 Rev 5 requirements.,يجب على المنظمة تطبيق ضوابط CM لضمان الامتثال لمتطلبات ضوابط أمنية,preventive,1,critical,True,POLICY|PROCEDURE|STANDARD|CONFIG|TRAINING_RECORD,active
691,USA,USA-NIST-80053,Rev 5,6.29,CP,CP - Control 29,CP - ضابط 29,The organization shall implement cp controls to ensure compliance with NIST SP 800-53 Rev 5 requirements.,يجب على المنظمة تطبيق ضوابط CP لضمان الامتثال لمتطلبات ضوابط أمنية,detective,2,high,True,LOG|REPORT|SCAN_REPORT|AUDIT_REPORT|ACCESS_REVIEW,active
692,USA,USA-NIST-80053,Rev 5,7.29,IA,IA - Control 29,IA - ضابط 29,The organization shall implement ia controls to ensure compliance with NIST SP 800-53 Rev 5 requirements.,يجب على المنظمة تطبيق ضوابط IA لضمان الامتثال لمتطلبات ضوابط أمنية,corrective,3,medium,True,INCIDENT_REPORT|MEETING_MINUTES|ATTESTATION|RISK_ASSESSMENT,active
693,USA,USA-NIST-80053,Rev 5,8.29,IR,IR - Control 29,IR - ضابط 29,The organization shall implement ir controls to ensure compliance with NIST SP 800-53 Rev 5 requirements.,يجب على المنظمة تطبيق ضوابط IR لضمان الامتثال لمتطلبات ضوابط أمنية,preventive,4,low,True,POLICY|PROCEDURE|STANDARD|CONFIG|TRAINING_RECORD,active
694,USA,USA-NIST-80053,Rev 5,9.29,MA,MA - Control 29,MA - ضابط 29,The organization shall implement ma controls to ensure compliance with NIST SP 800-53 Rev 5 requirements.,يجب على المنظمة تطبيق ضوابط MA لضمان الامتثال لمتطلبات ضوابط أمنية,detective,1,critical,True,LOG|REPORT|SCAN_REPORT|AUDIT_REPORT|ACCESS_REVIEW,active
695,USA,USA-NIST-80053,Rev 5,10.29,MP,MP - Control 29,MP - ضابط 29,The organization shall implement mp controls to ensure compliance with NIST SP 800-53 Rev 5 requirements.,يجب على المنظمة تطبيق ضوابط MP لضمان الامتثال لمتطلبات ضوابط أمنية,corrective,2,high,True,INCIDENT_REPORT|MEETING_MINUTES|ATTESTATION|RISK_ASSESSMENT,active
696,USA,USA-NIST-80053,Rev 5,11.29,PE,PE - Control 29,PE - ضابط 29,The organization shall implement pe controls to ensure compliance with NIST SP 800-53 Rev 5 requirements.,يجب على المنظمة تطبيق ضوابط PE لضمان الامتثال لمتطلبات ضوابط أمنية,preventive,3,medium,True,POLICY|PROCEDURE|STANDARD|CONFIG|TRAINING_RECORD,active
697,USA,USA-NIST-80053,Rev 5,12.29,PL,PL - Control 29,PL - ضابط 29,The organization shall implement pl controls to ensure compliance with NIST SP 800-53 Rev 5 requirements.,يجب على المنظمة تطبيق ضوابط PL لضمان الامتثال لمتطلبات ضوابط أمنية,detective,4,low,True,LOG|REPORT|SCAN_REPORT|AUDIT_REPORT|ACCESS_REVIEW,active
698,USA,USA-NIST-80053,Rev 5,13.29,PM,PM - Control 29,PM - ضابط 29,The organization shall implement pm controls to ensure compliance with NIST SP 800-53 Rev 5 requirements.,يجب على المنظمة تطبيق ضوابط PM لضمان الامتثال لمتطلبات ضوابط أمنية,corrective,1,critical,True,INCIDENT_REPORT|MEETING_MINUTES|ATTESTATION|RISK_ASSESSMENT,active
699,USA,USA-NIST-80053,Rev 5,14.29,PS,PS - Control 29,PS - ضابط 29,The organization shall implement ps controls to ensure compliance with NIST SP 800-53 Rev 5 requirements.,يجب على المنظمة تطبيق ضوابط PS لضمان الامتثال لمتطلبات ضوابط أمنية,preventive,2,high,True,POLICY|PROCEDURE|STANDARD|CONFIG|TRAINING_RECORD,active
700,USA,USA-NIST-80053,Rev 5,15.29,PT,PT - Control 29,PT - ضابط 29,The organization shall implement pt controls to ensure compliance with NIST SP 800-53 Rev 5 requirements.,يجب على المنظمة تطبيق ضوابط PT لضمان الامتثال لمتطلبات ضوابط أمنية,detective,3,medium,True,LOG|REPORT|SCAN_REPORT|AUDIT_REPORT|ACCESS_REVIEW,active
701,USA,USA-NIST-80053,Rev 5,16.29,RA,RA - Control 29,RA - ضابط 29,The organization shall implement ra controls to ensure compliance with NIST SP 800-53 Rev 5 requirements.,يجب على المنظمة تطبيق ضوابط RA لضمان الامتثال لمتطلبات ضوابط أمنية,corrective,4,low,True,INCIDENT_REPORT|MEETING_MINUTES|ATTESTATION|RISK_ASSESSMENT,active
702,USA,USA-NIST-80053,Rev 5,17.29,SA,SA - Control 29,SA - ضابط 29,The organization shall implement sa controls to ensure compliance with NIST SP 800-53 Rev 5 requirements.,يجب على المنظمة تطبيق ضوابط SA لضمان الامتثال لمتطلبات ضوابط أمنية,preventive,1,critical,True,POLICY|PROCEDURE|STANDARD|CONFIG|TRAINING_RECORD,active
703,USA,USA-NIST-80053,Rev 5,18.29,SC,SC - Control 29,SC - ضابط 29,The organization shall implement sc controls to ensure compliance with NIST SP 800-53 Rev 5 requirements.,يجب على المنظمة تطبيق ضوابط SC لضمان الامتثال لمتطلبات ضوابط أمنية,detective,2,high,True,LOG|REPORT|SCAN_REPORT|AUDIT_REPORT|ACCESS_REVIEW,active
704,USA,USA-NIST-80053,Rev 5,19.29,SI,SI - Control 29,SI - ضابط 29,The organization shall implement si controls to ensure compliance with NIST SP 800-53 Rev 5 requirements.,يجب على المنظمة تطبيق ضوابط SI لضمان الامتثال لمتطلبات ضوابط أمنية,corrective,3,medium,True,INCIDENT_REPORT|MEETING_MINUTES|ATTESTATION|RISK_ASSESSMENT,active
705,USA,USA-NIST-80053,Rev 5,20.29,SR,SR - Control 29,SR - ضابط 29,The organization shall implement sr controls to ensure compliance with NIST SP 800-53 Rev 5 requirements.,يجب على المنظمة تطبيق ضوابط SR لضمان الامتثال لمتطلبات ضوابط أمنية,preventive,4,low,True,POLICY|PROCEDURE|STANDARD|CONFIG|TRAINING_RECORD,active
706,USA,USA-NIST-80053,Rev 5,1.30,AC,AC - Control 30,AC - ضابط 30,The organization shall implement ac controls to ensure compliance with NIST SP 800-53 Rev 5 requirements.,يجب على المنظمة تطبيق ضوابط AC لضمان الامتثال لمتطلبات ضوابط أمنية,detective,1,critical,True,LOG|REPORT|SCAN_REPORT|AUDIT_REPORT|ACCESS_REVIEW,active
707,USA,USA-NIST-80053,Rev 5,2.30,AT,AT - Control 30,AT - ضابط 30,The organization shall implement at controls to ensure compliance with NIST SP 800-53 Rev 5 requirements.,يجب على المنظمة تطبيق ضوابط AT لضمان الامتثال لمتطلبات ضوابط أمنية,corrective,2,high,True,INCIDENT_REPORT|MEETING_MINUTES|ATTESTATION|RISK_ASSESSMENT,active
708,USA,USA-NIST-80053,Rev 5,3.30,AU,AU - Control 30,AU - ضابط 30,The organization shall implement au controls to ensure compliance with NIST SP 800-53 Rev 5 requirements.,يجب على المنظمة تطبيق ضوابط AU لضمان الامتثال لمتطلبات ضوابط أمنية,preventive,3,medium,True,POLICY|PROCEDURE|STANDARD|CONFIG|TRAINING_RECORD,active
709,USA,USA-NIST-80053,Rev 5,4.30,CA,CA - Control 30,CA - ضابط 30,The organization shall implement ca controls to ensure compliance with NIST SP 800-53 Rev 5 requirements.,يجب على المنظمة تطبيق ضوابط CA لضمان الامتثال لمتطلبات ضوابط أمنية,detective,4,low,True,LOG|REPORT|SCAN_REPORT|AUDIT_REPORT|ACCESS_REVIEW,active
710,USA,USA-NIST-80053,Rev 5,5.30,CM,CM - Control 30,CM - ضابط 30,The organization shall implement cm controls to ensure compliance with NIST SP 800-53 Rev 5 requirements.,يجب على المنظمة تطبيق ضوابط CM لضمان الامتثال لمتطلبات ضوابط أمنية,corrective,1,critical,True,INCIDENT_REPORT|MEETING_MINUTES|ATTESTATION|RISK_ASSESSMENT,active
711,USA,USA-NIST-80053,Rev 5,6.30,CP,CP - Control 30,CP - ضابط 30,The organization shall implement cp controls to ensure compliance with NIST SP 800-53 Rev 5 requirements.,يجب على المنظمة تطبيق ضوابط CP لضمان الامتثال لمتطلبات ضوابط أمنية,preventive,2,high,True,POLICY|PROCEDURE|STANDARD|CONFIG|TRAINING_RECORD,active
712,USA,USA-NIST-80053,Rev 5,7.30,IA,IA - Control 30,IA - ضابط 30,The organization shall implement ia controls to ensure compliance with NIST SP 800-53 Rev 5 requirements.,يجب على المنظمة تطبيق ضوابط IA لضمان الامتثال لمتطلبات ضوابط أمنية,detective,3,medium,True,LOG|REPORT|SCAN_REPORT|AUDIT_REPORT|ACCESS_REVIEW,active
713,USA,USA-NIST-80053,Rev 5,8.30,IR,IR - Control 30,IR - ضابط 30,The organization shall implement ir controls to ensure compliance with NIST SP 800-53 Rev 5 requirements.,يجب على المنظمة تطبيق ضوابط IR لضمان الامتثال لمتطلبات ضوابط أمنية,corrective,4,low,True,INCIDENT_REPORT|MEETING_MINUTES|ATTESTATION|RISK_ASSESSMENT,active
714,USA,USA-NIST-80053,Rev 5,9.30,MA,MA - Control 30,MA - ضابط 30,The organization shall implement ma controls to ensure compliance with NIST SP 800-53 Rev 5 requirements.,يجب على المنظمة تطبيق ضوابط MA لضمان الامتثال لمتطلبات ضوابط أمنية,preventive,1,critical,True,POLICY|PROCEDURE|STANDARD|CONFIG|TRAINING_RECORD,active
715,USA,USA-NIST-80053,Rev 5,10.30,MP,MP - Control 30,MP - ضابط 30,The organization shall implement mp controls to ensure compliance with NIST SP 800-53 Rev 5 requirements.,يجب على المنظمة تطبيق ضوابط MP لضمان الامتثال لمتطلبات ضوابط أمنية,detective,2,high,True,LOG|REPORT|SCAN_REPORT|AUDIT_REPORT|ACCESS_REVIEW,active
716,USA,USA-NIST-80053,Rev 5,11.30,PE,PE - Control 30,PE - ضابط 30,The organization shall implement pe controls to ensure compliance with NIST SP 800-53 Rev 5 requirements.,يجب على المنظمة تطبيق ضوابط PE لضمان الامتثال لمتطلبات ضوابط أمنية,corrective,3,medium,True,INCIDENT_REPORT|MEETING_MINUTES|ATTESTATION|RISK_ASSESSMENT,active
717,USA,USA-NIST-80053,Rev 5,12.30,PL,PL - Control 30,PL - ضابط 30,The organization shall implement pl controls to ensure compliance with NIST SP 800-53 Rev 5 requirements.,يجب على المنظمة تطبيق ضوابط PL لضمان الامتثال لمتطلبات ضوابط أمنية,preventive,4,low,True,POLICY|PROCEDURE|STANDARD|CONFIG|TRAINING_RECORD,active
718,USA,USA-NIST-80053,Rev 5,13.30,PM,PM - Control 30,PM - ضابط 30,The organization shall implement pm controls to ensure compliance with NIST SP 800-53 Rev 5 requirements.,يجب على المنظمة تطبيق ضوابط PM لضمان الامتثال لمتطلبات ضوابط أمنية,detective,1,critical,True,LOG|REPORT|SCAN_REPORT|AUDIT_REPORT|ACCESS_REVIEW,active
719,USA,USA-NIST-80053,Rev 5,14.30,PS,PS - Control 30,PS - ضابط 30,The organization shall implement ps controls to ensure compliance with NIST SP 800-53 Rev 5 requirements.,يجب على المنظمة تطبيق ضوابط PS لضمان الامتثال لمتطلبات ضوابط أمنية,corrective,2,high,True,INCIDENT_REPORT|MEETING_MINUTES|ATTESTATION|RISK_ASSESSMENT,active
720,USA,USA-NIST-80053,Rev 5,15.30,PT,PT - Control 30,PT - ضابط 30,The organization shall implement pt controls to ensure compliance with NIST SP 800-53 Rev 5 requirements.,يجب على المنظمة تطبيق ضوابط PT لضمان الامتثال لمتطلبات ضوابط أمنية,preventive,3,medium,True,POLICY|PROCEDURE|STANDARD|CONFIG|TRAINING_RECORD,active
721,USA,USA-NIST-80053,Rev 5,16.30,RA,RA - Control 30,RA - ضابط 30,The organization shall implement ra controls to ensure compliance with NIST SP 800-53 Rev 5 requirements.,يجب على المنظمة تطبيق ضوابط RA لضمان الامتثال لمتطلبات ضوابط أمنية,detective,4,low,True,LOG|REPORT|SCAN_REPORT|AUDIT_REPORT|ACCESS_REVIEW,active
722,USA,USA-NIST-80053,Rev 5,17.30,SA,SA - Control 30,SA - ضابط 30,The organization shall implement sa controls to ensure compliance with NIST SP 800-53 Rev 5 requirements.,يجب على المنظمة تطبيق ضوابط SA لضمان الامتثال لمتطلبات ضوابط أمنية,corrective,1,critical,True,INCIDENT_REPORT|MEETING_MINUTES|ATTESTATION|RISK_ASSESSMENT,active
723,USA,USA-NIST-80053,Rev 5,18.30,SC,SC - Control 30,SC - ضابط 30,The organization shall implement sc controls to ensure compliance with NIST SP 800-53 Rev 5 requirements.,يجب على المنظمة تطبيق ضوابط SC لضمان الامتثال لمتطلبات ضوابط أمنية,preventive,2,high,True,POLICY|PROCEDURE|STANDARD|CONFIG|TRAINING_RECORD,active
724,USA,USA-NIST-80053,Rev 5,19.30,SI,SI - Control 30,SI - ضابط 30,The organization shall implement si controls to ensure compliance with NIST SP 800-53 Rev 5 requirements.,يجب على المنظمة تطبيق ضوابط SI لضمان الامتثال لمتطلبات ضوابط أمنية,detective,3,medium,True,LOG|REPORT|SCAN_REPORT|AUDIT_REPORT|ACCESS_REVIEW,active
725,USA,USA-NIST-80053,Rev 5,20.30,SR,SR - Control 30,SR - ضابط 30,The organization shall implement sr controls to ensure compliance with NIST SP 800-53 Rev 5 requirements.,يجب على المنظمة تطبيق ضوابط SR لضمان الامتثال لمتطلبات ضوابط أمنية,corrective,4,low,True,INCIDENT_REPORT|MEETING_MINUTES|ATTESTATION|RISK_ASSESSMENT,active
726,USA,USA-NIST-80053,Rev 5,1.31,AC,AC - Control 31,AC - ضابط 31,The organization shall implement ac controls to ensure compliance with NIST SP 800-53 Rev 5 requirements.,يجب على المنظمة تطبيق ضوابط AC لضمان الامتثال لمتطلبات ضوابط أمنية,preventive,1,critical,True,POLICY|PROCEDURE|STANDARD|CONFIG|TRAINING_RECORD,active
727,USA,USA-NIST-80053,Rev 5,2.31,AT,AT - Control 31,AT - ضابط 31,The organization shall implement at controls to ensure compliance with NIST SP 800-53 Rev 5 requirements.,يجب على المنظمة تطبيق ضوابط AT لضمان الامتثال لمتطلبات ضوابط أمنية,detective,2,high,True,LOG|REPORT|SCAN_REPORT|AUDIT_REPORT|ACCESS_REVIEW,active
728,USA,USA-NIST-80053,Rev 5,3.31,AU,AU - Control 31,AU - ضابط 31,The organization shall implement au controls to ensure compliance with NIST SP 800-53 Rev 5 requirements.,يجب على المنظمة تطبيق ضوابط AU لضمان الامتثال لمتطلبات ضوابط أمنية,corrective,3,medium,True,INCIDENT_REPORT|MEETING_MINUTES|ATTESTATION|RISK_ASSESSMENT,active
729,USA,USA-NIST-80053,Rev 5,4.31,CA,CA - Control 31,CA - ضابط 31,The organization shall implement ca controls to ensure compliance with NIST SP 800-53 Rev 5 requirements.,يجب على المنظمة تطبيق ضوابط CA لضمان الامتثال لمتطلبات ضوابط أمنية,preventive,4,low,True,POLICY|PROCEDURE|STANDARD|CONFIG|TRAINING_RECORD,active
730,USA,USA-NIST-80053,Rev 5,5.31,CM,CM - Control 31,CM - ضابط 31,The organization shall implement cm controls to ensure compliance with NIST SP 800-53 Rev 5 requirements.,يجب على المنظمة تطبيق ضوابط CM لضمان الامتثال لمتطلبات ضوابط أمنية,detective,1,critical,True,LOG|REPORT|SCAN_REPORT|AUDIT_REPORT|ACCESS_REVIEW,active
731,USA,USA-NIST-80053,Rev 5,6.31,CP,CP - Control 31,CP - ضابط 31,The organization shall implement cp controls to ensure compliance with NIST SP 800-53 Rev 5 requirements.,يجب على المنظمة تطبيق ضوابط CP لضمان الامتثال لمتطلبات ضوابط أمنية,corrective,2,high,True,INCIDENT_REPORT|MEETING_MINUTES|ATTESTATION|RISK_ASSESSMENT,active
732,USA,USA-NIST-80053,Rev 5,7.31,IA,IA - Control 31,IA - ضابط 31,The organization shall implement ia controls to ensure compliance with NIST SP 800-53 Rev 5 requirements.,يجب على المنظمة تطبيق ضوابط IA لضمان الامتثال لمتطلبات ضوابط أمنية,preventive,3,medium,True,POLICY|PROCEDURE|STANDARD|CONFIG|TRAINING_RECORD,active
733,USA,USA-NIST-80053,Rev 5,8.31,IR,IR - Control 31,IR - ضابط 31,The organization shall implement ir controls to ensure compliance with NIST SP 800-53 Rev 5 requirements.,يجب على المنظمة تطبيق ضوابط IR لضمان الامتثال لمتطلبات ضوابط أمنية,detective,4,low,True,LOG|REPORT|SCAN_REPORT|AUDIT_REPORT|ACCESS_REVIEW,active
734,USA,USA-NIST-80053,Rev 5,9.31,MA,MA - Control 31,MA - ضابط 31,The organization shall implement ma controls to ensure compliance with NIST SP 800-53 Rev 5 requirements.,يجب على المنظمة تطبيق ضوابط MA لضمان الامتثال لمتطلبات ضوابط أمنية,corrective,1,critical,True,INCIDENT_REPORT|MEETING_MINUTES|ATTESTATION|RISK_ASSESSMENT,active
735,USA,USA-NIST-80053,Rev 5,10.31,MP,MP - Control 31,MP - ضابط 31,The organization shall implement mp controls to ensure compliance with NIST SP 800-53 Rev 5 requirements.,يجب على المنظمة تطبيق ضوابط MP لضمان الامتثال لمتطلبات ضوابط أمنية,preventive,2,high,True,POLICY|PROCEDURE|STANDARD|CONFIG|TRAINING_RECORD,active
736,USA,USA-NIST-80053,Rev 5,11.31,PE,PE - Control 31,PE - ضابط 31,The organization shall implement pe controls to ensure compliance with NIST SP 800-53 Rev 5 requirements.,يجب على المنظمة تطبيق ضوابط PE لضمان الامتثال لمتطلبات ضوابط أمنية,detective,3,medium,True,LOG|REPORT|SCAN_REPORT|AUDIT_REPORT|ACCESS_REVIEW,active
737,USA,USA-NIST-80053,Rev 5,12.31,PL,PL - Control 31,PL - ضابط 31,The organization shall implement pl controls to ensure compliance with NIST SP 800-53 Rev 5 requirements.,يجب على المنظمة تطبيق ضوابط PL لضمان الامتثال لمتطلبات ضوابط أمنية,corrective,4,low,True,INCIDENT_REPORT|MEETING_MINUTES|ATTESTATION|RISK_ASSESSMENT,active
738,USA,USA-NIST-80053,Rev 5,13.31,PM,PM - Control 31,PM - ضابط 31,The organization shall implement pm controls to ensure compliance with NIST SP 800-53 Rev 5 requirements.,يجب على المنظمة تطبيق ضوابط PM لضمان الامتثال لمتطلبات ضوابط أمنية,preventive,1,critical,True,POLICY|PROCEDURE|STANDARD|CONFIG|TRAINING_RECORD,active
739,USA,USA-NIST-80053,Rev 5,14.31,PS,PS - Control 31,PS - ضابط 31,The organization shall implement ps controls to ensure compliance with NIST SP 800-53 Rev 5 requirements.,يجب على المنظمة تطبيق ضوابط PS لضمان الامتثال لمتطلبات ضوابط أمنية,detective,2,high,True,LOG|REPORT|SCAN_REPORT|AUDIT_REPORT|ACCESS_REVIEW,active
740,USA,USA-NIST-80053,Rev 5,15.31,PT,PT - Control 31,PT - ضابط 31,The organization shall implement pt controls to ensure compliance with NIST SP 800-53 Rev 5 requirements.,يجب على المنظمة تطبيق ضوابط PT لضمان الامتثال لمتطلبات ضوابط أمنية,corrective,3,medium,True,INCIDENT_REPORT|MEETING_MINUTES|ATTESTATION|RISK_ASSESSMENT,active
741,USA,USA-NIST-80053,Rev 5,16.31,RA,RA - Control 31,RA - ضابط 31,The organization shall implement ra controls to ensure compliance with NIST SP 800-53 Rev 5 requirements.,يجب على المنظمة تطبيق ضوابط RA لضمان الامتثال لمتطلبات ضوابط أمنية,preventive,4,low,True,POLICY|PROCEDURE|STANDARD|CONFIG|TRAINING_RECORD,active
742,USA,USA-NIST-80053,Rev 5,17.31,SA,SA - Control 31,SA - ضابط 31,The organization shall implement sa controls to ensure compliance with NIST SP 800-53 Rev 5 requirements.,يجب على المنظمة تطبيق ضوابط SA لضمان الامتثال لمتطلبات ضوابط أمنية,detective,1,critical,True,LOG|REPORT|SCAN_REPORT|AUDIT_REPORT|ACCESS_REVIEW,active
743,USA,USA-NIST-80053,Rev 5,18.31,SC,SC - Control 31,SC - ضابط 31,The organization shall implement sc controls to ensure compliance with NIST SP 800-53 Rev 5 requirements.,يجب على المنظمة تطبيق ضوابط SC لضمان الامتثال لمتطلبات ضوابط أمنية,corrective,2,high,True,INCIDENT_REPORT|MEETING_MINUTES|ATTESTATION|RISK_ASSESSMENT,active
744,USA,USA-NIST-80053,Rev 5,19.31,SI,SI - Control 31,SI - ضابط 31,The organization shall implement si controls to ensure compliance with NIST SP 800-53 Rev 5 requirements.,يجب على المنظمة تطبيق ضوابط SI لضمان الامتثال لمتطلبات ضوابط أمنية,preventive,3,medium,True,POLICY|PROCEDURE|STANDARD|CONFIG|TRAINING_RECORD,active
745,USA,USA-NIST-80053,Rev 5,20.31,SR,SR - Control 31,SR - ضابط 31,The organization shall implement sr controls to ensure compliance with NIST SP 800-53 Rev 5 requirements.,يجب على المنظمة تطبيق ضوابط SR لضمان الامتثال لمتطلبات ضوابط أمنية,detective,4,low,True,LOG|REPORT|SCAN_REPORT|AUDIT_REPORT|ACCESS_REVIEW,active
746,USA,USA-NIST-80053,Rev 5,1.32,AC,AC - Control 32,AC - ضابط 32,The organization shall implement ac controls to ensure compliance with NIST SP 800-53 Rev 5 requirements.,يجب على المنظمة تطبيق ضوابط AC لضمان الامتثال لمتطلبات ضوابط أمنية,corrective,1,critical,True,INCIDENT_REPORT|MEETING_MINUTES|ATTESTATION|RISK_ASSESSMENT,active
747,USA,USA-NIST-80053,Rev 5,2.32,AT,AT - Control 32,AT - ضابط 32,The organization shall implement at controls to ensure compliance with NIST SP 800-53 Rev 5 requirements.,يجب على المنظمة تطبيق ضوابط AT لضمان الامتثال لمتطلبات ضوابط أمنية,preventive,2,high,True,POLICY|PROCEDURE|STANDARD|CONFIG|TRAINING_RECORD,active
748,USA,USA-NIST-80053,Rev 5,3.32,AU,AU - Control 32,AU - ضابط 32,The organization shall implement au controls to ensure compliance with NIST SP 800-53 Rev 5 requirements.,يجب على المنظمة تطبيق ضوابط AU لضمان الامتثال لمتطلبات ضوابط أمنية,detective,3,medium,True,LOG|REPORT|SCAN_REPORT|AUDIT_REPORT|ACCESS_REVIEW,active
749,USA,USA-NIST-80053,Rev 5,4.32,CA,CA - Control 32,CA - ضابط 32,The organization shall implement ca controls to ensure compliance with NIST SP 800-53 Rev 5 requirements.,يجب على المنظمة تطبيق ضوابط CA لضمان الامتثال لمتطلبات ضوابط أمنية,corrective,4,low,True,INCIDENT_REPORT|MEETING_MINUTES|ATTESTATION|RISK_ASSESSMENT,active
750,USA,USA-NIST-80053,Rev 5,5.32,CM,CM - Control 32,CM - ضابط 32,The organization shall implement cm controls to ensure compliance with NIST SP 800-53 Rev 5 requirements.,يجب على المنظمة تطبيق ضوابط CM لضمان الامتثال لمتطلبات ضوابط أمنية,preventive,1,critical,True,POLICY|PROCEDURE|STANDARD|CONFIG|TRAINING_RECORD,active
751,USA,USA-NIST-80053,Rev 5,6.32,CP,CP - Control 32,CP - ضابط 32,The organization shall implement cp controls to ensure compliance with NIST SP 800-53 Rev 5 requirements.,يجب على المنظمة تطبيق ضوابط CP لضمان الامتثال لمتطلبات ضوابط أمنية,detective,2,high,True,LOG|REPORT|SCAN_REPORT|AUDIT_REPORT|ACCESS_REVIEW,active
752,USA,USA-NIST-80053,Rev 5,7.32,IA,IA - Control 32,IA - ضابط 32,The organization shall implement ia controls to ensure compliance with NIST SP 800-53 Rev 5 requirements.,يجب على المنظمة تطبيق ضوابط IA لضمان الامتثال لمتطلبات ضوابط أمنية,corrective,3,medium,True,INCIDENT_REPORT|MEETING_MINUTES|ATTESTATION|RISK_ASSESSMENT,active
753,USA,USA-NIST-80053,Rev 5,8.32,IR,IR - Control 32,IR - ضابط 32,The organization shall implement ir controls to ensure compliance with NIST SP 800-53 Rev 5 requirements.,يجب على المنظمة تطبيق ضوابط IR لضمان الامتثال لمتطلبات ضوابط أمنية,preventive,4,low,True,POLICY|PROCEDURE|STANDARD|CONFIG|TRAINING_RECORD,active
754,USA,USA-NIST-80053,Rev 5,9.32,MA,MA - Control 32,MA - ضابط 32,The organization shall implement ma controls to ensure compliance with NIST SP 800-53 Rev 5 requirements.,يجب على المنظمة تطبيق ضوابط MA لضمان الامتثال لمتطلبات ضوابط أمنية,detective,1,critical,True,LOG|REPORT|SCAN_REPORT|AUDIT_REPORT|ACCESS_REVIEW,active
755,USA,USA-NIST-80053,Rev 5,10.32,MP,MP - Control 32,MP - ضابط 32,The organization shall implement mp controls to ensure compliance with NIST SP 800-53 Rev 5 requirements.,يجب على المنظمة تطبيق ضوابط MP لضمان الامتثال لمتطلبات ضوابط أمنية,corrective,2,high,True,INCIDENT_REPORT|MEETING_MINUTES|ATTESTATION|RISK_ASSESSMENT,active
756,USA,USA-NIST-80053,Rev 5,11.32,PE,PE - Control 32,PE - ضابط 32,The organization shall implement pe controls to ensure compliance with NIST SP 800-53 Rev 5 requirements.,يجب على المنظمة تطبيق ضوابط PE لضمان الامتثال لمتطلبات ضوابط أمنية,preventive,3,medium,True,POLICY|PROCEDURE|STANDARD|CONFIG|TRAINING_RECORD,active
757,USA,USA-NIST-80053,Rev 5,12.32,PL,PL - Control 32,PL - ضابط 32,The organization shall implement pl controls to ensure compliance with NIST SP 800-53 Rev 5 requirements.,يجب على المنظمة تطبيق ضوابط PL لضمان الامتثال لمتطلبات ضوابط أمنية,detective,4,low,True,LOG|REPORT|SCAN_REPORT|AUDIT_REPORT|ACCESS_REVIEW,active
758,USA,USA-NIST-80053,Rev 5,13.32,PM,PM - Control 32,PM - ضابط 32,The organization shall implement pm controls to ensure compliance with NIST SP 800-53 Rev 5 requirements.,يجب على المنظمة تطبيق ضوابط PM لضمان الامتثال لمتطلبات ضوابط أمنية,corrective,1,critical,True,INCIDENT_REPORT|MEETING_MINUTES|ATTESTATION|RISK_ASSESSMENT,active
759,USA,USA-NIST-80053,Rev 5,14.32,PS,PS - Control 32,PS - ضابط 32,The organization shall implement ps controls to ensure compliance with NIST SP 800-53 Rev 5 requirements.,يجب على المنظمة تطبيق ضوابط PS لضمان الامتثال لمتطلبات ضوابط أمنية,preventive,2,high,True,POLICY|PROCEDURE|STANDARD|CONFIG|TRAINING_RECORD,active
760,USA,USA-NIST-80053,Rev 5,15.32,PT,PT - Control 32,PT - ضابط 32,The organization shall implement pt controls to ensure compliance with NIST SP 800-53 Rev 5 requirements.,يجب على المنظمة تطبيق ضوابط PT لضمان الامتثال لمتطلبات ضوابط أمنية,detective,3,medium,True,LOG|REPORT|SCAN_REPORT|AUDIT_REPORT|ACCESS_REVIEW,active
761,USA,USA-NIST-80053,Rev 5,16.32,RA,RA - Control 32,RA - ضابط 32,The organization shall implement ra controls to ensure compliance with NIST SP 800-53 Rev 5 requirements.,يجب على المنظمة تطبيق ضوابط RA لضمان الامتثال لمتطلبات ضوابط أمنية,corrective,4,low,True,INCIDENT_REPORT|MEETING_MINUTES|ATTESTATION|RISK_ASSESSMENT,active
762,USA,USA-NIST-80053,Rev 5,17.32,SA,SA - Control 32,SA - ضابط 32,The organization shall implement sa controls to ensure compliance with NIST SP 800-53 Rev 5 requirements.,يجب على المنظمة تطبيق ضوابط SA لضمان الامتثال لمتطلبات ضوابط أمنية,preventive,1,critical,True,POLICY|PROCEDURE|STANDARD|CONFIG|TRAINING_RECORD,active
763,USA,USA-NIST-80053,Rev 5,18.32,SC,SC - Control 32,SC - ضابط 32,The organization shall implement sc controls to ensure compliance with NIST SP 800-53 Rev 5 requirements.,يجب على المنظمة تطبيق ضوابط SC لضمان الامتثال لمتطلبات ضوابط أمنية,detective,2,high,True,LOG|REPORT|SCAN_REPORT|AUDIT_REPORT|ACCESS_REVIEW,active
764,USA,USA-NIST-80053,Rev 5,19.32,SI,SI - Control 32,SI - ضابط 32,The organization shall implement si controls to ensure compliance with NIST SP 800-53 Rev 5 requirements.,يجب على المنظمة تطبيق ضوابط SI لضمان الامتثال لمتطلبات ضوابط أمنية,corrective,3,medium,True,INCIDENT_REPORT|MEETING_MINUTES|ATTESTATION|RISK_ASSESSMENT,active
765,USA,USA-NIST-80053,Rev 5,20.32,SR,SR - Control 32,SR - ضابط 32,The organization shall implement sr controls to ensure compliance with NIST SP 800-53 Rev 5 requirements.,يجب على المنظمة تطبيق ضوابط SR لضمان الامتثال لمتطلبات ضوابط أمنية,preventive,4,low,True,POLICY|PROCEDURE|STANDARD|CONFIG|TRAINING_RECORD,active
766,USA,USA-NIST-80053,Rev 5,1.33,AC,AC - Control 33,AC - ضابط 33,The organization shall implement ac controls to ensure compliance with NIST SP 800-53 Rev 5 requirements.,يجب على المنظمة تطبيق ضوابط AC لضمان الامتثال لمتطلبات ضوابط أمنية,detective,1,critical,True,LOG|REPORT|SCAN_REPORT|AUDIT_REPORT|ACCESS_REVIEW,active
767,USA,USA-NIST-80053,Rev 5,2.33,AT,AT - Control 33,AT - ضابط 33,The organization shall implement at controls to ensure compliance with NIST SP 800-53 Rev 5 requirements.,يجب على المنظمة تطبيق ضوابط AT لضمان الامتثال لمتطلبات ضوابط أمنية,corrective,2,high,True,INCIDENT_REPORT|MEETING_MINUTES|ATTESTATION|RISK_ASSESSMENT,active
768,USA,USA-NIST-80053,Rev 5,3.33,AU,AU - Control 33,AU - ضابط 33,The organization shall implement au controls to ensure compliance with NIST SP 800-53 Rev 5 requirements.,يجب على المنظمة تطبيق ضوابط AU لضمان الامتثال لمتطلبات ضوابط أمنية,preventive,3,medium,True,POLICY|PROCEDURE|STANDARD|CONFIG|TRAINING_RECORD,active
769,USA,USA-NIST-80053,Rev 5,4.33,CA,CA - Control 33,CA - ضابط 33,The organization shall implement ca controls to ensure compliance with NIST SP 800-53 Rev 5 requirements.,يجب على المنظمة تطبيق ضوابط CA لضمان الامتثال لمتطلبات ضوابط أمنية,detective,4,low,True,LOG|REPORT|SCAN_REPORT|AUDIT_REPORT|ACCESS_REVIEW,active
770,USA,USA-NIST-80053,Rev 5,5.33,CM,CM - Control 33,CM - ضابط 33,The organization shall implement cm controls to ensure compliance with NIST SP 800-53 Rev 5 requirements.,يجب على المنظمة تطبيق ضوابط CM لضمان الامتثال لمتطلبات ضوابط أمنية,corrective,1,critical,True,INCIDENT_REPORT|MEETING_MINUTES|ATTESTATION|RISK_ASSESSMENT,active
771,USA,USA-NIST-80053,Rev 5,6.33,CP,CP - Control 33,CP - ضابط 33,The organization shall implement cp controls to ensure compliance with NIST SP 800-53 Rev 5 requirements.,يجب على المنظمة تطبيق ضوابط CP لضمان الامتثال لمتطلبات ضوابط أمنية,preventive,2,high,True,POLICY|PROCEDURE|STANDARD|CONFIG|TRAINING_RECORD,active
772,USA,USA-NIST-80053,Rev 5,7.33,IA,IA - Control 33,IA - ضابط 33,The organization shall implement ia controls to ensure compliance with NIST SP 800-53 Rev 5 requirements.,يجب على المنظمة تطبيق ضوابط IA لضمان الامتثال لمتطلبات ضوابط أمنية,detective,3,medium,True,LOG|REPORT|SCAN_REPORT|AUDIT_REPORT|ACCESS_REVIEW,active
773,USA,USA-NIST-80053,Rev 5,8.33,IR,IR - Control 33,IR - ضابط 33,The organization shall implement ir controls to ensure compliance with NIST SP 800-53 Rev 5 requirements.,يجب على المنظمة تطبيق ضوابط IR لضمان الامتثال لمتطلبات ضوابط أمنية,corrective,4,low,True,INCIDENT_REPORT|MEETING_MINUTES|ATTESTATION|RISK_ASSESSMENT,active
774,USA,USA-NIST-80053,Rev 5,9.33,MA,MA - Control 33,MA - ضابط 33,The organization shall implement ma controls to ensure compliance with NIST SP 800-53 Rev 5 requirements.,يجب على المنظمة تطبيق ضوابط MA لضمان الامتثال لمتطلبات ضوابط أمنية,preventive,1,critical,True,POLICY|PROCEDURE|STANDARD|CONFIG|TRAINING_RECORD,active
775,USA,USA-NIST-80053,Rev 5,10.33,MP,MP - Control 33,MP - ضابط 33,The organization shall implement mp controls to ensure compliance with NIST SP 800-53 Rev 5 requirements.,يجب على المنظمة تطبيق ضوابط MP لضمان الامتثال لمتطلبات ضوابط أمنية,detective,2,high,True,LOG|REPORT|SCAN_REPORT|AUDIT_REPORT|ACCESS_REVIEW,active
776,USA,USA-NIST-80053,Rev 5,11.33,PE,PE - Control 33,PE - ضابط 33,The organization shall implement pe controls to ensure compliance with NIST SP 800-53 Rev 5 requirements.,يجب على المنظمة تطبيق ضوابط PE لضمان الامتثال لمتطلبات ضوابط أمنية,corrective,3,medium,True,INCIDENT_REPORT|MEETING_MINUTES|ATTESTATION|RISK_ASSESSMENT,active
777,USA,USA-NIST-80053,Rev 5,12.33,PL,PL - Control 33,PL - ضابط 33,The organization shall implement pl controls to ensure compliance with NIST SP 800-53 Rev 5 requirements.,يجب على المنظمة تطبيق ضوابط PL لضمان الامتثال لمتطلبات ضوابط أمنية,preventive,4,low,True,POLICY|PROCEDURE|STANDARD|CONFIG|TRAINING_RECORD,active
778,USA,USA-NIST-80053,Rev 5,13.33,PM,PM - Control 33,PM - ضابط 33,The organization shall implement pm controls to ensure compliance with NIST SP 800-53 Rev 5 requirements.,يجب على المنظمة تطبيق ضوابط PM لضمان الامتثال لمتطلبات ضوابط أمنية,detective,1,critical,True,LOG|REPORT|SCAN_REPORT|AUDIT_REPORT|ACCESS_REVIEW,active
779,USA,USA-NIST-80053,Rev 5,14.33,PS,PS - Control 33,PS - ضابط 33,The organization shall implement ps controls to ensure compliance with NIST SP 800-53 Rev 5 requirements.,يجب على المنظمة تطبيق ضوابط PS لضمان الامتثال لمتطلبات ضوابط أمنية,corrective,2,high,True,INCIDENT_REPORT|MEETING_MINUTES|ATTESTATION|RISK_ASSESSMENT,active
780,USA,USA-NIST-80053,Rev 5,15.33,PT,PT - Control 33,PT - ضابط 33,The organization shall implement pt controls to ensure compliance with NIST SP 800-53 Rev 5 requirements.,يجب على المنظمة تطبيق ضوابط PT لضمان الامتثال لمتطلبات ضوابط أمنية,preventive,3,medium,True,POLICY|PROCEDURE|STANDARD|CONFIG|TRAINING_RECORD,active
781,USA,USA-NIST-80053,Rev 5,16.33,RA,RA - Control 33,RA - ضابط 33,The organization shall implement ra controls to ensure compliance with NIST SP 800-53 Rev 5 requirements.,يجب على المنظمة تطبيق ضوابط RA لضمان الامتثال لمتطلبات ضوابط أمنية,detective,4,low,True,LOG|REPORT|SCAN_REPORT|AUDIT_REPORT|ACCESS_REVIEW,active
782,USA,USA-NIST-80053,Rev 5,17.33,SA,SA - Control 33,SA - ضابط 33,The organization shall implement sa controls to ensure compliance with NIST SP 800-53 Rev 5 requirements.,يجب على المنظمة تطبيق ضوابط SA لضمان الامتثال لمتطلبات ضوابط أمنية,corrective,1,critical,True,INCIDENT_REPORT|MEETING_MINUTES|ATTESTATION|RISK_ASSESSMENT,active
783,USA,USA-NIST-80053,Rev 5,18.33,SC,SC - Control 33,SC - ضابط 33,The organization shall implement sc controls to ensure compliance with NIST SP 800-53 Rev 5 requirements.,يجب على المنظمة تطبيق ضوابط SC لضمان الامتثال لمتطلبات ضوابط أمنية,preventive,2,high,True,POLICY|PROCEDURE|STANDARD|CONFIG|TRAINING_RECORD,active
784,USA,USA-NIST-80053,Rev 5,19.33,SI,SI - Control 33,SI - ضابط 33,The organization shall implement si controls to ensure compliance with NIST SP 800-53 Rev 5 requirements.,يجب على المنظمة تطبيق ضوابط SI لضمان الامتثال لمتطلبات ضوابط أمنية,detective,3,medium,True,LOG|REPORT|SCAN_REPORT|AUDIT_REPORT|ACCESS_REVIEW,active
785,USA,USA-NIST-80053,Rev 5,20.33,SR,SR - Control 33,SR - ضابط 33,The organization shall implement sr controls to ensure compliance with NIST SP 800-53 Rev 5 requirements.,يجب على المنظمة تطبيق ضوابط SR لضمان الامتثال لمتطلبات ضوابط أمنية,corrective,4,low,True,INCIDENT_REPORT|MEETING_MINUTES|ATTESTATION|RISK_ASSESSMENT,active
786,USA,USA-NIST-80053,Rev 5,1.34,AC,AC - Control 34,AC - ضابط 34,The organization shall implement ac controls to ensure compliance with NIST SP 800-53 Rev 5 requirements.,يجب على المنظمة تطبيق ضوابط AC لضمان الامتثال لمتطلبات ضوابط أمنية,preventive,1,critical,True,POLICY|PROCEDURE|STANDARD|CONFIG|TRAINING_RECORD,active
787,USA,USA-NIST-80053,Rev 5,2.34,AT,AT - Control 34,AT - ضابط 34,The organization shall implement at controls to ensure compliance with NIST SP 800-53 Rev 5 requirements.,يجب على المنظمة تطبيق ضوابط AT لضمان الامتثال لمتطلبات ضوابط أمنية,detective,2,high,True,LOG|REPORT|SCAN_REPORT|AUDIT_REPORT|ACCESS_REVIEW,active
788,USA,USA-NIST-80053,Rev 5,3.34,AU,AU - Control 34,AU - ضابط 34,The organization shall implement au controls to ensure compliance with NIST SP 800-53 Rev 5 requirements.,يجب على المنظمة تطبيق ضوابط AU لضمان الامتثال لمتطلبات ضوابط أمنية,corrective,3,medium,True,INCIDENT_REPORT|MEETING_MINUTES|ATTESTATION|RISK_ASSESSMENT,active
789,USA,USA-NIST-80053,Rev 5,4.34,CA,CA - Control 34,CA - ضابط 34,The organization shall implement ca controls to ensure compliance with NIST SP 800-53 Rev 5 requirements.,يجب على المنظمة تطبيق ضوابط CA لضمان الامتثال لمتطلبات ضوابط أمنية,preventive,4,low,True,POLICY|PROCEDURE|STANDARD|CONFIG|TRAINING_RECORD,active
790,USA,USA-NIST-80053,Rev 5,5.34,CM,CM - Control 34,CM - ضابط 34,The organization shall implement cm controls to ensure compliance with NIST SP 800-53 Rev 5 requirements.,يجب على المنظمة تطبيق ضوابط CM لضمان الامتثال لمتطلبات ضوابط أمنية,detective,1,critical,True,LOG|REPORT|SCAN_REPORT|AUDIT_REPORT|ACCESS_REVIEW,active
791,USA,USA-NIST-80053,Rev 5,6.34,CP,CP - Control 34,CP - ضابط 34,The organization shall implement cp controls to ensure compliance with NIST SP 800-53 Rev 5 requirements.,يجب على المنظمة تطبيق ضوابط CP لضمان الامتثال لمتطلبات ضوابط أمنية,corrective,2,high,True,INCIDENT_REPORT|MEETING_MINUTES|ATTESTATION|RISK_ASSESSMENT,active
792,USA,USA-NIST-80053,Rev 5,7.34,IA,IA - Control 34,IA - ضابط 34,The organization shall implement ia controls to ensure compliance with NIST SP 800-53 Rev 5 requirements.,يجب على المنظمة تطبيق ضوابط IA لضمان الامتثال لمتطلبات ضوابط أمنية,preventive,3,medium,True,POLICY|PROCEDURE|STANDARD|CONFIG|TRAINING_RECORD,active
793,USA,USA-NIST-80053,Rev 5,8.34,IR,IR - Control 34,IR - ضابط 34,The organization shall implement ir controls to ensure compliance with NIST SP 800-53 Rev 5 requirements.,يجب على المنظمة تطبيق ضوابط IR لضمان الامتثال لمتطلبات ضوابط أمنية,detective,4,low,True,LOG|REPORT|SCAN_REPORT|AUDIT_REPORT|ACCESS_REVIEW,active
794,USA,USA-NIST-80053,Rev 5,9.34,MA,MA - Control 34,MA - ضابط 34,The organization shall implement ma controls to ensure compliance with NIST SP 800-53 Rev 5 requirements.,يجب على المنظمة تطبيق ضوابط MA لضمان الامتثال لمتطلبات ضوابط أمنية,corrective,1,critical,True,INCIDENT_REPORT|MEETING_MINUTES|ATTESTATION|RISK_ASSESSMENT,active
795,USA,USA-NIST-80053,Rev 5,10.34,MP,MP - Control 34,MP - ضابط 34,The organization shall implement mp controls to ensure compliance with NIST SP 800-53 Rev 5 requirements.,يجب على المنظمة تطبيق ضوابط MP لضمان الامتثال لمتطلبات ضوابط أمنية,preventive,2,high,True,POLICY|PROCEDURE|STANDARD|CONFIG|TRAINING_RECORD,active
796,USA,USA-NIST-80053,Rev 5,11.34,PE,PE - Control 34,PE - ضابط 34,The organization shall implement pe controls to ensure compliance with NIST SP 800-53 Rev 5 requirements.,يجب على المنظمة تطبيق ضوابط PE لضمان الامتثال لمتطلبات ضوابط أمنية,detective,3,medium,True,LOG|REPORT|SCAN_REPORT|AUDIT_REPORT|ACCESS_REVIEW,active
797,USA,USA-NIST-80053,Rev 5,12.34,PL,PL - Control 34,PL - ضابط 34,The organization shall implement pl controls to ensure compliance with NIST SP 800-53 Rev 5 requirements.,يجب على المنظمة تطبيق ضوابط PL لضمان الامتثال لمتطلبات ضوابط أمنية,corrective,4,low,True,INCIDENT_REPORT|MEETING_MINUTES|ATTESTATION|RISK_ASSESSMENT,active
798,USA,USA-NIST-80053,Rev 5,13.34,PM,PM - Control 34,PM - ضابط 34,The organization shall implement pm controls to ensure compliance with NIST SP 800-53 Rev 5 requirements.,يجب على المنظمة تطبيق ضوابط PM لضمان الامتثال لمتطلبات ضوابط أمنية,preventive,1,critical,True,POLICY|PROCEDURE|STANDARD|CONFIG|TRAINING_RECORD,active
799,USA,USA-NIST-80053,Rev 5,14.34,PS,PS - Control 34,PS - ضابط 34,The organization shall implement ps controls to ensure compliance with NIST SP 800-53 Rev 5 requirements.,يجب على المنظمة تطبيق ضوابط PS لضمان الامتثال لمتطلبات ضوابط أمنية,detective,2,high,True,LOG|REPORT|SCAN_REPORT|AUDIT_REPORT|ACCESS_REVIEW,active
800,USA,USA-NIST-80053,Rev 5,15.34,PT,PT - Control 34,PT - ضابط 34,The organization shall implement pt controls to ensure compliance with NIST SP 800-53 Rev 5 requirements.,يجب على المنظمة تطبيق ضوابط PT لضمان الامتثال لمتطلبات ضوابط أمنية,corrective,3,medium,True,INCIDENT_REPORT|MEETING_MINUTES|ATTESTATION|RISK_ASSESSMENT,active
801,USA,USA-NIST-80053,Rev 5,16.34,RA,RA - Control 34,RA - ضابط 34,The organization shall implement ra controls to ensure compliance with NIST SP 800-53 Rev 5 requirements.,يجب على المنظمة تطبيق ضوابط RA لضمان الامتثال لمتطلبات ضوابط أمنية,preventive,4,low,True,POLICY|PROCEDURE|STANDARD|CONFIG|TRAINING_RECORD,active
802,USA,USA-NIST-80053,Rev 5,17.34,SA,SA - Control 34,SA - ضابط 34,The organization shall implement sa controls to ensure compliance with NIST SP 800-53 Rev 5 requirements.,يجب على المنظمة تطبيق ضوابط SA لضمان الامتثال لمتطلبات ضوابط أمنية,detective,1,critical,True,LOG|REPORT|SCAN_REPORT|AUDIT_REPORT|ACCESS_REVIEW,active
803,USA,USA-NIST-80053,Rev 5,18.34,SC,SC - Control 34,SC - ضابط 34,The organization shall implement sc controls to ensure compliance with NIST SP 800-53 Rev 5 requirements.,يجب على المنظمة تطبيق ضوابط SC لضمان الامتثال لمتطلبات ضوابط أمنية,corrective,2,high,True,INCIDENT_REPORT|MEETING_MINUTES|ATTESTATION|RISK_ASSESSMENT,active
804,USA,USA-NIST-80053,Rev 5,19.34,SI,SI - Control 34,SI - ضابط 34,The organization shall implement si controls to ensure compliance with NIST SP 800-53 Rev 5 requirements.,يجب على المنظمة تطبيق ضوابط SI لضمان الامتثال لمتطلبات ضوابط أمنية,preventive,3,medium,True,POLICY|PROCEDURE|STANDARD|CONFIG|TRAINING_RECORD,active
805,USA,USA-NIST-80053,Rev 5,20.34,SR,SR - Control 34,SR - ضابط 34,The organization shall implement sr controls to ensure compliance with NIST SP 800-53 Rev 5 requirements.,يجب على المنظمة تطبيق ضوابط SR لضمان الامتثال لمتطلبات ضوابط أمنية,detective,4,low,True,LOG|REPORT|SCAN_REPORT|AUDIT_REPORT|ACCESS_REVIEW,active
806,USA,USA-NIST-80053,Rev 5,1.35,AC,AC - Control 35,AC - ضابط 35,The organization shall implement ac controls to ensure compliance with NIST SP 800-53 Rev 5 requirements.,يجب على المنظمة تطبيق ضوابط AC لضمان الامتثال لمتطلبات ضوابط أمنية,corrective,1,critical,True,INCIDENT_REPORT|MEETING_MINUTES|ATTESTATION|RISK_ASSESSMENT,active
807,USA,USA-NIST-80053,Rev 5,2.35,AT,AT - Control 35,AT - ضابط 35,The organization shall implement at controls to ensure compliance with NIST SP 800-53 Rev 5 requirements.,يجب على المنظمة تطبيق ضوابط AT لضمان الامتثال لمتطلبات ضوابط أمنية,preventive,2,high,True,POLICY|PROCEDURE|STANDARD|CONFIG|TRAINING_RECORD,active
808,USA,USA-NIST-80053,Rev 5,3.35,AU,AU - Control 35,AU - ضابط 35,The organization shall implement au controls to ensure compliance with NIST SP 800-53 Rev 5 requirements.,يجب على المنظمة تطبيق ضوابط AU لضمان الامتثال لمتطلبات ضوابط أمنية,detective,3,medium,True,LOG|REPORT|SCAN_REPORT|AUDIT_REPORT|ACCESS_REVIEW,active
809,USA,USA-NIST-80053,Rev 5,4.35,CA,CA - Control 35,CA - ضابط 35,The organization shall implement ca controls to ensure compliance with NIST SP 800-53 Rev 5 requirements.,يجب على المنظمة تطبيق ضوابط CA لضمان الامتثال لمتطلبات ضوابط أمنية,corrective,4,low,True,INCIDENT_REPORT|MEETING_MINUTES|ATTESTATION|RISK_ASSESSMENT,active
810,USA,USA-NIST-80053,Rev 5,5.35,CM,CM - Control 35,CM - ضابط 35,The organization shall implement cm controls to ensure compliance with NIST SP 800-53 Rev 5 requirements.,يجب على المنظمة تطبيق ضوابط CM لضمان الامتثال لمتطلبات ضوابط أمنية,preventive,1,critical,True,POLICY|PROCEDURE|STANDARD|CONFIG|TRAINING_RECORD,active
811,USA,USA-NIST-80053,Rev 5,6.35,CP,CP - Control 35,CP - ضابط 35,The organization shall implement cp controls to ensure compliance with NIST SP 800-53 Rev 5 requirements.,يجب على المنظمة تطبيق ضوابط CP لضمان الامتثال لمتطلبات ضوابط أمنية,detective,2,high,True,LOG|REPORT|SCAN_REPORT|AUDIT_REPORT|ACCESS_REVIEW,active
812,USA,USA-NIST-80053,Rev 5,7.35,IA,IA - Control 35,IA - ضابط 35,The organization shall implement ia controls to ensure compliance with NIST SP 800-53 Rev 5 requirements.,يجب على المنظمة تطبيق ضوابط IA لضمان الامتثال لمتطلبات ضوابط أمنية,corrective,3,medium,True,INCIDENT_REPORT|MEETING_MINUTES|ATTESTATION|RISK_ASSESSMENT,active
813,USA,USA-NIST-80053,Rev 5,8.35,IR,IR - Control 35,IR - ضابط 35,The organization shall implement ir controls to ensure compliance with NIST SP 800-53 Rev 5 requirements.,يجب على المنظمة تطبيق ضوابط IR لضمان الامتثال لمتطلبات ضوابط أمنية,preventive,4,low,True,POLICY|PROCEDURE|STANDARD|CONFIG|TRAINING_RECORD,active
814,USA,USA-NIST-80053,Rev 5,9.35,MA,MA - Control 35,MA - ضابط 35,The organization shall implement ma controls to ensure compliance with NIST SP 800-53 Rev 5 requirements.,يجب على المنظمة تطبيق ضوابط MA لضمان الامتثال لمتطلبات ضوابط أمنية,detective,1,critical,True,LOG|REPORT|SCAN_REPORT|AUDIT_REPORT|ACCESS_REVIEW,active
815,USA,USA-NIST-80053,Rev 5,10.35,MP,MP - Control 35,MP - ضابط 35,The organization shall implement mp controls to ensure compliance with NIST SP 800-53 Rev 5 requirements.,يجب على المنظمة تطبيق ضوابط MP لضمان الامتثال لمتطلبات ضوابط أمنية,corrective,2,high,True,INCIDENT_REPORT|MEETING_MINUTES|ATTESTATION|RISK_ASSESSMENT,active
816,USA,USA-NIST-80053,Rev 5,11.35,PE,PE - Control 35,PE - ضابط 35,The organization shall implement pe controls to ensure compliance with NIST SP 800-53 Rev 5 requirements.,يجب على المنظمة تطبيق ضوابط PE لضمان الامتثال لمتطلبات ضوابط أمنية,preventive,3,medium,True,POLICY|PROCEDURE|STANDARD|CONFIG|TRAINING_RECORD,active
817,USA,USA-NIST-80053,Rev 5,12.35,PL,PL - Control 35,PL - ضابط 35,The organization shall implement pl controls to ensure compliance with NIST SP 800-53 Rev 5 requirements.,يجب على المنظمة تطبيق ضوابط PL لضمان الامتثال لمتطلبات ضوابط أمنية,detective,4,low,True,LOG|REPORT|SCAN_REPORT|AUDIT_REPORT|ACCESS_REVIEW,active
818,USA,USA-NIST-80053,Rev 5,13.35,PM,PM - Control 35,PM - ضابط 35,The organization shall implement pm controls to ensure compliance with NIST SP 800-53 Rev 5 requirements.,يجب على المنظمة تطبيق ضوابط PM لضمان الامتثال لمتطلبات ضوابط أمنية,corrective,1,critical,True,INCIDENT_REPORT|MEETING_MINUTES|ATTESTATION|RISK_ASSESSMENT,active
819,USA,USA-NIST-80053,Rev 5,14.35,PS,PS - Control 35,PS - ضابط 35,The organization shall implement ps controls to ensure compliance with NIST SP 800-53 Rev 5 requirements.,يجب على المنظمة تطبيق ضوابط PS لضمان الامتثال لمتطلبات ضوابط أمنية,preventive,2,high,True,POLICY|PROCEDURE|STANDARD|CONFIG|TRAINING_RECORD,active
820,USA,USA-NIST-80053,Rev 5,15.35,PT,PT - Control 35,PT - ضابط 35,The organization shall implement pt controls to ensure compliance with NIST SP 800-53 Rev 5 requirements.,يجب على المنظمة تطبيق ضوابط PT لضمان الامتثال لمتطلبات ضوابط أمنية,detective,3,medium,True,LOG|REPORT|SCAN_REPORT|AUDIT_REPORT|ACCESS_REVIEW,active
821,USA,USA-NIST-80053,Rev 5,16.35,RA,RA - Control 35,RA - ضابط 35,The organization shall implement ra controls to ensure compliance with NIST SP 800-53 Rev 5 requirements.,يجب على المنظمة تطبيق ضوابط RA لضمان الامتثال لمتطلبات ضوابط أمنية,corrective,4,low,True,INCIDENT_REPORT|MEETING_MINUTES|ATTESTATION|RISK_ASSESSMENT,active
822,USA,USA-NIST-80053,Rev 5,17.35,SA,SA - Control 35,SA - ضابط 35,The organization shall implement sa controls to ensure compliance with NIST SP 800-53 Rev 5 requirements.,يجب على المنظمة تطبيق ضوابط SA لضمان الامتثال لمتطلبات ضوابط أمنية,preventive,1,critical,True,POLICY|PROCEDURE|STANDARD|CONFIG|TRAINING_RECORD,active
823,USA,USA-NIST-80053,Rev 5,18.35,SC,SC - Control 35,SC - ضابط 35,The organization shall implement sc controls to ensure compliance with NIST SP 800-53 Rev 5 requirements.,يجب على المنظمة تطبيق ضوابط SC لضمان الامتثال لمتطلبات ضوابط أمنية,detective,2,high,True,LOG|REPORT|SCAN_REPORT|AUDIT_REPORT|ACCESS_REVIEW,active
824,USA,USA-NIST-80053,Rev 5,19.35,SI,SI - Control 35,SI - ضابط 35,The organization shall implement si controls to ensure compliance with NIST SP 800-53 Rev 5 requirements.,يجب على المنظمة تطبيق ضوابط SI لضمان الامتثال لمتطلبات ضوابط أمنية,corrective,3,medium,True,INCIDENT_REPORT|MEETING_MINUTES|ATTESTATION|RISK_ASSESSMENT,active
825,USA,USA-NIST-80053,Rev 5,20.35,SR,SR - Control 35,SR - ضابط 35,The organization shall implement sr controls to ensure compliance with NIST SP 800-53 Rev 5 requirements.,يجب على المنظمة تطبيق ضوابط SR لضمان الامتثال لمتطلبات ضوابط أمنية,preventive,4,low,True,POLICY|PROCEDURE|STANDARD|CONFIG|TRAINING_RECORD,active
826,USA,USA-NIST-80053,Rev 5,1.36,AC,AC - Control 36,AC - ضابط 36,The organization shall implement ac controls to ensure compliance with NIST SP 800-53 Rev 5 requirements.,يجب على المنظمة تطبيق ضوابط AC لضمان الامتثال لمتطلبات ضوابط أمنية,detective,1,critical,True,LOG|REPORT|SCAN_REPORT|AUDIT_REPORT|ACCESS_REVIEW,active
827,USA,USA-NIST-80053,Rev 5,2.36,AT,AT - Control 36,AT - ضابط 36,The organization shall implement at controls to ensure compliance with NIST SP 800-53 Rev 5 requirements.,يجب على المنظمة تطبيق ضوابط AT لضمان الامتثال لمتطلبات ضوابط أمنية,corrective,2,high,True,INCIDENT_REPORT|MEETING_MINUTES|ATTESTATION|RISK_ASSESSMENT,active
828,USA,USA-NIST-80053,Rev 5,3.36,AU,AU - Control 36,AU - ضابط 36,The organization shall implement au controls to ensure compliance with NIST SP 800-53 Rev 5 requirements.,يجب على المنظمة تطبيق ضوابط AU لضمان الامتثال لمتطلبات ضوابط أمنية,preventive,3,medium,True,POLICY|PROCEDURE|STANDARD|CONFIG|TRAINING_RECORD,active
829,USA,USA-NIST-80053,Rev 5,4.36,CA,CA - Control 36,CA - ضابط 36,The organization shall implement ca controls to ensure compliance with NIST SP 800-53 Rev 5 requirements.,يجب على المنظمة تطبيق ضوابط CA لضمان الامتثال لمتطلبات ضوابط أمنية,detective,4,low,True,LOG|REPORT|SCAN_REPORT|AUDIT_REPORT|ACCESS_REVIEW,active
830,USA,USA-NIST-80053,Rev 5,5.36,CM,CM - Control 36,CM - ضابط 36,The organization shall implement cm controls to ensure compliance with NIST SP 800-53 Rev 5 requirements.,يجب على المنظمة تطبيق ضوابط CM لضمان الامتثال لمتطلبات ضوابط أمنية,corrective,1,critical,True,INCIDENT_REPORT|MEETING_MINUTES|ATTESTATION|RISK_ASSESSMENT,active
831,USA,USA-NIST-80053,Rev 5,6.36,CP,CP - Control 36,CP - ضابط 36,The organization shall implement cp controls to ensure compliance with NIST SP 800-53 Rev 5 requirements.,يجب على المنظمة تطبيق ضوابط CP لضمان الامتثال لمتطلبات ضوابط أمنية,preventive,2,high,True,POLICY|PROCEDURE|STANDARD|CONFIG|TRAINING_RECORD,active
832,USA,USA-NIST-80053,Rev 5,7.36,IA,IA - Control 36,IA - ضابط 36,The organization shall implement ia controls to ensure compliance with NIST SP 800-53 Rev 5 requirements.,يجب على المنظمة تطبيق ضوابط IA لضمان الامتثال لمتطلبات ضوابط أمنية,detective,3,medium,True,LOG|REPORT|SCAN_REPORT|AUDIT_REPORT|ACCESS_REVIEW,active
833,USA,USA-NIST-80053,Rev 5,8.36,IR,IR - Control 36,IR - ضابط 36,The organization shall implement ir controls to ensure compliance with NIST SP 800-53 Rev 5 requirements.,يجب على المنظمة تطبيق ضوابط IR لضمان الامتثال لمتطلبات ضوابط أمنية,corrective,4,low,True,INCIDENT_REPORT|MEETING_MINUTES|ATTESTATION|RISK_ASSESSMENT,active
834,USA,USA-NIST-80053,Rev 5,9.36,MA,MA - Control 36,MA - ضابط 36,The organization shall implement ma controls to ensure compliance with NIST SP 800-53 Rev 5 requirements.,يجب على المنظمة تطبيق ضوابط MA لضمان الامتثال لمتطلبات ضوابط أمنية,preventive,1,critical,True,POLICY|PROCEDURE|STANDARD|CONFIG|TRAINING_RECORD,active
835,USA,USA-NIST-80053,Rev 5,10.36,MP,MP - Control 36,MP - ضابط 36,The organization shall implement mp controls to ensure compliance with NIST SP 800-53 Rev 5 requirements.,يجب على المنظمة تطبيق ضوابط MP لضمان الامتثال لمتطلبات ضوابط أمنية,detective,2,high,True,LOG|REPORT|SCAN_REPORT|AUDIT_REPORT|ACCESS_REVIEW,active
836,USA,USA-NIST-80053,Rev 5,11.36,PE,PE - Control 36,PE - ضابط 36,The organization shall implement pe controls to ensure compliance with NIST SP 800-53 Rev 5 requirements.,يجب على المنظمة تطبيق ضوابط PE لضمان الامتثال لمتطلبات ضوابط أمنية,corrective,3,medium,True,INCIDENT_REPORT|MEETING_MINUTES|ATTESTATION|RISK_ASSESSMENT,active
837,USA,USA-NIST-80053,Rev 5,12.36,PL,PL - Control 36,PL - ضابط 36,The organization shall implement pl controls to ensure compliance with NIST SP 800-53 Rev 5 requirements.,يجب على المنظمة تطبيق ضوابط PL لضمان الامتثال لمتطلبات ضوابط أمنية,preventive,4,low,True,POLICY|PROCEDURE|STANDARD|CONFIG|TRAINING_RECORD,active
838,USA,USA-NIST-80053,Rev 5,13.36,PM,PM - Control 36,PM - ضابط 36,The organization shall implement pm controls to ensure compliance with NIST SP 800-53 Rev 5 requirements.,يجب على المنظمة تطبيق ضوابط PM لضمان الامتثال لمتطلبات ضوابط أمنية,detective,1,critical,True,LOG|REPORT|SCAN_REPORT|AUDIT_REPORT|ACCESS_REVIEW,active
839,USA,USA-NIST-80053,Rev 5,14.36,PS,PS - Control 36,PS - ضابط 36,The organization shall implement ps controls to ensure compliance with NIST SP 800-53 Rev 5 requirements.,يجب على المنظمة تطبيق ضوابط PS لضمان الامتثال لمتطلبات ضوابط أمنية,corrective,2,high,True,INCIDENT_REPORT|MEETING_MINUTES|ATTESTATION|RISK_ASSESSMENT,active
840,USA,USA-NIST-80053,Rev 5,15.36,PT,PT - Control 36,PT - ضابط 36,The organization shall implement pt controls to ensure compliance with NIST SP 800-53 Rev 5 requirements.,يجب على المنظمة تطبيق ضوابط PT لضمان الامتثال لمتطلبات ضوابط أمنية,preventive,3,medium,True,POLICY|PROCEDURE|STANDARD|CONFIG|TRAINING_RECORD,active
841,USA,USA-NIST-80053,Rev 5,16.36,RA,RA - Control 36,RA - ضابط 36,The organization shall implement ra controls to ensure compliance with NIST SP 800-53 Rev 5 requirements.,يجب على المنظمة تطبيق ضوابط RA لضمان الامتثال لمتطلبات ضوابط أمنية,detective,4,low,True,LOG|REPORT|SCAN_REPORT|AUDIT_REPORT|ACCESS_REVIEW,active
842,USA,USA-NIST-80053,Rev 5,17.36,SA,SA - Control 36,SA - ضابط 36,The organization shall implement sa controls to ensure compliance with NIST SP 800-53 Rev 5 requirements.,يجب على المنظمة تطبيق ضوابط SA لضمان الامتثال لمتطلبات ضوابط أمنية,corrective,1,critical,True,INCIDENT_REPORT|MEETING_MINUTES|ATTESTATION|RISK_ASSESSMENT,active
843,USA,USA-NIST-80053,Rev 5,18.36,SC,SC - Control 36,SC - ضابط 36,The organization shall implement sc controls to ensure compliance with NIST SP 800-53 Rev 5 requirements.,يجب على المنظمة تطبيق ضوابط SC لضمان الامتثال لمتطلبات ضوابط أمنية,preventive,2,high,True,POLICY|PROCEDURE|STANDARD|CONFIG|TRAINING_RECORD,active
844,USA,USA-NIST-80053,Rev 5,19.36,SI,SI - Control 36,SI - ضابط 36,The organization shall implement si controls to ensure compliance with NIST SP 800-53 Rev 5 requirements.,يجب على المنظمة تطبيق ضوابط SI لضمان الامتثال لمتطلبات ضوابط أمنية,detective,3,medium,True,LOG|REPORT|SCAN_REPORT|AUDIT_REPORT|ACCESS_REVIEW,active
845,USA,USA-NIST-80053,Rev 5,20.36,SR,SR - Control 36,SR - ضابط 36,The organization shall implement sr controls to ensure compliance with NIST SP 800-53 Rev 5 requirements.,يجب على المنظمة تطبيق ضوابط SR لضمان الامتثال لمتطلبات ضوابط أمنية,corrective,4,low,True,INCIDENT_REPORT|MEETING_MINUTES|ATTESTATION|RISK_ASSESSMENT,active
846,USA,USA-NIST-80053,Rev 5,1.37,AC,AC - Control 37,AC - ضابط 37,The organization shall implement ac controls to ensure compliance with NIST SP 800-53 Rev 5 requirements.,يجب على المنظمة تطبيق ضوابط AC لضمان الامتثال لمتطلبات ضوابط أمنية,preventive,1,critical,True,POLICY|PROCEDURE|STANDARD|CONFIG|TRAINING_RECORD,active
847,USA,USA-NIST-80053,Rev 5,2.37,AT,AT - Control 37,AT - ضابط 37,The organization shall implement at controls to ensure compliance with NIST SP 800-53 Rev 5 requirements.,يجب على المنظمة تطبيق ضوابط AT لضمان الامتثال لمتطلبات ضوابط أمنية,detective,2,high,True,LOG|REPORT|SCAN_REPORT|AUDIT_REPORT|ACCESS_REVIEW,active
848,USA,USA-NIST-80053,Rev 5,3.37,AU,AU - Control 37,AU - ضابط 37,The organization shall implement au controls to ensure compliance with NIST SP 800-53 Rev 5 requirements.,يجب على المنظمة تطبيق ضوابط AU لضمان الامتثال لمتطلبات ضوابط أمنية,corrective,3,medium,True,INCIDENT_REPORT|MEETING_MINUTES|ATTESTATION|RISK_ASSESSMENT,active
849,USA,USA-NIST-80053,Rev 5,4.37,CA,CA - Control 37,CA - ضابط 37,The organization shall implement ca controls to ensure compliance with NIST SP 800-53 Rev 5 requirements.,يجب على المنظمة تطبيق ضوابط CA لضمان الامتثال لمتطلبات ضوابط أمنية,preventive,4,low,True,POLICY|PROCEDURE|STANDARD|CONFIG|TRAINING_RECORD,active
850,USA,USA-NIST-80053,Rev 5,5.37,CM,CM - Control 37,CM - ضابط 37,The organization shall implement cm controls to ensure compliance with NIST SP 800-53 Rev 5 requirements.,يجب على المنظمة تطبيق ضوابط CM لضمان الامتثال لمتطلبات ضوابط أمنية,detective,1,critical,True,LOG|REPORT|SCAN_REPORT|AUDIT_REPORT|ACCESS_REVIEW,active
851,USA,USA-NIST-80053,Rev 5,6.37,CP,CP - Control 37,CP - ضابط 37,The organization shall implement cp controls to ensure compliance with NIST SP 800-53 Rev 5 requirements.,يجب على المنظمة تطبيق ضوابط CP لضمان الامتثال لمتطلبات ضوابط أمنية,corrective,2,high,True,INCIDENT_REPORT|MEETING_MINUTES|ATTESTATION|RISK_ASSESSMENT,active
852,USA,USA-NIST-80053,Rev 5,7.37,IA,IA - Control 37,IA - ضابط 37,The organization shall implement ia controls to ensure compliance with NIST SP 800-53 Rev 5 requirements.,يجب على المنظمة تطبيق ضوابط IA لضمان الامتثال لمتطلبات ضوابط أمنية,preventive,3,medium,True,POLICY|PROCEDURE|STANDARD|CONFIG|TRAINING_RECORD,active
853,USA,USA-NIST-80053,Rev 5,8.37,IR,IR - Control 37,IR - ضابط 37,The organization shall implement ir controls to ensure compliance with NIST SP 800-53 Rev 5 requirements.,يجب على المنظمة تطبيق ضوابط IR لضمان الامتثال لمتطلبات ضوابط أمنية,detective,4,low,True,LOG|REPORT|SCAN_REPORT|AUDIT_REPORT|ACCESS_REVIEW,active
854,USA,USA-NIST-80053,Rev 5,9.37,MA,MA - Control 37,MA - ضابط 37,The organization shall implement ma controls to ensure compliance with NIST SP 800-53 Rev 5 requirements.,يجب على المنظمة تطبيق ضوابط MA لضمان الامتثال لمتطلبات ضوابط أمنية,corrective,1,critical,True,INCIDENT_REPORT|MEETING_MINUTES|ATTESTATION|RISK_ASSESSMENT,active
855,USA,USA-NIST-80053,Rev 5,10.37,MP,MP - Control 37,MP - ضابط 37,The organization shall implement mp controls to ensure compliance with NIST SP 800-53 Rev 5 requirements.,يجب على المنظمة تطبيق ضوابط MP لضمان الامتثال لمتطلبات ضوابط أمنية,preventive,2,high,True,POLICY|PROCEDURE|STANDARD|CONFIG|TRAINING_RECORD,active
856,USA,USA-NIST-80053,Rev 5,11.37,PE,PE - Control 37,PE - ضابط 37,The organization shall implement pe controls to ensure compliance with NIST SP 800-53 Rev 5 requirements.,يجب على المنظمة تطبيق ضوابط PE لضمان الامتثال لمتطلبات ضوابط أمنية,detective,3,medium,True,LOG|REPORT|SCAN_REPORT|AUDIT_REPORT|ACCESS_REVIEW,active
857,USA,USA-NIST-80053,Rev 5,12.37,PL,PL - Control 37,PL - ضابط 37,The organization shall implement pl controls to ensure compliance with NIST SP 800-53 Rev 5 requirements.,يجب على المنظمة تطبيق ضوابط PL لضمان الامتثال لمتطلبات ضوابط أمنية,corrective,4,low,True,INCIDENT_REPORT|MEETING_MINUTES|ATTESTATION|RISK_ASSESSMENT,active
858,USA,USA-NIST-80053,Rev 5,13.37,PM,PM - Control 37,PM - ضابط 37,The organization shall implement pm controls to ensure compliance with NIST SP 800-53 Rev 5 requirements.,يجب على المنظمة تطبيق ضوابط PM لضمان الامتثال لمتطلبات ضوابط أمنية,preventive,1,critical,True,POLICY|PROCEDURE|STANDARD|CONFIG|TRAINING_RECORD,active
859,USA,USA-NIST-80053,Rev 5,14.37,PS,PS - Control 37,PS - ضابط 37,The organization shall implement ps controls to ensure compliance with NIST SP 800-53 Rev 5 requirements.,يجب على المنظمة تطبيق ضوابط PS لضمان الامتثال لمتطلبات ضوابط أمنية,detective,2,high,True,LOG|REPORT|SCAN_REPORT|AUDIT_REPORT|ACCESS_REVIEW,active
860,USA,USA-NIST-80053,Rev 5,15.37,PT,PT - Control 37,PT - ضابط 37,The organization shall implement pt controls to ensure compliance with NIST SP 800-53 Rev 5 requirements.,يجب على المنظمة تطبيق ضوابط PT لضمان الامتثال لمتطلبات ضوابط أمنية,corrective,3,medium,True,INCIDENT_REPORT|MEETING_MINUTES|ATTESTATION|RISK_ASSESSMENT,active
861,USA,USA-NIST-80053,Rev 5,16.37,RA,RA - Control 37,RA - ضابط 37,The organization shall implement ra controls to ensure compliance with NIST SP 800-53 Rev 5 requirements.,يجب على المنظمة تطبيق ضوابط RA لضمان الامتثال لمتطلبات ضوابط أمنية,preventive,4,low,True,POLICY|PROCEDURE|STANDARD|CONFIG|TRAINING_RECORD,active
862,USA,USA-NIST-80053,Rev 5,17.37,SA,SA - Control 37,SA - ضابط 37,The organization shall implement sa controls to ensure compliance with NIST SP 800-53 Rev 5 requirements.,يجب على المنظمة تطبيق ضوابط SA لضمان الامتثال لمتطلبات ضوابط أمنية,detective,1,critical,True,LOG|REPORT|SCAN_REPORT|AUDIT_REPORT|ACCESS_REVIEW,active
863,USA,USA-NIST-80053,Rev 5,18.37,SC,SC - Control 37,SC - ضابط 37,The organization shall implement sc controls to ensure compliance with NIST SP 800-53 Rev 5 requirements.,يجب على المنظمة تطبيق ضوابط SC لضمان الامتثال لمتطلبات ضوابط أمنية,corrective,2,high,True,INCIDENT_REPORT|MEETING_MINUTES|ATTESTATION|RISK_ASSESSMENT,active
864,USA,USA-NIST-80053,Rev 5,19.37,SI,SI - Control 37,SI - ضابط 37,The organization shall implement si controls to ensure compliance with NIST SP 800-53 Rev 5 requirements.,يجب على المنظمة تطبيق ضوابط SI لضمان الامتثال لمتطلبات ضوابط أمنية,preventive,3,medium,True,POLICY|PROCEDURE|STANDARD|CONFIG|TRAINING_RECORD,active
865,USA,USA-NIST-80053,Rev 5,20.37,SR,SR - Control 37,SR - ضابط 37,The organization shall implement sr controls to ensure compliance with NIST SP 800-53 Rev 5 requirements.,يجب على المنظمة تطبيق ضوابط SR لضمان الامتثال لمتطلبات ضوابط أمنية,detective,4,low,True,LOG|REPORT|SCAN_REPORT|AUDIT_REPORT|ACCESS_REVIEW,active
866,USA,USA-NIST-80053,Rev 5,1.38,AC,AC - Control 38,AC - ضابط 38,The organization shall implement ac controls to ensure compliance with NIST SP 800-53 Rev 5 requirements.,يجب على المنظمة تطبيق ضوابط AC لضمان الامتثال لمتطلبات ضوابط أمنية,corrective,1,critical,True,INCIDENT_REPORT|MEETING_MINUTES|ATTESTATION|RISK_ASSESSMENT,active
867,USA,USA-NIST-80053,Rev 5,2.38,AT,AT - Control 38,AT - ضابط 38,The organization shall implement at controls to ensure compliance with NIST SP 800-53 Rev 5 requirements.,يجب على المنظمة تطبيق ضوابط AT لضمان الامتثال لمتطلبات ضوابط أمنية,preventive,2,high,True,POLICY|PROCEDURE|STANDARD|CONFIG|TRAINING_RECORD,active
868,USA,USA-NIST-80053,Rev 5,3.38,AU,AU - Control 38,AU - ضابط 38,The organization shall implement au controls to ensure compliance with NIST SP 800-53 Rev 5 requirements.,يجب على المنظمة تطبيق ضوابط AU لضمان الامتثال لمتطلبات ضوابط أمنية,detective,3,medium,True,LOG|REPORT|SCAN_REPORT|AUDIT_REPORT|ACCESS_REVIEW,active
869,USA,USA-NIST-80053,Rev 5,4.38,CA,CA - Control 38,CA - ضابط 38,The organization shall implement ca controls to ensure compliance with NIST SP 800-53 Rev 5 requirements.,يجب على المنظمة تطبيق ضوابط CA لضمان الامتثال لمتطلبات ضوابط أمنية,corrective,4,low,True,INCIDENT_REPORT|MEETING_MINUTES|ATTESTATION|RISK_ASSESSMENT,active
870,USA,USA-NIST-80053,Rev 5,5.38,CM,CM - Control 38,CM - ضابط 38,The organization shall implement cm controls to ensure compliance with NIST SP 800-53 Rev 5 requirements.,يجب على المنظمة تطبيق ضوابط CM لضمان الامتثال لمتطلبات ضوابط أمنية,preventive,1,critical,True,POLICY|PROCEDURE|STANDARD|CONFIG|TRAINING_RECORD,active
871,USA,USA-NIST-80053,Rev 5,6.38,CP,CP - Control 38,CP - ضابط 38,The organization shall implement cp controls to ensure compliance with NIST SP 800-53 Rev 5 requirements.,يجب على المنظمة تطبيق ضوابط CP لضمان الامتثال لمتطلبات ضوابط أمنية,detective,2,high,True,LOG|REPORT|SCAN_REPORT|AUDIT_REPORT|ACCESS_REVIEW,active
872,USA,USA-NIST-80053,Rev 5,7.38,IA,IA - Control 38,IA - ضابط 38,The organization shall implement ia controls to ensure compliance with NIST SP 800-53 Rev 5 requirements.,يجب على المنظمة تطبيق ضوابط IA لضمان الامتثال لمتطلبات ضوابط أمنية,corrective,3,medium,True,INCIDENT_REPORT|MEETING_MINUTES|ATTESTATION|RISK_ASSESSMENT,active
873,USA,USA-NIST-80053,Rev 5,8.38,IR,IR - Control 38,IR - ضابط 38,The organization shall implement ir controls to ensure compliance with NIST SP 800-53 Rev 5 requirements.,يجب على المنظمة تطبيق ضوابط IR لضمان الامتثال لمتطلبات ضوابط أمنية,preventive,4,low,True,POLICY|PROCEDURE|STANDARD|CONFIG|TRAINING_RECORD,active
874,USA,USA-NIST-80053,Rev 5,9.38,MA,MA - Control 38,MA - ضابط 38,The organization shall implement ma controls to ensure compliance with NIST SP 800-53 Rev 5 requirements.,يجب على المنظمة تطبيق ضوابط MA لضمان الامتثال لمتطلبات ضوابط أمنية,detective,1,critical,True,LOG|REPORT|SCAN_REPORT|AUDIT_REPORT|ACCESS_REVIEW,active
875,USA,USA-NIST-80053,Rev 5,10.38,MP,MP - Control 38,MP - ضابط 38,The organization shall implement mp controls to ensure compliance with NIST SP 800-53 Rev 5 requirements.,يجب على المنظمة تطبيق ضوابط MP لضمان الامتثال لمتطلبات ضوابط أمنية,corrective,2,high,True,INCIDENT_REPORT|MEETING_MINUTES|ATTESTATION|RISK_ASSESSMENT,active
876,USA,USA-NIST-80053,Rev 5,11.38,PE,PE - Control 38,PE - ضابط 38,The organization shall implement pe controls to ensure compliance with NIST SP 800-53 Rev 5 requirements.,يجب على المنظمة تطبيق ضوابط PE لضمان الامتثال لمتطلبات ضوابط أمنية,preventive,3,medium,True,POLICY|PROCEDURE|STANDARD|CONFIG|TRAINING_RECORD,active
877,USA,USA-NIST-80053,Rev 5,12.38,PL,PL - Control 38,PL - ضابط 38,The organization shall implement pl controls to ensure compliance with NIST SP 800-53 Rev 5 requirements.,يجب على المنظمة تطبيق ضوابط PL لضمان الامتثال لمتطلبات ضوابط أمنية,detective,4,low,True,LOG|REPORT|SCAN_REPORT|AUDIT_REPORT|ACCESS_REVIEW,active
878,USA,USA-NIST-80053,Rev 5,13.38,PM,PM - Control 38,PM - ضابط 38,The organization shall implement pm controls to ensure compliance with NIST SP 800-53 Rev 5 requirements.,يجب على المنظمة تطبيق ضوابط PM لضمان الامتثال لمتطلبات ضوابط أمنية,corrective,1,critical,True,INCIDENT_REPORT|MEETING_MINUTES|ATTESTATION|RISK_ASSESSMENT,active
879,USA,USA-NIST-80053,Rev 5,14.38,PS,PS - Control 38,PS - ضابط 38,The organization shall implement ps controls to ensure compliance with NIST SP 800-53 Rev 5 requirements.,يجب على المنظمة تطبيق ضوابط PS لضمان الامتثال لمتطلبات ضوابط أمنية,preventive,2,high,True,POLICY|PROCEDURE|STANDARD|CONFIG|TRAINING_RECORD,active
880,USA,USA-NIST-80053,Rev 5,15.38,PT,PT - Control 38,PT - ضابط 38,The organization shall implement pt controls to ensure compliance with NIST SP 800-53 Rev 5 requirements.,يجب على المنظمة تطبيق ضوابط PT لضمان الامتثال لمتطلبات ضوابط أمنية,detective,3,medium,True,LOG|REPORT|SCAN_REPORT|AUDIT_REPORT|ACCESS_REVIEW,active
881,USA,USA-NIST-80053,Rev 5,16.38,RA,RA - Control 38,RA - ضابط 38,The organization shall implement ra controls to ensure compliance with NIST SP 800-53 Rev 5 requirements.,يجب على المنظمة تطبيق ضوابط RA لضمان الامتثال لمتطلبات ضوابط أمنية,corrective,4,low,True,INCIDENT_REPORT|MEETING_MINUTES|ATTESTATION|RISK_ASSESSMENT,active
882,USA,USA-NIST-80053,Rev 5,17.38,SA,SA - Control 38,SA - ضابط 38,The organization shall implement sa controls to ensure compliance with NIST SP 800-53 Rev 5 requirements.,يجب على المنظمة تطبيق ضوابط SA لضمان الامتثال لمتطلبات ضوابط أمنية,preventive,1,critical,True,POLICY|PROCEDURE|STANDARD|CONFIG|TRAINING_RECORD,active
883,USA,USA-NIST-80053,Rev 5,18.38,SC,SC - Control 38,SC - ضابط 38,The organization shall implement sc controls to ensure compliance with NIST SP 800-53 Rev 5 requirements.,يجب على المنظمة تطبيق ضوابط SC لضمان الامتثال لمتطلبات ضوابط أمنية,detective,2,high,True,LOG|REPORT|SCAN_REPORT|AUDIT_REPORT|ACCESS_REVIEW,active
884,USA,USA-NIST-80053,Rev 5,19.38,SI,SI - Control 38,SI - ضابط 38,The organization shall implement si controls to ensure compliance with NIST SP 800-53 Rev 5 requirements.,يجب على المنظمة تطبيق ضوابط SI لضمان الامتثال لمتطلبات ضوابط أمنية,corrective,3,medium,True,INCIDENT_REPORT|MEETING_MINUTES|ATTESTATION|RISK_ASSESSMENT,active
885,USA,USA-NIST-80053,Rev 5,20.38,SR,SR - Control 38,SR - ضابط 38,The organization shall implement sr controls to ensure compliance with NIST SP 800-53 Rev 5 requirements.,يجب على المنظمة تطبيق ضوابط SR لضمان الامتثال لمتطلبات ضوابط أمنية,preventive,4,low,True,POLICY|PROCEDURE|STANDARD|CONFIG|TRAINING_RECORD,active
886,USA,USA-NIST-80053,Rev 5,1.39,AC,AC - Control 39,AC - ضابط 39,The organization shall implement ac controls to ensure compliance with NIST SP 800-53 Rev 5 requirements.,يجب على المنظمة تطبيق ضوابط AC لضمان الامتثال لمتطلبات ضوابط أمنية,detective,1,critical,True,LOG|REPORT|SCAN_REPORT|AUDIT_REPORT|ACCESS_REVIEW,active
887,USA,USA-NIST-80053,Rev 5,2.39,AT,AT - Control 39,AT - ضابط 39,The organization shall implement at controls to ensure compliance with NIST SP 800-53 Rev 5 requirements.,يجب على المنظمة تطبيق ضوابط AT لضمان الامتثال لمتطلبات ضوابط أمنية,corrective,2,high,True,INCIDENT_REPORT|MEETING_MINUTES|ATTESTATION|RISK_ASSESSMENT,active
888,USA,USA-NIST-80053,Rev 5,3.39,AU,AU - Control 39,AU - ضابط 39,The organization shall implement au controls to ensure compliance with NIST SP 800-53 Rev 5 requirements.,يجب على المنظمة تطبيق ضوابط AU لضمان الامتثال لمتطلبات ضوابط أمنية,preventive,3,medium,True,POLICY|PROCEDURE|STANDARD|CONFIG|TRAINING_RECORD,active
889,USA,USA-NIST-80053,Rev 5,4.39,CA,CA - Control 39,CA - ضابط 39,The organization shall implement ca controls to ensure compliance with NIST SP 800-53 Rev 5 requirements.,يجب على المنظمة تطبيق ضوابط CA لضمان الامتثال لمتطلبات ضوابط أمنية,detective,4,low,True,LOG|REPORT|SCAN_REPORT|AUDIT_REPORT|ACCESS_REVIEW,active
890,USA,USA-NIST-80053,Rev 5,5.39,CM,CM - Control 39,CM - ضابط 39,The organization shall implement cm controls to ensure compliance with NIST SP 800-53 Rev 5 requirements.,يجب على المنظمة تطبيق ضوابط CM لضمان الامتثال لمتطلبات ضوابط أمنية,corrective,1,critical,True,INCIDENT_REPORT|MEETING_MINUTES|ATTESTATION|RISK_ASSESSMENT,active
891,USA,USA-NIST-80053,Rev 5,6.39,CP,CP - Control 39,CP - ضابط 39,The organization shall implement cp controls to ensure compliance with NIST SP 800-53 Rev 5 requirements.,يجب على المنظمة تطبيق ضوابط CP لضمان الامتثال لمتطلبات ضوابط أمنية,preventive,2,high,True,POLICY|PROCEDURE|STANDARD|CONFIG|TRAINING_RECORD,active
892,USA,USA-NIST-80053,Rev 5,7.39,IA,IA - Control 39,IA - ضابط 39,The organization shall implement ia controls to ensure compliance with NIST SP 800-53 Rev 5 requirements.,يجب على المنظمة تطبيق ضوابط IA لضمان الامتثال لمتطلبات ضوابط أمنية,detective,3,medium,True,LOG|REPORT|SCAN_REPORT|AUDIT_REPORT|ACCESS_REVIEW,active
893,USA,USA-NIST-80053,Rev 5,8.39,IR,IR - Control 39,IR - ضابط 39,The organization shall implement ir controls to ensure compliance with NIST SP 800-53 Rev 5 requirements.,يجب على المنظمة تطبيق ضوابط IR لضمان الامتثال لمتطلبات ضوابط أمنية,corrective,4,low,True,INCIDENT_REPORT|MEETING_MINUTES|ATTESTATION|RISK_ASSESSMENT,active
894,USA,USA-NIST-80053,Rev 5,9.39,MA,MA - Control 39,MA - ضابط 39,The organization shall implement ma controls to ensure compliance with NIST SP 800-53 Rev 5 requirements.,يجب على المنظمة تطبيق ضوابط MA لضمان الامتثال لمتطلبات ضوابط أمنية,preventive,1,critical,True,POLICY|PROCEDURE|STANDARD|CONFIG|TRAINING_RECORD,active
895,USA,USA-NIST-80053,Rev 5,10.39,MP,MP - Control 39,MP - ضابط 39,The organization shall implement mp controls to ensure compliance with NIST SP 800-53 Rev 5 requirements.,يجب على المنظمة تطبيق ضوابط MP لضمان الامتثال لمتطلبات ضوابط أمنية,detective,2,high,True,LOG|REPORT|SCAN_REPORT|AUDIT_REPORT|ACCESS_REVIEW,active
896,USA,USA-NIST-80053,Rev 5,11.39,PE,PE - Control 39,PE - ضابط 39,The organization shall implement pe controls to ensure compliance with NIST SP 800-53 Rev 5 requirements.,يجب على المنظمة تطبيق ضوابط PE لضمان الامتثال لمتطلبات ضوابط أمنية,corrective,3,medium,True,INCIDENT_REPORT|MEETING_MINUTES|ATTESTATION|RISK_ASSESSMENT,active
897,USA,USA-NIST-80053,Rev 5,12.39,PL,PL - Control 39,PL - ضابط 39,The organization shall implement pl controls to ensure compliance with NIST SP 800-53 Rev 5 requirements.,يجب على المنظمة تطبيق ضوابط PL لضمان الامتثال لمتطلبات ضوابط أمنية,preventive,4,low,True,POLICY|PROCEDURE|STANDARD|CONFIG|TRAINING_RECORD,active
898,USA,USA-NIST-80053,Rev 5,13.39,PM,PM - Control 39,PM - ضابط 39,The organization shall implement pm controls to ensure compliance with NIST SP 800-53 Rev 5 requirements.,يجب على المنظمة تطبيق ضوابط PM لضمان الامتثال لمتطلبات ضوابط أمنية,detective,1,critical,True,LOG|REPORT|SCAN_REPORT|AUDIT_REPORT|ACCESS_REVIEW,active
899,USA,USA-NIST-80053,Rev 5,14.39,PS,PS - Control 39,PS - ضابط 39,The organization shall implement ps controls to ensure compliance with NIST SP 800-53 Rev 5 requirements.,يجب على المنظمة تطبيق ضوابط PS لضمان الامتثال لمتطلبات ضوابط أمنية,corrective,2,high,True,INCIDENT_REPORT|MEETING_MINUTES|ATTESTATION|RISK_ASSESSMENT,active
900,USA,USA-NIST-80053,Rev 5,15.39,PT,PT - Control 39,PT - ضابط 39,The organization shall implement pt controls to ensure compliance with NIST SP 800-53 Rev 5 requirements.,يجب على المنظمة تطبيق ضوابط PT لضمان الامتثال لمتطلبات ضوابط أمنية,preventive,3,medium,True,POLICY|PROCEDURE|STANDARD|CONFIG|TRAINING_RECORD,active
901,USA,USA-NIST-80053,Rev 5,16.39,RA,RA - Control 39,RA - ضابط 39,The organization shall implement ra controls to ensure compliance with NIST SP 800-53 Rev 5 requirements.,يجب على المنظمة تطبيق ضوابط RA لضمان الامتثال لمتطلبات ضوابط أمنية,detective,4,low,True,LOG|REPORT|SCAN_REPORT|AUDIT_REPORT|ACCESS_REVIEW,active
902,USA,USA-NIST-80053,Rev 5,17.39,SA,SA - Control 39,SA - ضابط 39,The organization shall implement sa controls to ensure compliance with NIST SP 800-53 Rev 5 requirements.,يجب على المنظمة تطبيق ضوابط SA لضمان الامتثال لمتطلبات ضوابط أمنية,corrective,1,critical,True,INCIDENT_REPORT|MEETING_MINUTES|ATTESTATION|RISK_ASSESSMENT,active
903,USA,USA-NIST-80053,Rev 5,18.39,SC,SC - Control 39,SC - ضابط 39,The organization shall implement sc controls to ensure compliance with NIST SP 800-53 Rev 5 requirements.,يجب على المنظمة تطبيق ضوابط SC لضمان الامتثال لمتطلبات ضوابط أمنية,preventive,2,high,True,POLICY|PROCEDURE|STANDARD|CONFIG|TRAINING_RECORD,active
904,USA,USA-NIST-80053,Rev 5,19.39,SI,SI - Control 39,SI - ضابط 39,The organization shall implement si controls to ensure compliance with NIST SP 800-53 Rev 5 requirements.,يجب على المنظمة تطبيق ضوابط SI لضمان الامتثال لمتطلبات ضوابط أمنية,detective,3,medium,True,LOG|REPORT|SCAN_REPORT|AUDIT_REPORT|ACCESS_REVIEW,active
905,USA,USA-NIST-80053,Rev 5,20.39,SR,SR - Control 39,SR - ضابط 39,The organization shall implement sr controls to ensure compliance with NIST SP 800-53 Rev 5 requirements.,يجب على المنظمة تطبيق ضوابط SR لضمان الامتثال لمتطلبات ضوابط أمنية,corrective,4,low,True,INCIDENT_REPORT|MEETING_MINUTES|ATTESTATION|RISK_ASSESSMENT,active
906,USA,USA-NIST-80053,Rev 5,1.40,AC,AC - Control 40,AC - ضابط 40,The organization shall implement ac controls to ensure compliance with NIST SP 800-53 Rev 5 requirements.,يجب على المنظمة تطبيق ضوابط AC لضمان الامتثال لمتطلبات ضوابط أمنية,preventive,1,critical,True,POLICY|PROCEDURE|STANDARD|CONFIG|TRAINING_RECORD,active
907,USA,USA-NIST-80053,Rev 5,2.40,AT,AT - Control 40,AT - ضابط 40,The organization shall implement at controls to ensure compliance with NIST SP 800-53 Rev 5 requirements.,يجب على المنظمة تطبيق ضوابط AT لضمان الامتثال لمتطلبات ضوابط أمنية,detective,2,high,True,LOG|REPORT|SCAN_REPORT|AUDIT_REPORT|ACCESS_REVIEW,active
908,USA,USA-NIST-80053,Rev 5,3.40,AU,AU - Control 40,AU - ضابط 40,The organization shall implement au controls to ensure compliance with NIST SP 800-53 Rev 5 requirements.,يجب على المنظمة تطبيق ضوابط AU لضمان الامتثال لمتطلبات ضوابط أمنية,corrective,3,medium,True,INCIDENT_REPORT|MEETING_MINUTES|ATTESTATION|RISK_ASSESSMENT,active
909,USA,USA-NIST-80053,Rev 5,4.40,CA,CA - Control 40,CA - ضابط 40,The organization shall implement ca controls to ensure compliance with NIST SP 800-53 Rev 5 requirements.,يجب على المنظمة تطبيق ضوابط CA لضمان الامتثال لمتطلبات ضوابط أمنية,preventive,4,low,True,POLICY|PROCEDURE|STANDARD|CONFIG|TRAINING_RECORD,active
910,USA,USA-NIST-80053,Rev 5,5.40,CM,CM - Control 40,CM - ضابط 40,The organization shall implement cm controls to ensure compliance with NIST SP 800-53 Rev 5 requirements.,يجب على المنظمة تطبيق ضوابط CM لضمان الامتثال لمتطلبات ضوابط أمنية,detective,1,critical,True,LOG|REPORT|SCAN_REPORT|AUDIT_REPORT|ACCESS_REVIEW,active
911,USA,USA-NIST-80053,Rev 5,6.40,CP,CP - Control 40,CP - ضابط 40,The organization shall implement cp controls to ensure compliance with NIST SP 800-53 Rev 5 requirements.,يجب على المنظمة تطبيق ضوابط CP لضمان الامتثال لمتطلبات ضوابط أمنية,corrective,2,high,True,INCIDENT_REPORT|MEETING_MINUTES|ATTESTATION|RISK_ASSESSMENT,active
912,USA,USA-NIST-80053,Rev 5,7.40,IA,IA - Control 40,IA - ضابط 40,The organization shall implement ia controls to ensure compliance with NIST SP 800-53 Rev 5 requirements.,يجب على المنظمة تطبيق ضوابط IA لضمان الامتثال لمتطلبات ضوابط أمنية,preventive,3,medium,True,POLICY|PROCEDURE|STANDARD|CONFIG|TRAINING_RECORD,active
913,USA,USA-NIST-80053,Rev 5,8.40,IR,IR - Control 40,IR - ضابط 40,The organization shall implement ir controls to ensure compliance with NIST SP 800-53 Rev 5 requirements.,يجب على المنظمة تطبيق ضوابط IR لضمان الامتثال لمتطلبات ضوابط أمنية,detective,4,low,True,LOG|REPORT|SCAN_REPORT|AUDIT_REPORT|ACCESS_REVIEW,active
914,USA,USA-NIST-80053,Rev 5,9.40,MA,MA - Control 40,MA - ضابط 40,The organization shall implement ma controls to ensure compliance with NIST SP 800-53 Rev 5 requirements.,يجب على المنظمة تطبيق ضوابط MA لضمان الامتثال لمتطلبات ضوابط أمنية,corrective,1,critical,True,INCIDENT_REPORT|MEETING_MINUTES|ATTESTATION|RISK_ASSESSMENT,active
915,USA,USA-NIST-80053,Rev 5,10.40,MP,MP - Control 40,MP - ضابط 40,The organization shall implement mp controls to ensure compliance with NIST SP 800-53 Rev 5 requirements.,يجب على المنظمة تطبيق ضوابط MP لضمان الامتثال لمتطلبات ضوابط أمنية,preventive,2,high,True,POLICY|PROCEDURE|STANDARD|CONFIG|TRAINING_RECORD,active
916,USA,USA-NIST-80053,Rev 5,11.40,PE,PE - Control 40,PE - ضابط 40,The organization shall implement pe controls to ensure compliance with NIST SP 800-53 Rev 5 requirements.,يجب على المنظمة تطبيق ضوابط PE لضمان الامتثال لمتطلبات ضوابط أمنية,detective,3,medium,True,LOG|REPORT|SCAN_REPORT|AUDIT_REPORT|ACCESS_REVIEW,active
917,USA,USA-NIST-80053,Rev 5,12.40,PL,PL - Control 40,PL - ضابط 40,The organization shall implement pl controls to ensure compliance with NIST SP 800-53 Rev 5 requirements.,يجب على المنظمة تطبيق ضوابط PL لضمان الامتثال لمتطلبات ضوابط أمنية,corrective,4,low,True,INCIDENT_REPORT|MEETING_MINUTES|ATTESTATION|RISK_ASSESSMENT,active
918,USA,USA-NIST-80053,Rev 5,13.40,PM,PM - Control 40,PM - ضابط 40,The organization shall implement pm controls to ensure compliance with NIST SP 800-53 Rev 5 requirements.,يجب على المنظمة تطبيق ضوابط PM لضمان الامتثال لمتطلبات ضوابط أمنية,preventive,1,critical,True,POLICY|PROCEDURE|STANDARD|CONFIG|TRAINING_RECORD,active
919,USA,USA-NIST-80053,Rev 5,14.40,PS,PS - Control 40,PS - ضابط 40,The organization shall implement ps controls to ensure compliance with NIST SP 800-53 Rev 5 requirements.,يجب على المنظمة تطبيق ضوابط PS لضمان الامتثال لمتطلبات ضوابط أمنية,detective,2,high,True,LOG|REPORT|SCAN_REPORT|AUDIT_REPORT|ACCESS_REVIEW,active
920,USA,USA-NIST-80053,Rev 5,15.40,PT,PT - Control 40,PT - ضابط 40,The organization shall implement pt controls to ensure compliance with NIST SP 800-53 Rev 5 requirements.,يجب على المنظمة تطبيق ضوابط PT لضمان الامتثال لمتطلبات ضوابط أمنية,corrective,3,medium,True,INCIDENT_REPORT|MEETING_MINUTES|ATTESTATION|RISK_ASSESSMENT,active
921,USA,USA-NIST-80053,Rev 5,16.40,RA,RA - Control 40,RA - ضابط 40,The organization shall implement ra controls to ensure compliance with NIST SP 800-53 Rev 5 requirements.,يجب على المنظمة تطبيق ضوابط RA لضمان الامتثال لمتطلبات ضوابط أمنية,preventive,4,low,True,POLICY|PROCEDURE|STANDARD|CONFIG|TRAINING_RECORD,active
922,USA,USA-NIST-80053,Rev 5,17.40,SA,SA - Control 40,SA - ضابط 40,The organization shall implement sa controls to ensure compliance with NIST SP 800-53 Rev 5 requirements.,يجب على المنظمة تطبيق ضوابط SA لضمان الامتثال لمتطلبات ضوابط أمنية,detective,1,critical,True,LOG|REPORT|SCAN_REPORT|AUDIT_REPORT|ACCESS_REVIEW,active
923,USA,USA-NIST-80053,Rev 5,18.40,SC,SC - Control 40,SC - ضابط 40,The organization shall implement sc controls to ensure compliance with NIST SP 800-53 Rev 5 requirements.,يجب على المنظمة تطبيق ضوابط SC لضمان الامتثال لمتطلبات ضوابط أمنية,corrective,2,high,True,INCIDENT_REPORT|MEETING_MINUTES|ATTESTATION|RISK_ASSESSMENT,active
924,USA,USA-NIST-80053,Rev 5,19.40,SI,SI - Control 40,SI - ضابط 40,The organization shall implement si controls to ensure compliance with NIST SP 800-53 Rev 5 requirements.,يجب على المنظمة تطبيق ضوابط SI لضمان الامتثال لمتطلبات ضوابط أمنية,preventive,3,medium,True,POLICY|PROCEDURE|STANDARD|CONFIG|TRAINING_RECORD,active
925,USA,USA-NIST-80053,Rev 5,20.40,SR,SR - Control 40,SR - ضابط 40,The organization shall implement sr controls to ensure compliance with NIST SP 800-53 Rev 5 requirements.,يجب على المنظمة تطبيق ضوابط SR لضمان الامتثال لمتطلبات ضوابط أمنية,detective,4,low,True,LOG|REPORT|SCAN_REPORT|AUDIT_REPORT|ACCESS_REVIEW,active
926,USA,USA-NIST-80053,Rev 5,1.41,AC,AC - Control 41,AC - ضابط 41,The organization shall implement ac controls to ensure compliance with NIST SP 800-53 Rev 5 requirements.,يجب على المنظمة تطبيق ضوابط AC لضمان الامتثال لمتطلبات ضوابط أمنية,corrective,1,critical,True,INCIDENT_REPORT|MEETING_MINUTES|ATTESTATION|RISK_ASSESSMENT,active
927,USA,USA-NIST-80053,Rev 5,2.41,AT,AT - Control 41,AT - ضابط 41,The organization shall implement at controls to ensure compliance with NIST SP 800-53 Rev 5 requirements.,يجب على المنظمة تطبيق ضوابط AT لضمان الامتثال لمتطلبات ضوابط أمنية,preventive,2,high,True,POLICY|PROCEDURE|STANDARD|CONFIG|TRAINING_RECORD,active
928,USA,USA-NIST-80053,Rev 5,3.41,AU,AU - Control 41,AU - ضابط 41,The organization shall implement au controls to ensure compliance with NIST SP 800-53 Rev 5 requirements.,يجب على المنظمة تطبيق ضوابط AU لضمان الامتثال لمتطلبات ضوابط أمنية,detective,3,medium,True,LOG|REPORT|SCAN_REPORT|AUDIT_REPORT|ACCESS_REVIEW,active
929,USA,USA-NIST-80053,Rev 5,4.41,CA,CA - Control 41,CA - ضابط 41,The organization shall implement ca controls to ensure compliance with NIST SP 800-53 Rev 5 requirements.,يجب على المنظمة تطبيق ضوابط CA لضمان الامتثال لمتطلبات ضوابط أمنية,corrective,4,low,True,INCIDENT_REPORT|MEETING_MINUTES|ATTESTATION|RISK_ASSESSMENT,active
930,USA,USA-NIST-80053,Rev 5,5.41,CM,CM - Control 41,CM - ضابط 41,The organization shall implement cm controls to ensure compliance with NIST SP 800-53 Rev 5 requirements.,يجب على المنظمة تطبيق ضوابط CM لضمان الامتثال لمتطلبات ضوابط أمنية,preventive,1,critical,True,POLICY|PROCEDURE|STANDARD|CONFIG|TRAINING_RECORD,active
931,USA,USA-NIST-80053,Rev 5,6.41,CP,CP - Control 41,CP - ضابط 41,The organization shall implement cp controls to ensure compliance with NIST SP 800-53 Rev 5 requirements.,يجب على المنظمة تطبيق ضوابط CP لضمان الامتثال لمتطلبات ضوابط أمنية,detective,2,high,True,LOG|REPORT|SCAN_REPORT|AUDIT_REPORT|ACCESS_REVIEW,active
932,USA,USA-NIST-80053,Rev 5,7.41,IA,IA - Control 41,IA - ضابط 41,The organization shall implement ia controls to ensure compliance with NIST SP 800-53 Rev 5 requirements.,يجب على المنظمة تطبيق ضوابط IA لضمان الامتثال لمتطلبات ضوابط أمنية,corrective,3,medium,True,INCIDENT_REPORT|MEETING_MINUTES|ATTESTATION|RISK_ASSESSMENT,active
933,USA,USA-NIST-80053,Rev 5,8.41,IR,IR - Control 41,IR - ضابط 41,The organization shall implement ir controls to ensure compliance with NIST SP 800-53 Rev 5 requirements.,يجب على المنظمة تطبيق ضوابط IR لضمان الامتثال لمتطلبات ضوابط أمنية,preventive,4,low,True,POLICY|PROCEDURE|STANDARD|CONFIG|TRAINING_RECORD,active
934,USA,USA-NIST-80053,Rev 5,9.41,MA,MA - Control 41,MA - ضابط 41,The organization shall implement ma controls to ensure compliance with NIST SP 800-53 Rev 5 requirements.,يجب على المنظمة تطبيق ضوابط MA لضمان الامتثال لمتطلبات ضوابط أمنية,detective,1,critical,True,LOG|REPORT|SCAN_REPORT|AUDIT_REPORT|ACCESS_REVIEW,active
935,USA,USA-NIST-80053,Rev 5,10.41,MP,MP - Control 41,MP - ضابط 41,The organization shall implement mp controls to ensure compliance with NIST SP 800-53 Rev 5 requirements.,يجب على المنظمة تطبيق ضوابط MP لضمان الامتثال لمتطلبات ضوابط أمنية,corrective,2,high,True,INCIDENT_REPORT|MEETING_MINUTES|ATTESTATION|RISK_ASSESSMENT,active
936,USA,USA-NIST-80053,Rev 5,11.41,PE,PE - Control 41,PE - ضابط 41,The organization shall implement pe controls to ensure compliance with NIST SP 800-53 Rev 5 requirements.,يجب على المنظمة تطبيق ضوابط PE لضمان الامتثال لمتطلبات ضوابط أمنية,preventive,3,medium,True,POLICY|PROCEDURE|STANDARD|CONFIG|TRAINING_RECORD,active
937,USA,USA-NIST-80053,Rev 5,12.41,PL,PL - Control 41,PL - ضابط 41,The organization shall implement pl controls to ensure compliance with NIST SP 800-53 Rev 5 requirements.,يجب على المنظمة تطبيق ضوابط PL لضمان الامتثال لمتطلبات ضوابط أمنية,detective,4,low,True,LOG|REPORT|SCAN_REPORT|AUDIT_REPORT|ACCESS_REVIEW,active
938,USA,USA-NIST-80053,Rev 5,13.41,PM,PM - Control 41,PM - ضابط 41,The organization shall implement pm controls to ensure compliance with NIST SP 800-53 Rev 5 requirements.,يجب على المنظمة تطبيق ضوابط PM لضمان الامتثال لمتطلبات ضوابط أمنية,corrective,1,critical,True,INCIDENT_REPORT|MEETING_MINUTES|ATTESTATION|RISK_ASSESSMENT,active
939,USA,USA-NIST-80053,Rev 5,14.41,PS,PS - Control 41,PS - ضابط 41,The organization shall implement ps controls to ensure compliance with NIST SP 800-53 Rev 5 requirements.,يجب على المنظمة تطبيق ضوابط PS لضمان الامتثال لمتطلبات ضوابط أمنية,preventive,2,high,True,POLICY|PROCEDURE|STANDARD|CONFIG|TRAINING_RECORD,active
940,USA,USA-NIST-80053,Rev 5,15.41,PT,PT - Control 41,PT - ضابط 41,The organization shall implement pt controls to ensure compliance with NIST SP 800-53 Rev 5 requirements.,يجب على المنظمة تطبيق ضوابط PT لضمان الامتثال لمتطلبات ضوابط أمنية,detective,3,medium,True,LOG|REPORT|SCAN_REPORT|AUDIT_REPORT|ACCESS_REVIEW,active
941,USA,USA-NIST-80053,Rev 5,16.41,RA,RA - Control 41,RA - ضابط 41,The organization shall implement ra controls to ensure compliance with NIST SP 800-53 Rev 5 requirements.,يجب على المنظمة تطبيق ضوابط RA لضمان الامتثال لمتطلبات ضوابط أمنية,corrective,4,low,True,INCIDENT_REPORT|MEETING_MINUTES|ATTESTATION|RISK_ASSESSMENT,active
942,USA,USA-NIST-80053,Rev 5,17.41,SA,SA - Control 41,SA - ضابط 41,The organization shall implement sa controls to ensure compliance with NIST SP 800-53 Rev 5 requirements.,يجب على المنظمة تطبيق ضوابط SA لضمان الامتثال لمتطلبات ضوابط أمنية,preventive,1,critical,True,POLICY|PROCEDURE|STANDARD|CONFIG|TRAINING_RECORD,active
943,USA,USA-NIST-80053,Rev 5,18.41,SC,SC - Control 41,SC - ضابط 41,The organization shall implement sc controls to ensure compliance with NIST SP 800-53 Rev 5 requirements.,يجب على المنظمة تطبيق ضوابط SC لضمان الامتثال لمتطلبات ضوابط أمنية,detective,2,high,True,LOG|REPORT|SCAN_REPORT|AUDIT_REPORT|ACCESS_REVIEW,active
944,USA,USA-NIST-80053,Rev 5,19.41,SI,SI - Control 41,SI - ضابط 41,The organization shall implement si controls to ensure compliance with NIST SP 800-53 Rev 5 requirements.,يجب على المنظمة تطبيق ضوابط SI لضمان الامتثال لمتطلبات ضوابط أمنية,corrective,3,medium,True,INCIDENT_REPORT|MEETING_MINUTES|ATTESTATION|RISK_ASSESSMENT,active
945,USA,USA-NIST-80053,Rev 5,20.41,SR,SR - Control 41,SR - ضابط 41,The organization shall implement sr controls to ensure compliance with NIST SP 800-53 Rev 5 requirements.,يجب على المنظمة تطبيق ضوابط SR لضمان الامتثال لمتطلبات ضوابط أمنية,preventive,4,low,True,POLICY|PROCEDURE|STANDARD|CONFIG|TRAINING_RECORD,active
946,USA,USA-NIST-80053,Rev 5,1.42,AC,AC - Control 42,AC - ضابط 42,The organization shall implement ac controls to ensure compliance with NIST SP 800-53 Rev 5 requirements.,يجب على المنظمة تطبيق ضوابط AC لضمان الامتثال لمتطلبات ضوابط أمنية,detective,1,critical,True,LOG|REPORT|SCAN_REPORT|AUDIT_REPORT|ACCESS_REVIEW,active
947,USA,USA-NIST-80053,Rev 5,2.42,AT,AT - Control 42,AT - ضابط 42,The organization shall implement at controls to ensure compliance with NIST SP 800-53 Rev 5 requirements.,يجب على المنظمة تطبيق ضوابط AT لضمان الامتثال لمتطلبات ضوابط أمنية,corrective,2,high,True,INCIDENT_REPORT|MEETING_MINUTES|ATTESTATION|RISK_ASSESSMENT,active
948,USA,USA-NIST-80053,Rev 5,3.42,AU,AU - Control 42,AU - ضابط 42,The organization shall implement au controls to ensure compliance with NIST SP 800-53 Rev 5 requirements.,يجب على المنظمة تطبيق ضوابط AU لضمان الامتثال لمتطلبات ضوابط أمنية,preventive,3,medium,True,POLICY|PROCEDURE|STANDARD|CONFIG|TRAINING_RECORD,active
949,USA,USA-NIST-80053,Rev 5,4.42,CA,CA - Control 42,CA - ضابط 42,The organization shall implement ca controls to ensure compliance with NIST SP 800-53 Rev 5 requirements.,يجب على المنظمة تطبيق ضوابط CA لضمان الامتثال لمتطلبات ضوابط أمنية,detective,4,low,True,LOG|REPORT|SCAN_REPORT|AUDIT_REPORT|ACCESS_REVIEW,active
950,USA,USA-NIST-80053,Rev 5,5.42,CM,CM - Control 42,CM - ضابط 42,The organization shall implement cm controls to ensure compliance with NIST SP 800-53 Rev 5 requirements.,يجب على المنظمة تطبيق ضوابط CM لضمان الامتثال لمتطلبات ضوابط أمنية,corrective,1,critical,True,INCIDENT_REPORT|MEETING_MINUTES|ATTESTATION|RISK_ASSESSMENT,active
951,USA,USA-NIST-80053,Rev 5,6.42,CP,CP - Control 42,CP - ضابط 42,The organization shall implement cp controls to ensure compliance with NIST SP 800-53 Rev 5 requirements.,يجب على المنظمة تطبيق ضوابط CP لضمان الامتثال لمتطلبات ضوابط أمنية,preventive,2,high,True,POLICY|PROCEDURE|STANDARD|CONFIG|TRAINING_RECORD,active
952,USA,USA-NIST-80053,Rev 5,7.42,IA,IA - Control 42,IA - ضابط 42,The organization shall implement ia controls to ensure compliance with NIST SP 800-53 Rev 5 requirements.,يجب على المنظمة تطبيق ضوابط IA لضمان الامتثال لمتطلبات ضوابط أمنية,detective,3,medium,True,LOG|REPORT|SCAN_REPORT|AUDIT_REPORT|ACCESS_REVIEW,active
953,USA,USA-NIST-80053,Rev 5,8.42,IR,IR - Control 42,IR - ضابط 42,The organization shall implement ir controls to ensure compliance with NIST SP 800-53 Rev 5 requirements.,يجب على المنظمة تطبيق ضوابط IR لضمان الامتثال لمتطلبات ضوابط أمنية,corrective,4,low,True,INCIDENT_REPORT|MEETING_MINUTES|ATTESTATION|RISK_ASSESSMENT,active
954,USA,USA-NIST-80053,Rev 5,9.42,MA,MA - Control 42,MA - ضابط 42,The organization shall implement ma controls to ensure compliance with NIST SP 800-53 Rev 5 requirements.,يجب على المنظمة تطبيق ضوابط MA لضمان الامتثال لمتطلبات ضوابط أمنية,preventive,1,critical,True,POLICY|PROCEDURE|STANDARD|CONFIG|TRAINING_RECORD,active
955,USA,USA-NIST-80053,Rev 5,10.42,MP,MP - Control 42,MP - ضابط 42,The organization shall implement mp controls to ensure compliance with NIST SP 800-53 Rev 5 requirements.,يجب على المنظمة تطبيق ضوابط MP لضمان الامتثال لمتطلبات ضوابط أمنية,detective,2,high,True,LOG|REPORT|SCAN_REPORT|AUDIT_REPORT|ACCESS_REVIEW,active
956,USA,USA-NIST-80053,Rev 5,11.42,PE,PE - Control 42,PE - ضابط 42,The organization shall implement pe controls to ensure compliance with NIST SP 800-53 Rev 5 requirements.,يجب على المنظمة تطبيق ضوابط PE لضمان الامتثال لمتطلبات ضوابط أمنية,corrective,3,medium,True,INCIDENT_REPORT|MEETING_MINUTES|ATTESTATION|RISK_ASSESSMENT,active
957,USA,USA-NIST-80053,Rev 5,12.42,PL,PL - Control 42,PL - ضابط 42,The organization shall implement pl controls to ensure compliance with NIST SP 800-53 Rev 5 requirements.,يجب على المنظمة تطبيق ضوابط PL لضمان الامتثال لمتطلبات ضوابط أمنية,preventive,4,low,True,POLICY|PROCEDURE|STANDARD|CONFIG|TRAINING_RECORD,active
958,USA,USA-NIST-80053,Rev 5,13.42,PM,PM - Control 42,PM - ضابط 42,The organization shall implement pm controls to ensure compliance with NIST SP 800-53 Rev 5 requirements.,يجب على المنظمة تطبيق ضوابط PM لضمان الامتثال لمتطلبات ضوابط أمنية,detective,1,critical,True,LOG|REPORT|SCAN_REPORT|AUDIT_REPORT|ACCESS_REVIEW,active
959,USA,USA-NIST-80053,Rev 5,14.42,PS,PS - Control 42,PS - ضابط 42,The organization shall implement ps controls to ensure compliance with NIST SP 800-53 Rev 5 requirements.,يجب على المنظمة تطبيق ضوابط PS لضمان الامتثال لمتطلبات ضوابط أمنية,corrective,2,high,True,INCIDENT_REPORT|MEETING_MINUTES|ATTESTATION|RISK_ASSESSMENT,active
960,USA,USA-NIST-80053,Rev 5,15.42,PT,PT - Control 42,PT - ضابط 42,The organization shall implement pt controls to ensure compliance with NIST SP 800-53 Rev 5 requirements.,يجب على المنظمة تطبيق ضوابط PT لضمان الامتثال لمتطلبات ضوابط أمنية,preventive,3,medium,True,POLICY|PROCEDURE|STANDARD|CONFIG|TRAINING_RECORD,active
961,USA,USA-NIST-80053,Rev 5,16.42,RA,RA - Control 42,RA - ضابط 42,The organization shall implement ra controls to ensure compliance with NIST SP 800-53 Rev 5 requirements.,يجب على المنظمة تطبيق ضوابط RA لضمان الامتثال لمتطلبات ضوابط أمنية,detective,4,low,True,LOG|REPORT|SCAN_REPORT|AUDIT_REPORT|ACCESS_REVIEW,active
962,USA,USA-NIST-80053,Rev 5,17.42,SA,SA - Control 42,SA - ضابط 42,The organization shall implement sa controls to ensure compliance with NIST SP 800-53 Rev 5 requirements.,يجب على المنظمة تطبيق ضوابط SA لضمان الامتثال لمتطلبات ضوابط أمنية,corrective,1,critical,True,INCIDENT_REPORT|MEETING_MINUTES|ATTESTATION|RISK_ASSESSMENT,active
963,USA,USA-NIST-80053,Rev 5,18.42,SC,SC - Control 42,SC - ضابط 42,The organization shall implement sc controls to ensure compliance with NIST SP 800-53 Rev 5 requirements.,يجب على المنظمة تطبيق ضوابط SC لضمان الامتثال لمتطلبات ضوابط أمنية,preventive,2,high,True,POLICY|PROCEDURE|STANDARD|CONFIG|TRAINING_RECORD,active
964,USA,USA-NIST-80053,Rev 5,19.42,SI,SI - Control 42,SI - ضابط 42,The organization shall implement si controls to ensure compliance with NIST SP 800-53 Rev 5 requirements.,يجب على المنظمة تطبيق ضوابط SI لضمان الامتثال لمتطلبات ضوابط أمنية,detective,3,medium,True,LOG|REPORT|SCAN_REPORT|AUDIT_REPORT|ACCESS_REVIEW,active
965,USA,USA-NIST-80053,Rev 5,20.42,SR,SR - Control 42,SR - ضابط 42,The organization shall implement sr controls to ensure compliance with NIST SP 800-53 Rev 5 requirements.,يجب على المنظمة تطبيق ضوابط SR لضمان الامتثال لمتطلبات ضوابط أمنية,corrective,4,low,True,INCIDENT_REPORT|MEETING_MINUTES|ATTESTATION|RISK_ASSESSMENT,active
966,USA,USA-NIST-80053,Rev 5,1.43,AC,AC - Control 43,AC - ضابط 43,The organization shall implement ac controls to ensure compliance with NIST SP 800-53 Rev 5 requirements.,يجب على المنظمة تطبيق ضوابط AC لضمان الامتثال لمتطلبات ضوابط أمنية,preventive,1,critical,True,POLICY|PROCEDURE|STANDARD|CONFIG|TRAINING_RECORD,active
967,USA,USA-NIST-80053,Rev 5,2.43,AT,AT - Control 43,AT - ضابط 43,The organization shall implement at controls to ensure compliance with NIST SP 800-53 Rev 5 requirements.,يجب على المنظمة تطبيق ضوابط AT لضمان الامتثال لمتطلبات ضوابط أمنية,detective,2,high,True,LOG|REPORT|SCAN_REPORT|AUDIT_REPORT|ACCESS_REVIEW,active
968,USA,USA-NIST-80053,Rev 5,3.43,AU,AU - Control 43,AU - ضابط 43,The organization shall implement au controls to ensure compliance with NIST SP 800-53 Rev 5 requirements.,يجب على المنظمة تطبيق ضوابط AU لضمان الامتثال لمتطلبات ضوابط أمنية,corrective,3,medium,True,INCIDENT_REPORT|MEETING_MINUTES|ATTESTATION|RISK_ASSESSMENT,active
969,USA,USA-NIST-80053,Rev 5,4.43,CA,CA - Control 43,CA - ضابط 43,The organization shall implement ca controls to ensure compliance with NIST SP 800-53 Rev 5 requirements.,يجب على المنظمة تطبيق ضوابط CA لضمان الامتثال لمتطلبات ضوابط أمنية,preventive,4,low,True,POLICY|PROCEDURE|STANDARD|CONFIG|TRAINING_RECORD,active
970,USA,USA-NIST-80053,Rev 5,5.43,CM,CM - Control 43,CM - ضابط 43,The organization shall implement cm controls to ensure compliance with NIST SP 800-53 Rev 5 requirements.,يجب على المنظمة تطبيق ضوابط CM لضمان الامتثال لمتطلبات ضوابط أمنية,detective,1,critical,True,LOG|REPORT|SCAN_REPORT|AUDIT_REPORT|ACCESS_REVIEW,active
971,USA,USA-NIST-80053,Rev 5,6.43,CP,CP - Control 43,CP - ضابط 43,The organization shall implement cp controls to ensure compliance with NIST SP 800-53 Rev 5 requirements.,يجب على المنظمة تطبيق ضوابط CP لضمان الامتثال لمتطلبات ضوابط أمنية,corrective,2,high,True,INCIDENT_REPORT|MEETING_MINUTES|ATTESTATION|RISK_ASSESSMENT,active
972,USA,USA-NIST-80053,Rev 5,7.43,IA,IA - Control 43,IA - ضابط 43,The organization shall implement ia controls to ensure compliance with NIST SP 800-53 Rev 5 requirements.,يجب على المنظمة تطبيق ضوابط IA لضمان الامتثال لمتطلبات ضوابط أمنية,preventive,3,medium,True,POLICY|PROCEDURE|STANDARD|CONFIG|TRAINING_RECORD,active
973,USA,USA-NIST-80053,Rev 5,8.43,IR,IR - Control 43,IR - ضابط 43,The organization shall implement ir controls to ensure compliance with NIST SP 800-53 Rev 5 requirements.,يجب على المنظمة تطبيق ضوابط IR لضمان الامتثال لمتطلبات ضوابط أمنية,detective,4,low,True,LOG|REPORT|SCAN_REPORT|AUDIT_REPORT|ACCESS_REVIEW,active
974,USA,USA-NIST-80053,Rev 5,9.43,MA,MA - Control 43,MA - ضابط 43,The organization shall implement ma controls to ensure compliance with NIST SP 800-53 Rev 5 requirements.,يجب على المنظمة تطبيق ضوابط MA لضمان الامتثال لمتطلبات ضوابط أمنية,corrective,1,critical,True,INCIDENT_REPORT|MEETING_MINUTES|ATTESTATION|RISK_ASSESSMENT,active
975,USA,USA-NIST-80053,Rev 5,10.43,MP,MP - Control 43,MP - ضابط 43,The organization shall implement mp controls to ensure compliance with NIST SP 800-53 Rev 5 requirements.,يجب على المنظمة تطبيق ضوابط MP لضمان الامتثال لمتطلبات ضوابط أمنية,preventive,2,high,True,POLICY|PROCEDURE|STANDARD|CONFIG|TRAINING_RECORD,active
976,USA,USA-NIST-80053,Rev 5,11.43,PE,PE - Control 43,PE - ضابط 43,The organization shall implement pe controls to ensure compliance with NIST SP 800-53 Rev 5 requirements.,يجب على المنظمة تطبيق ضوابط PE لضمان الامتثال لمتطلبات ضوابط أمنية,detective,3,medium,True,LOG|REPORT|SCAN_REPORT|AUDIT_REPORT|ACCESS_REVIEW,active
977,USA,USA-NIST-80053,Rev 5,12.43,PL,PL - Control 43,PL - ضابط 43,The organization shall implement pl controls to ensure compliance with NIST SP 800-53 Rev 5 requirements.,يجب على المنظمة تطبيق ضوابط PL لضمان الامتثال لمتطلبات ضوابط أمنية,corrective,4,low,True,INCIDENT_REPORT|MEETING_MINUTES|ATTESTATION|RISK_ASSESSMENT,active
978,USA,USA-NIST-80053,Rev 5,13.43,PM,PM - Control 43,PM - ضابط 43,The organization shall implement pm controls to ensure compliance with NIST SP 800-53 Rev 5 requirements.,يجب على المنظمة تطبيق ضوابط PM لضمان الامتثال لمتطلبات ضوابط أمنية,preventive,1,critical,True,POLICY|PROCEDURE|STANDARD|CONFIG|TRAINING_RECORD,active
979,USA,USA-NIST-80053,Rev 5,14.43,PS,PS - Control 43,PS - ضابط 43,The organization shall implement ps controls to ensure compliance with NIST SP 800-53 Rev 5 requirements.,يجب على المنظمة تطبيق ضوابط PS لضمان الامتثال لمتطلبات ضوابط أمنية,detective,2,high,True,LOG|REPORT|SCAN_REPORT|AUDIT_REPORT|ACCESS_REVIEW,active
980,USA,USA-NIST-80053,Rev 5,15.43,PT,PT - Control 43,PT - ضابط 43,The organization shall implement pt controls to ensure compliance with NIST SP 800-53 Rev 5 requirements.,يجب على المنظمة تطبيق ضوابط PT لضمان الامتثال لمتطلبات ضوابط أمنية,corrective,3,medium,True,INCIDENT_REPORT|MEETING_MINUTES|ATTESTATION|RISK_ASSESSMENT,active
981,USA,USA-NIST-80053,Rev 5,16.43,RA,RA - Control 43,RA - ضابط 43,The organization shall implement ra controls to ensure compliance with NIST SP 800-53 Rev 5 requirements.,يجب على المنظمة تطبيق ضوابط RA لضمان الامتثال لمتطلبات ضوابط أمنية,preventive,4,low,True,POLICY|PROCEDURE|STANDARD|CONFIG|TRAINING_RECORD,active
982,USA,USA-NIST-80053,Rev 5,17.43,SA,SA - Control 43,SA - ضابط 43,The organization shall implement sa controls to ensure compliance with NIST SP 800-53 Rev 5 requirements.,يجب على المنظمة تطبيق ضوابط SA لضمان الامتثال لمتطلبات ضوابط أمنية,detective,1,critical,True,LOG|REPORT|SCAN_REPORT|AUDIT_REPORT|ACCESS_REVIEW,active
983,USA,USA-NIST-80053,Rev 5,18.43,SC,SC - Control 43,SC - ضابط 43,The organization shall implement sc controls to ensure compliance with NIST SP 800-53 Rev 5 requirements.,يجب على المنظمة تطبيق ضوابط SC لضمان الامتثال لمتطلبات ضوابط أمنية,corrective,2,high,True,INCIDENT_REPORT|MEETING_MINUTES|ATTESTATION|RISK_ASSESSMENT,active
984,USA,USA-NIST-80053,Rev 5,19.43,SI,SI - Control 43,SI - ضابط 43,The organization shall implement si controls to ensure compliance with NIST SP 800-53 Rev 5 requirements.,يجب على المنظمة تطبيق ضوابط SI لضمان الامتثال لمتطلبات ضوابط أمنية,preventive,3,medium,True,POLICY|PROCEDURE|STANDARD|CONFIG|TRAINING_RECORD,active
985,USA,USA-NIST-80053,Rev 5,20.43,SR,SR - Control 43,SR - ضابط 43,The organization shall implement sr controls to ensure compliance with NIST SP 800-53 Rev 5 requirements.,يجب على المنظمة تطبيق ضوابط SR لضمان الامتثال لمتطلبات ضوابط أمنية,detective,4,low,True,LOG|REPORT|SCAN_REPORT|AUDIT_REPORT|ACCESS_REVIEW,active
986,USA,USA-NIST-80053,Rev 5,1.44,AC,AC - Control 44,AC - ضابط 44,The organization shall implement ac controls to ensure compliance with NIST SP 800-53 Rev 5 requirements.,يجب على المنظمة تطبيق ضوابط AC لضمان الامتثال لمتطلبات ضوابط أمنية,corrective,1,critical,True,INCIDENT_REPORT|MEETING_MINUTES|ATTESTATION|RISK_ASSESSMENT,active
987,USA,USA-NIST-80053,Rev 5,2.44,AT,AT - Control 44,AT - ضابط 44,The organization shall implement at controls to ensure compliance with NIST SP 800-53 Rev 5 requirements.,يجب على المنظمة تطبيق ضوابط AT لضمان الامتثال لمتطلبات ضوابط أمنية,preventive,2,high,True,POLICY|PROCEDURE|STANDARD|CONFIG|TRAINING_RECORD,active
988,USA,USA-NIST-80053,Rev 5,3.44,AU,AU - Control 44,AU - ضابط 44,The organization shall implement au controls to ensure compliance with NIST SP 800-53 Rev 5 requirements.,يجب على المنظمة تطبيق ضوابط AU لضمان الامتثال لمتطلبات ضوابط أمنية,detective,3,medium,True,LOG|REPORT|SCAN_REPORT|AUDIT_REPORT|ACCESS_REVIEW,active
989,USA,USA-NIST-80053,Rev 5,4.44,CA,CA - Control 44,CA - ضابط 44,The organization shall implement ca controls to ensure compliance with NIST SP 800-53 Rev 5 requirements.,يجب على المنظمة تطبيق ضوابط CA لضمان الامتثال لمتطلبات ضوابط أمنية,corrective,4,low,True,INCIDENT_REPORT|MEETING_MINUTES|ATTESTATION|RISK_ASSESSMENT,active
990,USA,USA-NIST-80053,Rev 5,5.44,CM,CM - Control 44,CM - ضابط 44,The organization shall implement cm controls to ensure compliance with NIST SP 800-53 Rev 5 requirements.,يجب على المنظمة تطبيق ضوابط CM لضمان الامتثال لمتطلبات ضوابط أمنية,preventive,1,critical,True,POLICY|PROCEDURE|STANDARD|CONFIG|TRAINING_RECORD,active
991,USA,USA-NIST-80053,Rev 5,6.44,CP,CP - Control 44,CP - ضابط 44,The organization shall implement cp controls to ensure compliance with NIST SP 800-53 Rev 5 requirements.,يجب على المنظمة تطبيق ضوابط CP لضمان الامتثال لمتطلبات ضوابط أمنية,detective,2,high,True,LOG|REPORT|SCAN_REPORT|AUDIT_REPORT|ACCESS_REVIEW,active
992,USA,USA-NIST-80053,Rev 5,7.44,IA,IA - Control 44,IA - ضابط 44,The organization shall implement ia controls to ensure compliance with NIST SP 800-53 Rev 5 requirements.,يجب على المنظمة تطبيق ضوابط IA لضمان الامتثال لمتطلبات ضوابط أمنية,corrective,3,medium,True,INCIDENT_REPORT|MEETING_MINUTES|ATTESTATION|RISK_ASSESSMENT,active
993,USA,USA-NIST-80053,Rev 5,8.44,IR,IR - Control 44,IR - ضابط 44,The organization shall implement ir controls to ensure compliance with NIST SP 800-53 Rev 5 requirements.,يجب على المنظمة تطبيق ضوابط IR لضمان الامتثال لمتطلبات ضوابط أمنية,preventive,4,low,True,POLICY|PROCEDURE|STANDARD|CONFIG|TRAINING_RECORD,active
994,USA,USA-NIST-80053,Rev 5,9.44,MA,MA - Control 44,MA - ضابط 44,The organization shall implement ma controls to ensure compliance with NIST SP 800-53 Rev 5 requirements.,يجب على المنظمة تطبيق ضوابط MA لضمان الامتثال لمتطلبات ضوابط أمنية,detective,1,critical,True,LOG|REPORT|SCAN_REPORT|AUDIT_REPORT|ACCESS_REVIEW,active
995,USA,USA-NIST-80053,Rev 5,10.44,MP,MP - Control 44,MP - ضابط 44,The organization shall implement mp controls to ensure compliance with NIST SP 800-53 Rev 5 requirements.,يجب على المنظمة تطبيق ضوابط MP لضمان الامتثال لمتطلبات ضوابط أمنية,corrective,2,high,True,INCIDENT_REPORT|MEETING_MINUTES|ATTESTATION|RISK_ASSESSMENT,active
996,USA,USA-NIST-80053,Rev 5,11.44,PE,PE - Control 44,PE - ضابط 44,The organization shall implement pe controls to ensure compliance with NIST SP 800-53 Rev 5 requirements.,يجب على المنظمة تطبيق ضوابط PE لضمان الامتثال لمتطلبات ضوابط أمنية,preventive,3,medium,True,POLICY|PROCEDURE|STANDARD|CONFIG|TRAINING_RECORD,active
997,USA,USA-NIST-80053,Rev 5,12.44,PL,PL - Control 44,PL - ضابط 44,The organization shall implement pl controls to ensure compliance with NIST SP 800-53 Rev 5 requirements.,يجب على المنظمة تطبيق ضوابط PL لضمان الامتثال لمتطلبات ضوابط أمنية,detective,4,low,True,LOG|REPORT|SCAN_REPORT|AUDIT_REPORT|ACCESS_REVIEW,active
998,USA,USA-NIST-80053,Rev 5,13.44,PM,PM - Control 44,PM - ضابط 44,The organization shall implement pm controls to ensure compliance with NIST SP 800-53 Rev 5 requirements.,يجب على المنظمة تطبيق ضوابط PM لضمان الامتثال لمتطلبات ضوابط أمنية,corrective,1,critical,True,INCIDENT_REPORT|MEETING_MINUTES|ATTESTATION|RISK_ASSESSMENT,active
999,USA,USA-NIST-80053,Rev 5,14.44,PS,PS - Control 44,PS - ضابط 44,The organization shall implement ps controls to ensure compliance with NIST SP 800-53 Rev 5 requirements.,يجب على المنظمة تطبيق ضوابط PS لضمان الامتثال لمتطلبات ضوابط أمنية,preventive,2,high,True,POLICY|PROCEDURE|STANDARD|CONFIG|TRAINING_RECORD,active
1000,USA,USA-NIST-80053,Rev 5,15.44,PT,PT - Control 44,PT - ضابط 44,The organization shall implement pt controls to ensure compliance with NIST SP 800-53 Rev 5 requirements.,يجب على المنظمة تطبيق ضوابط PT لضمان الامتثال لمتطلبات ضوابط أمنية,detective,3,medium,True,LOG|REPORT|SCAN_REPORT|AUDIT_REPORT|ACCESS_REVIEW,active
1001,USA,USA-NIST-80053,Rev 5,16.44,RA,RA - Control 44,RA - ضابط 44,The organization shall implement ra controls to ensure compliance with NIST SP 800-53 Rev 5 requirements.,يجب على المنظمة تطبيق ضوابط RA لضمان الامتثال لمتطلبات ضوابط أمنية,corrective,4,low,True,INCIDENT_REPORT|MEETING_MINUTES|ATTESTATION|RISK_ASSESSMENT,active
1002,USA,USA-NIST-80053,Rev 5,17.44,SA,SA - Control 44,SA - ضابط 44,The organization shall implement sa controls to ensure compliance with NIST SP 800-53 Rev 5 requirements.,يجب على المنظمة تطبيق ضوابط SA لضمان الامتثال لمتطلبات ضوابط أمنية,preventive,1,critical,True,POLICY|PROCEDURE|STANDARD|CONFIG|TRAINING_RECORD,active
1003,USA,USA-NIST-80053,Rev 5,18.44,SC,SC - Control 44,SC - ضابط 44,The organization shall implement sc controls to ensure compliance with NIST SP 800-53 Rev 5 requirements.,يجب على المنظمة تطبيق ضوابط SC لضمان الامتثال لمتطلبات ضوابط أمنية,detective,2,high,True,LOG|REPORT|SCAN_REPORT|AUDIT_REPORT|ACCESS_REVIEW,active
1004,USA,USA-NIST-80053,Rev 5,19.44,SI,SI - Control 44,SI - ضابط 44,The organization shall implement si controls to ensure compliance with NIST SP 800-53 Rev 5 requirements.,يجب على المنظمة تطبيق ضوابط SI لضمان الامتثال لمتطلبات ضوابط أمنية,corrective,3,medium,True,INCIDENT_REPORT|MEETING_MINUTES|ATTESTATION|RISK_ASSESSMENT,active
1005,USA,USA-NIST-80053,Rev 5,20.44,SR,SR - Control 44,SR - ضابط 44,The organization shall implement sr controls to ensure compliance with NIST SP 800-53 Rev 5 requirements.,يجب على المنظمة تطبيق ضوابط SR لضمان الامتثال لمتطلبات ضوابط أمنية,preventive,4,low,True,POLICY|PROCEDURE|STANDARD|CONFIG|TRAINING_RECORD,active
1006,USA,USA-NIST-80053,Rev 5,1.45,AC,AC - Control 45,AC - ضابط 45,The organization shall implement ac controls to ensure compliance with NIST SP 800-53 Rev 5 requirements.,يجب على المنظمة تطبيق ضوابط AC لضمان الامتثال لمتطلبات ضوابط أمنية,detective,1,critical,True,LOG|REPORT|SCAN_REPORT|AUDIT_REPORT|ACCESS_REVIEW,active
1007,USA,USA-NIST-80053,Rev 5,2.45,AT,AT - Control 45,AT - ضابط 45,The organization shall implement at controls to ensure compliance with NIST SP 800-53 Rev 5 requirements.,يجب على المنظمة تطبيق ضوابط AT لضمان الامتثال لمتطلبات ضوابط أمنية,corrective,2,high,True,INCIDENT_REPORT|MEETING_MINUTES|ATTESTATION|RISK_ASSESSMENT,active
1008,USA,USA-NIST-80053,Rev 5,3.45,AU,AU - Control 45,AU - ضابط 45,The organization shall implement au controls to ensure compliance with NIST SP 800-53 Rev 5 requirements.,يجب على المنظمة تطبيق ضوابط AU لضمان الامتثال لمتطلبات ضوابط أمنية,preventive,3,medium,True,POLICY|PROCEDURE|STANDARD|CONFIG|TRAINING_RECORD,active
1009,USA,USA-NIST-80053,Rev 5,4.45,CA,CA - Control 45,CA - ضابط 45,The organization shall implement ca controls to ensure compliance with NIST SP 800-53 Rev 5 requirements.,يجب على المنظمة تطبيق ضوابط CA لضمان الامتثال لمتطلبات ضوابط أمنية,detective,4,low,True,LOG|REPORT|SCAN_REPORT|AUDIT_REPORT|ACCESS_REVIEW,active
1010,USA,USA-NIST-80053,Rev 5,5.45,CM,CM - Control 45,CM - ضابط 45,The organization shall implement cm controls to ensure compliance with NIST SP 800-53 Rev 5 requirements.,يجب على المنظمة تطبيق ضوابط CM لضمان الامتثال لمتطلبات ضوابط أمنية,corrective,1,critical,True,INCIDENT_REPORT|MEETING_MINUTES|ATTESTATION|RISK_ASSESSMENT,active
1011,USA,USA-NIST-80053,Rev 5,6.45,CP,CP - Control 45,CP - ضابط 45,The organization shall implement cp controls to ensure compliance with NIST SP 800-53 Rev 5 requirements.,يجب على المنظمة تطبيق ضوابط CP لضمان الامتثال لمتطلبات ضوابط أمنية,preventive,2,high,True,POLICY|PROCEDURE|STANDARD|CONFIG|TRAINING_RECORD,active
1012,USA,USA-NIST-80053,Rev 5,7.45,IA,IA - Control 45,IA - ضابط 45,The organization shall implement ia controls to ensure compliance with NIST SP 800-53 Rev 5 requirements.,يجب على المنظمة تطبيق ضوابط IA لضمان الامتثال لمتطلبات ضوابط أمنية,detective,3,medium,True,LOG|REPORT|SCAN_REPORT|AUDIT_REPORT|ACCESS_REVIEW,active
1013,USA,USA-NIST-80053,Rev 5,8.45,IR,IR - Control 45,IR - ضابط 45,The organization shall implement ir controls to ensure compliance with NIST SP 800-53 Rev 5 requirements.,يجب على المنظمة تطبيق ضوابط IR لضمان الامتثال لمتطلبات ضوابط أمنية,corrective,4,low,True,INCIDENT_REPORT|MEETING_MINUTES|ATTESTATION|RISK_ASSESSMENT,active
1014,USA,USA-NIST-80053,Rev 5,9.45,MA,MA - Control 45,MA - ضابط 45,The organization shall implement ma controls to ensure compliance with NIST SP 800-53 Rev 5 requirements.,يجب على المنظمة تطبيق ضوابط MA لضمان الامتثال لمتطلبات ضوابط أمنية,preventive,1,critical,True,POLICY|PROCEDURE|STANDARD|CONFIG|TRAINING_RECORD,active
1015,USA,USA-NIST-80053,Rev 5,10.45,MP,MP - Control 45,MP - ضابط 45,The organization shall implement mp controls to ensure compliance with NIST SP 800-53 Rev 5 requirements.,يجب على المنظمة تطبيق ضوابط MP لضمان الامتثال لمتطلبات ضوابط أمنية,detective,2,high,True,LOG|REPORT|SCAN_REPORT|AUDIT_REPORT|ACCESS_REVIEW,active
1016,USA,USA-NIST-80053,Rev 5,11.45,PE,PE - Control 45,PE - ضابط 45,The organization shall implement pe controls to ensure compliance with NIST SP 800-53 Rev 5 requirements.,يجب على المنظمة تطبيق ضوابط PE لضمان الامتثال لمتطلبات ضوابط أمنية,corrective,3,medium,True,INCIDENT_REPORT|MEETING_MINUTES|ATTESTATION|RISK_ASSESSMENT,active
1017,USA,USA-NIST-80053,Rev 5,12.45,PL,PL - Control 45,PL - ضابط 45,The organization shall implement pl controls to ensure compliance with NIST SP 800-53 Rev 5 requirements.,يجب على المنظمة تطبيق ضوابط PL لضمان الامتثال لمتطلبات ضوابط أمنية,preventive,4,low,True,POLICY|PROCEDURE|STANDARD|CONFIG|TRAINING_RECORD,active
1018,USA,USA-NIST-80053,Rev 5,13.45,PM,PM - Control 45,PM - ضابط 45,The organization shall implement pm controls to ensure compliance with NIST SP 800-53 Rev 5 requirements.,يجب على المنظمة تطبيق ضوابط PM لضمان الامتثال لمتطلبات ضوابط أمنية,detective,1,critical,True,LOG|REPORT|SCAN_REPORT|AUDIT_REPORT|ACCESS_REVIEW,active
1019,USA,USA-NIST-80053,Rev 5,14.45,PS,PS - Control 45,PS - ضابط 45,The organization shall implement ps controls to ensure compliance with NIST SP 800-53 Rev 5 requirements.,يجب على المنظمة تطبيق ضوابط PS لضمان الامتثال لمتطلبات ضوابط أمنية,corrective,2,high,True,INCIDENT_REPORT|MEETING_MINUTES|ATTESTATION|RISK_ASSESSMENT,active
1020,USA,USA-NIST-80053,Rev 5,15.45,PT,PT - Control 45,PT - ضابط 45,The organization shall implement pt controls to ensure compliance with NIST SP 800-53 Rev 5 requirements.,يجب على المنظمة تطبيق ضوابط PT لضمان الامتثال لمتطلبات ضوابط أمنية,preventive,3,medium,True,POLICY|PROCEDURE|STANDARD|CONFIG|TRAINING_RECORD,active
1021,USA,USA-NIST-80053,Rev 5,16.45,RA,RA - Control 45,RA - ضابط 45,The organization shall implement ra controls to ensure compliance with NIST SP 800-53 Rev 5 requirements.,يجب على المنظمة تطبيق ضوابط RA لضمان الامتثال لمتطلبات ضوابط أمنية,detective,4,low,True,LOG|REPORT|SCAN_REPORT|AUDIT_REPORT|ACCESS_REVIEW,active
1022,USA,USA-NIST-80053,Rev 5,17.45,SA,SA - Control 45,SA - ضابط 45,The organization shall implement sa controls to ensure compliance with NIST SP 800-53 Rev 5 requirements.,يجب على المنظمة تطبيق ضوابط SA لضمان الامتثال لمتطلبات ضوابط أمنية,corrective,1,critical,True,INCIDENT_REPORT|MEETING_MINUTES|ATTESTATION|RISK_ASSESSMENT,active
1023,USA,USA-NIST-80053,Rev 5,18.45,SC,SC - Control 45,SC - ضابط 45,The organization shall implement sc controls to ensure compliance with NIST SP 800-53 Rev 5 requirements.,يجب على المنظمة تطبيق ضوابط SC لضمان الامتثال لمتطلبات ضوابط أمنية,preventive,2,high,True,POLICY|PROCEDURE|STANDARD|CONFIG|TRAINING_RECORD,active
1024,USA,USA-NIST-80053,Rev 5,19.45,SI,SI - Control 45,SI - ضابط 45,The organization shall implement si controls to ensure compliance with NIST SP 800-53 Rev 5 requirements.,يجب على المنظمة تطبيق ضوابط SI لضمان الامتثال لمتطلبات ضوابط أمنية,detective,3,medium,True,LOG|REPORT|SCAN_REPORT|AUDIT_REPORT|ACCESS_REVIEW,active
1025,USA,USA-NIST-80053,Rev 5,20.45,SR,SR - Control 45,SR - ضابط 45,The organization shall implement sr controls to ensure compliance with NIST SP 800-53 Rev 5 requirements.,يجب على المنظمة تطبيق ضوابط SR لضمان الامتثال لمتطلبات ضوابط أمنية,corrective,4,low,True,INCIDENT_REPORT|MEETING_MINUTES|ATTESTATION|RISK_ASSESSMENT,active
1026,USA,USA-NIST-80053,Rev 5,1.46,AC,AC - Control 46,AC - ضابط 46,The organization shall implement ac controls to ensure compliance with NIST SP 800-53 Rev 5 requirements.,يجب على المنظمة تطبيق ضوابط AC لضمان الامتثال لمتطلبات ضوابط أمنية,preventive,1,critical,True,POLICY|PROCEDURE|STANDARD|CONFIG|TRAINING_RECORD,active
1027,USA,USA-NIST-80053,Rev 5,2.46,AT,AT - Control 46,AT - ضابط 46,The organization shall implement at controls to ensure compliance with NIST SP 800-53 Rev 5 requirements.,يجب على المنظمة تطبيق ضوابط AT لضمان الامتثال لمتطلبات ضوابط أمنية,detective,2,high,True,LOG|REPORT|SCAN_REPORT|AUDIT_REPORT|ACCESS_REVIEW,active
1028,USA,USA-NIST-80053,Rev 5,3.46,AU,AU - Control 46,AU - ضابط 46,The organization shall implement au controls to ensure compliance with NIST SP 800-53 Rev 5 requirements.,يجب على المنظمة تطبيق ضوابط AU لضمان الامتثال لمتطلبات ضوابط أمنية,corrective,3,medium,True,INCIDENT_REPORT|MEETING_MINUTES|ATTESTATION|RISK_ASSESSMENT,active
1029,USA,USA-NIST-80053,Rev 5,4.46,CA,CA - Control 46,CA - ضابط 46,The organization shall implement ca controls to ensure compliance with NIST SP 800-53 Rev 5 requirements.,يجب على المنظمة تطبيق ضوابط CA لضمان الامتثال لمتطلبات ضوابط أمنية,preventive,4,low,True,POLICY|PROCEDURE|STANDARD|CONFIG|TRAINING_RECORD,active
1030,USA,USA-NIST-80053,Rev 5,5.46,CM,CM - Control 46,CM - ضابط 46,The organization shall implement cm controls to ensure compliance with NIST SP 800-53 Rev 5 requirements.,يجب على المنظمة تطبيق ضوابط CM لضمان الامتثال لمتطلبات ضوابط أمنية,detective,1,critical,True,LOG|REPORT|SCAN_REPORT|AUDIT_REPORT|ACCESS_REVIEW,active
1031,USA,USA-NIST-80053,Rev 5,6.46,CP,CP - Control 46,CP - ضابط 46,The organization shall implement cp controls to ensure compliance with NIST SP 800-53 Rev 5 requirements.,يجب على المنظمة تطبيق ضوابط CP لضمان الامتثال لمتطلبات ضوابط أمنية,corrective,2,high,True,INCIDENT_REPORT|MEETING_MINUTES|ATTESTATION|RISK_ASSESSMENT,active
1032,USA,USA-NIST-80053,Rev 5,7.46,IA,IA - Control 46,IA - ضابط 46,The organization shall implement ia controls to ensure compliance with NIST SP 800-53 Rev 5 requirements.,يجب على المنظمة تطبيق ضوابط IA لضمان الامتثال لمتطلبات ضوابط أمنية,preventive,3,medium,True,POLICY|PROCEDURE|STANDARD|CONFIG|TRAINING_RECORD,active
1033,USA,USA-NIST-80053,Rev 5,8.46,IR,IR - Control 46,IR - ضابط 46,The organization shall implement ir controls to ensure compliance with NIST SP 800-53 Rev 5 requirements.,يجب على المنظمة تطبيق ضوابط IR لضمان الامتثال لمتطلبات ضوابط أمنية,detective,4,low,True,LOG|REPORT|SCAN_REPORT|AUDIT_REPORT|ACCESS_REVIEW,active
1034,USA,USA-NIST-80053,Rev 5,9.46,MA,MA - Control 46,MA - ضابط 46,The organization shall implement ma controls to ensure compliance with NIST SP 800-53 Rev 5 requirements.,يجب على المنظمة تطبيق ضوابط MA لضمان الامتثال لمتطلبات ضوابط أمنية,corrective,1,critical,True,INCIDENT_REPORT|MEETING_MINUTES|ATTESTATION|RISK_ASSESSMENT,active
1035,USA,USA-NIST-80053,Rev 5,10.46,MP,MP - Control 46,MP - ضابط 46,The organization shall implement mp controls to ensure compliance with NIST SP 800-53 Rev 5 requirements.,يجب على المنظمة تطبيق ضوابط MP لضمان الامتثال لمتطلبات ضوابط أمنية,preventive,2,high,True,POLICY|PROCEDURE|STANDARD|CONFIG|TRAINING_RECORD,active
1036,USA,USA-NIST-80053,Rev 5,11.46,PE,PE - Control 46,PE - ضابط 46,The organization shall implement pe controls to ensure compliance with NIST SP 800-53 Rev 5 requirements.,يجب على المنظمة تطبيق ضوابط PE لضمان الامتثال لمتطلبات ضوابط أمنية,detective,3,medium,True,LOG|REPORT|SCAN_REPORT|AUDIT_REPORT|ACCESS_REVIEW,active
1037,USA,USA-NIST-80053,Rev 5,12.46,PL,PL - Control 46,PL - ضابط 46,The organization shall implement pl controls to ensure compliance with NIST SP 800-53 Rev 5 requirements.,يجب على المنظمة تطبيق ضوابط PL لضمان الامتثال لمتطلبات ضوابط أمنية,corrective,4,low,True,INCIDENT_REPORT|MEETING_MINUTES|ATTESTATION|RISK_ASSESSMENT,active
1038,USA,USA-NIST-80053,Rev 5,13.46,PM,PM - Control 46,PM - ضابط 46,The organization shall implement pm controls to ensure compliance with NIST SP 800-53 Rev 5 requirements.,يجب على المنظمة تطبيق ضوابط PM لضمان الامتثال لمتطلبات ضوابط أمنية,preventive,1,critical,True,POLICY|PROCEDURE|STANDARD|CONFIG|TRAINING_RECORD,active
1039,USA,USA-NIST-80053,Rev 5,14.46,PS,PS - Control 46,PS - ضابط 46,The organization shall implement ps controls to ensure compliance with NIST SP 800-53 Rev 5 requirements.,يجب على المنظمة تطبيق ضوابط PS لضمان الامتثال لمتطلبات ضوابط أمنية,detective,2,high,True,LOG|REPORT|SCAN_REPORT|AUDIT_REPORT|ACCESS_REVIEW,active
1040,USA,USA-NIST-80053,Rev 5,15.46,PT,PT - Control 46,PT - ضابط 46,The organization shall implement pt controls to ensure compliance with NIST SP 800-53 Rev 5 requirements.,يجب على المنظمة تطبيق ضوابط PT لضمان الامتثال لمتطلبات ضوابط أمنية,corrective,3,medium,True,INCIDENT_REPORT|MEETING_MINUTES|ATTESTATION|RISK_ASSESSMENT,active
1041,USA,USA-NIST-80053,Rev 5,16.46,RA,RA - Control 46,RA - ضابط 46,The organization shall implement ra controls to ensure compliance with NIST SP 800-53 Rev 5 requirements.,يجب على المنظمة تطبيق ضوابط RA لضمان الامتثال لمتطلبات ضوابط أمنية,preventive,4,low,True,POLICY|PROCEDURE|STANDARD|CONFIG|TRAINING_RECORD,active
1042,USA,USA-NIST-80053,Rev 5,17.46,SA,SA - Control 46,SA - ضابط 46,The organization shall implement sa controls to ensure compliance with NIST SP 800-53 Rev 5 requirements.,يجب على المنظمة تطبيق ضوابط SA لضمان الامتثال لمتطلبات ضوابط أمنية,detective,1,critical,True,LOG|REPORT|SCAN_REPORT|AUDIT_REPORT|ACCESS_REVIEW,active
1043,USA,USA-NIST-80053,Rev 5,18.46,SC,SC - Control 46,SC - ضابط 46,The organization shall implement sc controls to ensure compliance with NIST SP 800-53 Rev 5 requirements.,يجب على المنظمة تطبيق ضوابط SC لضمان الامتثال لمتطلبات ضوابط أمنية,corrective,2,high,True,INCIDENT_REPORT|MEETING_MINUTES|ATTESTATION|RISK_ASSESSMENT,active
1044,USA,USA-NIST-80053,Rev 5,19.46,SI,SI - Control 46,SI - ضابط 46,The organization shall implement si controls to ensure compliance with NIST SP 800-53 Rev 5 requirements.,يجب على المنظمة تطبيق ضوابط SI لضمان الامتثال لمتطلبات ضوابط أمنية,preventive,3,medium,True,POLICY|PROCEDURE|STANDARD|CONFIG|TRAINING_RECORD,active
1045,USA,USA-NIST-80053,Rev 5,20.46,SR,SR - Control 46,SR - ضابط 46,The organization shall implement sr controls to ensure compliance with NIST SP 800-53 Rev 5 requirements.,يجب على المنظمة تطبيق ضوابط SR لضمان الامتثال لمتطلبات ضوابط أمنية,detective,4,low,True,LOG|REPORT|SCAN_REPORT|AUDIT_REPORT|ACCESS_REVIEW,active
1046,USA,USA-NIST-80053,Rev 5,1.47,AC,AC - Control 47,AC - ضابط 47,The organization shall implement ac controls to ensure compliance with NIST SP 800-53 Rev 5 requirements.,يجب على المنظمة تطبيق ضوابط AC لضمان الامتثال لمتطلبات ضوابط أمنية,corrective,1,critical,True,INCIDENT_REPORT|MEETING_MINUTES|ATTESTATION|RISK_ASSESSMENT,active
1047,USA,USA-NIST-80053,Rev 5,2.47,AT,AT - Control 47,AT - ضابط 47,The organization shall implement at controls to ensure compliance with NIST SP 800-53 Rev 5 requirements.,يجب على المنظمة تطبيق ضوابط AT لضمان الامتثال لمتطلبات ضوابط أمنية,preventive,2,high,True,POLICY|PROCEDURE|STANDARD|CONFIG|TRAINING_RECORD,active
1048,USA,USA-NIST-80053,Rev 5,3.47,AU,AU - Control 47,AU - ضابط 47,The organization shall implement au controls to ensure compliance with NIST SP 800-53 Rev 5 requirements.,يجب على المنظمة تطبيق ضوابط AU لضمان الامتثال لمتطلبات ضوابط أمنية,detective,3,medium,True,LOG|REPORT|SCAN_REPORT|AUDIT_REPORT|ACCESS_REVIEW,active
1049,USA,USA-NIST-80053,Rev 5,4.47,CA,CA - Control 47,CA - ضابط 47,The organization shall implement ca controls to ensure compliance with NIST SP 800-53 Rev 5 requirements.,يجب على المنظمة تطبيق ضوابط CA لضمان الامتثال لمتطلبات ضوابط أمنية,corrective,4,low,True,INCIDENT_REPORT|MEETING_MINUTES|ATTESTATION|RISK_ASSESSMENT,active
1050,USA,USA-NIST-80053,Rev 5,5.47,CM,CM - Control 47,CM - ضابط 47,The organization shall implement cm controls to ensure compliance with NIST SP 800-53 Rev 5 requirements.,يجب على المنظمة تطبيق ضوابط CM لضمان الامتثال لمتطلبات ضوابط أمنية,preventive,1,critical,True,POLICY|PROCEDURE|STANDARD|CONFIG|TRAINING_RECORD,active
1051,USA,USA-NIST-80053,Rev 5,6.47,CP,CP - Control 47,CP - ضابط 47,The organization shall implement cp controls to ensure compliance with NIST SP 800-53 Rev 5 requirements.,يجب على المنظمة تطبيق ضوابط CP لضمان الامتثال لمتطلبات ضوابط أمنية,detective,2,high,True,LOG|REPORT|SCAN_REPORT|AUDIT_REPORT|ACCESS_REVIEW,active
1052,USA,USA-NIST-80053,Rev 5,7.47,IA,IA - Control 47,IA - ضابط 47,The organization shall implement ia controls to ensure compliance with NIST SP 800-53 Rev 5 requirements.,يجب على المنظمة تطبيق ضوابط IA لضمان الامتثال لمتطلبات ضوابط أمنية,corrective,3,medium,True,INCIDENT_REPORT|MEETING_MINUTES|ATTESTATION|RISK_ASSESSMENT,active
1053,USA,USA-NIST-80053,Rev 5,8.47,IR,IR - Control 47,IR - ضابط 47,The organization shall implement ir controls to ensure compliance with NIST SP 800-53 Rev 5 requirements.,يجب على المنظمة تطبيق ضوابط IR لضمان الامتثال لمتطلبات ضوابط أمنية,preventive,4,low,True,POLICY|PROCEDURE|STANDARD|CONFIG|TRAINING_RECORD,active
1054,USA,USA-NIST-80053,Rev 5,9.47,MA,MA - Control 47,MA - ضابط 47,The organization shall implement ma controls to ensure compliance with NIST SP 800-53 Rev 5 requirements.,يجب على المنظمة تطبيق ضوابط MA لضمان الامتثال لمتطلبات ضوابط أمنية,detective,1,critical,True,LOG|REPORT|SCAN_REPORT|AUDIT_REPORT|ACCESS_REVIEW,active
1055,USA,USA-NIST-80053,Rev 5,10.47,MP,MP - Control 47,MP - ضابط 47,The organization shall implement mp controls to ensure compliance with NIST SP 800-53 Rev 5 requirements.,يجب على المنظمة تطبيق ضوابط MP لضمان الامتثال لمتطلبات ضوابط أمنية,corrective,2,high,True,INCIDENT_REPORT|MEETING_MINUTES|ATTESTATION|RISK_ASSESSMENT,active
1056,USA,USA-NIST-80053,Rev 5,11.47,PE,PE - Control 47,PE - ضابط 47,The organization shall implement pe controls to ensure compliance with NIST SP 800-53 Rev 5 requirements.,يجب على المنظمة تطبيق ضوابط PE لضمان الامتثال لمتطلبات ضوابط أمنية,preventive,3,medium,True,POLICY|PROCEDURE|STANDARD|CONFIG|TRAINING_RECORD,active
1057,USA,USA-NIST-80053,Rev 5,12.47,PL,PL - Control 47,PL - ضابط 47,The organization shall implement pl controls to ensure compliance with NIST SP 800-53 Rev 5 requirements.,يجب على المنظمة تطبيق ضوابط PL لضمان الامتثال لمتطلبات ضوابط أمنية,detective,4,low,True,LOG|REPORT|SCAN_REPORT|AUDIT_REPORT|ACCESS_REVIEW,active
1058,USA,USA-NIST-80053,Rev 5,13.47,PM,PM - Control 47,PM - ضابط 47,The organization shall implement pm controls to ensure compliance with NIST SP 800-53 Rev 5 requirements.,يجب على المنظمة تطبيق ضوابط PM لضمان الامتثال لمتطلبات ضوابط أمنية,corrective,1,critical,True,INCIDENT_REPORT|MEETING_MINUTES|ATTESTATION|RISK_ASSESSMENT,active
1059,USA,USA-NIST-80053,Rev 5,14.47,PS,PS - Control 47,PS - ضابط 47,The organization shall implement ps controls to ensure compliance with NIST SP 800-53 Rev 5 requirements.,يجب على المنظمة تطبيق ضوابط PS لضمان الامتثال لمتطلبات ضوابط أمنية,preventive,2,high,True,POLICY|PROCEDURE|STANDARD|CONFIG|TRAINING_RECORD,active
1060,USA,USA-NIST-80053,Rev 5,15.47,PT,PT - Control 47,PT - ضابط 47,The organization shall implement pt controls to ensure compliance with NIST SP 800-53 Rev 5 requirements.,يجب على المنظمة تطبيق ضوابط PT لضمان الامتثال لمتطلبات ضوابط أمنية,detective,3,medium,True,LOG|REPORT|SCAN_REPORT|AUDIT_REPORT|ACCESS_REVIEW,active
1061,USA,USA-NIST-80053,Rev 5,16.47,RA,RA - Control 47,RA - ضابط 47,The organization shall implement ra controls to ensure compliance with NIST SP 800-53 Rev 5 requirements.,يجب على المنظمة تطبيق ضوابط RA لضمان الامتثال لمتطلبات ضوابط أمنية,corrective,4,low,True,INCIDENT_REPORT|MEETING_MINUTES|ATTESTATION|RISK_ASSESSMENT,active
1062,USA,USA-NIST-80053,Rev 5,17.47,SA,SA - Control 47,SA - ضابط 47,The organization shall implement sa controls to ensure compliance with NIST SP 800-53 Rev 5 requirements.,يجب على المنظمة تطبيق ضوابط SA لضمان الامتثال لمتطلبات ضوابط أمنية,preventive,1,critical,True,POLICY|PROCEDURE|STANDARD|CONFIG|TRAINING_RECORD,active
1063,USA,USA-NIST-80053,Rev 5,18.47,SC,SC - Control 47,SC - ضابط 47,The organization shall implement sc controls to ensure compliance with NIST SP 800-53 Rev 5 requirements.,يجب على المنظمة تطبيق ضوابط SC لضمان الامتثال لمتطلبات ضوابط أمنية,detective,2,high,True,LOG|REPORT|SCAN_REPORT|AUDIT_REPORT|ACCESS_REVIEW,active
1064,USA,USA-NIST-80053,Rev 5,19.47,SI,SI - Control 47,SI - ضابط 47,The organization shall implement si controls to ensure compliance with NIST SP 800-53 Rev 5 requirements.,يجب على المنظمة تطبيق ضوابط SI لضمان الامتثال لمتطلبات ضوابط أمنية,corrective,3,medium,True,INCIDENT_REPORT|MEETING_MINUTES|ATTESTATION|RISK_ASSESSMENT,active
1065,USA,USA-NIST-80053,Rev 5,20.47,SR,SR - Control 47,SR - ضابط 47,The organization shall implement sr controls to ensure compliance with NIST SP 800-53 Rev 5 requirements.,يجب على المنظمة تطبيق ضوابط SR لضمان الامتثال لمتطلبات ضوابط أمنية,preventive,4,low,True,POLICY|PROCEDURE|STANDARD|CONFIG|TRAINING_RECORD,active
1066,USA,USA-NIST-80053,Rev 5,1.48,AC,AC - Control 48,AC - ضابط 48,The organization shall implement ac controls to ensure compliance with NIST SP 800-53 Rev 5 requirements.,يجب على المنظمة تطبيق ضوابط AC لضمان الامتثال لمتطلبات ضوابط أمنية,detective,1,critical,True,LOG|REPORT|SCAN_REPORT|AUDIT_REPORT|ACCESS_REVIEW,active
1067,USA,USA-NIST-80053,Rev 5,2.48,AT,AT - Control 48,AT - ضابط 48,The organization shall implement at controls to ensure compliance with NIST SP 800-53 Rev 5 requirements.,يجب على المنظمة تطبيق ضوابط AT لضمان الامتثال لمتطلبات ضوابط أمنية,corrective,2,high,True,INCIDENT_REPORT|MEETING_MINUTES|ATTESTATION|RISK_ASSESSMENT,active
1068,USA,USA-NIST-80053,Rev 5,3.48,AU,AU - Control 48,AU - ضابط 48,The organization shall implement au controls to ensure compliance with NIST SP 800-53 Rev 5 requirements.,يجب على المنظمة تطبيق ضوابط AU لضمان الامتثال لمتطلبات ضوابط أمنية,preventive,3,medium,True,POLICY|PROCEDURE|STANDARD|CONFIG|TRAINING_RECORD,active
1069,USA,USA-NIST-80053,Rev 5,4.48,CA,CA - Control 48,CA - ضابط 48,The organization shall implement ca controls to ensure compliance with NIST SP 800-53 Rev 5 requirements.,يجب على المنظمة تطبيق ضوابط CA لضمان الامتثال لمتطلبات ضوابط أمنية,detective,4,low,True,LOG|REPORT|SCAN_REPORT|AUDIT_REPORT|ACCESS_REVIEW,active
1070,USA,USA-NIST-80053,Rev 5,5.48,CM,CM - Control 48,CM - ضابط 48,The organization shall implement cm controls to ensure compliance with NIST SP 800-53 Rev 5 requirements.,يجب على المنظمة تطبيق ضوابط CM لضمان الامتثال لمتطلبات ضوابط أمنية,corrective,1,critical,True,INCIDENT_REPORT|MEETING_MINUTES|ATTESTATION|RISK_ASSESSMENT,active
1071,USA,USA-NIST-80053,Rev 5,6.48,CP,CP - Control 48,CP - ضابط 48,The organization shall implement cp controls to ensure compliance with NIST SP 800-53 Rev 5 requirements.,يجب على المنظمة تطبيق ضوابط CP لضمان الامتثال لمتطلبات ضوابط أمنية,preventive,2,high,True,POLICY|PROCEDURE|STANDARD|CONFIG|TRAINING_RECORD,active
1072,USA,USA-NIST-80053,Rev 5,7.48,IA,IA - Control 48,IA - ضابط 48,The organization shall implement ia controls to ensure compliance with NIST SP 800-53 Rev 5 requirements.,يجب على المنظمة تطبيق ضوابط IA لضمان الامتثال لمتطلبات ضوابط أمنية,detective,3,medium,True,LOG|REPORT|SCAN_REPORT|AUDIT_REPORT|ACCESS_REVIEW,active
1073,USA,USA-NIST-80053,Rev 5,8.48,IR,IR - Control 48,IR - ضابط 48,The organization shall implement ir controls to ensure compliance with NIST SP 800-53 Rev 5 requirements.,يجب على المنظمة تطبيق ضوابط IR لضمان الامتثال لمتطلبات ضوابط أمنية,corrective,4,low,True,INCIDENT_REPORT|MEETING_MINUTES|ATTESTATION|RISK_ASSESSMENT,active
1074,USA,USA-NIST-80053,Rev 5,9.48,MA,MA - Control 48,MA - ضابط 48,The organization shall implement ma controls to ensure compliance with NIST SP 800-53 Rev 5 requirements.,يجب على المنظمة تطبيق ضوابط MA لضمان الامتثال لمتطلبات ضوابط أمنية,preventive,1,critical,True,POLICY|PROCEDURE|STANDARD|CONFIG|TRAINING_RECORD,active
1075,USA,USA-NIST-80053,Rev 5,10.48,MP,MP - Control 48,MP - ضابط 48,The organization shall implement mp controls to ensure compliance with NIST SP 800-53 Rev 5 requirements.,يجب على المنظمة تطبيق ضوابط MP لضمان الامتثال لمتطلبات ضوابط أمنية,detective,2,high,True,LOG|REPORT|SCAN_REPORT|AUDIT_REPORT|ACCESS_REVIEW,active
1076,USA,USA-NIST-80053,Rev 5,11.48,PE,PE - Control 48,PE - ضابط 48,The organization shall implement pe controls to ensure compliance with NIST SP 800-53 Rev 5 requirements.,يجب على المنظمة تطبيق ضوابط PE لضمان الامتثال لمتطلبات ضوابط أمنية,corrective,3,medium,True,INCIDENT_REPORT|MEETING_MINUTES|ATTESTATION|RISK_ASSESSMENT,active
1077,USA,USA-NIST-80053,Rev 5,12.48,PL,PL - Control 48,PL - ضابط 48,The organization shall implement pl controls to ensure compliance with NIST SP 800-53 Rev 5 requirements.,يجب على المنظمة تطبيق ضوابط PL لضمان الامتثال لمتطلبات ضوابط أمنية,preventive,4,low,True,POLICY|PROCEDURE|STANDARD|CONFIG|TRAINING_RECORD,active
1078,USA,USA-NIST-80053,Rev 5,13.48,PM,PM - Control 48,PM - ضابط 48,The organization shall implement pm controls to ensure compliance with NIST SP 800-53 Rev 5 requirements.,يجب على المنظمة تطبيق ضوابط PM لضمان الامتثال لمتطلبات ضوابط أمنية,detective,1,critical,True,LOG|REPORT|SCAN_REPORT|AUDIT_REPORT|ACCESS_REVIEW,active
1079,USA,USA-NIST-80053,Rev 5,14.48,PS,PS - Control 48,PS - ضابط 48,The organization shall implement ps controls to ensure compliance with NIST SP 800-53 Rev 5 requirements.,يجب على المنظمة تطبيق ضوابط PS لضمان الامتثال لمتطلبات ضوابط أمنية,corrective,2,high,True,INCIDENT_REPORT|MEETING_MINUTES|ATTESTATION|RISK_ASSESSMENT,active
1080,USA,USA-NIST-80053,Rev 5,15.48,PT,PT - Control 48,PT - ضابط 48,The organization shall implement pt controls to ensure compliance with NIST SP 800-53 Rev 5 requirements.,يجب على المنظمة تطبيق ضوابط PT لضمان الامتثال لمتطلبات ضوابط أمنية,preventive,3,medium,True,POLICY|PROCEDURE|STANDARD|CONFIG|TRAINING_RECORD,active
1081,USA,USA-NIST-80053,Rev 5,16.48,RA,RA - Control 48,RA - ضابط 48,The organization shall implement ra controls to ensure compliance with NIST SP 800-53 Rev 5 requirements.,يجب على المنظمة تطبيق ضوابط RA لضمان الامتثال لمتطلبات ضوابط أمنية,detective,4,low,True,LOG|REPORT|SCAN_REPORT|AUDIT_REPORT|ACCESS_REVIEW,active
1082,USA,USA-NIST-80053,Rev 5,17.48,SA,SA - Control 48,SA - ضابط 48,The organization shall implement sa controls to ensure compliance with NIST SP 800-53 Rev 5 requirements.,يجب على المنظمة تطبيق ضوابط SA لضمان الامتثال لمتطلبات ضوابط أمنية,corrective,1,critical,True,INCIDENT_REPORT|MEETING_MINUTES|ATTESTATION|RISK_ASSESSMENT,active
1083,USA,USA-NIST-80053,Rev 5,18.48,SC,SC - Control 48,SC - ضابط 48,The organization shall implement sc controls to ensure compliance with NIST SP 800-53 Rev 5 requirements.,يجب على المنظمة تطبيق ضوابط SC لضمان الامتثال لمتطلبات ضوابط أمنية,preventive,2,high,True,POLICY|PROCEDURE|STANDARD|CONFIG|TRAINING_RECORD,active
1084,USA,USA-NIST-80053,Rev 5,19.48,SI,SI - Control 48,SI - ضابط 48,The organization shall implement si controls to ensure compliance with NIST SP 800-53 Rev 5 requirements.,يجب على المنظمة تطبيق ضوابط SI لضمان الامتثال لمتطلبات ضوابط أمنية,detective,3,medium,True,LOG|REPORT|SCAN_REPORT|AUDIT_REPORT|ACCESS_REVIEW,active
1085,USA,USA-NIST-80053,Rev 5,20.48,SR,SR - Control 48,SR - ضابط 48,The organization shall implement sr controls to ensure compliance with NIST SP 800-53 Rev 5 requirements.,يجب على المنظمة تطبيق ضوابط SR لضمان الامتثال لمتطلبات ضوابط أمنية,corrective,4,low,True,INCIDENT_REPORT|MEETING_MINUTES|ATTESTATION|RISK_ASSESSMENT,active
1086,USA,USA-NIST-80053,Rev 5,1.49,AC,AC - Control 49,AC - ضابط 49,The organization shall implement ac controls to ensure compliance with NIST SP 800-53 Rev 5 requirements.,يجب على المنظمة تطبيق ضوابط AC لضمان الامتثال لمتطلبات ضوابط أمنية,preventive,1,critical,True,POLICY|PROCEDURE|STANDARD|CONFIG|TRAINING_RECORD,active
1087,USA,USA-NIST-80053,Rev 5,2.49,AT,AT - Control 49,AT - ضابط 49,The organization shall implement at controls to ensure compliance with NIST SP 800-53 Rev 5 requirements.,يجب على المنظمة تطبيق ضوابط AT لضمان الامتثال لمتطلبات ضوابط أمنية,detective,2,high,True,LOG|REPORT|SCAN_REPORT|AUDIT_REPORT|ACCESS_REVIEW,active
1088,USA,USA-NIST-80053,Rev 5,3.49,AU,AU - Control 49,AU - ضابط 49,The organization shall implement au controls to ensure compliance with NIST SP 800-53 Rev 5 requirements.,يجب على المنظمة تطبيق ضوابط AU لضمان الامتثال لمتطلبات ضوابط أمنية,corrective,3,medium,True,INCIDENT_REPORT|MEETING_MINUTES|ATTESTATION|RISK_ASSESSMENT,active
1089,USA,USA-NIST-80053,Rev 5,4.49,CA,CA - Control 49,CA - ضابط 49,The organization shall implement ca controls to ensure compliance with NIST SP 800-53 Rev 5 requirements.,يجب على المنظمة تطبيق ضوابط CA لضمان الامتثال لمتطلبات ضوابط أمنية,preventive,4,low,True,POLICY|PROCEDURE|STANDARD|CONFIG|TRAINING_RECORD,active
1090,USA,USA-NIST-80053,Rev 5,5.49,CM,CM - Control 49,CM - ضابط 49,The organization shall implement cm controls to ensure compliance with NIST SP 800-53 Rev 5 requirements.,يجب على المنظمة تطبيق ضوابط CM لضمان الامتثال لمتطلبات ضوابط أمنية,detective,1,critical,True,LOG|REPORT|SCAN_REPORT|AUDIT_REPORT|ACCESS_REVIEW,active
1091,USA,USA-NIST-80053,Rev 5,6.49,CP,CP - Control 49,CP - ضابط 49,The organization shall implement cp controls to ensure compliance with NIST SP 800-53 Rev 5 requirements.,يجب على المنظمة تطبيق ضوابط CP لضمان الامتثال لمتطلبات ضوابط أمنية,corrective,2,high,True,INCIDENT_REPORT|MEETING_MINUTES|ATTESTATION|RISK_ASSESSMENT,active
1092,USA,USA-NIST-80053,Rev 5,7.49,IA,IA - Control 49,IA - ضابط 49,The organization shall implement ia controls to ensure compliance with NIST SP 800-53 Rev 5 requirements.,يجب على المنظمة تطبيق ضوابط IA لضمان الامتثال لمتطلبات ضوابط أمنية,preventive,3,medium,True,POLICY|PROCEDURE|STANDARD|CONFIG|TRAINING_RECORD,active
1093,USA,USA-NIST-80053,Rev 5,8.49,IR,IR - Control 49,IR - ضابط 49,The organization shall implement ir controls to ensure compliance with NIST SP 800-53 Rev 5 requirements.,يجب على المنظمة تطبيق ضوابط IR لضمان الامتثال لمتطلبات ضوابط أمنية,detective,4,low,True,LOG|REPORT|SCAN_REPORT|AUDIT_REPORT|ACCESS_REVIEW,active
1094,USA,USA-NIST-80053,Rev 5,9.49,MA,MA - Control 49,MA - ضابط 49,The organization shall implement ma controls to ensure compliance with NIST SP 800-53 Rev 5 requirements.,يجب على المنظمة تطبيق ضوابط MA لضمان الامتثال لمتطلبات ضوابط أمنية,corrective,1,critical,True,INCIDENT_REPORT|MEETING_MINUTES|ATTESTATION|RISK_ASSESSMENT,active
1095,USA,USA-NIST-80053,Rev 5,10.49,MP,MP - Control 49,MP - ضابط 49,The organization shall implement mp controls to ensure compliance with NIST SP 800-53 Rev 5 requirements.,يجب على المنظمة تطبيق ضوابط MP لضمان الامتثال لمتطلبات ضوابط أمنية,preventive,2,high,True,POLICY|PROCEDURE|STANDARD|CONFIG|TRAINING_RECORD,active
1096,USA,USA-NIST-80053,Rev 5,11.49,PE,PE - Control 49,PE - ضابط 49,The organization shall implement pe controls to ensure compliance with NIST SP 800-53 Rev 5 requirements.,يجب على المنظمة تطبيق ضوابط PE لضمان الامتثال لمتطلبات ضوابط أمنية,detective,3,medium,True,LOG|REPORT|SCAN_REPORT|AUDIT_REPORT|ACCESS_REVIEW,active
1097,USA,USA-NIST-80053,Rev 5,12.49,PL,PL - Control 49,PL - ضابط 49,The organization shall implement pl controls to ensure compliance with NIST SP 800-53 Rev 5 requirements.,يجب على المنظمة تطبيق ضوابط PL لضمان الامتثال لمتطلبات ضوابط أمنية,corrective,4,low,True,INCIDENT_REPORT|MEETING_MINUTES|ATTESTATION|RISK_ASSESSMENT,active
1098,USA,USA-NIST-80053,Rev 5,13.49,PM,PM - Control 49,PM - ضابط 49,The organization shall implement pm controls to ensure compliance with NIST SP 800-53 Rev 5 requirements.,يجب على المنظمة تطبيق ضوابط PM لضمان الامتثال لمتطلبات ضوابط أمنية,preventive,1,critical,True,POLICY|PROCEDURE|STANDARD|CONFIG|TRAINING_RECORD,active
1099,USA,USA-NIST-80053,Rev 5,14.49,PS,PS - Control 49,PS - ضابط 49,The organization shall implement ps controls to ensure compliance with NIST SP 800-53 Rev 5 requirements.,يجب على المنظمة تطبيق ضوابط PS لضمان الامتثال لمتطلبات ضوابط أمنية,detective,2,high,True,LOG|REPORT|SCAN_REPORT|AUDIT_REPORT|ACCESS_REVIEW,active
1100,USA,USA-NIST-80053,Rev 5,15.49,PT,PT - Control 49,PT - ضابط 49,The organization shall implement pt controls to ensure compliance with NIST SP 800-53 Rev 5 requirements.,يجب على المنظمة تطبيق ضوابط PT لضمان الامتثال لمتطلبات ضوابط أمنية,corrective,3,medium,True,INCIDENT_REPORT|MEETING_MINUTES|ATTESTATION|RISK_ASSESSMENT,active
1101,USA,USA-NIST-80053,Rev 5,16.49,RA,RA - Control 49,RA - ضابط 49,The organization shall implement ra controls to ensure compliance with NIST SP 800-53 Rev 5 requirements.,يجب على المنظمة تطبيق ضوابط RA لضمان الامتثال لمتطلبات ضوابط أمنية,preventive,4,low,True,POLICY|PROCEDURE|STANDARD|CONFIG|TRAINING_RECORD,active
1102,USA,USA-NIST-80053,Rev 5,17.49,SA,SA - Control 49,SA - ضابط 49,The organization shall implement sa controls to ensure compliance with NIST SP 800-53 Rev 5 requirements.,يجب على المنظمة تطبيق ضوابط SA لضمان الامتثال لمتطلبات ضوابط أمنية,detective,1,critical,True,LOG|REPORT|SCAN_REPORT|AUDIT_REPORT|ACCESS_REVIEW,active
1103,USA,USA-NIST-80053,Rev 5,18.49,SC,SC - Control 49,SC - ضابط 49,The organization shall implement sc controls to ensure compliance with NIST SP 800-53 Rev 5 requirements.,يجب على المنظمة تطبيق ضوابط SC لضمان الامتثال لمتطلبات ضوابط أمنية,corrective,2,high,True,INCIDENT_REPORT|MEETING_MINUTES|ATTESTATION|RISK_ASSESSMENT,active
1104,USA,USA-NIST-80053,Rev 5,19.49,SI,SI - Control 49,SI - ضابط 49,The organization shall implement si controls to ensure compliance with NIST SP 800-53 Rev 5 requirements.,يجب على المنظمة تطبيق ضوابط SI لضمان الامتثال لمتطلبات ضوابط أمنية,preventive,3,medium,True,POLICY|PROCEDURE|STANDARD|CONFIG|TRAINING_RECORD,active
1105,USA,USA-NIST-80053,Rev 5,20.49,SR,SR - Control 49,SR - ضابط 49,The organization shall implement sr controls to ensure compliance with NIST SP 800-53 Rev 5 requirements.,يجب على المنظمة تطبيق ضوابط SR لضمان الامتثال لمتطلبات ضوابط أمنية,detective,4,low,True,LOG|REPORT|SCAN_REPORT|AUDIT_REPORT|ACCESS_REVIEW,active
1106,USA,USA-NIST-80053,Rev 5,1.50,AC,AC - Control 50,AC - ضابط 50,The organization shall implement ac controls to ensure compliance with NIST SP 800-53 Rev 5 requirements.,يجب على المنظمة تطبيق ضوابط AC لضمان الامتثال لمتطلبات ضوابط أمنية,corrective,1,critical,True,INCIDENT_REPORT|MEETING_MINUTES|ATTESTATION|RISK_ASSESSMENT,active
1107,USA,USA-NIST-80053,Rev 5,2.50,AT,AT - Control 50,AT - ضابط 50,The organization shall implement at controls to ensure compliance with NIST SP 800-53 Rev 5 requirements.,يجب على المنظمة تطبيق ضوابط AT لضمان الامتثال لمتطلبات ضوابط أمنية,preventive,2,high,True,POLICY|PROCEDURE|STANDARD|CONFIG|TRAINING_RECORD,active
1108,USA,USA-NIST-80053,Rev 5,3.50,AU,AU - Control 50,AU - ضابط 50,The organization shall implement au controls to ensure compliance with NIST SP 800-53 Rev 5 requirements.,يجب على المنظمة تطبيق ضوابط AU لضمان الامتثال لمتطلبات ضوابط أمنية,detective,3,medium,True,LOG|REPORT|SCAN_REPORT|AUDIT_REPORT|ACCESS_REVIEW,active
1109,USA,USA-NIST-80053,Rev 5,4.50,CA,CA - Control 50,CA - ضابط 50,The organization shall implement ca controls to ensure compliance with NIST SP 800-53 Rev 5 requirements.,يجب على المنظمة تطبيق ضوابط CA لضمان الامتثال لمتطلبات ضوابط أمنية,corrective,4,low,True,INCIDENT_REPORT|MEETING_MINUTES|ATTESTATION|RISK_ASSESSMENT,active
1110,USA,USA-NIST-80053,Rev 5,5.50,CM,CM - Control 50,CM - ضابط 50,The organization shall implement cm controls to ensure compliance with NIST SP 800-53 Rev 5 requirements.,يجب على المنظمة تطبيق ضوابط CM لضمان الامتثال لمتطلبات ضوابط أمنية,preventive,1,critical,True,POLICY|PROCEDURE|STANDARD|CONFIG|TRAINING_RECORD,active
1111,USA,USA-NIST-80053,Rev 5,6.50,CP,CP - Control 50,CP - ضابط 50,The organization shall implement cp controls to ensure compliance with NIST SP 800-53 Rev 5 requirements.,يجب على المنظمة تطبيق ضوابط CP لضمان الامتثال لمتطلبات ضوابط أمنية,detective,2,high,True,LOG|REPORT|SCAN_REPORT|AUDIT_REPORT|ACCESS_REVIEW,active
1112,USA,USA-NIST-80053,Rev 5,7.50,IA,IA - Control 50,IA - ضابط 50,The organization shall implement ia controls to ensure compliance with NIST SP 800-53 Rev 5 requirements.,يجب على المنظمة تطبيق ضوابط IA لضمان الامتثال لمتطلبات ضوابط أمنية,corrective,3,medium,True,INCIDENT_REPORT|MEETING_MINUTES|ATTESTATION|RISK_ASSESSMENT,active
1113,USA,USA-NIST-80053,Rev 5,8.50,IR,IR - Control 50,IR - ضابط 50,The organization shall implement ir controls to ensure compliance with NIST SP 800-53 Rev 5 requirements.,يجب على المنظمة تطبيق ضوابط IR لضمان الامتثال لمتطلبات ضوابط أمنية,preventive,4,low,True,POLICY|PROCEDURE|STANDARD|CONFIG|TRAINING_RECORD,active
1114,USA,USA-NIST-80053,Rev 5,9.50,MA,MA - Control 50,MA - ضابط 50,The organization shall implement ma controls to ensure compliance with NIST SP 800-53 Rev 5 requirements.,يجب على المنظمة تطبيق ضوابط MA لضمان الامتثال لمتطلبات ضوابط أمنية,detective,1,critical,True,LOG|REPORT|SCAN_REPORT|AUDIT_REPORT|ACCESS_REVIEW,active
1115,USA,USA-NIST-80053,Rev 5,10.50,MP,MP - Control 50,MP - ضابط 50,The organization shall implement mp controls to ensure compliance with NIST SP 800-53 Rev 5 requirements.,يجب على المنظمة تطبيق ضوابط MP لضمان الامتثال لمتطلبات ضوابط أمنية,corrective,2,high,True,INCIDENT_REPORT|MEETING_MINUTES|ATTESTATION|RISK_ASSESSMENT,active
1116,USA,USA-NIST-80053,Rev 5,11.50,PE,PE - Control 50,PE - ضابط 50,The organization shall implement pe controls to ensure compliance with NIST SP 800-53 Rev 5 requirements.,يجب على المنظمة تطبيق ضوابط PE لضمان الامتثال لمتطلبات ضوابط أمنية,preventive,3,medium,True,POLICY|PROCEDURE|STANDARD|CONFIG|TRAINING_RECORD,active
1117,USA,USA-NIST-80053,Rev 5,12.50,PL,PL - Control 50,PL - ضابط 50,The organization shall implement pl controls to ensure compliance with NIST SP 800-53 Rev 5 requirements.,يجب على المنظمة تطبيق ضوابط PL لضمان الامتثال لمتطلبات ضوابط أمنية,detective,4,low,True,LOG|REPORT|SCAN_REPORT|AUDIT_REPORT|ACCESS_REVIEW,active
1118,USA,USA-NIST-80053,Rev 5,13.50,PM,PM - Control 50,PM - ضابط 50,The organization shall implement pm controls to ensure compliance with NIST SP 800-53 Rev 5 requirements.,يجب على المنظمة تطبيق ضوابط PM لضمان الامتثال لمتطلبات ضوابط أمنية,corrective,1,critical,True,INCIDENT_REPORT|MEETING_MINUTES|ATTESTATION|RISK_ASSESSMENT,active
1119,USA,USA-NIST-80053,Rev 5,14.50,PS,PS - Control 50,PS - ضابط 50,The organization shall implement ps controls to ensure compliance with NIST SP 800-53 Rev 5 requirements.,يجب على المنظمة تطبيق ضوابط PS لضمان الامتثال لمتطلبات ضوابط أمنية,preventive,2,high,True,POLICY|PROCEDURE|STANDARD|CONFIG|TRAINING_RECORD,active
1120,USA,USA-NIST-80053,Rev 5,15.50,PT,PT - Control 50,PT - ضابط 50,The organization shall implement pt controls to ensure compliance with NIST SP 800-53 Rev 5 requirements.,يجب على المنظمة تطبيق ضوابط PT لضمان الامتثال لمتطلبات ضوابط أمنية,detective,3,medium,True,LOG|REPORT|SCAN_REPORT|AUDIT_REPORT|ACCESS_REVIEW,active
1121,USA,USA-NIST-80053,Rev 5,16.50,RA,RA - Control 50,RA - ضابط 50,The organization shall implement ra controls to ensure compliance with NIST SP 800-53 Rev 5 requirements.,يجب على المنظمة تطبيق ضوابط RA لضمان الامتثال لمتطلبات ضوابط أمنية,corrective,4,low,True,INCIDENT_REPORT|MEETING_MINUTES|ATTESTATION|RISK_ASSESSMENT,active
1122,USA,USA-NIST-80053,Rev 5,17.50,SA,SA - Control 50,SA - ضابط 50,The organization shall implement sa controls to ensure compliance with NIST SP 800-53 Rev 5 requirements.,يجب على المنظمة تطبيق ضوابط SA لضمان الامتثال لمتطلبات ضوابط أمنية,preventive,1,critical,True,POLICY|PROCEDURE|STANDARD|CONFIG|TRAINING_RECORD,active
1123,USA,USA-NIST-80053,Rev 5,18.50,SC,SC - Control 50,SC - ضابط 50,The organization shall implement sc controls to ensure compliance with NIST SP 800-53 Rev 5 requirements.,يجب على المنظمة تطبيق ضوابط SC لضمان الامتثال لمتطلبات ضوابط أمنية,detective,2,high,True,LOG|REPORT|SCAN_REPORT|AUDIT_REPORT|ACCESS_REVIEW,active
1124,USA,USA-NIST-80053,Rev 5,19.50,SI,SI - Control 50,SI - ضابط 50,The organization shall implement si controls to ensure compliance with NIST SP 800-53 Rev 5 requirements.,يجب على المنظمة تطبيق ضوابط SI لضمان الامتثال لمتطلبات ضوابط أمنية,corrective,3,medium,True,INCIDENT_REPORT|MEETING_MINUTES|ATTESTATION|RISK_ASSESSMENT,active
1125,USA,USA-NIST-80053,Rev 5,20.50,SR,SR - Control 50,SR - ضابط 50,The organization shall implement sr controls to ensure compliance with NIST SP 800-53 Rev 5 requirements.,يجب على المنظمة تطبيق ضوابط SR لضمان الامتثال لمتطلبات ضوابط أمنية,preventive,4,low,True,POLICY|PROCEDURE|STANDARD|CONFIG|TRAINING_RECORD,active
1126,USA,USA-NIST-80053,Rev 5,1.51,AC,AC - Control 51,AC - ضابط 51,The organization shall implement ac controls to ensure compliance with NIST SP 800-53 Rev 5 requirements.,يجب على المنظمة تطبيق ضوابط AC لضمان الامتثال لمتطلبات ضوابط أمنية,detective,1,critical,True,LOG|REPORT|SCAN_REPORT|AUDIT_REPORT|ACCESS_REVIEW,active
1127,USA,USA-NIST-80053,Rev 5,2.51,AT,AT - Control 51,AT - ضابط 51,The organization shall implement at controls to ensure compliance with NIST SP 800-53 Rev 5 requirements.,يجب على المنظمة تطبيق ضوابط AT لضمان الامتثال لمتطلبات ضوابط أمنية,corrective,2,high,True,INCIDENT_REPORT|MEETING_MINUTES|ATTESTATION|RISK_ASSESSMENT,active
1128,USA,USA-NIST-80053,Rev 5,3.51,AU,AU - Control 51,AU - ضابط 51,The organization shall implement au controls to ensure compliance with NIST SP 800-53 Rev 5 requirements.,يجب على المنظمة تطبيق ضوابط AU لضمان الامتثال لمتطلبات ضوابط أمنية,preventive,3,medium,True,POLICY|PROCEDURE|STANDARD|CONFIG|TRAINING_RECORD,active
1129,USA,USA-NIST-80053,Rev 5,4.51,CA,CA - Control 51,CA - ضابط 51,The organization shall implement ca controls to ensure compliance with NIST SP 800-53 Rev 5 requirements.,يجب على المنظمة تطبيق ضوابط CA لضمان الامتثال لمتطلبات ضوابط أمنية,detective,4,low,True,LOG|REPORT|SCAN_REPORT|AUDIT_REPORT|ACCESS_REVIEW,active
1130,USA,USA-NIST-80053,Rev 5,5.51,CM,CM - Control 51,CM - ضابط 51,The organization shall implement cm controls to ensure compliance with NIST SP 800-53 Rev 5 requirements.,يجب على المنظمة تطبيق ضوابط CM لضمان الامتثال لمتطلبات ضوابط أمنية,corrective,1,critical,True,INCIDENT_REPORT|MEETING_MINUTES|ATTESTATION|RISK_ASSESSMENT,active
1131,USA,USA-NIST-80053,Rev 5,6.51,CP,CP - Control 51,CP - ضابط 51,The organization shall implement cp controls to ensure compliance with NIST SP 800-53 Rev 5 requirements.,يجب على المنظمة تطبيق ضوابط CP لضمان الامتثال لمتطلبات ضوابط أمنية,preventive,2,high,True,POLICY|PROCEDURE|STANDARD|CONFIG|TRAINING_RECORD,active
1132,USA,USA-NIST-80053,Rev 5,7.51,IA,IA - Control 51,IA - ضابط 51,The organization shall implement ia controls to ensure compliance with NIST SP 800-53 Rev 5 requirements.,يجب على المنظمة تطبيق ضوابط IA لضمان الامتثال لمتطلبات ضوابط أمنية,detective,3,medium,True,LOG|REPORT|SCAN_REPORT|AUDIT_REPORT|ACCESS_REVIEW,active
1133,USA,USA-NIST-80053,Rev 5,8.51,IR,IR - Control 51,IR - ضابط 51,The organization shall implement ir controls to ensure compliance with NIST SP 800-53 Rev 5 requirements.,يجب على المنظمة تطبيق ضوابط IR لضمان الامتثال لمتطلبات ضوابط أمنية,corrective,4,low,True,INCIDENT_REPORT|MEETING_MINUTES|ATTESTATION|RISK_ASSESSMENT,active
1134,USA,USA-NIST-80053,Rev 5,9.51,MA,MA - Control 51,MA - ضابط 51,The organization shall implement ma controls to ensure compliance with NIST SP 800-53 Rev 5 requirements.,يجب على المنظمة تطبيق ضوابط MA لضمان الامتثال لمتطلبات ضوابط أمنية,preventive,1,critical,True,POLICY|PROCEDURE|STANDARD|CONFIG|TRAINING_RECORD,active
1135,USA,USA-NIST-80053,Rev 5,10.51,MP,MP - Control 51,MP - ضابط 51,The organization shall implement mp controls to ensure compliance with NIST SP 800-53 Rev 5 requirements.,يجب على المنظمة تطبيق ضوابط MP لضمان الامتثال لمتطلبات ضوابط أمنية,detective,2,high,True,LOG|REPORT|SCAN_REPORT|AUDIT_REPORT|ACCESS_REVIEW,active
1136,USA,USA-NIST-80053,Rev 5,11.51,PE,PE - Control 51,PE - ضابط 51,The organization shall implement pe controls to ensure compliance with NIST SP 800-53 Rev 5 requirements.,يجب على المنظمة تطبيق ضوابط PE لضمان الامتثال لمتطلبات ضوابط أمنية,corrective,3,medium,True,INCIDENT_REPORT|MEETING_MINUTES|ATTESTATION|RISK_ASSESSMENT,active
1137,USA,USA-NIST-80053,Rev 5,12.51,PL,PL - Control 51,PL - ضابط 51,The organization shall implement pl controls to ensure compliance with NIST SP 800-53 Rev 5 requirements.,يجب على المنظمة تطبيق ضوابط PL لضمان الامتثال لمتطلبات ضوابط أمنية,preventive,4,low,True,POLICY|PROCEDURE|STANDARD|CONFIG|TRAINING_RECORD,active
1138,USA,USA-NIST-80053,Rev 5,13.51,PM,PM - Control 51,PM - ضابط 51,The organization shall implement pm controls to ensure compliance with NIST SP 800-53 Rev 5 requirements.,يجب على المنظمة تطبيق ضوابط PM لضمان الامتثال لمتطلبات ضوابط أمنية,detective,1,critical,True,LOG|REPORT|SCAN_REPORT|AUDIT_REPORT|ACCESS_REVIEW,active
1139,USA,USA-NIST-80053,Rev 5,14.51,PS,PS - Control 51,PS - ضابط 51,The organization shall implement ps controls to ensure compliance with NIST SP 800-53 Rev 5 requirements.,يجب على المنظمة تطبيق ضوابط PS لضمان الامتثال لمتطلبات ضوابط أمنية,corrective,2,high,True,INCIDENT_REPORT|MEETING_MINUTES|ATTESTATION|RISK_ASSESSMENT,active
1140,USA,USA-NIST-80053,Rev 5,15.51,PT,PT - Control 51,PT - ضابط 51,The organization shall implement pt controls to ensure compliance with NIST SP 800-53 Rev 5 requirements.,يجب على المنظمة تطبيق ضوابط PT لضمان الامتثال لمتطلبات ضوابط أمنية,preventive,3,medium,True,POLICY|PROCEDURE|STANDARD|CONFIG|TRAINING_RECORD,active
1141,USA,USA-NIST-80053,Rev 5,16.51,RA,RA - Control 51,RA - ضابط 51,The organization shall implement ra controls to ensure compliance with NIST SP 800-53 Rev 5 requirements.,يجب على المنظمة تطبيق ضوابط RA لضمان الامتثال لمتطلبات ضوابط أمنية,detective,4,low,True,LOG|REPORT|SCAN_REPORT|AUDIT_REPORT|ACCESS_REVIEW,active
1142,USA,USA-NIST-80053,Rev 5,17.51,SA,SA - Control 51,SA - ضابط 51,The organization shall implement sa controls to ensure compliance with NIST SP 800-53 Rev 5 requirements.,يجب على المنظمة تطبيق ضوابط SA لضمان الامتثال لمتطلبات ضوابط أمنية,corrective,1,critical,True,INCIDENT_REPORT|MEETING_MINUTES|ATTESTATION|RISK_ASSESSMENT,active
1143,USA,USA-NIST-80053,Rev 5,18.51,SC,SC - Control 51,SC - ضابط 51,The organization shall implement sc controls to ensure compliance with NIST SP 800-53 Rev 5 requirements.,يجب على المنظمة تطبيق ضوابط SC لضمان الامتثال لمتطلبات ضوابط أمنية,preventive,2,high,True,POLICY|PROCEDURE|STANDARD|CONFIG|TRAINING_RECORD,active
1144,USA,USA-NIST-80053,Rev 5,19.51,SI,SI - Control 51,SI - ضابط 51,The organization shall implement si controls to ensure compliance with NIST SP 800-53 Rev 5 requirements.,يجب على المنظمة تطبيق ضوابط SI لضمان الامتثال لمتطلبات ضوابط أمنية,detective,3,medium,True,LOG|REPORT|SCAN_REPORT|AUDIT_REPORT|ACCESS_REVIEW,active
1145,USA,USA-NIST-80053,Rev 5,20.51,SR,SR - Control 51,SR - ضابط 51,The organization shall implement sr controls to ensure compliance with NIST SP 800-53 Rev 5 requirements.,يجب على المنظمة تطبيق ضوابط SR لضمان الامتثال لمتطلبات ضوابط أمنية,corrective,4,low,True,INCIDENT_REPORT|MEETING_MINUTES|ATTESTATION|RISK_ASSESSMENT,active
1146,USA,USA-NIST-80053,Rev 5,1.52,AC,AC - Control 52,AC - ضابط 52,The organization shall implement ac controls to ensure compliance with NIST SP 800-53 Rev 5 requirements.,يجب على المنظمة تطبيق ضوابط AC لضمان الامتثال لمتطلبات ضوابط أمنية,preventive,1,critical,True,POLICY|PROCEDURE|STANDARD|CONFIG|TRAINING_RECORD,active
1147,USA,USA-NIST-80053,Rev 5,2.52,AT,AT - Control 52,AT - ضابط 52,The organization shall implement at controls to ensure compliance with NIST SP 800-53 Rev 5 requirements.,يجب على المنظمة تطبيق ضوابط AT لضمان الامتثال لمتطلبات ضوابط أمنية,detective,2,high,True,LOG|REPORT|SCAN_REPORT|AUDIT_REPORT|ACCESS_REVIEW,active
1148,USA,USA-NIST-80053,Rev 5,3.52,AU,AU - Control 52,AU - ضابط 52,The organization shall implement au controls to ensure compliance with NIST SP 800-53 Rev 5 requirements.,يجب على المنظمة تطبيق ضوابط AU لضمان الامتثال لمتطلبات ضوابط أمنية,corrective,3,medium,True,INCIDENT_REPORT|MEETING_MINUTES|ATTESTATION|RISK_ASSESSMENT,active
1149,USA,USA-NIST-80053,Rev 5,4.52,CA,CA - Control 52,CA - ضابط 52,The organization shall implement ca controls to ensure compliance with NIST SP 800-53 Rev 5 requirements.,يجب على المنظمة تطبيق ضوابط CA لضمان الامتثال لمتطلبات ضوابط أمنية,preventive,4,low,True,POLICY|PROCEDURE|STANDARD|CONFIG|TRAINING_RECORD,active
1150,USA,USA-NIST-80053,Rev 5,5.52,CM,CM - Control 52,CM - ضابط 52,The organization shall implement cm controls to ensure compliance with NIST SP 800-53 Rev 5 requirements.,يجب على المنظمة تطبيق ضوابط CM لضمان الامتثال لمتطلبات ضوابط أمنية,detective,1,critical,True,LOG|REPORT|SCAN_REPORT|AUDIT_REPORT|ACCESS_REVIEW,active
1151,USA,USA-NIST-80053,Rev 5,6.52,CP,CP - Control 52,CP - ضابط 52,The organization shall implement cp controls to ensure compliance with NIST SP 800-53 Rev 5 requirements.,يجب على المنظمة تطبيق ضوابط CP لضمان الامتثال لمتطلبات ضوابط أمنية,corrective,2,high,True,INCIDENT_REPORT|MEETING_MINUTES|ATTESTATION|RISK_ASSESSMENT,active
1152,USA,USA-NIST-80053,Rev 5,7.52,IA,IA - Control 52,IA - ضابط 52,The organization shall implement ia controls to ensure compliance with NIST SP 800-53 Rev 5 requirements.,يجب على المنظمة تطبيق ضوابط IA لضمان الامتثال لمتطلبات ضوابط أمنية,preventive,3,medium,True,POLICY|PROCEDURE|STANDARD|CONFIG|TRAINING_RECORD,active
1153,USA,USA-NIST-80053,Rev 5,8.52,IR,IR - Control 52,IR - ضابط 52,The organization shall implement ir controls to ensure compliance with NIST SP 800-53 Rev 5 requirements.,يجب على المنظمة تطبيق ضوابط IR لضمان الامتثال لمتطلبات ضوابط أمنية,detective,4,low,True,LOG|REPORT|SCAN_REPORT|AUDIT_REPORT|ACCESS_REVIEW,active
1154,USA,USA-NIST-80053,Rev 5,9.52,MA,MA - Control 52,MA - ضابط 52,The organization shall implement ma controls to ensure compliance with NIST SP 800-53 Rev 5 requirements.,يجب على المنظمة تطبيق ضوابط MA لضمان الامتثال لمتطلبات ضوابط أمنية,corrective,1,critical,True,INCIDENT_REPORT|MEETING_MINUTES|ATTESTATION|RISK_ASSESSMENT,active
1155,USA,USA-NIST-80053,Rev 5,10.52,MP,MP - Control 52,MP - ضابط 52,The organization shall implement mp controls to ensure compliance with NIST SP 800-53 Rev 5 requirements.,يجب على المنظمة تطبيق ضوابط MP لضمان الامتثال لمتطلبات ضوابط أمنية,preventive,2,high,True,POLICY|PROCEDURE|STANDARD|CONFIG|TRAINING_RECORD,active
1156,USA,USA-NIST-80053,Rev 5,11.52,PE,PE - Control 52,PE - ضابط 52,The organization shall implement pe controls to ensure compliance with NIST SP 800-53 Rev 5 requirements.,يجب على المنظمة تطبيق ضوابط PE لضمان الامتثال لمتطلبات ضوابط أمنية,detective,3,medium,True,LOG|REPORT|SCAN_REPORT|AUDIT_REPORT|ACCESS_REVIEW,active
1157,USA,USA-NIST-80053,Rev 5,12.52,PL,PL - Control 52,PL - ضابط 52,The organization shall implement pl controls to ensure compliance with NIST SP 800-53 Rev 5 requirements.,يجب على المنظمة تطبيق ضوابط PL لضمان الامتثال لمتطلبات ضوابط أمنية,corrective,4,low,True,INCIDENT_REPORT|MEETING_MINUTES|ATTESTATION|RISK_ASSESSMENT,active
1158,USA,USA-NIST-80053,Rev 5,13.52,PM,PM - Control 52,PM - ضابط 52,The organization shall implement pm controls to ensure compliance with NIST SP 800-53 Rev 5 requirements.,يجب على المنظمة تطبيق ضوابط PM لضمان الامتثال لمتطلبات ضوابط أمنية,preventive,1,critical,True,POLICY|PROCEDURE|STANDARD|CONFIG|TRAINING_RECORD,active
1159,USA,USA-NIST-80053,Rev 5,14.52,PS,PS - Control 52,PS - ضابط 52,The organization shall implement ps controls to ensure compliance with NIST SP 800-53 Rev 5 requirements.,يجب على المنظمة تطبيق ضوابط PS لضمان الامتثال لمتطلبات ضوابط أمنية,detective,2,high,True,LOG|REPORT|SCAN_REPORT|AUDIT_REPORT|ACCESS_REVIEW,active
1160,USA,USA-NIST-80053,Rev 5,15.52,PT,PT - Control 52,PT - ضابط 52,The organization shall implement pt controls to ensure compliance with NIST SP 800-53 Rev 5 requirements.,يجب على المنظمة تطبيق ضوابط PT لضمان الامتثال لمتطلبات ضوابط أمنية,corrective,3,medium,True,INCIDENT_REPORT|MEETING_MINUTES|ATTESTATION|RISK_ASSESSMENT,active
1161,USA,USA-NIST-80053,Rev 5,16.52,RA,RA - Control 52,RA - ضابط 52,The organization shall implement ra controls to ensure compliance with NIST SP 800-53 Rev 5 requirements.,يجب على المنظمة تطبيق ضوابط RA لضمان الامتثال لمتطلبات ضوابط أمنية,preventive,4,low,True,POLICY|PROCEDURE|STANDARD|CONFIG|TRAINING_RECORD,active
1162,USA,USA-NIST-80053,Rev 5,17.52,SA,SA - Control 52,SA - ضابط 52,The organization shall implement sa controls to ensure compliance with NIST SP 800-53 Rev 5 requirements.,يجب على المنظمة تطبيق ضوابط SA لضمان الامتثال لمتطلبات ضوابط أمنية,detective,1,critical,True,LOG|REPORT|SCAN_REPORT|AUDIT_REPORT|ACCESS_REVIEW,active
1163,USA,USA-NIST-80053,Rev 5,18.52,SC,SC - Control 52,SC - ضابط 52,The organization shall implement sc controls to ensure compliance with NIST SP 800-53 Rev 5 requirements.,يجب على المنظمة تطبيق ضوابط SC لضمان الامتثال لمتطلبات ضوابط أمنية,corrective,2,high,True,INCIDENT_REPORT|MEETING_MINUTES|ATTESTATION|RISK_ASSESSMENT,active
1164,USA,USA-NIST-80053,Rev 5,19.52,SI,SI - Control 52,SI - ضابط 52,The organization shall implement si controls to ensure compliance with NIST SP 800-53 Rev 5 requirements.,يجب على المنظمة تطبيق ضوابط SI لضمان الامتثال لمتطلبات ضوابط أمنية,preventive,3,medium,True,POLICY|PROCEDURE|STANDARD|CONFIG|TRAINING_RECORD,active
1165,USA,USA-NIST-80053,Rev 5,20.52,SR,SR - Control 52,SR - ضابط 52,The organization shall implement sr controls to ensure compliance with NIST SP 800-53 Rev 5 requirements.,يجب على المنظمة تطبيق ضوابط SR لضمان الامتثال لمتطلبات ضوابط أمنية,detective,4,low,True,LOG|REPORT|SCAN_REPORT|AUDIT_REPORT|ACCESS_REVIEW,active
1166,USA,USA-NIST-80053,Rev 5,1.53,AC,AC - Control 53,AC - ضابط 53,The organization shall implement ac controls to ensure compliance with NIST SP 800-53 Rev 5 requirements.,يجب على المنظمة تطبيق ضوابط AC لضمان الامتثال لمتطلبات ضوابط أمنية,corrective,1,critical,True,INCIDENT_REPORT|MEETING_MINUTES|ATTESTATION|RISK_ASSESSMENT,active
1167,USA,USA-NIST-80053,Rev 5,2.53,AT,AT - Control 53,AT - ضابط 53,The organization shall implement at controls to ensure compliance with NIST SP 800-53 Rev 5 requirements.,يجب على المنظمة تطبيق ضوابط AT لضمان الامتثال لمتطلبات ضوابط أمنية,preventive,2,high,True,POLICY|PROCEDURE|STANDARD|CONFIG|TRAINING_RECORD,active
1168,USA,USA-NIST-80053,Rev 5,3.53,AU,AU - Control 53,AU - ضابط 53,The organization shall implement au controls to ensure compliance with NIST SP 800-53 Rev 5 requirements.,يجب على المنظمة تطبيق ضوابط AU لضمان الامتثال لمتطلبات ضوابط أمنية,detective,3,medium,True,LOG|REPORT|SCAN_REPORT|AUDIT_REPORT|ACCESS_REVIEW,active
1169,USA,USA-NIST-80053,Rev 5,4.53,CA,CA - Control 53,CA - ضابط 53,The organization shall implement ca controls to ensure compliance with NIST SP 800-53 Rev 5 requirements.,يجب على المنظمة تطبيق ضوابط CA لضمان الامتثال لمتطلبات ضوابط أمنية,corrective,4,low,True,INCIDENT_REPORT|MEETING_MINUTES|ATTESTATION|RISK_ASSESSMENT,active
1170,USA,USA-NIST-80053,Rev 5,5.53,CM,CM - Control 53,CM - ضابط 53,The organization shall implement cm controls to ensure compliance with NIST SP 800-53 Rev 5 requirements.,يجب على المنظمة تطبيق ضوابط CM لضمان الامتثال لمتطلبات ضوابط أمنية,preventive,1,critical,True,POLICY|PROCEDURE|STANDARD|CONFIG|TRAINING_RECORD,active
1171,USA,USA-NIST-80053,Rev 5,6.53,CP,CP - Control 53,CP - ضابط 53,The organization shall implement cp controls to ensure compliance with NIST SP 800-53 Rev 5 requirements.,يجب على المنظمة تطبيق ضوابط CP لضمان الامتثال لمتطلبات ضوابط أمنية,detective,2,high,True,LOG|REPORT|SCAN_REPORT|AUDIT_REPORT|ACCESS_REVIEW,active
1172,USA,USA-NIST-80053,Rev 5,7.53,IA,IA - Control 53,IA - ضابط 53,The organization shall implement ia controls to ensure compliance with NIST SP 800-53 Rev 5 requirements.,يجب على المنظمة تطبيق ضوابط IA لضمان الامتثال لمتطلبات ضوابط أمنية,corrective,3,medium,True,INCIDENT_REPORT|MEETING_MINUTES|ATTESTATION|RISK_ASSESSMENT,active
1173,USA,USA-NIST-80053,Rev 5,8.53,IR,IR - Control 53,IR - ضابط 53,The organization shall implement ir controls to ensure compliance with NIST SP 800-53 Rev 5 requirements.,يجب على المنظمة تطبيق ضوابط IR لضمان الامتثال لمتطلبات ضوابط أمنية,preventive,4,low,True,POLICY|PROCEDURE|STANDARD|CONFIG|TRAINING_RECORD,active
1174,USA,USA-NIST-80053,Rev 5,9.53,MA,MA - Control 53,MA - ضابط 53,The organization shall implement ma controls to ensure compliance with NIST SP 800-53 Rev 5 requirements.,يجب على المنظمة تطبيق ضوابط MA لضمان الامتثال لمتطلبات ضوابط أمنية,detective,1,critical,True,LOG|REPORT|SCAN_REPORT|AUDIT_REPORT|ACCESS_REVIEW,active
1175,USA,USA-NIST-80053,Rev 5,10.53,MP,MP - Control 53,MP - ضابط 53,The organization shall implement mp controls to ensure compliance with NIST SP 800-53 Rev 5 requirements.,يجب على المنظمة تطبيق ضوابط MP لضمان الامتثال لمتطلبات ضوابط أمنية,corrective,2,high,True,INCIDENT_REPORT|MEETING_MINUTES|ATTESTATION|RISK_ASSESSMENT,active
1176,USA,USA-NIST-80053,Rev 5,11.53,PE,PE - Control 53,PE - ضابط 53,The organization shall implement pe controls to ensure compliance with NIST SP 800-53 Rev 5 requirements.,يجب على المنظمة تطبيق ضوابط PE لضمان الامتثال لمتطلبات ضوابط أمنية,preventive,3,medium,True,POLICY|PROCEDURE|STANDARD|CONFIG|TRAINING_RECORD,active
1177,USA,USA-NIST-80053,Rev 5,12.53,PL,PL - Control 53,PL - ضابط 53,The organization shall implement pl controls to ensure compliance with NIST SP 800-53 Rev 5 requirements.,يجب على المنظمة تطبيق ضوابط PL لضمان الامتثال لمتطلبات ضوابط أمنية,detective,4,low,True,LOG|REPORT|SCAN_REPORT|AUDIT_REPORT|ACCESS_REVIEW,active
1178,USA,USA-NIST-80053,Rev 5,13.53,PM,PM - Control 53,PM - ضابط 53,The organization shall implement pm controls to ensure compliance with NIST SP 800-53 Rev 5 requirements.,يجب على المنظمة تطبيق ضوابط PM لضمان الامتثال لمتطلبات ضوابط أمنية,corrective,1,critical,True,INCIDENT_REPORT|MEETING_MINUTES|ATTESTATION|RISK_ASSESSMENT,active
1179,USA,USA-NIST-80053,Rev 5,14.53,PS,PS - Control 53,PS - ضابط 53,The organization shall implement ps controls to ensure compliance with NIST SP 800-53 Rev 5 requirements.,يجب على المنظمة تطبيق ضوابط PS لضمان الامتثال لمتطلبات ضوابط أمنية,preventive,2,high,True,POLICY|PROCEDURE|STANDARD|CONFIG|TRAINING_RECORD,active
1180,USA,USA-NIST-80053,Rev 5,15.53,PT,PT - Control 53,PT - ضابط 53,The organization shall implement pt controls to ensure compliance with NIST SP 800-53 Rev 5 requirements.,يجب على المنظمة تطبيق ضوابط PT لضمان الامتثال لمتطلبات ضوابط أمنية,detective,3,medium,True,LOG|REPORT|SCAN_REPORT|AUDIT_REPORT|ACCESS_REVIEW,active
1181,USA,USA-NIST-80053,Rev 5,16.53,RA,RA - Control 53,RA - ضابط 53,The organization shall implement ra controls to ensure compliance with NIST SP 800-53 Rev 5 requirements.,يجب على المنظمة تطبيق ضوابط RA لضمان الامتثال لمتطلبات ضوابط أمنية,corrective,4,low,True,INCIDENT_REPORT|MEETING_MINUTES|ATTESTATION|RISK_ASSESSMENT,active
1182,USA,USA-NIST-80053,Rev 5,17.53,SA,SA - Control 53,SA - ضابط 53,The organization shall implement sa controls to ensure compliance with NIST SP 800-53 Rev 5 requirements.,يجب على المنظمة تطبيق ضوابط SA لضمان الامتثال لمتطلبات ضوابط أمنية,preventive,1,critical,True,POLICY|PROCEDURE|STANDARD|CONFIG|TRAINING_RECORD,active
1183,USA,USA-NIST-80053,Rev 5,18.53,SC,SC - Control 53,SC - ضابط 53,The organization shall implement sc controls to ensure compliance with NIST SP 800-53 Rev 5 requirements.,يجب على المنظمة تطبيق ضوابط SC لضمان الامتثال لمتطلبات ضوابط أمنية,detective,2,high,True,LOG|REPORT|SCAN_REPORT|AUDIT_REPORT|ACCESS_REVIEW,active
1184,USA,USA-NIST-80053,Rev 5,19.53,SI,SI - Control 53,SI - ضابط 53,The organization shall implement si controls to ensure compliance with NIST SP 800-53 Rev 5 requirements.,يجب على المنظمة تطبيق ضوابط SI لضمان الامتثال لمتطلبات ضوابط أمنية,corrective,3,medium,True,INCIDENT_REPORT|MEETING_MINUTES|ATTESTATION|RISK_ASSESSMENT,active
1185,USA,USA-NIST-80053,Rev 5,20.53,SR,SR - Control 53,SR - ضابط 53,The organization shall implement sr controls to ensure compliance with NIST SP 800-53 Rev 5 requirements.,يجب على المنظمة تطبيق ضوابط SR لضمان الامتثال لمتطلبات ضوابط أمنية,preventive,4,low,True,POLICY|PROCEDURE|STANDARD|CONFIG|TRAINING_RECORD,active
1186,USA,USA-NIST-80053,Rev 5,1.54,AC,AC - Control 54,AC - ضابط 54,The organization shall implement ac controls to ensure compliance with NIST SP 800-53 Rev 5 requirements.,يجب على المنظمة تطبيق ضوابط AC لضمان الامتثال لمتطلبات ضوابط أمنية,detective,1,critical,True,LOG|REPORT|SCAN_REPORT|AUDIT_REPORT|ACCESS_REVIEW,active
1187,USA,USA-NIST-80053,Rev 5,2.54,AT,AT - Control 54,AT - ضابط 54,The organization shall implement at controls to ensure compliance with NIST SP 800-53 Rev 5 requirements.,يجب على المنظمة تطبيق ضوابط AT لضمان الامتثال لمتطلبات ضوابط أمنية,corrective,2,high,True,INCIDENT_REPORT|MEETING_MINUTES|ATTESTATION|RISK_ASSESSMENT,active
1188,USA,USA-NIST-80053,Rev 5,3.54,AU,AU - Control 54,AU - ضابط 54,The organization shall implement au controls to ensure compliance with NIST SP 800-53 Rev 5 requirements.,يجب على المنظمة تطبيق ضوابط AU لضمان الامتثال لمتطلبات ضوابط أمنية,preventive,3,medium,True,POLICY|PROCEDURE|STANDARD|CONFIG|TRAINING_RECORD,active
1189,USA,USA-NIST-80053,Rev 5,4.54,CA,CA - Control 54,CA - ضابط 54,The organization shall implement ca controls to ensure compliance with NIST SP 800-53 Rev 5 requirements.,يجب على المنظمة تطبيق ضوابط CA لضمان الامتثال لمتطلبات ضوابط أمنية,detective,4,low,True,LOG|REPORT|SCAN_REPORT|AUDIT_REPORT|ACCESS_REVIEW,active
1190,USA,USA-NIST-80053,Rev 5,5.54,CM,CM - Control 54,CM - ضابط 54,The organization shall implement cm controls to ensure compliance with NIST SP 800-53 Rev 5 requirements.,يجب على المنظمة تطبيق ضوابط CM لضمان الامتثال لمتطلبات ضوابط أمنية,corrective,1,critical,True,INCIDENT_REPORT|MEETING_MINUTES|ATTESTATION|RISK_ASSESSMENT,active
1191,USA,USA-NIST-80053,Rev 5,6.54,CP,CP - Control 54,CP - ضابط 54,The organization shall implement cp controls to ensure compliance with NIST SP 800-53 Rev 5 requirements.,يجب على المنظمة تطبيق ضوابط CP لضمان الامتثال لمتطلبات ضوابط أمنية,preventive,2,high,True,POLICY|PROCEDURE|STANDARD|CONFIG|TRAINING_RECORD,active
1192,USA,USA-NIST-80053,Rev 5,7.54,IA,IA - Control 54,IA - ضابط 54,The organization shall implement ia controls to ensure compliance with NIST SP 800-53 Rev 5 requirements.,يجب على المنظمة تطبيق ضوابط IA لضمان الامتثال لمتطلبات ضوابط أمنية,detective,3,medium,True,LOG|REPORT|SCAN_REPORT|AUDIT_REPORT|ACCESS_REVIEW,active
1193,USA,USA-NIST-80053,Rev 5,8.54,IR,IR - Control 54,IR - ضابط 54,The organization shall implement ir controls to ensure compliance with NIST SP 800-53 Rev 5 requirements.,يجب على المنظمة تطبيق ضوابط IR لضمان الامتثال لمتطلبات ضوابط أمنية,corrective,4,low,True,INCIDENT_REPORT|MEETING_MINUTES|ATTESTATION|RISK_ASSESSMENT,active
1194,USA,USA-NIST-80053,Rev 5,9.54,MA,MA - Control 54,MA - ضابط 54,The organization shall implement ma controls to ensure compliance with NIST SP 800-53 Rev 5 requirements.,يجب على المنظمة تطبيق ضوابط MA لضمان الامتثال لمتطلبات ضوابط أمنية,preventive,1,critical,True,POLICY|PROCEDURE|STANDARD|CONFIG|TRAINING_RECORD,active
1195,USA,USA-NIST-80053,Rev 5,10.54,MP,MP - Control 54,MP - ضابط 54,The organization shall implement mp controls to ensure compliance with NIST SP 800-53 Rev 5 requirements.,يجب على المنظمة تطبيق ضوابط MP لضمان الامتثال لمتطلبات ضوابط أمنية,detective,2,high,True,LOG|REPORT|SCAN_REPORT|AUDIT_REPORT|ACCESS_REVIEW,active
1196,USA,USA-NIST-80053,Rev 5,11.54,PE,PE - Control 54,PE - ضابط 54,The organization shall implement pe controls to ensure compliance with NIST SP 800-53 Rev 5 requirements.,يجب على المنظمة تطبيق ضوابط PE لضمان الامتثال لمتطلبات ضوابط أمنية,corrective,3,medium,True,INCIDENT_REPORT|MEETING_MINUTES|ATTESTATION|RISK_ASSESSMENT,active
1197,USA,USA-NIST-80053,Rev 5,12.54,PL,PL - Control 54,PL - ضابط 54,The organization shall implement pl controls to ensure compliance with NIST SP 800-53 Rev 5 requirements.,يجب على المنظمة تطبيق ضوابط PL لضمان الامتثال لمتطلبات ضوابط أمنية,preventive,4,low,True,POLICY|PROCEDURE|STANDARD|CONFIG|TRAINING_RECORD,active
1198,USA,USA-NIST-80053,Rev 5,13.54,PM,PM - Control 54,PM - ضابط 54,The organization shall implement pm controls to ensure compliance with NIST SP 800-53 Rev 5 requirements.,يجب على المنظمة تطبيق ضوابط PM لضمان الامتثال لمتطلبات ضوابط أمنية,detective,1,critical,True,LOG|REPORT|SCAN_REPORT|AUDIT_REPORT|ACCESS_REVIEW,active
1199,USA,USA-NIST-80053,Rev 5,14.54,PS,PS - Control 54,PS - ضابط 54,The organization shall implement ps controls to ensure compliance with NIST SP 800-53 Rev 5 requirements.,يجب على المنظمة تطبيق ضوابط PS لضمان الامتثال لمتطلبات ضوابط أمنية,corrective,2,high,True,INCIDENT_REPORT|MEETING_MINUTES|ATTESTATION|RISK_ASSESSMENT,active
1200,USA,USA-NIST-80053,Rev 5,15.54,PT,PT - Control 54,PT - ضابط 54,The organization shall implement pt controls to ensure compliance with NIST SP 800-53 Rev 5 requirements.,يجب على المنظمة تطبيق ضوابط PT لضمان الامتثال لمتطلبات ضوابط أمنية,preventive,3,medium,True,POLICY|PROCEDURE|STANDARD|CONFIG|TRAINING_RECORD,active
1201,USA,USA-NIST-80053,Rev 5,16.54,RA,RA - Control 54,RA - ضابط 54,The organization shall implement ra controls to ensure compliance with NIST SP 800-53 Rev 5 requirements.,يجب على المنظمة تطبيق ضوابط RA لضمان الامتثال لمتطلبات ضوابط أمنية,detective,4,low,True,LOG|REPORT|SCAN_REPORT|AUDIT_REPORT|ACCESS_REVIEW,active
1202,USA,USA-NIST-80053,Rev 5,17.54,SA,SA - Control 54,SA - ضابط 54,The organization shall implement sa controls to ensure compliance with NIST SP 800-53 Rev 5 requirements.,يجب على المنظمة تطبيق ضوابط SA لضمان الامتثال لمتطلبات ضوابط أمنية,corrective,1,critical,True,INCIDENT_REPORT|MEETING_MINUTES|ATTESTATION|RISK_ASSESSMENT,active
1203,USA,USA-NIST-80053,Rev 5,18.54,SC,SC - Control 54,SC - ضابط 54,The organization shall implement sc controls to ensure compliance with NIST SP 800-53 Rev 5 requirements.,يجب على المنظمة تطبيق ضوابط SC لضمان الامتثال لمتطلبات ضوابط أمنية,preventive,2,high,True,POLICY|PROCEDURE|STANDARD|CONFIG|TRAINING_RECORD,active
1204,USA,USA-NIST-80053,Rev 5,19.54,SI,SI - Control 54,SI - ضابط 54,The organization shall implement si controls to ensure compliance with NIST SP 800-53 Rev 5 requirements.,يجب على المنظمة تطبيق ضوابط SI لضمان الامتثال لمتطلبات ضوابط أمنية,detective,3,medium,True,LOG|REPORT|SCAN_REPORT|AUDIT_REPORT|ACCESS_REVIEW,active
1205,USA,USA-NIST-80053,Rev 5,20.54,SR,SR - Control 54,SR - ضابط 54,The organization shall implement sr controls to ensure compliance with NIST SP 800-53 Rev 5 requirements.,يجب على المنظمة تطبيق ضوابط SR لضمان الامتثال لمتطلبات ضوابط أمنية,corrective,4,low,True,INCIDENT_REPORT|MEETING_MINUTES|ATTESTATION|RISK_ASSESSMENT,active
1206,USA,USA-NIST-80053,Rev 5,1.55,AC,AC - Control 55,AC - ضابط 55,The organization shall implement ac controls to ensure compliance with NIST SP 800-53 Rev 5 requirements.,يجب على المنظمة تطبيق ضوابط AC لضمان الامتثال لمتطلبات ضوابط أمنية,preventive,1,critical,True,POLICY|PROCEDURE|STANDARD|CONFIG|TRAINING_RECORD,active
1207,USA,USA-NIST-80053,Rev 5,2.55,AT,AT - Control 55,AT - ضابط 55,The organization shall implement at controls to ensure compliance with NIST SP 800-53 Rev 5 requirements.,يجب على المنظمة تطبيق ضوابط AT لضمان الامتثال لمتطلبات ضوابط أمنية,detective,2,high,True,LOG|REPORT|SCAN_REPORT|AUDIT_REPORT|ACCESS_REVIEW,active
1208,USA,USA-NIST-80053,Rev 5,3.55,AU,AU - Control 55,AU - ضابط 55,The organization shall implement au controls to ensure compliance with NIST SP 800-53 Rev 5 requirements.,يجب على المنظمة تطبيق ضوابط AU لضمان الامتثال لمتطلبات ضوابط أمنية,corrective,3,medium,True,INCIDENT_REPORT|MEETING_MINUTES|ATTESTATION|RISK_ASSESSMENT,active
1209,USA,USA-NIST-80053,Rev 5,4.55,CA,CA - Control 55,CA - ضابط 55,The organization shall implement ca controls to ensure compliance with NIST SP 800-53 Rev 5 requirements.,يجب على المنظمة تطبيق ضوابط CA لضمان الامتثال لمتطلبات ضوابط أمنية,preventive,4,low,True,POLICY|PROCEDURE|STANDARD|CONFIG|TRAINING_RECORD,active
1210,USA,USA-NIST-80053,Rev 5,5.55,CM,CM - Control 55,CM - ضابط 55,The organization shall implement cm controls to ensure compliance with NIST SP 800-53 Rev 5 requirements.,يجب على المنظمة تطبيق ضوابط CM لضمان الامتثال لمتطلبات ضوابط أمنية,detective,1,critical,True,LOG|REPORT|SCAN_REPORT|AUDIT_REPORT|ACCESS_REVIEW,active
1211,USA,USA-NIST-80053,Rev 5,6.55,CP,CP - Control 55,CP - ضابط 55,The organization shall implement cp controls to ensure compliance with NIST SP 800-53 Rev 5 requirements.,يجب على المنظمة تطبيق ضوابط CP لضمان الامتثال لمتطلبات ضوابط أمنية,corrective,2,high,True,INCIDENT_REPORT|MEETING_MINUTES|ATTESTATION|RISK_ASSESSMENT,active
1212,USA,USA-NIST-80053,Rev 5,7.55,IA,IA - Control 55,IA - ضابط 55,The organization shall implement ia controls to ensure compliance with NIST SP 800-53 Rev 5 requirements.,يجب على المنظمة تطبيق ضوابط IA لضمان الامتثال لمتطلبات ضوابط أمنية,preventive,3,medium,True,POLICY|PROCEDURE|STANDARD|CONFIG|TRAINING_RECORD,active
1213,USA,USA-NIST-80053,Rev 5,8.55,IR,IR - Control 55,IR - ضابط 55,The organization shall implement ir controls to ensure compliance with NIST SP 800-53 Rev 5 requirements.,يجب على المنظمة تطبيق ضوابط IR لضمان الامتثال لمتطلبات ضوابط أمنية,detective,4,low,True,LOG|REPORT|SCAN_REPORT|AUDIT_REPORT|ACCESS_REVIEW,active
1214,USA,USA-NIST-80053,Rev 5,9.55,MA,MA - Control 55,MA - ضابط 55,The organization shall implement ma controls to ensure compliance with NIST SP 800-53 Rev 5 requirements.,يجب على المنظمة تطبيق ضوابط MA لضمان الامتثال لمتطلبات ضوابط أمنية,corrective,1,critical,True,INCIDENT_REPORT|MEETING_MINUTES|ATTESTATION|RISK_ASSESSMENT,active
1215,USA,USA-NIST-80053,Rev 5,10.55,MP,MP - Control 55,MP - ضابط 55,The organization shall implement mp controls to ensure compliance with NIST SP 800-53 Rev 5 requirements.,يجب على المنظمة تطبيق ضوابط MP لضمان الامتثال لمتطلبات ضوابط أمنية,preventive,2,high,True,POLICY|PROCEDURE|STANDARD|CONFIG|TRAINING_RECORD,active
1216,USA,USA-NIST-80053,Rev 5,11.55,PE,PE - Control 55,PE - ضابط 55,The organization shall implement pe controls to ensure compliance with NIST SP 800-53 Rev 5 requirements.,يجب على المنظمة تطبيق ضوابط PE لضمان الامتثال لمتطلبات ضوابط أمنية,detective,3,medium,True,LOG|REPORT|SCAN_REPORT|AUDIT_REPORT|ACCESS_REVIEW,active
1217,USA,USA-NIST-80053,Rev 5,12.55,PL,PL - Control 55,PL - ضابط 55,The organization shall implement pl controls to ensure compliance with NIST SP 800-53 Rev 5 requirements.,يجب على المنظمة تطبيق ضوابط PL لضمان الامتثال لمتطلبات ضوابط أمنية,corrective,4,low,True,INCIDENT_REPORT|MEETING_MINUTES|ATTESTATION|RISK_ASSESSMENT,active
1218,USA,USA-NIST-80053,Rev 5,13.55,PM,PM - Control 55,PM - ضابط 55,The organization shall implement pm controls to ensure compliance with NIST SP 800-53 Rev 5 requirements.,يجب على المنظمة تطبيق ضوابط PM لضمان الامتثال لمتطلبات ضوابط أمنية,preventive,1,critical,True,POLICY|PROCEDURE|STANDARD|CONFIG|TRAINING_RECORD,active
1219,USA,USA-NIST-80053,Rev 5,14.55,PS,PS - Control 55,PS - ضابط 55,The organization shall implement ps controls to ensure compliance with NIST SP 800-53 Rev 5 requirements.,يجب على المنظمة تطبيق ضوابط PS لضمان الامتثال لمتطلبات ضوابط أمنية,detective,2,high,True,LOG|REPORT|SCAN_REPORT|AUDIT_REPORT|ACCESS_REVIEW,active
1220,USA,USA-NIST-80053,Rev 5,15.55,PT,PT - Control 55,PT - ضابط 55,The organization shall implement pt controls to ensure compliance with NIST SP 800-53 Rev 5 requirements.,يجب على المنظمة تطبيق ضوابط PT لضمان الامتثال لمتطلبات ضوابط أمنية,corrective,3,medium,True,INCIDENT_REPORT|MEETING_MINUTES|ATTESTATION|RISK_ASSESSMENT,active
1221,USA,USA-NIST-80053,Rev 5,16.55,RA,RA - Control 55,RA - ضابط 55,The organization shall implement ra controls to ensure compliance with NIST SP 800-53 Rev 5 requirements.,يجب على المنظمة تطبيق ضوابط RA لضمان الامتثال لمتطلبات ضوابط أمنية,preventive,4,low,True,POLICY|PROCEDURE|STANDARD|CONFIG|TRAINING_RECORD,active
1222,USA,USA-NIST-80053,Rev 5,17.55,SA,SA - Control 55,SA - ضابط 55,The organization shall implement sa controls to ensure compliance with NIST SP 800-53 Rev 5 requirements.,يجب على المنظمة تطبيق ضوابط SA لضمان الامتثال لمتطلبات ضوابط أمنية,detective,1,critical,True,LOG|REPORT|SCAN_REPORT|AUDIT_REPORT|ACCESS_REVIEW,active
1223,USA,USA-NIST-80053,Rev 5,18.55,SC,SC - Control 55,SC - ضابط 55,The organization shall implement sc controls to ensure compliance with NIST SP 800-53 Rev 5 requirements.,يجب على المنظمة تطبيق ضوابط SC لضمان الامتثال لمتطلبات ضوابط أمنية,corrective,2,high,True,INCIDENT_REPORT|MEETING_MINUTES|ATTESTATION|RISK_ASSESSMENT,active
1224,USA,USA-NIST-80053,Rev 5,19.55,SI,SI - Control 55,SI - ضابط 55,The organization shall implement si controls to ensure compliance with NIST SP 800-53 Rev 5 requirements.,يجب على المنظمة تطبيق ضوابط SI لضمان الامتثال لمتطلبات ضوابط أمنية,preventive,3,medium,True,POLICY|PROCEDURE|STANDARD|CONFIG|TRAINING_RECORD,active
1225,USA,USA-NIST-80053,Rev 5,20.55,SR,SR - Control 55,SR - ضابط 55,The organization shall implement sr controls to ensure compliance with NIST SP 800-53 Rev 5 requirements.,يجب على المنظمة تطبيق ضوابط SR لضمان الامتثال لمتطلبات ضوابط أمنية,detective,4,low,True,LOG|REPORT|SCAN_REPORT|AUDIT_REPORT|ACCESS_REVIEW,active
1226,USA,USA-NIST-80053,Rev 5,1.56,AC,AC - Control 56,AC - ضابط 56,The organization shall implement ac controls to ensure compliance with NIST SP 800-53 Rev 5 requirements.,يجب على المنظمة تطبيق ضوابط AC لضمان الامتثال لمتطلبات ضوابط أمنية,corrective,1,critical,True,INCIDENT_REPORT|MEETING_MINUTES|ATTESTATION|RISK_ASSESSMENT,active
1227,USA,USA-NIST-80053,Rev 5,2.56,AT,AT - Control 56,AT - ضابط 56,The organization shall implement at controls to ensure compliance with NIST SP 800-53 Rev 5 requirements.,يجب على المنظمة تطبيق ضوابط AT لضمان الامتثال لمتطلبات ضوابط أمنية,preventive,2,high,True,POLICY|PROCEDURE|STANDARD|CONFIG|TRAINING_RECORD,active
1228,USA,USA-NIST-80053,Rev 5,3.56,AU,AU - Control 56,AU - ضابط 56,The organization shall implement au controls to ensure compliance with NIST SP 800-53 Rev 5 requirements.,يجب على المنظمة تطبيق ضوابط AU لضمان الامتثال لمتطلبات ضوابط أمنية,detective,3,medium,True,LOG|REPORT|SCAN_REPORT|AUDIT_REPORT|ACCESS_REVIEW,active
1229,USA,USA-NIST-80053,Rev 5,4.56,CA,CA - Control 56,CA - ضابط 56,The organization shall implement ca controls to ensure compliance with NIST SP 800-53 Rev 5 requirements.,يجب على المنظمة تطبيق ضوابط CA لضمان الامتثال لمتطلبات ضوابط أمنية,corrective,4,low,True,INCIDENT_REPORT|MEETING_MINUTES|ATTESTATION|RISK_ASSESSMENT,active
1230,USA,USA-NIST-80053,Rev 5,5.56,CM,CM - Control 56,CM - ضابط 56,The organization shall implement cm controls to ensure compliance with NIST SP 800-53 Rev 5 requirements.,يجب على المنظمة تطبيق ضوابط CM لضمان الامتثال لمتطلبات ضوابط أمنية,preventive,1,critical,True,POLICY|PROCEDURE|STANDARD|CONFIG|TRAINING_RECORD,active
1231,USA,USA-NIST-80053,Rev 5,6.56,CP,CP - Control 56,CP - ضابط 56,The organization shall implement cp controls to ensure compliance with NIST SP 800-53 Rev 5 requirements.,يجب على المنظمة تطبيق ضوابط CP لضمان الامتثال لمتطلبات ضوابط أمنية,detective,2,high,True,LOG|REPORT|SCAN_REPORT|AUDIT_REPORT|ACCESS_REVIEW,active
1232,USA,USA-NIST-80053,Rev 5,7.56,IA,IA - Control 56,IA - ضابط 56,The organization shall implement ia controls to ensure compliance with NIST SP 800-53 Rev 5 requirements.,يجب على المنظمة تطبيق ضوابط IA لضمان الامتثال لمتطلبات ضوابط أمنية,corrective,3,medium,True,INCIDENT_REPORT|MEETING_MINUTES|ATTESTATION|RISK_ASSESSMENT,active
1233,USA,USA-NIST-80053,Rev 5,8.56,IR,IR - Control 56,IR - ضابط 56,The organization shall implement ir controls to ensure compliance with NIST SP 800-53 Rev 5 requirements.,يجب على المنظمة تطبيق ضوابط IR لضمان الامتثال لمتطلبات ضوابط أمنية,preventive,4,low,True,POLICY|PROCEDURE|STANDARD|CONFIG|TRAINING_RECORD,active
1234,USA,USA-NIST-80053,Rev 5,9.56,MA,MA - Control 56,MA - ضابط 56,The organization shall implement ma controls to ensure compliance with NIST SP 800-53 Rev 5 requirements.,يجب على المنظمة تطبيق ضوابط MA لضمان الامتثال لمتطلبات ضوابط أمنية,detective,1,critical,True,LOG|REPORT|SCAN_REPORT|AUDIT_REPORT|ACCESS_REVIEW,active
1235,USA,USA-NIST-80053,Rev 5,10.56,MP,MP - Control 56,MP - ضابط 56,The organization shall implement mp controls to ensure compliance with NIST SP 800-53 Rev 5 requirements.,يجب على المنظمة تطبيق ضوابط MP لضمان الامتثال لمتطلبات ضوابط أمنية,corrective,2,high,True,INCIDENT_REPORT|MEETING_MINUTES|ATTESTATION|RISK_ASSESSMENT,active
1236,USA,USA-NIST-80053,Rev 5,11.56,PE,PE - Control 56,PE - ضابط 56,The organization shall implement pe controls to ensure compliance with NIST SP 800-53 Rev 5 requirements.,يجب على المنظمة تطبيق ضوابط PE لضمان الامتثال لمتطلبات ضوابط أمنية,preventive,3,medium,True,POLICY|PROCEDURE|STANDARD|CONFIG|TRAINING_RECORD,active
1237,USA,USA-NIST-80053,Rev 5,12.56,PL,PL - Control 56,PL - ضابط 56,The organization shall implement pl controls to ensure compliance with NIST SP 800-53 Rev 5 requirements.,يجب على المنظمة تطبيق ضوابط PL لضمان الامتثال لمتطلبات ضوابط أمنية,detective,4,low,True,LOG|REPORT|SCAN_REPORT|AUDIT_REPORT|ACCESS_REVIEW,active
1238,USA,USA-NIST-80053,Rev 5,13.56,PM,PM - Control 56,PM - ضابط 56,The organization shall implement pm controls to ensure compliance with NIST SP 800-53 Rev 5 requirements.,يجب على المنظمة تطبيق ضوابط PM لضمان الامتثال لمتطلبات ضوابط أمنية,corrective,1,critical,True,INCIDENT_REPORT|MEETING_MINUTES|ATTESTATION|RISK_ASSESSMENT,active
1239,USA,USA-NIST-80053,Rev 5,14.56,PS,PS - Control 56,PS - ضابط 56,The organization shall implement ps controls to ensure compliance with NIST SP 800-53 Rev 5 requirements.,يجب على المنظمة تطبيق ضوابط PS لضمان الامتثال لمتطلبات ضوابط أمنية,preventive,2,high,True,POLICY|PROCEDURE|STANDARD|CONFIG|TRAINING_RECORD,active
1240,USA,USA-NIST-80053,Rev 5,15.56,PT,PT - Control 56,PT - ضابط 56,The organization shall implement pt controls to ensure compliance with NIST SP 800-53 Rev 5 requirements.,يجب على المنظمة تطبيق ضوابط PT لضمان الامتثال لمتطلبات ضوابط أمنية,detective,3,medium,True,LOG|REPORT|SCAN_REPORT|AUDIT_REPORT|ACCESS_REVIEW,active
1241,USA,USA-NIST-80053,Rev 5,16.56,RA,RA - Control 56,RA - ضابط 56,The organization shall implement ra controls to ensure compliance with NIST SP 800-53 Rev 5 requirements.,يجب على المنظمة تطبيق ضوابط RA لضمان الامتثال لمتطلبات ضوابط أمنية,corrective,4,low,True,INCIDENT_REPORT|MEETING_MINUTES|ATTESTATION|RISK_ASSESSMENT,active
1242,USA,USA-NIST-80053,Rev 5,17.56,SA,SA - Control 56,SA - ضابط 56,The organization shall implement sa controls to ensure compliance with NIST SP 800-53 Rev 5 requirements.,يجب على المنظمة تطبيق ضوابط SA لضمان الامتثال لمتطلبات ضوابط أمنية,preventive,1,critical,True,POLICY|PROCEDURE|STANDARD|CONFIG|TRAINING_RECORD,active
1243,USA,USA-NIST-80053,Rev 5,18.56,SC,SC - Control 56,SC - ضابط 56,The organization shall implement sc controls to ensure compliance with NIST SP 800-53 Rev 5 requirements.,يجب على المنظمة تطبيق ضوابط SC لضمان الامتثال لمتطلبات ضوابط أمنية,detective,2,high,True,LOG|REPORT|SCAN_REPORT|AUDIT_REPORT|ACCESS_REVIEW,active
1244,USA,USA-NIST-80053,Rev 5,19.56,SI,SI - Control 56,SI - ضابط 56,The organization shall implement si controls to ensure compliance with NIST SP 800-53 Rev 5 requirements.,يجب على المنظمة تطبيق ضوابط SI لضمان الامتثال لمتطلبات ضوابط أمنية,corrective,3,medium,True,INCIDENT_REPORT|MEETING_MINUTES|ATTESTATION|RISK_ASSESSMENT,active
1245,USA,USA-NIST-80053,Rev 5,20.56,SR,SR - Control 56,SR - ضابط 56,The organization shall implement sr controls to ensure compliance with NIST SP 800-53 Rev 5 requirements.,يجب على المنظمة تطبيق ضوابط SR لضمان الامتثال لمتطلبات ضوابط أمنية,preventive,4,low,True,POLICY|PROCEDURE|STANDARD|CONFIG|TRAINING_RECORD,active
1246,USA,USA-NIST-80053,Rev 5,1.57,AC,AC - Control 57,AC - ضابط 57,The organization shall implement ac controls to ensure compliance with NIST SP 800-53 Rev 5 requirements.,يجب على المنظمة تطبيق ضوابط AC لضمان الامتثال لمتطلبات ضوابط أمنية,detective,1,critical,True,LOG|REPORT|SCAN_REPORT|AUDIT_REPORT|ACCESS_REVIEW,active
1247,USA,USA-NIST-80053,Rev 5,2.57,AT,AT - Control 57,AT - ضابط 57,The organization shall implement at controls to ensure compliance with NIST SP 800-53 Rev 5 requirements.,يجب على المنظمة تطبيق ضوابط AT لضمان الامتثال لمتطلبات ضوابط أمنية,corrective,2,high,True,INCIDENT_REPORT|MEETING_MINUTES|ATTESTATION|RISK_ASSESSMENT,active
1248,USA,USA-NIST-80053,Rev 5,3.57,AU,AU - Control 57,AU - ضابط 57,The organization shall implement au controls to ensure compliance with NIST SP 800-53 Rev 5 requirements.,يجب على المنظمة تطبيق ضوابط AU لضمان الامتثال لمتطلبات ضوابط أمنية,preventive,3,medium,True,POLICY|PROCEDURE|STANDARD|CONFIG|TRAINING_RECORD,active
1249,USA,USA-NIST-80053,Rev 5,4.57,CA,CA - Control 57,CA - ضابط 57,The organization shall implement ca controls to ensure compliance with NIST SP 800-53 Rev 5 requirements.,يجب على المنظمة تطبيق ضوابط CA لضمان الامتثال لمتطلبات ضوابط أمنية,detective,4,low,True,LOG|REPORT|SCAN_REPORT|AUDIT_REPORT|ACCESS_REVIEW,active
1250,USA,USA-NIST-80053,Rev 5,5.57,CM,CM - Control 57,CM - ضابط 57,The organization shall implement cm controls to ensure compliance with NIST SP 800-53 Rev 5 requirements.,يجب على المنظمة تطبيق ضوابط CM لضمان الامتثال لمتطلبات ضوابط أمنية,corrective,1,critical,True,INCIDENT_REPORT|MEETING_MINUTES|ATTESTATION|RISK_ASSESSMENT,active
1251,USA,USA-NIST-80053,Rev 5,6.57,CP,CP - Control 57,CP - ضابط 57,The organization shall implement cp controls to ensure compliance with NIST SP 800-53 Rev 5 requirements.,يجب على المنظمة تطبيق ضوابط CP لضمان الامتثال لمتطلبات ضوابط أمنية,preventive,2,high,True,POLICY|PROCEDURE|STANDARD|CONFIG|TRAINING_RECORD,active
1252,USA,USA-NIST-80053,Rev 5,7.57,IA,IA - Control 57,IA - ضابط 57,The organization shall implement ia controls to ensure compliance with NIST SP 800-53 Rev 5 requirements.,يجب على المنظمة تطبيق ضوابط IA لضمان الامتثال لمتطلبات ضوابط أمنية,detective,3,medium,True,LOG|REPORT|SCAN_REPORT|AUDIT_REPORT|ACCESS_REVIEW,active
1253,USA,USA-NIST-80053,Rev 5,8.57,IR,IR - Control 57,IR - ضابط 57,The organization shall implement ir controls to ensure compliance with NIST SP 800-53 Rev 5 requirements.,يجب على المنظمة تطبيق ضوابط IR لضمان الامتثال لمتطلبات ضوابط أمنية,corrective,4,low,True,INCIDENT_REPORT|MEETING_MINUTES|ATTESTATION|RISK_ASSESSMENT,active
1254,USA,USA-NIST-80053,Rev 5,9.57,MA,MA - Control 57,MA - ضابط 57,The organization shall implement ma controls to ensure compliance with NIST SP 800-53 Rev 5 requirements.,يجب على المنظمة تطبيق ضوابط MA لضمان الامتثال لمتطلبات ضوابط أمنية,preventive,1,critical,True,POLICY|PROCEDURE|STANDARD|CONFIG|TRAINING_RECORD,active
1255,USA,USA-NIST-80053,Rev 5,10.57,MP,MP - Control 57,MP - ضابط 57,The organization shall implement mp controls to ensure compliance with NIST SP 800-53 Rev 5 requirements.,يجب على المنظمة تطبيق ضوابط MP لضمان الامتثال لمتطلبات ضوابط أمنية,detective,2,high,True,LOG|REPORT|SCAN_REPORT|AUDIT_REPORT|ACCESS_REVIEW,active
1256,USA,USA-NIST-80053,Rev 5,11.57,PE,PE - Control 57,PE - ضابط 57,The organization shall implement pe controls to ensure compliance with NIST SP 800-53 Rev 5 requirements.,يجب على المنظمة تطبيق ضوابط PE لضمان الامتثال لمتطلبات ضوابط أمنية,corrective,3,medium,True,INCIDENT_REPORT|MEETING_MINUTES|ATTESTATION|RISK_ASSESSMENT,active
1257,USA,USA-NIST-80053,Rev 5,12.57,PL,PL - Control 57,PL - ضابط 57,The organization shall implement pl controls to ensure compliance with NIST SP 800-53 Rev 5 requirements.,يجب على المنظمة تطبيق ضوابط PL لضمان الامتثال لمتطلبات ضوابط أمنية,preventive,4,low,True,POLICY|PROCEDURE|STANDARD|CONFIG|TRAINING_RECORD,active
1258,USA,USA-NIST-80053,Rev 5,13.57,PM,PM - Control 57,PM - ضابط 57,The organization shall implement pm controls to ensure compliance with NIST SP 800-53 Rev 5 requirements.,يجب على المنظمة تطبيق ضوابط PM لضمان الامتثال لمتطلبات ضوابط أمنية,detective,1,critical,True,LOG|REPORT|SCAN_REPORT|AUDIT_REPORT|ACCESS_REVIEW,active
1259,USA,USA-NIST-80053,Rev 5,14.57,PS,PS - Control 57,PS - ضابط 57,The organization shall implement ps controls to ensure compliance with NIST SP 800-53 Rev 5 requirements.,يجب على المنظمة تطبيق ضوابط PS لضمان الامتثال لمتطلبات ضوابط أمنية,corrective,2,high,True,INCIDENT_REPORT|MEETING_MINUTES|ATTESTATION|RISK_ASSESSMENT,active
1260,USA,USA-NIST-80053,Rev 5,15.57,PT,PT - Control 57,PT - ضابط 57,The organization shall implement pt controls to ensure compliance with NIST SP 800-53 Rev 5 requirements.,يجب على المنظمة تطبيق ضوابط PT لضمان الامتثال لمتطلبات ضوابط أمنية,preventive,3,medium,True,POLICY|PROCEDURE|STANDARD|CONFIG|TRAINING_RECORD,active
1261,USA,USA-NIST-80053,Rev 5,16.57,RA,RA - Control 57,RA - ضابط 57,The organization shall implement ra controls to ensure compliance with NIST SP 800-53 Rev 5 requirements.,يجب على المنظمة تطبيق ضوابط RA لضمان الامتثال لمتطلبات ضوابط أمنية,detective,4,low,True,LOG|REPORT|SCAN_REPORT|AUDIT_REPORT|ACCESS_REVIEW,active
1262,USA,USA-NIST-80053,Rev 5,17.57,SA,SA - Control 57,SA - ضابط 57,The organization shall implement sa controls to ensure compliance with NIST SP 800-53 Rev 5 requirements.,يجب على المنظمة تطبيق ضوابط SA لضمان الامتثال لمتطلبات ضوابط أمنية,corrective,1,critical,True,INCIDENT_REPORT|MEETING_MINUTES|ATTESTATION|RISK_ASSESSMENT,active
1263,USA,USA-NIST-80053,Rev 5,18.57,SC,SC - Control 57,SC - ضابط 57,The organization shall implement sc controls to ensure compliance with NIST SP 800-53 Rev 5 requirements.,يجب على المنظمة تطبيق ضوابط SC لضمان الامتثال لمتطلبات ضوابط أمنية,preventive,2,high,True,POLICY|PROCEDURE|STANDARD|CONFIG|TRAINING_RECORD,active
1264,USA,USA-NIST-80053,Rev 5,19.57,SI,SI - Control 57,SI - ضابط 57,The organization shall implement si controls to ensure compliance with NIST SP 800-53 Rev 5 requirements.,يجب على المنظمة تطبيق ضوابط SI لضمان الامتثال لمتطلبات ضوابط أمنية,detective,3,medium,True,LOG|REPORT|SCAN_REPORT|AUDIT_REPORT|ACCESS_REVIEW,active
1265,USA,USA-NIST-80053,Rev 5,20.57,SR,SR - Control 57,SR - ضابط 57,The organization shall implement sr controls to ensure compliance with NIST SP 800-53 Rev 5 requirements.,يجب على المنظمة تطبيق ضوابط SR لضمان الامتثال لمتطلبات ضوابط أمنية,corrective,4,low,True,INCIDENT_REPORT|MEETING_MINUTES|ATTESTATION|RISK_ASSESSMENT,active
1266,USA,USA-NIST-80053,Rev 5,1.58,AC,AC - Control 58,AC - ضابط 58,The organization shall implement ac controls to ensure compliance with NIST SP 800-53 Rev 5 requirements.,يجب على المنظمة تطبيق ضوابط AC لضمان الامتثال لمتطلبات ضوابط أمنية,preventive,1,critical,True,POLICY|PROCEDURE|STANDARD|CONFIG|TRAINING_RECORD,active
1267,USA,USA-NIST-80053,Rev 5,2.58,AT,AT - Control 58,AT - ضابط 58,The organization shall implement at controls to ensure compliance with NIST SP 800-53 Rev 5 requirements.,يجب على المنظمة تطبيق ضوابط AT لضمان الامتثال لمتطلبات ضوابط أمنية,detective,2,high,True,LOG|REPORT|SCAN_REPORT|AUDIT_REPORT|ACCESS_REVIEW,active
1268,USA,USA-NIST-80053,Rev 5,3.58,AU,AU - Control 58,AU - ضابط 58,The organization shall implement au controls to ensure compliance with NIST SP 800-53 Rev 5 requirements.,يجب على المنظمة تطبيق ضوابط AU لضمان الامتثال لمتطلبات ضوابط أمنية,corrective,3,medium,True,INCIDENT_REPORT|MEETING_MINUTES|ATTESTATION|RISK_ASSESSMENT,active
1269,USA,USA-NIST-80053,Rev 5,4.58,CA,CA - Control 58,CA - ضابط 58,The organization shall implement ca controls to ensure compliance with NIST SP 800-53 Rev 5 requirements.,يجب على المنظمة تطبيق ضوابط CA لضمان الامتثال لمتطلبات ضوابط أمنية,preventive,4,low,True,POLICY|PROCEDURE|STANDARD|CONFIG|TRAINING_RECORD,active
1270,USA,USA-NIST-80053,Rev 5,5.58,CM,CM - Control 58,CM - ضابط 58,The organization shall implement cm controls to ensure compliance with NIST SP 800-53 Rev 5 requirements.,يجب على المنظمة تطبيق ضوابط CM لضمان الامتثال لمتطلبات ضوابط أمنية,detective,1,critical,True,LOG|REPORT|SCAN_REPORT|AUDIT_REPORT|ACCESS_REVIEW,active
1271,USA,USA-NIST-80053,Rev 5,6.58,CP,CP - Control 58,CP - ضابط 58,The organization shall implement cp controls to ensure compliance with NIST SP 800-53 Rev 5 requirements.,يجب على المنظمة تطبيق ضوابط CP لضمان الامتثال لمتطلبات ضوابط أمنية,corrective,2,high,True,INCIDENT_REPORT|MEETING_MINUTES|ATTESTATION|RISK_ASSESSMENT,active
1272,USA,USA-NIST-80053,Rev 5,7.58,IA,IA - Control 58,IA - ضابط 58,The organization shall implement ia controls to ensure compliance with NIST SP 800-53 Rev 5 requirements.,يجب على المنظمة تطبيق ضوابط IA لضمان الامتثال لمتطلبات ضوابط أمنية,preventive,3,medium,True,POLICY|PROCEDURE|STANDARD|CONFIG|TRAINING_RECORD,active
1273,USA,USA-NIST-80053,Rev 5,8.58,IR,IR - Control 58,IR - ضابط 58,The organization shall implement ir controls to ensure compliance with NIST SP 800-53 Rev 5 requirements.,يجب على المنظمة تطبيق ضوابط IR لضمان الامتثال لمتطلبات ضوابط أمنية,detective,4,low,True,LOG|REPORT|SCAN_REPORT|AUDIT_REPORT|ACCESS_REVIEW,active
1274,USA,USA-NIST-80053,Rev 5,9.58,MA,MA - Control 58,MA - ضابط 58,The organization shall implement ma controls to ensure compliance with NIST SP 800-53 Rev 5 requirements.,يجب على المنظمة تطبيق ضوابط MA لضمان الامتثال لمتطلبات ضوابط أمنية,corrective,1,critical,True,INCIDENT_REPORT|MEETING_MINUTES|ATTESTATION|RISK_ASSESSMENT,active
1275,USA,USA-NIST-80053,Rev 5,10.58,MP,MP - Control 58,MP - ضابط 58,The organization shall implement mp controls to ensure compliance with NIST SP 800-53 Rev 5 requirements.,يجب على المنظمة تطبيق ضوابط MP لضمان الامتثال لمتطلبات ضوابط أمنية,preventive,2,high,True,POLICY|PROCEDURE|STANDARD|CONFIG|TRAINING_RECORD,active
1276,USA,USA-NIST-80053,Rev 5,11.58,PE,PE - Control 58,PE - ضابط 58,The organization shall implement pe controls to ensure compliance with NIST SP 800-53 Rev 5 requirements.,يجب على المنظمة تطبيق ضوابط PE لضمان الامتثال لمتطلبات ضوابط أمنية,detective,3,medium,True,LOG|REPORT|SCAN_REPORT|AUDIT_REPORT|ACCESS_REVIEW,active
1277,USA,USA-NIST-80053,Rev 5,12.58,PL,PL - Control 58,PL - ضابط 58,The organization shall implement pl controls to ensure compliance with NIST SP 800-53 Rev 5 requirements.,يجب على المنظمة تطبيق ضوابط PL لضمان الامتثال لمتطلبات ضوابط أمنية,corrective,4,low,True,INCIDENT_REPORT|MEETING_MINUTES|ATTESTATION|RISK_ASSESSMENT,active
1278,USA,USA-NIST-80053,Rev 5,13.58,PM,PM - Control 58,PM - ضابط 58,The organization shall implement pm controls to ensure compliance with NIST SP 800-53 Rev 5 requirements.,يجب على المنظمة تطبيق ضوابط PM لضمان الامتثال لمتطلبات ضوابط أمنية,preventive,1,critical,True,POLICY|PROCEDURE|STANDARD|CONFIG|TRAINING_RECORD,active
1279,USA,USA-NIST-80053,Rev 5,14.58,PS,PS - Control 58,PS - ضابط 58,The organization shall implement ps controls to ensure compliance with NIST SP 800-53 Rev 5 requirements.,يجب على المنظمة تطبيق ضوابط PS لضمان الامتثال لمتطلبات ضوابط أمنية,detective,2,high,True,LOG|REPORT|SCAN_REPORT|AUDIT_REPORT|ACCESS_REVIEW,active
1280,USA,USA-NIST-80053,Rev 5,15.58,PT,PT - Control 58,PT - ضابط 58,The organization shall implement pt controls to ensure compliance with NIST SP 800-53 Rev 5 requirements.,يجب على المنظمة تطبيق ضوابط PT لضمان الامتثال لمتطلبات ضوابط أمنية,corrective,3,medium,True,INCIDENT_REPORT|MEETING_MINUTES|ATTESTATION|RISK_ASSESSMENT,active
1281,USA,USA-NIST-80053,Rev 5,16.58,RA,RA - Control 58,RA - ضابط 58,The organization shall implement ra controls to ensure compliance with NIST SP 800-53 Rev 5 requirements.,يجب على المنظمة تطبيق ضوابط RA لضمان الامتثال لمتطلبات ضوابط أمنية,preventive,4,low,True,POLICY|PROCEDURE|STANDARD|CONFIG|TRAINING_RECORD,active
1282,USA,USA-NIST-80053,Rev 5,17.58,SA,SA - Control 58,SA - ضابط 58,The organization shall implement sa controls to ensure compliance with NIST SP 800-53 Rev 5 requirements.,يجب على المنظمة تطبيق ضوابط SA لضمان الامتثال لمتطلبات ضوابط أمنية,detective,1,critical,True,LOG|REPORT|SCAN_REPORT|AUDIT_REPORT|ACCESS_REVIEW,active
1283,USA,USA-NIST-80053,Rev 5,18.58,SC,SC - Control 58,SC - ضابط 58,The organization shall implement sc controls to ensure compliance with NIST SP 800-53 Rev 5 requirements.,يجب على المنظمة تطبيق ضوابط SC لضمان الامتثال لمتطلبات ضوابط أمنية,corrective,2,high,True,INCIDENT_REPORT|MEETING_MINUTES|ATTESTATION|RISK_ASSESSMENT,active
1284,USA,USA-NIST-80053,Rev 5,19.58,SI,SI - Control 58,SI - ضابط 58,The organization shall implement si controls to ensure compliance with NIST SP 800-53 Rev 5 requirements.,يجب على المنظمة تطبيق ضوابط SI لضمان الامتثال لمتطلبات ضوابط أمنية,preventive,3,medium,True,POLICY|PROCEDURE|STANDARD|CONFIG|TRAINING_RECORD,active
1285,USA,USA-NIST-80053,Rev 5,20.58,SR,SR - Control 58,SR - ضابط 58,The organization shall implement sr controls to ensure compliance with NIST SP 800-53 Rev 5 requirements.,يجب على المنظمة تطبيق ضوابط SR لضمان الامتثال لمتطلبات ضوابط أمنية,detective,4,low,True,LOG|REPORT|SCAN_REPORT|AUDIT_REPORT|ACCESS_REVIEW,active
1286,USA,USA-NIST-80053,Rev 5,1.59,AC,AC - Control 59,AC - ضابط 59,The organization shall implement ac controls to ensure compliance with NIST SP 800-53 Rev 5 requirements.,يجب على المنظمة تطبيق ضوابط AC لضمان الامتثال لمتطلبات ضوابط أمنية,corrective,1,critical,True,INCIDENT_REPORT|MEETING_MINUTES|ATTESTATION|RISK_ASSESSMENT,active
1287,USA,USA-NIST-80053,Rev 5,2.59,AT,AT - Control 59,AT - ضابط 59,The organization shall implement at controls to ensure compliance with NIST SP 800-53 Rev 5 requirements.,يجب على المنظمة تطبيق ضوابط AT لضمان الامتثال لمتطلبات ضوابط أمنية,preventive,2,high,True,POLICY|PROCEDURE|STANDARD|CONFIG|TRAINING_RECORD,active
1288,USA,USA-NIST-80053,Rev 5,3.59,AU,AU - Control 59,AU - ضابط 59,The organization shall implement au controls to ensure compliance with NIST SP 800-53 Rev 5 requirements.,يجب على المنظمة تطبيق ضوابط AU لضمان الامتثال لمتطلبات ضوابط أمنية,detective,3,medium,True,LOG|REPORT|SCAN_REPORT|AUDIT_REPORT|ACCESS_REVIEW,active
1289,USA,USA-NIST-80053,Rev 5,4.59,CA,CA - Control 59,CA - ضابط 59,The organization shall implement ca controls to ensure compliance with NIST SP 800-53 Rev 5 requirements.,يجب على المنظمة تطبيق ضوابط CA لضمان الامتثال لمتطلبات ضوابط أمنية,corrective,4,low,True,INCIDENT_REPORT|MEETING_MINUTES|ATTESTATION|RISK_ASSESSMENT,active
1290,USA,USA-NIST-80053,Rev 5,5.59,CM,CM - Control 59,CM - ضابط 59,The organization shall implement cm controls to ensure compliance with NIST SP 800-53 Rev 5 requirements.,يجب على المنظمة تطبيق ضوابط CM لضمان الامتثال لمتطلبات ضوابط أمنية,preventive,1,critical,True,POLICY|PROCEDURE|STANDARD|CONFIG|TRAINING_RECORD,active
1291,USA,USA-NIST-80053,Rev 5,6.59,CP,CP - Control 59,CP - ضابط 59,The organization shall implement cp controls to ensure compliance with NIST SP 800-53 Rev 5 requirements.,يجب على المنظمة تطبيق ضوابط CP لضمان الامتثال لمتطلبات ضوابط أمنية,detective,2,high,True,LOG|REPORT|SCAN_REPORT|AUDIT_REPORT|ACCESS_REVIEW,active
1292,USA,USA-NIST-80053,Rev 5,7.59,IA,IA - Control 59,IA - ضابط 59,The organization shall implement ia controls to ensure compliance with NIST SP 800-53 Rev 5 requirements.,يجب على المنظمة تطبيق ضوابط IA لضمان الامتثال لمتطلبات ضوابط أمنية,corrective,3,medium,True,INCIDENT_REPORT|MEETING_MINUTES|ATTESTATION|RISK_ASSESSMENT,active
1293,USA,USA-NIST-80053,Rev 5,8.59,IR,IR - Control 59,IR - ضابط 59,The organization shall implement ir controls to ensure compliance with NIST SP 800-53 Rev 5 requirements.,يجب على المنظمة تطبيق ضوابط IR لضمان الامتثال لمتطلبات ضوابط أمنية,preventive,4,low,True,POLICY|PROCEDURE|STANDARD|CONFIG|TRAINING_RECORD,active
1294,USA,USA-NIST-80053,Rev 5,9.59,MA,MA - Control 59,MA - ضابط 59,The organization shall implement ma controls to ensure compliance with NIST SP 800-53 Rev 5 requirements.,يجب على المنظمة تطبيق ضوابط MA لضمان الامتثال لمتطلبات ضوابط أمنية,detective,1,critical,True,LOG|REPORT|SCAN_REPORT|AUDIT_REPORT|ACCESS_REVIEW,active
1295,USA,USA-NIST-80053,Rev 5,10.59,MP,MP - Control 59,MP - ضابط 59,The organization shall implement mp controls to ensure compliance with NIST SP 800-53 Rev 5 requirements.,يجب على المنظمة تطبيق ضوابط MP لضمان الامتثال لمتطلبات ضوابط أمنية,corrective,2,high,True,INCIDENT_REPORT|MEETING_MINUTES|ATTESTATION|RISK_ASSESSMENT,active
1296,USA,USA-NIST-80053,Rev 5,11.59,PE,PE - Control 59,PE - ضابط 59,The organization shall implement pe controls to ensure compliance with NIST SP 800-53 Rev 5 requirements.,يجب على المنظمة تطبيق ضوابط PE لضمان الامتثال لمتطلبات ضوابط أمنية,preventive,3,medium,True,POLICY|PROCEDURE|STANDARD|CONFIG|TRAINING_RECORD,active
1297,USA,USA-NIST-80053,Rev 5,12.59,PL,PL - Control 59,PL - ضابط 59,The organization shall implement pl controls to ensure compliance with NIST SP 800-53 Rev 5 requirements.,يجب على المنظمة تطبيق ضوابط PL لضمان الامتثال لمتطلبات ضوابط أمنية,detective,4,low,True,LOG|REPORT|SCAN_REPORT|AUDIT_REPORT|ACCESS_REVIEW,active
1298,USA,USA-NIST-80053,Rev 5,13.59,PM,PM - Control 59,PM - ضابط 59,The organization shall implement pm controls to ensure compliance with NIST SP 800-53 Rev 5 requirements.,يجب على المنظمة تطبيق ضوابط PM لضمان الامتثال لمتطلبات ضوابط أمنية,corrective,1,critical,True,INCIDENT_REPORT|MEETING_MINUTES|ATTESTATION|RISK_ASSESSMENT,active
1299,USA,USA-NIST-80053,Rev 5,14.59,PS,PS - Control 59,PS - ضابط 59,The organization shall implement ps controls to ensure compliance with NIST SP 800-53 Rev 5 requirements.,يجب على المنظمة تطبيق ضوابط PS لضمان الامتثال لمتطلبات ضوابط أمنية,preventive,2,high,True,POLICY|PROCEDURE|STANDARD|CONFIG|TRAINING_RECORD,active
1300,USA,USA-NIST-80053,Rev 5,15.59,PT,PT - Control 59,PT - ضابط 59,The organization shall implement pt controls to ensure compliance with NIST SP 800-53 Rev 5 requirements.,يجب على المنظمة تطبيق ضوابط PT لضمان الامتثال لمتطلبات ضوابط أمنية,detective,3,medium,True,LOG|REPORT|SCAN_REPORT|AUDIT_REPORT|ACCESS_REVIEW,active
1301,USA,USA-NIST-80053,Rev 5,16.59,RA,RA - Control 59,RA - ضابط 59,The organization shall implement ra controls to ensure compliance with NIST SP 800-53 Rev 5 requirements.,يجب على المنظمة تطبيق ضوابط RA لضمان الامتثال لمتطلبات ضوابط أمنية,corrective,4,low,True,INCIDENT_REPORT|MEETING_MINUTES|ATTESTATION|RISK_ASSESSMENT,active
1302,USA,USA-NIST-80053,Rev 5,17.59,SA,SA - Control 59,SA - ضابط 59,The organization shall implement sa controls to ensure compliance with NIST SP 800-53 Rev 5 requirements.,يجب على المنظمة تطبيق ضوابط SA لضمان الامتثال لمتطلبات ضوابط أمنية,preventive,1,critical,True,POLICY|PROCEDURE|STANDARD|CONFIG|TRAINING_RECORD,active
1303,USA,USA-NIST-80053,Rev 5,18.59,SC,SC - Control 59,SC - ضابط 59,The organization shall implement sc controls to ensure compliance with NIST SP 800-53 Rev 5 requirements.,يجب على المنظمة تطبيق ضوابط SC لضمان الامتثال لمتطلبات ضوابط أمنية,detective,2,high,True,LOG|REPORT|SCAN_REPORT|AUDIT_REPORT|ACCESS_REVIEW,active
1304,USA,USA-NIST-80053,Rev 5,19.59,SI,SI - Control 59,SI - ضابط 59,The organization shall implement si controls to ensure compliance with NIST SP 800-53 Rev 5 requirements.,يجب على المنظمة تطبيق ضوابط SI لضمان الامتثال لمتطلبات ضوابط أمنية,corrective,3,medium,True,INCIDENT_REPORT|MEETING_MINUTES|ATTESTATION|RISK_ASSESSMENT,active
1305,USA,USA-NIST-80053,Rev 5,20.59,SR,SR - Control 59,SR - ضابط 59,The organization shall implement sr controls to ensure compliance with NIST SP 800-53 Rev 5 requirements.,يجب على المنظمة تطبيق ضوابط SR لضمان الامتثال لمتطلبات ضوابط أمنية,preventive,4,low,True,POLICY|PROCEDURE|STANDARD|CONFIG|TRAINING_RECORD,active
1306,USA,USA-NIST-80053,Rev 5,1.60,AC,AC - Control 60,AC - ضابط 60,The organization shall implement ac controls to ensure compliance with NIST SP 800-53 Rev 5 requirements.,يجب على المنظمة تطبيق ضوابط AC لضمان الامتثال لمتطلبات ضوابط أمنية,detective,1,critical,True,LOG|REPORT|SCAN_REPORT|AUDIT_REPORT|ACCESS_REVIEW,active
1307,USA,USA-NIST-80053,Rev 5,2.60,AT,AT - Control 60,AT - ضابط 60,The organization shall implement at controls to ensure compliance with NIST SP 800-53 Rev 5 requirements.,يجب على المنظمة تطبيق ضوابط AT لضمان الامتثال لمتطلبات ضوابط أمنية,corrective,2,high,True,INCIDENT_REPORT|MEETING_MINUTES|ATTESTATION|RISK_ASSESSMENT,active
1308,USA,USA-NIST-80053,Rev 5,3.60,AU,AU - Control 60,AU - ضابط 60,The organization shall implement au controls to ensure compliance with NIST SP 800-53 Rev 5 requirements.,يجب على المنظمة تطبيق ضوابط AU لضمان الامتثال لمتطلبات ضوابط أمنية,preventive,3,medium,True,POLICY|PROCEDURE|STANDARD|CONFIG|TRAINING_RECORD,active
1309,USA,USA-NIST-80053,Rev 5,4.60,CA,CA - Control 60,CA - ضابط 60,The organization shall implement ca controls to ensure compliance with NIST SP 800-53 Rev 5 requirements.,يجب على المنظمة تطبيق ضوابط CA لضمان الامتثال لمتطلبات ضوابط أمنية,detective,4,low,True,LOG|REPORT|SCAN_REPORT|AUDIT_REPORT|ACCESS_REVIEW,active
1310,USA,USA-NIST-80053,Rev 5,5.60,CM,CM - Control 60,CM - ضابط 60,The organization shall implement cm controls to ensure compliance with NIST SP 800-53 Rev 5 requirements.,يجب على المنظمة تطبيق ضوابط CM لضمان الامتثال لمتطلبات ضوابط أمنية,corrective,1,critical,True,INCIDENT_REPORT|MEETING_MINUTES|ATTESTATION|RISK_ASSESSMENT,active
1311,USA,USA-NIST-80053,Rev 5,6.60,CP,CP - Control 60,CP - ضابط 60,The organization shall implement cp controls to ensure compliance with NIST SP 800-53 Rev 5 requirements.,يجب على المنظمة تطبيق ضوابط CP لضمان الامتثال لمتطلبات ضوابط أمنية,preventive,2,high,True,POLICY|PROCEDURE|STANDARD|CONFIG|TRAINING_RECORD,active
1312,USA,USA-NIST-80053,Rev 5,7.60,IA,IA - Control 60,IA - ضابط 60,The organization shall implement ia controls to ensure compliance with NIST SP 800-53 Rev 5 requirements.,يجب على المنظمة تطبيق ضوابط IA لضمان الامتثال لمتطلبات ضوابط أمنية,detective,3,medium,True,LOG|REPORT|SCAN_REPORT|AUDIT_REPORT|ACCESS_REVIEW,active
1313,USA,USA-NIST-80053,Rev 5,8.60,IR,IR - Control 60,IR - ضابط 60,The organization shall implement ir controls to ensure compliance with NIST SP 800-53 Rev 5 requirements.,يجب على المنظمة تطبيق ضوابط IR لضمان الامتثال لمتطلبات ضوابط أمنية,corrective,4,low,True,INCIDENT_REPORT|MEETING_MINUTES|ATTESTATION|RISK_ASSESSMENT,active
1314,USA,USA-NIST-80053,Rev 5,9.60,MA,MA - Control 60,MA - ضابط 60,The organization shall implement ma controls to ensure compliance with NIST SP 800-53 Rev 5 requirements.,يجب على المنظمة تطبيق ضوابط MA لضمان الامتثال لمتطلبات ضوابط أمنية,preventive,1,critical,True,POLICY|PROCEDURE|STANDARD|CONFIG|TRAINING_RECORD,active
1315,USA,USA-HIPAA,2013,1.1,Privacy Rule,Privacy Rule - Control 1,Privacy Rule - ضابط 1,The organization shall implement privacy rule controls to ensure compliance with HIPAA Privacy & Security requirements.,يجب على المنظمة تطبيق ضوابط Privacy Rule لضمان الامتثال لمتطلبات خصوصية وأمن HIPAA,preventive,1,critical,True,POLICY|PROCEDURE|STANDARD|CONFIG|TRAINING_RECORD,active
1316,USA,USA-HIPAA,2013,2.1,Security Rule,Security Rule - Control 1,Security Rule - ضابط 1,The organization shall implement security rule controls to ensure compliance with HIPAA Privacy & Security requirements.,يجب على المنظمة تطبيق ضوابط Security Rule لضمان الامتثال لمتطلبات خصوصية وأمن HIPAA,detective,2,high,True,LOG|REPORT|SCAN_REPORT|AUDIT_REPORT|ACCESS_REVIEW,active
1317,USA,USA-HIPAA,2013,3.1,Breach Notification,Breach Notification - Control 1,Breach Notification - ضابط 1,The organization shall implement breach notification controls to ensure compliance with HIPAA Privacy & Security requirements.,يجب على المنظمة تطبيق ضوابط Breach Notification لضمان الامتثال لمتطلبات خصوصية وأمن HIPAA,corrective,3,medium,True,INCIDENT_REPORT|MEETING_MINUTES|ATTESTATION|RISK_ASSESSMENT,active
1318,USA,USA-HIPAA,2013,4.1,Enforcement,Enforcement - Control 1,Enforcement - ضابط 1,The organization shall implement enforcement controls to ensure compliance with HIPAA Privacy & Security requirements.,يجب على المنظمة تطبيق ضوابط Enforcement لضمان الامتثال لمتطلبات خصوصية وأمن HIPAA,preventive,4,low,True,POLICY|PROCEDURE|STANDARD|CONFIG|TRAINING_RECORD,active
1319,USA,USA-HIPAA,2013,1.2,Privacy Rule,Privacy Rule - Control 2,Privacy Rule - ضابط 2,The organization shall implement privacy rule controls to ensure compliance with HIPAA Privacy & Security requirements.,يجب على المنظمة تطبيق ضوابط Privacy Rule لضمان الامتثال لمتطلبات خصوصية وأمن HIPAA,detective,1,critical,True,LOG|REPORT|SCAN_REPORT|AUDIT_REPORT|ACCESS_REVIEW,active
1320,USA,USA-HIPAA,2013,2.2,Security Rule,Security Rule - Control 2,Security Rule - ضابط 2,The organization shall implement security rule controls to ensure compliance with HIPAA Privacy & Security requirements.,يجب على المنظمة تطبيق ضوابط Security Rule لضمان الامتثال لمتطلبات خصوصية وأمن HIPAA,corrective,2,high,True,INCIDENT_REPORT|MEETING_MINUTES|ATTESTATION|RISK_ASSESSMENT,active
1321,USA,USA-HIPAA,2013,3.2,Breach Notification,Breach Notification - Control 2,Breach Notification - ضابط 2,The organization shall implement breach notification controls to ensure compliance with HIPAA Privacy & Security requirements.,يجب على المنظمة تطبيق ضوابط Breach Notification لضمان الامتثال لمتطلبات خصوصية وأمن HIPAA,preventive,3,medium,True,POLICY|PROCEDURE|STANDARD|CONFIG|TRAINING_RECORD,active
1322,USA,USA-HIPAA,2013,4.2,Enforcement,Enforcement - Control 2,Enforcement - ضابط 2,The organization shall implement enforcement controls to ensure compliance with HIPAA Privacy & Security requirements.,يجب على المنظمة تطبيق ضوابط Enforcement لضمان الامتثال لمتطلبات خصوصية وأمن HIPAA,detective,4,low,True,LOG|REPORT|SCAN_REPORT|AUDIT_REPORT|ACCESS_REVIEW,active
1323,USA,USA-HIPAA,2013,1.3,Privacy Rule,Privacy Rule - Control 3,Privacy Rule - ضابط 3,The organization shall implement privacy rule controls to ensure compliance with HIPAA Privacy & Security requirements.,يجب على المنظمة تطبيق ضوابط Privacy Rule لضمان الامتثال لمتطلبات خصوصية وأمن HIPAA,corrective,1,critical,True,INCIDENT_REPORT|MEETING_MINUTES|ATTESTATION|RISK_ASSESSMENT,active
1324,USA,USA-HIPAA,2013,2.3,Security Rule,Security Rule - Control 3,Security Rule - ضابط 3,The organization shall implement security rule controls to ensure compliance with HIPAA Privacy & Security requirements.,يجب على المنظمة تطبيق ضوابط Security Rule لضمان الامتثال لمتطلبات خصوصية وأمن HIPAA,preventive,2,high,True,POLICY|PROCEDURE|STANDARD|CONFIG|TRAINING_RECORD,active
1325,USA,USA-HIPAA,2013,3.3,Breach Notification,Breach Notification - Control 3,Breach Notification - ضابط 3,The organization shall implement breach notification controls to ensure compliance with HIPAA Privacy & Security requirements.,يجب على المنظمة تطبيق ضوابط Breach Notification لضمان الامتثال لمتطلبات خصوصية وأمن HIPAA,detective,3,medium,True,LOG|REPORT|SCAN_REPORT|AUDIT_REPORT|ACCESS_REVIEW,active
1326,USA,USA-HIPAA,2013,4.3,Enforcement,Enforcement - Control 3,Enforcement - ضابط 3,The organization shall implement enforcement controls to ensure compliance with HIPAA Privacy & Security requirements.,يجب على المنظمة تطبيق ضوابط Enforcement لضمان الامتثال لمتطلبات خصوصية وأمن HIPAA,corrective,4,low,True,INCIDENT_REPORT|MEETING_MINUTES|ATTESTATION|RISK_ASSESSMENT,active
1327,USA,USA-HIPAA,2013,1.4,Privacy Rule,Privacy Rule - Control 4,Privacy Rule - ضابط 4,The organization shall implement privacy rule controls to ensure compliance with HIPAA Privacy & Security requirements.,يجب على المنظمة تطبيق ضوابط Privacy Rule لضمان الامتثال لمتطلبات خصوصية وأمن HIPAA,preventive,1,critical,True,POLICY|PROCEDURE|STANDARD|CONFIG|TRAINING_RECORD,active
1328,USA,USA-HIPAA,2013,2.4,Security Rule,Security Rule - Control 4,Security Rule - ضابط 4,The organization shall implement security rule controls to ensure compliance with HIPAA Privacy & Security requirements.,يجب على المنظمة تطبيق ضوابط Security Rule لضمان الامتثال لمتطلبات خصوصية وأمن HIPAA,detective,2,high,True,LOG|REPORT|SCAN_REPORT|AUDIT_REPORT|ACCESS_REVIEW,active
1329,USA,USA-HIPAA,2013,3.4,Breach Notification,Breach Notification - Control 4,Breach Notification - ضابط 4,The organization shall implement breach notification controls to ensure compliance with HIPAA Privacy & Security requirements.,يجب على المنظمة تطبيق ضوابط Breach Notification لضمان الامتثال لمتطلبات خصوصية وأمن HIPAA,corrective,3,medium,True,INCIDENT_REPORT|MEETING_MINUTES|ATTESTATION|RISK_ASSESSMENT,active
1330,USA,USA-HIPAA,2013,4.4,Enforcement,Enforcement - Control 4,Enforcement - ضابط 4,The organization shall implement enforcement controls to ensure compliance with HIPAA Privacy & Security requirements.,يجب على المنظمة تطبيق ضوابط Enforcement لضمان الامتثال لمتطلبات خصوصية وأمن HIPAA,preventive,4,low,True,POLICY|PROCEDURE|STANDARD|CONFIG|TRAINING_RECORD,active
1331,USA,USA-HIPAA,2013,1.5,Privacy Rule,Privacy Rule - Control 5,Privacy Rule - ضابط 5,The organization shall implement privacy rule controls to ensure compliance with HIPAA Privacy & Security requirements.,يجب على المنظمة تطبيق ضوابط Privacy Rule لضمان الامتثال لمتطلبات خصوصية وأمن HIPAA,detective,1,critical,True,LOG|REPORT|SCAN_REPORT|AUDIT_REPORT|ACCESS_REVIEW,active
1332,USA,USA-HIPAA,2013,2.5,Security Rule,Security Rule - Control 5,Security Rule - ضابط 5,The organization shall implement security rule controls to ensure compliance with HIPAA Privacy & Security requirements.,يجب على المنظمة تطبيق ضوابط Security Rule لضمان الامتثال لمتطلبات خصوصية وأمن HIPAA,corrective,2,high,True,INCIDENT_REPORT|MEETING_MINUTES|ATTESTATION|RISK_ASSESSMENT,active
1333,USA,USA-HIPAA,2013,3.5,Breach Notification,Breach Notification - Control 5,Breach Notification - ضابط 5,The organization shall implement breach notification controls to ensure compliance with HIPAA Privacy & Security requirements.,يجب على المنظمة تطبيق ضوابط Breach Notification لضمان الامتثال لمتطلبات خصوصية وأمن HIPAA,preventive,3,medium,True,POLICY|PROCEDURE|STANDARD|CONFIG|TRAINING_RECORD,active
1334,USA,USA-HIPAA,2013,4.5,Enforcement,Enforcement - Control 5,Enforcement - ضابط 5,The organization shall implement enforcement controls to ensure compliance with HIPAA Privacy & Security requirements.,يجب على المنظمة تطبيق ضوابط Enforcement لضمان الامتثال لمتطلبات خصوصية وأمن HIPAA,detective,4,low,True,LOG|REPORT|SCAN_REPORT|AUDIT_REPORT|ACCESS_REVIEW,active
1335,USA,USA-HIPAA,2013,1.6,Privacy Rule,Privacy Rule - Control 6,Privacy Rule - ضابط 6,The organization shall implement privacy rule controls to ensure compliance with HIPAA Privacy & Security requirements.,يجب على المنظمة تطبيق ضوابط Privacy Rule لضمان الامتثال لمتطلبات خصوصية وأمن HIPAA,corrective,1,critical,True,INCIDENT_REPORT|MEETING_MINUTES|ATTESTATION|RISK_ASSESSMENT,active
1336,USA,USA-HIPAA,2013,2.6,Security Rule,Security Rule - Control 6,Security Rule - ضابط 6,The organization shall implement security rule controls to ensure compliance with HIPAA Privacy & Security requirements.,يجب على المنظمة تطبيق ضوابط Security Rule لضمان الامتثال لمتطلبات خصوصية وأمن HIPAA,preventive,2,high,True,POLICY|PROCEDURE|STANDARD|CONFIG|TRAINING_RECORD,active
1337,USA,USA-HIPAA,2013,3.6,Breach Notification,Breach Notification - Control 6,Breach Notification - ضابط 6,The organization shall implement breach notification controls to ensure compliance with HIPAA Privacy & Security requirements.,يجب على المنظمة تطبيق ضوابط Breach Notification لضمان الامتثال لمتطلبات خصوصية وأمن HIPAA,detective,3,medium,True,LOG|REPORT|SCAN_REPORT|AUDIT_REPORT|ACCESS_REVIEW,active
1338,USA,USA-HIPAA,2013,4.6,Enforcement,Enforcement - Control 6,Enforcement - ضابط 6,The organization shall implement enforcement controls to ensure compliance with HIPAA Privacy & Security requirements.,يجب على المنظمة تطبيق ضوابط Enforcement لضمان الامتثال لمتطلبات خصوصية وأمن HIPAA,corrective,4,low,True,INCIDENT_REPORT|MEETING_MINUTES|ATTESTATION|RISK_ASSESSMENT,active
1339,USA,USA-HIPAA,2013,1.7,Privacy Rule,Privacy Rule - Control 7,Privacy Rule - ضابط 7,The organization shall implement privacy rule controls to ensure compliance with HIPAA Privacy & Security requirements.,يجب على المنظمة تطبيق ضوابط Privacy Rule لضمان الامتثال لمتطلبات خصوصية وأمن HIPAA,preventive,1,critical,True,POLICY|PROCEDURE|STANDARD|CONFIG|TRAINING_RECORD,active
1340,USA,USA-HIPAA,2013,2.7,Security Rule,Security Rule - Control 7,Security Rule - ضابط 7,The organization shall implement security rule controls to ensure compliance with HIPAA Privacy & Security requirements.,يجب على المنظمة تطبيق ضوابط Security Rule لضمان الامتثال لمتطلبات خصوصية وأمن HIPAA,detective,2,high,True,LOG|REPORT|SCAN_REPORT|AUDIT_REPORT|ACCESS_REVIEW,active
1341,USA,USA-HIPAA,2013,3.7,Breach Notification,Breach Notification - Control 7,Breach Notification - ضابط 7,The organization shall implement breach notification controls to ensure compliance with HIPAA Privacy & Security requirements.,يجب على المنظمة تطبيق ضوابط Breach Notification لضمان الامتثال لمتطلبات خصوصية وأمن HIPAA,corrective,3,medium,True,INCIDENT_REPORT|MEETING_MINUTES|ATTESTATION|RISK_ASSESSMENT,active
1342,USA,USA-HIPAA,2013,4.7,Enforcement,Enforcement - Control 7,Enforcement - ضابط 7,The organization shall implement enforcement controls to ensure compliance with HIPAA Privacy & Security requirements.,يجب على المنظمة تطبيق ضوابط Enforcement لضمان الامتثال لمتطلبات خصوصية وأمن HIPAA,preventive,4,low,True,POLICY|PROCEDURE|STANDARD|CONFIG|TRAINING_RECORD,active
1343,USA,USA-HIPAA,2013,1.8,Privacy Rule,Privacy Rule - Control 8,Privacy Rule - ضابط 8,The organization shall implement privacy rule controls to ensure compliance with HIPAA Privacy & Security requirements.,يجب على المنظمة تطبيق ضوابط Privacy Rule لضمان الامتثال لمتطلبات خصوصية وأمن HIPAA,detective,1,critical,True,LOG|REPORT|SCAN_REPORT|AUDIT_REPORT|ACCESS_REVIEW,active
1344,USA,USA-HIPAA,2013,2.8,Security Rule,Security Rule - Control 8,Security Rule - ضابط 8,The organization shall implement security rule controls to ensure compliance with HIPAA Privacy & Security requirements.,يجب على المنظمة تطبيق ضوابط Security Rule لضمان الامتثال لمتطلبات خصوصية وأمن HIPAA,corrective,2,high,True,INCIDENT_REPORT|MEETING_MINUTES|ATTESTATION|RISK_ASSESSMENT,active
1345,USA,USA-HIPAA,2013,3.8,Breach Notification,Breach Notification - Control 8,Breach Notification - ضابط 8,The organization shall implement breach notification controls to ensure compliance with HIPAA Privacy & Security requirements.,يجب على المنظمة تطبيق ضوابط Breach Notification لضمان الامتثال لمتطلبات خصوصية وأمن HIPAA,preventive,3,medium,True,POLICY|PROCEDURE|STANDARD|CONFIG|TRAINING_RECORD,active
1346,USA,USA-HIPAA,2013,4.8,Enforcement,Enforcement - Control 8,Enforcement - ضابط 8,The organization shall implement enforcement controls to ensure compliance with HIPAA Privacy & Security requirements.,يجب على المنظمة تطبيق ضوابط Enforcement لضمان الامتثال لمتطلبات خصوصية وأمن HIPAA,detective,4,low,True,LOG|REPORT|SCAN_REPORT|AUDIT_REPORT|ACCESS_REVIEW,active
1347,USA,USA-HIPAA,2013,1.9,Privacy Rule,Privacy Rule - Control 9,Privacy Rule - ضابط 9,The organization shall implement privacy rule controls to ensure compliance with HIPAA Privacy & Security requirements.,يجب على المنظمة تطبيق ضوابط Privacy Rule لضمان الامتثال لمتطلبات خصوصية وأمن HIPAA,corrective,1,critical,True,INCIDENT_REPORT|MEETING_MINUTES|ATTESTATION|RISK_ASSESSMENT,active
1348,USA,USA-HIPAA,2013,2.9,Security Rule,Security Rule - Control 9,Security Rule - ضابط 9,The organization shall implement security rule controls to ensure compliance with HIPAA Privacy & Security requirements.,يجب على المنظمة تطبيق ضوابط Security Rule لضمان الامتثال لمتطلبات خصوصية وأمن HIPAA,preventive,2,high,True,POLICY|PROCEDURE|STANDARD|CONFIG|TRAINING_RECORD,active
1349,USA,USA-HIPAA,2013,3.9,Breach Notification,Breach Notification - Control 9,Breach Notification - ضابط 9,The organization shall implement breach notification controls to ensure compliance with HIPAA Privacy & Security requirements.,يجب على المنظمة تطبيق ضوابط Breach Notification لضمان الامتثال لمتطلبات خصوصية وأمن HIPAA,detective,3,medium,True,LOG|REPORT|SCAN_REPORT|AUDIT_REPORT|ACCESS_REVIEW,active
1350,USA,USA-HIPAA,2013,4.9,Enforcement,Enforcement - Control 9,Enforcement - ضابط 9,The organization shall implement enforcement controls to ensure compliance with HIPAA Privacy & Security requirements.,يجب على المنظمة تطبيق ضوابط Enforcement لضمان الامتثال لمتطلبات خصوصية وأمن HIPAA,corrective,4,low,True,INCIDENT_REPORT|MEETING_MINUTES|ATTESTATION|RISK_ASSESSMENT,active
1351,USA,USA-HIPAA,2013,1.10,Privacy Rule,Privacy Rule - Control 10,Privacy Rule - ضابط 10,The organization shall implement privacy rule controls to ensure compliance with HIPAA Privacy & Security requirements.,يجب على المنظمة تطبيق ضوابط Privacy Rule لضمان الامتثال لمتطلبات خصوصية وأمن HIPAA,preventive,1,critical,True,POLICY|PROCEDURE|STANDARD|CONFIG|TRAINING_RECORD,active
1352,USA,USA-HIPAA,2013,2.10,Security Rule,Security Rule - Control 10,Security Rule - ضابط 10,The organization shall implement security rule controls to ensure compliance with HIPAA Privacy & Security requirements.,يجب على المنظمة تطبيق ضوابط Security Rule لضمان الامتثال لمتطلبات خصوصية وأمن HIPAA,detective,2,high,True,LOG|REPORT|SCAN_REPORT|AUDIT_REPORT|ACCESS_REVIEW,active
1353,USA,USA-HIPAA,2013,3.10,Breach Notification,Breach Notification - Control 10,Breach Notification - ضابط 10,The organization shall implement breach notification controls to ensure compliance with HIPAA Privacy & Security requirements.,يجب على المنظمة تطبيق ضوابط Breach Notification لضمان الامتثال لمتطلبات خصوصية وأمن HIPAA,corrective,3,medium,True,INCIDENT_REPORT|MEETING_MINUTES|ATTESTATION|RISK_ASSESSMENT,active
1354,USA,USA-HIPAA,2013,4.10,Enforcement,Enforcement - Control 10,Enforcement - ضابط 10,The organization shall implement enforcement controls to ensure compliance with HIPAA Privacy & Security requirements.,يجب على المنظمة تطبيق ضوابط Enforcement لضمان الامتثال لمتطلبات خصوصية وأمن HIPAA,preventive,4,low,True,POLICY|PROCEDURE|STANDARD|CONFIG|TRAINING_RECORD,active
1355,USA,USA-HIPAA,2013,1.11,Privacy Rule,Privacy Rule - Control 11,Privacy Rule - ضابط 11,The organization shall implement privacy rule controls to ensure compliance with HIPAA Privacy & Security requirements.,يجب على المنظمة تطبيق ضوابط Privacy Rule لضمان الامتثال لمتطلبات خصوصية وأمن HIPAA,detective,1,critical,True,LOG|REPORT|SCAN_REPORT|AUDIT_REPORT|ACCESS_REVIEW,active
1356,USA,USA-HIPAA,2013,2.11,Security Rule,Security Rule - Control 11,Security Rule - ضابط 11,The organization shall implement security rule controls to ensure compliance with HIPAA Privacy & Security requirements.,يجب على المنظمة تطبيق ضوابط Security Rule لضمان الامتثال لمتطلبات خصوصية وأمن HIPAA,corrective,2,high,True,INCIDENT_REPORT|MEETING_MINUTES|ATTESTATION|RISK_ASSESSMENT,active
1357,USA,USA-HIPAA,2013,3.11,Breach Notification,Breach Notification - Control 11,Breach Notification - ضابط 11,The organization shall implement breach notification controls to ensure compliance with HIPAA Privacy & Security requirements.,يجب على المنظمة تطبيق ضوابط Breach Notification لضمان الامتثال لمتطلبات خصوصية وأمن HIPAA,preventive,3,medium,True,POLICY|PROCEDURE|STANDARD|CONFIG|TRAINING_RECORD,active
1358,USA,USA-HIPAA,2013,4.11,Enforcement,Enforcement - Control 11,Enforcement - ضابط 11,The organization shall implement enforcement controls to ensure compliance with HIPAA Privacy & Security requirements.,يجب على المنظمة تطبيق ضوابط Enforcement لضمان الامتثال لمتطلبات خصوصية وأمن HIPAA,detective,4,low,True,LOG|REPORT|SCAN_REPORT|AUDIT_REPORT|ACCESS_REVIEW,active
1359,USA,USA-HIPAA,2013,1.12,Privacy Rule,Privacy Rule - Control 12,Privacy Rule - ضابط 12,The organization shall implement privacy rule controls to ensure compliance with HIPAA Privacy & Security requirements.,يجب على المنظمة تطبيق ضوابط Privacy Rule لضمان الامتثال لمتطلبات خصوصية وأمن HIPAA,corrective,1,critical,True,INCIDENT_REPORT|MEETING_MINUTES|ATTESTATION|RISK_ASSESSMENT,active
1360,USA,USA-HIPAA,2013,2.12,Security Rule,Security Rule - Control 12,Security Rule - ضابط 12,The organization shall implement security rule controls to ensure compliance with HIPAA Privacy & Security requirements.,يجب على المنظمة تطبيق ضوابط Security Rule لضمان الامتثال لمتطلبات خصوصية وأمن HIPAA,preventive,2,high,True,POLICY|PROCEDURE|STANDARD|CONFIG|TRAINING_RECORD,active
1361,USA,USA-HIPAA,2013,3.12,Breach Notification,Breach Notification - Control 12,Breach Notification - ضابط 12,The organization shall implement breach notification controls to ensure compliance with HIPAA Privacy & Security requirements.,يجب على المنظمة تطبيق ضوابط Breach Notification لضمان الامتثال لمتطلبات خصوصية وأمن HIPAA,detective,3,medium,True,LOG|REPORT|SCAN_REPORT|AUDIT_REPORT|ACCESS_REVIEW,active
1362,USA,USA-HIPAA,2013,4.12,Enforcement,Enforcement - Control 12,Enforcement - ضابط 12,The organization shall implement enforcement controls to ensure compliance with HIPAA Privacy & Security requirements.,يجب على المنظمة تطبيق ضوابط Enforcement لضمان الامتثال لمتطلبات خصوصية وأمن HIPAA,corrective,4,low,True,INCIDENT_REPORT|MEETING_MINUTES|ATTESTATION|RISK_ASSESSMENT,active
1363,USA,USA-HIPAA,2013,1.13,Privacy Rule,Privacy Rule - Control 13,Privacy Rule - ضابط 13,The organization shall implement privacy rule controls to ensure compliance with HIPAA Privacy & Security requirements.,يجب على المنظمة تطبيق ضوابط Privacy Rule لضمان الامتثال لمتطلبات خصوصية وأمن HIPAA,preventive,1,critical,True,POLICY|PROCEDURE|STANDARD|CONFIG|TRAINING_RECORD,active
1364,USA,USA-HIPAA,2013,2.13,Security Rule,Security Rule - Control 13,Security Rule - ضابط 13,The organization shall implement security rule controls to ensure compliance with HIPAA Privacy & Security requirements.,يجب على المنظمة تطبيق ضوابط Security Rule لضمان الامتثال لمتطلبات خصوصية وأمن HIPAA,detective,2,high,True,LOG|REPORT|SCAN_REPORT|AUDIT_REPORT|ACCESS_REVIEW,active
1365,USA,USA-HIPAA,2013,3.13,Breach Notification,Breach Notification - Control 13,Breach Notification - ضابط 13,The organization shall implement breach notification controls to ensure compliance with HIPAA Privacy & Security requirements.,يجب على المنظمة تطبيق ضوابط Breach Notification لضمان الامتثال لمتطلبات خصوصية وأمن HIPAA,corrective,3,medium,True,INCIDENT_REPORT|MEETING_MINUTES|ATTESTATION|RISK_ASSESSMENT,active
1366,USA,USA-HIPAA,2013,4.13,Enforcement,Enforcement - Control 13,Enforcement - ضابط 13,The organization shall implement enforcement controls to ensure compliance with HIPAA Privacy & Security requirements.,يجب على المنظمة تطبيق ضوابط Enforcement لضمان الامتثال لمتطلبات خصوصية وأمن HIPAA,preventive,4,low,True,POLICY|PROCEDURE|STANDARD|CONFIG|TRAINING_RECORD,active
1367,USA,USA-HIPAA,2013,1.14,Privacy Rule,Privacy Rule - Control 14,Privacy Rule - ضابط 14,The organization shall implement privacy rule controls to ensure compliance with HIPAA Privacy & Security requirements.,يجب على المنظمة تطبيق ضوابط Privacy Rule لضمان الامتثال لمتطلبات خصوصية وأمن HIPAA,detective,1,critical,True,LOG|REPORT|SCAN_REPORT|AUDIT_REPORT|ACCESS_REVIEW,active
1368,USA,USA-HIPAA,2013,2.14,Security Rule,Security Rule - Control 14,Security Rule - ضابط 14,The organization shall implement security rule controls to ensure compliance with HIPAA Privacy & Security requirements.,يجب على المنظمة تطبيق ضوابط Security Rule لضمان الامتثال لمتطلبات خصوصية وأمن HIPAA,corrective,2,high,True,INCIDENT_REPORT|MEETING_MINUTES|ATTESTATION|RISK_ASSESSMENT,active
1369,USA,USA-HIPAA,2013,3.14,Breach Notification,Breach Notification - Control 14,Breach Notification - ضابط 14,The organization shall implement breach notification controls to ensure compliance with HIPAA Privacy & Security requirements.,يجب على المنظمة تطبيق ضوابط Breach Notification لضمان الامتثال لمتطلبات خصوصية وأمن HIPAA,preventive,3,medium,True,POLICY|PROCEDURE|STANDARD|CONFIG|TRAINING_RECORD,active
1370,USA,USA-HIPAA,2013,4.14,Enforcement,Enforcement - Control 14,Enforcement - ضابط 14,The organization shall implement enforcement controls to ensure compliance with HIPAA Privacy & Security requirements.,يجب على المنظمة تطبيق ضوابط Enforcement لضمان الامتثال لمتطلبات خصوصية وأمن HIPAA,detective,4,low,True,LOG|REPORT|SCAN_REPORT|AUDIT_REPORT|ACCESS_REVIEW,active
1371,USA,USA-HIPAA,2013,1.15,Privacy Rule,Privacy Rule - Control 15,Privacy Rule - ضابط 15,The organization shall implement privacy rule controls to ensure compliance with HIPAA Privacy & Security requirements.,يجب على المنظمة تطبيق ضوابط Privacy Rule لضمان الامتثال لمتطلبات خصوصية وأمن HIPAA,corrective,1,critical,True,INCIDENT_REPORT|MEETING_MINUTES|ATTESTATION|RISK_ASSESSMENT,active
1372,USA,USA-HIPAA,2013,2.15,Security Rule,Security Rule - Control 15,Security Rule - ضابط 15,The organization shall implement security rule controls to ensure compliance with HIPAA Privacy & Security requirements.,يجب على المنظمة تطبيق ضوابط Security Rule لضمان الامتثال لمتطلبات خصوصية وأمن HIPAA,preventive,2,high,True,POLICY|PROCEDURE|STANDARD|CONFIG|TRAINING_RECORD,active
1373,USA,USA-HIPAA,2013,3.15,Breach Notification,Breach Notification - Control 15,Breach Notification - ضابط 15,The organization shall implement breach notification controls to ensure compliance with HIPAA Privacy & Security requirements.,يجب على المنظمة تطبيق ضوابط Breach Notification لضمان الامتثال لمتطلبات خصوصية وأمن HIPAA,detective,3,medium,True,LOG|REPORT|SCAN_REPORT|AUDIT_REPORT|ACCESS_REVIEW,active
1374,USA,USA-HIPAA,2013,4.15,Enforcement,Enforcement - Control 15,Enforcement - ضابط 15,The organization shall implement enforcement controls to ensure compliance with HIPAA Privacy & Security requirements.,يجب على المنظمة تطبيق ضوابط Enforcement لضمان الامتثال لمتطلبات خصوصية وأمن HIPAA,corrective,4,low,True,INCIDENT_REPORT|MEETING_MINUTES|ATTESTATION|RISK_ASSESSMENT,active
1375,USA,USA-HIPAA,2013,1.16,Privacy Rule,Privacy Rule - Control 16,Privacy Rule - ضابط 16,The organization shall implement privacy rule controls to ensure compliance with HIPAA Privacy & Security requirements.,يجب على المنظمة تطبيق ضوابط Privacy Rule لضمان الامتثال لمتطلبات خصوصية وأمن HIPAA,preventive,1,critical,True,POLICY|PROCEDURE|STANDARD|CONFIG|TRAINING_RECORD,active
1376,USA,USA-HIPAA,2013,2.16,Security Rule,Security Rule - Control 16,Security Rule - ضابط 16,The organization shall implement security rule controls to ensure compliance with HIPAA Privacy & Security requirements.,يجب على المنظمة تطبيق ضوابط Security Rule لضمان الامتثال لمتطلبات خصوصية وأمن HIPAA,detective,2,high,True,LOG|REPORT|SCAN_REPORT|AUDIT_REPORT|ACCESS_REVIEW,active
1377,USA,USA-HIPAA,2013,3.16,Breach Notification,Breach Notification - Control 16,Breach Notification - ضابط 16,The organization shall implement breach notification controls to ensure compliance with HIPAA Privacy & Security requirements.,يجب على المنظمة تطبيق ضوابط Breach Notification لضمان الامتثال لمتطلبات خصوصية وأمن HIPAA,corrective,3,medium,True,INCIDENT_REPORT|MEETING_MINUTES|ATTESTATION|RISK_ASSESSMENT,active
1378,USA,USA-HIPAA,2013,4.16,Enforcement,Enforcement - Control 16,Enforcement - ضابط 16,The organization shall implement enforcement controls to ensure compliance with HIPAA Privacy & Security requirements.,يجب على المنظمة تطبيق ضوابط Enforcement لضمان الامتثال لمتطلبات خصوصية وأمن HIPAA,preventive,4,low,True,POLICY|PROCEDURE|STANDARD|CONFIG|TRAINING_RECORD,active
1379,USA,USA-HIPAA,2013,1.17,Privacy Rule,Privacy Rule - Control 17,Privacy Rule - ضابط 17,The organization shall implement privacy rule controls to ensure compliance with HIPAA Privacy & Security requirements.,يجب على المنظمة تطبيق ضوابط Privacy Rule لضمان الامتثال لمتطلبات خصوصية وأمن HIPAA,detective,1,critical,True,LOG|REPORT|SCAN_REPORT|AUDIT_REPORT|ACCESS_REVIEW,active
1380,USA,USA-HIPAA,2013,2.17,Security Rule,Security Rule - Control 17,Security Rule - ضابط 17,The organization shall implement security rule controls to ensure compliance with HIPAA Privacy & Security requirements.,يجب على المنظمة تطبيق ضوابط Security Rule لضمان الامتثال لمتطلبات خصوصية وأمن HIPAA,corrective,2,high,True,INCIDENT_REPORT|MEETING_MINUTES|ATTESTATION|RISK_ASSESSMENT,active
1381,USA,USA-HIPAA,2013,3.17,Breach Notification,Breach Notification - Control 17,Breach Notification - ضابط 17,The organization shall implement breach notification controls to ensure compliance with HIPAA Privacy & Security requirements.,يجب على المنظمة تطبيق ضوابط Breach Notification لضمان الامتثال لمتطلبات خصوصية وأمن HIPAA,preventive,3,medium,True,POLICY|PROCEDURE|STANDARD|CONFIG|TRAINING_RECORD,active
1382,USA,USA-HIPAA,2013,4.17,Enforcement,Enforcement - Control 17,Enforcement - ضابط 17,The organization shall implement enforcement controls to ensure compliance with HIPAA Privacy & Security requirements.,يجب على المنظمة تطبيق ضوابط Enforcement لضمان الامتثال لمتطلبات خصوصية وأمن HIPAA,detective,4,low,True,LOG|REPORT|SCAN_REPORT|AUDIT_REPORT|ACCESS_REVIEW,active
1383,USA,USA-HIPAA,2013,1.18,Privacy Rule,Privacy Rule - Control 18,Privacy Rule - ضابط 18,The organization shall implement privacy rule controls to ensure compliance with HIPAA Privacy & Security requirements.,يجب على المنظمة تطبيق ضوابط Privacy Rule لضمان الامتثال لمتطلبات خصوصية وأمن HIPAA,corrective,1,critical,True,INCIDENT_REPORT|MEETING_MINUTES|ATTESTATION|RISK_ASSESSMENT,active
1384,USA,USA-HIPAA,2013,2.18,Security Rule,Security Rule - Control 18,Security Rule - ضابط 18,The organization shall implement security rule controls to ensure compliance with HIPAA Privacy & Security requirements.,يجب على المنظمة تطبيق ضوابط Security Rule لضمان الامتثال لمتطلبات خصوصية وأمن HIPAA,preventive,2,high,True,POLICY|PROCEDURE|STANDARD|CONFIG|TRAINING_RECORD,active
1385,USA,USA-HIPAA,2013,3.18,Breach Notification,Breach Notification - Control 18,Breach Notification - ضابط 18,The organization shall implement breach notification controls to ensure compliance with HIPAA Privacy & Security requirements.,يجب على المنظمة تطبيق ضوابط Breach Notification لضمان الامتثال لمتطلبات خصوصية وأمن HIPAA,detective,3,medium,True,LOG|REPORT|SCAN_REPORT|AUDIT_REPORT|ACCESS_REVIEW,active
1386,USA,USA-HIPAA,2013,4.18,Enforcement,Enforcement - Control 18,Enforcement - ضابط 18,The organization shall implement enforcement controls to ensure compliance with HIPAA Privacy & Security requirements.,يجب على المنظمة تطبيق ضوابط Enforcement لضمان الامتثال لمتطلبات خصوصية وأمن HIPAA,corrective,4,low,True,INCIDENT_REPORT|MEETING_MINUTES|ATTESTATION|RISK_ASSESSMENT,active
1387,USA,USA-HIPAA,2013,1.19,Privacy Rule,Privacy Rule - Control 19,Privacy Rule - ضابط 19,The organization shall implement privacy rule controls to ensure compliance with HIPAA Privacy & Security requirements.,يجب على المنظمة تطبيق ضوابط Privacy Rule لضمان الامتثال لمتطلبات خصوصية وأمن HIPAA,preventive,1,critical,True,POLICY|PROCEDURE|STANDARD|CONFIG|TRAINING_RECORD,active
1388,USA,USA-HIPAA,2013,2.19,Security Rule,Security Rule - Control 19,Security Rule - ضابط 19,The organization shall implement security rule controls to ensure compliance with HIPAA Privacy & Security requirements.,يجب على المنظمة تطبيق ضوابط Security Rule لضمان الامتثال لمتطلبات خصوصية وأمن HIPAA,detective,2,high,True,LOG|REPORT|SCAN_REPORT|AUDIT_REPORT|ACCESS_REVIEW,active
1389,USA,USA-HIPAA,2013,3.19,Breach Notification,Breach Notification - Control 19,Breach Notification - ضابط 19,The organization shall implement breach notification controls to ensure compliance with HIPAA Privacy & Security requirements.,يجب على المنظمة تطبيق ضوابط Breach Notification لضمان الامتثال لمتطلبات خصوصية وأمن HIPAA,corrective,3,medium,True,INCIDENT_REPORT|MEETING_MINUTES|ATTESTATION|RISK_ASSESSMENT,active
1390,USA,USA-HIPAA,2013,4.19,Enforcement,Enforcement - Control 19,Enforcement - ضابط 19,The organization shall implement enforcement controls to ensure compliance with HIPAA Privacy & Security requirements.,يجب على المنظمة تطبيق ضوابط Enforcement لضمان الامتثال لمتطلبات خصوصية وأمن HIPAA,preventive,4,low,True,POLICY|PROCEDURE|STANDARD|CONFIG|TRAINING_RECORD,active
1391,USA,USA-HIPAA,2013,1.20,Privacy Rule,Privacy Rule - Control 20,Privacy Rule - ضابط 20,The organization shall implement privacy rule controls to ensure compliance with HIPAA Privacy & Security requirements.,يجب على المنظمة تطبيق ضوابط Privacy Rule لضمان الامتثال لمتطلبات خصوصية وأمن HIPAA,detective,1,critical,True,LOG|REPORT|SCAN_REPORT|AUDIT_REPORT|ACCESS_REVIEW,active
1392,USA,USA-HIPAA,2013,2.20,Security Rule,Security Rule - Control 20,Security Rule - ضابط 20,The organization shall implement security rule controls to ensure compliance with HIPAA Privacy & Security requirements.,يجب على المنظمة تطبيق ضوابط Security Rule لضمان الامتثال لمتطلبات خصوصية وأمن HIPAA,corrective,2,high,True,INCIDENT_REPORT|MEETING_MINUTES|ATTESTATION|RISK_ASSESSMENT,active
1393,USA,USA-SOX,2002,1.1,Sec 302,Sec 302 - Control 1,Sec 302 - ضابط 1,The organization shall implement sec 302 controls to ensure compliance with Sarbanes-Oxley Act requirements.,يجب على المنظمة تطبيق ضوابط Sec 302 لضمان الامتثال لمتطلبات قانون ساربينز أوكسلي,preventive,1,critical,True,POLICY|PROCEDURE|STANDARD|CONFIG|TRAINING_RECORD,active
1394,USA,USA-SOX,2002,2.1,Sec 404,Sec 404 - Control 1,Sec 404 - ضابط 1,The organization shall implement sec 404 controls to ensure compliance with Sarbanes-Oxley Act requirements.,يجب على المنظمة تطبيق ضوابط Sec 404 لضمان الامتثال لمتطلبات قانون ساربينز أوكسلي,detective,2,high,True,LOG|REPORT|SCAN_REPORT|AUDIT_REPORT|ACCESS_REVIEW,active
1395,USA,USA-SOX,2002,3.1,Sec 409,Sec 409 - Control 1,Sec 409 - ضابط 1,The organization shall implement sec 409 controls to ensure compliance with Sarbanes-Oxley Act requirements.,يجب على المنظمة تطبيق ضوابط Sec 409 لضمان الامتثال لمتطلبات قانون ساربينز أوكسلي,corrective,3,medium,True,INCIDENT_REPORT|MEETING_MINUTES|ATTESTATION|RISK_ASSESSMENT,active
1396,USA,USA-SOX,2002,4.1,Sec 802,Sec 802 - Control 1,Sec 802 - ضابط 1,The organization shall implement sec 802 controls to ensure compliance with Sarbanes-Oxley Act requirements.,يجب على المنظمة تطبيق ضوابط Sec 802 لضمان الامتثال لمتطلبات قانون ساربينز أوكسلي,preventive,4,low,True,POLICY|PROCEDURE|STANDARD|CONFIG|TRAINING_RECORD,active
1397,USA,USA-SOX,2002,5.1,Sec 906,Sec 906 - Control 1,Sec 906 - ضابط 1,The organization shall implement sec 906 controls to ensure compliance with Sarbanes-Oxley Act requirements.,يجب على المنظمة تطبيق ضوابط Sec 906 لضمان الامتثال لمتطلبات قانون ساربينز أوكسلي,detective,1,critical,True,LOG|REPORT|SCAN_REPORT|AUDIT_REPORT|ACCESS_REVIEW,active
1398,USA,USA-SOX,2002,1.2,Sec 302,Sec 302 - Control 2,Sec 302 - ضابط 2,The organization shall implement sec 302 controls to ensure compliance with Sarbanes-Oxley Act requirements.,يجب على المنظمة تطبيق ضوابط Sec 302 لضمان الامتثال لمتطلبات قانون ساربينز أوكسلي,corrective,2,high,True,INCIDENT_REPORT|MEETING_MINUTES|ATTESTATION|RISK_ASSESSMENT,active
1399,USA,USA-SOX,2002,2.2,Sec 404,Sec 404 - Control 2,Sec 404 - ضابط 2,The organization shall implement sec 404 controls to ensure compliance with Sarbanes-Oxley Act requirements.,يجب على المنظمة تطبيق ضوابط Sec 404 لضمان الامتثال لمتطلبات قانون ساربينز أوكسلي,preventive,3,medium,True,POLICY|PROCEDURE|STANDARD|CONFIG|TRAINING_RECORD,active
1400,USA,USA-SOX,2002,3.2,Sec 409,Sec 409 - Control 2,Sec 409 - ضابط 2,The organization shall implement sec 409 controls to ensure compliance with Sarbanes-Oxley Act requirements.,يجب على المنظمة تطبيق ضوابط Sec 409 لضمان الامتثال لمتطلبات قانون ساربينز أوكسلي,detective,4,low,True,LOG|REPORT|SCAN_REPORT|AUDIT_REPORT|ACCESS_REVIEW,active
1401,USA,USA-SOX,2002,4.2,Sec 802,Sec 802 - Control 2,Sec 802 - ضابط 2,The organization shall implement sec 802 controls to ensure compliance with Sarbanes-Oxley Act requirements.,يجب على المنظمة تطبيق ضوابط Sec 802 لضمان الامتثال لمتطلبات قانون ساربينز أوكسلي,corrective,1,critical,True,INCIDENT_REPORT|MEETING_MINUTES|ATTESTATION|RISK_ASSESSMENT,active
1402,USA,USA-SOX,2002,5.2,Sec 906,Sec 906 - Control 2,Sec 906 - ضابط 2,The organization shall implement sec 906 controls to ensure compliance with Sarbanes-Oxley Act requirements.,يجب على المنظمة تطبيق ضوابط Sec 906 لضمان الامتثال لمتطلبات قانون ساربينز أوكسلي,preventive,2,high,True,POLICY|PROCEDURE|STANDARD|CONFIG|TRAINING_RECORD,active
1403,USA,USA-SOX,2002,1.3,Sec 302,Sec 302 - Control 3,Sec 302 - ضابط 3,The organization shall implement sec 302 controls to ensure compliance with Sarbanes-Oxley Act requirements.,يجب على المنظمة تطبيق ضوابط Sec 302 لضمان الامتثال لمتطلبات قانون ساربينز أوكسلي,detective,3,medium,True,LOG|REPORT|SCAN_REPORT|AUDIT_REPORT|ACCESS_REVIEW,active
1404,USA,USA-SOX,2002,2.3,Sec 404,Sec 404 - Control 3,Sec 404 - ضابط 3,The organization shall implement sec 404 controls to ensure compliance with Sarbanes-Oxley Act requirements.,يجب على المنظمة تطبيق ضوابط Sec 404 لضمان الامتثال لمتطلبات قانون ساربينز أوكسلي,corrective,4,low,True,INCIDENT_REPORT|MEETING_MINUTES|ATTESTATION|RISK_ASSESSMENT,active
1405,USA,USA-SOX,2002,3.3,Sec 409,Sec 409 - Control 3,Sec 409 - ضابط 3,The organization shall implement sec 409 controls to ensure compliance with Sarbanes-Oxley Act requirements.,يجب على المنظمة تطبيق ضوابط Sec 409 لضمان الامتثال لمتطلبات قانون ساربينز أوكسلي,preventive,1,critical,True,POLICY|PROCEDURE|STANDARD|CONFIG|TRAINING_RECORD,active
1406,USA,USA-SOX,2002,4.3,Sec 802,Sec 802 - Control 3,Sec 802 - ضابط 3,The organization shall implement sec 802 controls to ensure compliance with Sarbanes-Oxley Act requirements.,يجب على المنظمة تطبيق ضوابط Sec 802 لضمان الامتثال لمتطلبات قانون ساربينز أوكسلي,detective,2,high,True,LOG|REPORT|SCAN_REPORT|AUDIT_REPORT|ACCESS_REVIEW,active
1407,USA,USA-SOX,2002,5.3,Sec 906,Sec 906 - Control 3,Sec 906 - ضابط 3,The organization shall implement sec 906 controls to ensure compliance with Sarbanes-Oxley Act requirements.,يجب على المنظمة تطبيق ضوابط Sec 906 لضمان الامتثال لمتطلبات قانون ساربينز أوكسلي,corrective,3,medium,True,INCIDENT_REPORT|MEETING_MINUTES|ATTESTATION|RISK_ASSESSMENT,active
1408,USA,USA-SOX,2002,1.4,Sec 302,Sec 302 - Control 4,Sec 302 - ضابط 4,The organization shall implement sec 302 controls to ensure compliance with Sarbanes-Oxley Act requirements.,يجب على المنظمة تطبيق ضوابط Sec 302 لضمان الامتثال لمتطلبات قانون ساربينز أوكسلي,preventive,4,low,True,POLICY|PROCEDURE|STANDARD|CONFIG|TRAINING_RECORD,active
1409,USA,USA-SOX,2002,2.4,Sec 404,Sec 404 - Control 4,Sec 404 - ضابط 4,The organization shall implement sec 404 controls to ensure compliance with Sarbanes-Oxley Act requirements.,يجب على المنظمة تطبيق ضوابط Sec 404 لضمان الامتثال لمتطلبات قانون ساربينز أوكسلي,detective,1,critical,True,LOG|REPORT|SCAN_REPORT|AUDIT_REPORT|ACCESS_REVIEW,active
1410,USA,USA-SOX,2002,3.4,Sec 409,Sec 409 - Control 4,Sec 409 - ضابط 4,The organization shall implement sec 409 controls to ensure compliance with Sarbanes-Oxley Act requirements.,يجب على المنظمة تطبيق ضوابط Sec 409 لضمان الامتثال لمتطلبات قانون ساربينز أوكسلي,corrective,2,high,True,INCIDENT_REPORT|MEETING_MINUTES|ATTESTATION|RISK_ASSESSMENT,active
1411,USA,USA-SOX,2002,4.4,Sec 802,Sec 802 - Control 4,Sec 802 - ضابط 4,The organization shall implement sec 802 controls to ensure compliance with Sarbanes-Oxley Act requirements.,يجب على المنظمة تطبيق ضوابط Sec 802 لضمان الامتثال لمتطلبات قانون ساربينز أوكسلي,preventive,3,medium,True,POLICY|PROCEDURE|STANDARD|CONFIG|TRAINING_RECORD,active
1412,USA,USA-SOX,2002,5.4,Sec 906,Sec 906 - Control 4,Sec 906 - ضابط 4,The organization shall implement sec 906 controls to ensure compliance with Sarbanes-Oxley Act requirements.,يجب على المنظمة تطبيق ضوابط Sec 906 لضمان الامتثال لمتطلبات قانون ساربينز أوكسلي,detective,4,low,True,LOG|REPORT|SCAN_REPORT|AUDIT_REPORT|ACCESS_REVIEW,active
1413,USA,USA-SOX,2002,1.5,Sec 302,Sec 302 - Control 5,Sec 302 - ضابط 5,The organization shall implement sec 302 controls to ensure compliance with Sarbanes-Oxley Act requirements.,يجب على المنظمة تطبيق ضوابط Sec 302 لضمان الامتثال لمتطلبات قانون ساربينز أوكسلي,corrective,1,critical,True,INCIDENT_REPORT|MEETING_MINUTES|ATTESTATION|RISK_ASSESSMENT,active
1414,USA,USA-SOX,2002,2.5,Sec 404,Sec 404 - Control 5,Sec 404 - ضابط 5,The organization shall implement sec 404 controls to ensure compliance with Sarbanes-Oxley Act requirements.,يجب على المنظمة تطبيق ضوابط Sec 404 لضمان الامتثال لمتطلبات قانون ساربينز أوكسلي,preventive,2,high,True,POLICY|PROCEDURE|STANDARD|CONFIG|TRAINING_RECORD,active
1415,USA,USA-SOX,2002,3.5,Sec 409,Sec 409 - Control 5,Sec 409 - ضابط 5,The organization shall implement sec 409 controls to ensure compliance with Sarbanes-Oxley Act requirements.,يجب على المنظمة تطبيق ضوابط Sec 409 لضمان الامتثال لمتطلبات قانون ساربينز أوكسلي,detective,3,medium,True,LOG|REPORT|SCAN_REPORT|AUDIT_REPORT|ACCESS_REVIEW,active
1416,USA,USA-SOX,2002,4.5,Sec 802,Sec 802 - Control 5,Sec 802 - ضابط 5,The organization shall implement sec 802 controls to ensure compliance with Sarbanes-Oxley Act requirements.,يجب على المنظمة تطبيق ضوابط Sec 802 لضمان الامتثال لمتطلبات قانون ساربينز أوكسلي,corrective,4,low,True,INCIDENT_REPORT|MEETING_MINUTES|ATTESTATION|RISK_ASSESSMENT,active
1417,USA,USA-SOX,2002,5.5,Sec 906,Sec 906 - Control 5,Sec 906 - ضابط 5,The organization shall implement sec 906 controls to ensure compliance with Sarbanes-Oxley Act requirements.,يجب على المنظمة تطبيق ضوابط Sec 906 لضمان الامتثال لمتطلبات قانون ساربينز أوكسلي,preventive,1,critical,True,POLICY|PROCEDURE|STANDARD|CONFIG|TRAINING_RECORD,active
1418,USA,USA-SOX,2002,1.6,Sec 302,Sec 302 - Control 6,Sec 302 - ضابط 6,The organization shall implement sec 302 controls to ensure compliance with Sarbanes-Oxley Act requirements.,يجب على المنظمة تطبيق ضوابط Sec 302 لضمان الامتثال لمتطلبات قانون ساربينز أوكسلي,detective,2,high,True,LOG|REPORT|SCAN_REPORT|AUDIT_REPORT|ACCESS_REVIEW,active
1419,USA,USA-SOX,2002,2.6,Sec 404,Sec 404 - Control 6,Sec 404 - ضابط 6,The organization shall implement sec 404 controls to ensure compliance with Sarbanes-Oxley Act requirements.,يجب على المنظمة تطبيق ضوابط Sec 404 لضمان الامتثال لمتطلبات قانون ساربينز أوكسلي,corrective,3,medium,True,INCIDENT_REPORT|MEETING_MINUTES|ATTESTATION|RISK_ASSESSMENT,active
1420,USA,USA-SOX,2002,3.6,Sec 409,Sec 409 - Control 6,Sec 409 - ضابط 6,The organization shall implement sec 409 controls to ensure compliance with Sarbanes-Oxley Act requirements.,يجب على المنظمة تطبيق ضوابط Sec 409 لضمان الامتثال لمتطلبات قانون ساربينز أوكسلي,preventive,4,low,True,POLICY|PROCEDURE|STANDARD|CONFIG|TRAINING_RECORD,active
1421,USA,USA-SOX,2002,4.6,Sec 802,Sec 802 - Control 6,Sec 802 - ضابط 6,The organization shall implement sec 802 controls to ensure compliance with Sarbanes-Oxley Act requirements.,يجب على المنظمة تطبيق ضوابط Sec 802 لضمان الامتثال لمتطلبات قانون ساربينز أوكسلي,detective,1,critical,True,LOG|REPORT|SCAN_REPORT|AUDIT_REPORT|ACCESS_REVIEW,active
1422,USA,USA-SOX,2002,5.6,Sec 906,Sec 906 - Control 6,Sec 906 - ضابط 6,The organization shall implement sec 906 controls to ensure compliance with Sarbanes-Oxley Act requirements.,يجب على المنظمة تطبيق ضوابط Sec 906 لضمان الامتثال لمتطلبات قانون ساربينز أوكسلي,corrective,2,high,True,INCIDENT_REPORT|MEETING_MINUTES|ATTESTATION|RISK_ASSESSMENT,active
1423,USA,USA-SOX,2002,1.7,Sec 302,Sec 302 - Control 7,Sec 302 - ضابط 7,The organization shall implement sec 302 controls to ensure compliance with Sarbanes-Oxley Act requirements.,يجب على المنظمة تطبيق ضوابط Sec 302 لضمان الامتثال لمتطلبات قانون ساربينز أوكسلي,preventive,3,medium,True,POLICY|PROCEDURE|STANDARD|CONFIG|TRAINING_RECORD,active
1424,USA,USA-SOX,2002,2.7,Sec 404,Sec 404 - Control 7,Sec 404 - ضابط 7,The organization shall implement sec 404 controls to ensure compliance with Sarbanes-Oxley Act requirements.,يجب على المنظمة تطبيق ضوابط Sec 404 لضمان الامتثال لمتطلبات قانون ساربينز أوكسلي,detective,4,low,True,LOG|REPORT|SCAN_REPORT|AUDIT_REPORT|ACCESS_REVIEW,active
1425,USA,USA-SOX,2002,3.7,Sec 409,Sec 409 - Control 7,Sec 409 - ضابط 7,The organization shall implement sec 409 controls to ensure compliance with Sarbanes-Oxley Act requirements.,يجب على المنظمة تطبيق ضوابط Sec 409 لضمان الامتثال لمتطلبات قانون ساربينز أوكسلي,corrective,1,critical,True,INCIDENT_REPORT|MEETING_MINUTES|ATTESTATION|RISK_ASSESSMENT,active
1426,USA,USA-SOX,2002,4.7,Sec 802,Sec 802 - Control 7,Sec 802 - ضابط 7,The organization shall implement sec 802 controls to ensure compliance with Sarbanes-Oxley Act requirements.,يجب على المنظمة تطبيق ضوابط Sec 802 لضمان الامتثال لمتطلبات قانون ساربينز أوكسلي,preventive,2,high,True,POLICY|PROCEDURE|STANDARD|CONFIG|TRAINING_RECORD,active
1427,USA,USA-SOX,2002,5.7,Sec 906,Sec 906 - Control 7,Sec 906 - ضابط 7,The organization shall implement sec 906 controls to ensure compliance with Sarbanes-Oxley Act requirements.,يجب على المنظمة تطبيق ضوابط Sec 906 لضمان الامتثال لمتطلبات قانون ساربينز أوكسلي,detective,3,medium,True,LOG|REPORT|SCAN_REPORT|AUDIT_REPORT|ACCESS_REVIEW,active
1428,USA,USA-SOX,2002,1.8,Sec 302,Sec 302 - Control 8,Sec 302 - ضابط 8,The organization shall implement sec 302 controls to ensure compliance with Sarbanes-Oxley Act requirements.,يجب على المنظمة تطبيق ضوابط Sec 302 لضمان الامتثال لمتطلبات قانون ساربينز أوكسلي,corrective,4,low,True,INCIDENT_REPORT|MEETING_MINUTES|ATTESTATION|RISK_ASSESSMENT,active
1429,USA,USA-SOX,2002,2.8,Sec 404,Sec 404 - Control 8,Sec 404 - ضابط 8,The organization shall implement sec 404 controls to ensure compliance with Sarbanes-Oxley Act requirements.,يجب على المنظمة تطبيق ضوابط Sec 404 لضمان الامتثال لمتطلبات قانون ساربينز أوكسلي,preventive,1,critical,True,POLICY|PROCEDURE|STANDARD|CONFIG|TRAINING_RECORD,active
1430,USA,USA-SOX,2002,3.8,Sec 409,Sec 409 - Control 8,Sec 409 - ضابط 8,The organization shall implement sec 409 controls to ensure compliance with Sarbanes-Oxley Act requirements.,يجب على المنظمة تطبيق ضوابط Sec 409 لضمان الامتثال لمتطلبات قانون ساربينز أوكسلي,detective,2,high,True,LOG|REPORT|SCAN_REPORT|AUDIT_REPORT|ACCESS_REVIEW,active
1431,USA,USA-SOX,2002,4.8,Sec 802,Sec 802 - Control 8,Sec 802 - ضابط 8,The organization shall implement sec 802 controls to ensure compliance with Sarbanes-Oxley Act requirements.,يجب على المنظمة تطبيق ضوابط Sec 802 لضمان الامتثال لمتطلبات قانون ساربينز أوكسلي,corrective,3,medium,True,INCIDENT_REPORT|MEETING_MINUTES|ATTESTATION|RISK_ASSESSMENT,active
1432,USA,USA-SOX,2002,5.8,Sec 906,Sec 906 - Control 8,Sec 906 - ضابط 8,The organization shall implement sec 906 controls to ensure compliance with Sarbanes-Oxley Act requirements.,يجب على المنظمة تطبيق ضوابط Sec 906 لضمان الامتثال لمتطلبات قانون ساربينز أوكسلي,preventive,4,low,True,POLICY|PROCEDURE|STANDARD|CONFIG|TRAINING_RECORD,active
1433,USA,USA-SOX,2002,1.9,Sec 302,Sec 302 - Control 9,Sec 302 - ضابط 9,The organization shall implement sec 302 controls to ensure compliance with Sarbanes-Oxley Act requirements.,يجب على المنظمة تطبيق ضوابط Sec 302 لضمان الامتثال لمتطلبات قانون ساربينز أوكسلي,detective,1,critical,True,LOG|REPORT|SCAN_REPORT|AUDIT_REPORT|ACCESS_REVIEW,active
1434,USA,USA-SOX,2002,2.9,Sec 404,Sec 404 - Control 9,Sec 404 - ضابط 9,The organization shall implement sec 404 controls to ensure compliance with Sarbanes-Oxley Act requirements.,يجب على المنظمة تطبيق ضوابط Sec 404 لضمان الامتثال لمتطلبات قانون ساربينز أوكسلي,corrective,2,high,True,INCIDENT_REPORT|MEETING_MINUTES|ATTESTATION|RISK_ASSESSMENT,active
1435,USA,USA-SOX,2002,3.9,Sec 409,Sec 409 - Control 9,Sec 409 - ضابط 9,The organization shall implement sec 409 controls to ensure compliance with Sarbanes-Oxley Act requirements.,يجب على المنظمة تطبيق ضوابط Sec 409 لضمان الامتثال لمتطلبات قانون ساربينز أوكسلي,preventive,3,medium,True,POLICY|PROCEDURE|STANDARD|CONFIG|TRAINING_RECORD,active
1436,USA,USA-SOX,2002,4.9,Sec 802,Sec 802 - Control 9,Sec 802 - ضابط 9,The organization shall implement sec 802 controls to ensure compliance with Sarbanes-Oxley Act requirements.,يجب على المنظمة تطبيق ضوابط Sec 802 لضمان الامتثال لمتطلبات قانون ساربينز أوكسلي,detective,4,low,True,LOG|REPORT|SCAN_REPORT|AUDIT_REPORT|ACCESS_REVIEW,active
1437,USA,USA-SOX,2002,5.9,Sec 906,Sec 906 - Control 9,Sec 906 - ضابط 9,The organization shall implement sec 906 controls to ensure compliance with Sarbanes-Oxley Act requirements.,يجب على المنظمة تطبيق ضوابط Sec 906 لضمان الامتثال لمتطلبات قانون ساربينز أوكسلي,corrective,1,critical,True,INCIDENT_REPORT|MEETING_MINUTES|ATTESTATION|RISK_ASSESSMENT,active
1438,USA,USA-SOX,2002,1.10,Sec 302,Sec 302 - Control 10,Sec 302 - ضابط 10,The organization shall implement sec 302 controls to ensure compliance with Sarbanes-Oxley Act requirements.,يجب على المنظمة تطبيق ضوابط Sec 302 لضمان الامتثال لمتطلبات قانون ساربينز أوكسلي,preventive,2,high,True,POLICY|PROCEDURE|STANDARD|CONFIG|TRAINING_RECORD,active
1439,USA,USA-SOX,2002,2.10,Sec 404,Sec 404 - Control 10,Sec 404 - ضابط 10,The organization shall implement sec 404 controls to ensure compliance with Sarbanes-Oxley Act requirements.,يجب على المنظمة تطبيق ضوابط Sec 404 لضمان الامتثال لمتطلبات قانون ساربينز أوكسلي,detective,3,medium,True,LOG|REPORT|SCAN_REPORT|AUDIT_REPORT|ACCESS_REVIEW,active
1440,USA,USA-SOX,2002,3.10,Sec 409,Sec 409 - Control 10,Sec 409 - ضابط 10,The organization shall implement sec 409 controls to ensure compliance with Sarbanes-Oxley Act requirements.,يجب على المنظمة تطبيق ضوابط Sec 409 لضمان الامتثال لمتطلبات قانون ساربينز أوكسلي,corrective,4,low,True,INCIDENT_REPORT|MEETING_MINUTES|ATTESTATION|RISK_ASSESSMENT,active
1441,USA,USA-SOX,2002,4.10,Sec 802,Sec 802 - Control 10,Sec 802 - ضابط 10,The organization shall implement sec 802 controls to ensure compliance with Sarbanes-Oxley Act requirements.,يجب على المنظمة تطبيق ضوابط Sec 802 لضمان الامتثال لمتطلبات قانون ساربينز أوكسلي,preventive,1,critical,True,POLICY|PROCEDURE|STANDARD|CONFIG|TRAINING_RECORD,active
1442,USA,USA-SOX,2002,5.10,Sec 906,Sec 906 - Control 10,Sec 906 - ضابط 10,The organization shall implement sec 906 controls to ensure compliance with Sarbanes-Oxley Act requirements.,يجب على المنظمة تطبيق ضوابط Sec 906 لضمان الامتثال لمتطلبات قانون ساربينز أوكسلي,detective,2,high,True,LOG|REPORT|SCAN_REPORT|AUDIT_REPORT|ACCESS_REVIEW,active
1443,USA,USA-SOX,2002,1.11,Sec 302,Sec 302 - Control 11,Sec 302 - ضابط 11,The organization shall implement sec 302 controls to ensure compliance with Sarbanes-Oxley Act requirements.,يجب على المنظمة تطبيق ضوابط Sec 302 لضمان الامتثال لمتطلبات قانون ساربينز أوكسلي,corrective,3,medium,True,INCIDENT_REPORT|MEETING_MINUTES|ATTESTATION|RISK_ASSESSMENT,active
1444,USA,USA-SOX,2002,2.11,Sec 404,Sec 404 - Control 11,Sec 404 - ضابط 11,The organization shall implement sec 404 controls to ensure compliance with Sarbanes-Oxley Act requirements.,يجب على المنظمة تطبيق ضوابط Sec 404 لضمان الامتثال لمتطلبات قانون ساربينز أوكسلي,preventive,4,low,True,POLICY|PROCEDURE|STANDARD|CONFIG|TRAINING_RECORD,active
1445,USA,USA-SOX,2002,3.11,Sec 409,Sec 409 - Control 11,Sec 409 - ضابط 11,The organization shall implement sec 409 controls to ensure compliance with Sarbanes-Oxley Act requirements.,يجب على المنظمة تطبيق ضوابط Sec 409 لضمان الامتثال لمتطلبات قانون ساربينز أوكسلي,detective,1,critical,True,LOG|REPORT|SCAN_REPORT|AUDIT_REPORT|ACCESS_REVIEW,active
1446,USA,USA-SOX,2002,4.11,Sec 802,Sec 802 - Control 11,Sec 802 - ضابط 11,The organization shall implement sec 802 controls to ensure compliance with Sarbanes-Oxley Act requirements.,يجب على المنظمة تطبيق ضوابط Sec 802 لضمان الامتثال لمتطلبات قانون ساربينز أوكسلي,corrective,2,high,True,INCIDENT_REPORT|MEETING_MINUTES|ATTESTATION|RISK_ASSESSMENT,active
1447,USA,USA-SOX,2002,5.11,Sec 906,Sec 906 - Control 11,Sec 906 - ضابط 11,The organization shall implement sec 906 controls to ensure compliance with Sarbanes-Oxley Act requirements.,يجب على المنظمة تطبيق ضوابط Sec 906 لضمان الامتثال لمتطلبات قانون ساربينز أوكسلي,preventive,3,medium,True,POLICY|PROCEDURE|STANDARD|CONFIG|TRAINING_RECORD,active
1448,USA,USA-SOX,2002,1.12,Sec 302,Sec 302 - Control 12,Sec 302 - ضابط 12,The organization shall implement sec 302 controls to ensure compliance with Sarbanes-Oxley Act requirements.,يجب على المنظمة تطبيق ضوابط Sec 302 لضمان الامتثال لمتطلبات قانون ساربينز أوكسلي,detective,4,low,True,LOG|REPORT|SCAN_REPORT|AUDIT_REPORT|ACCESS_REVIEW,active
1449,USA,USA-SOX,2002,2.12,Sec 404,Sec 404 - Control 12,Sec 404 - ضابط 12,The organization shall implement sec 404 controls to ensure compliance with Sarbanes-Oxley Act requirements.,يجب على المنظمة تطبيق ضوابط Sec 404 لضمان الامتثال لمتطلبات قانون ساربينز أوكسلي,corrective,1,critical,True,INCIDENT_REPORT|MEETING_MINUTES|ATTESTATION|RISK_ASSESSMENT,active
1450,USA,USA-SOX,2002,3.12,Sec 409,Sec 409 - Control 12,Sec 409 - ضابط 12,The organization shall implement sec 409 controls to ensure compliance with Sarbanes-Oxley Act requirements.,يجب على المنظمة تطبيق ضوابط Sec 409 لضمان الامتثال لمتطلبات قانون ساربينز أوكسلي,preventive,2,high,True,POLICY|PROCEDURE|STANDARD|CONFIG|TRAINING_RECORD,active
1451,USA,USA-SOX,2002,4.12,Sec 802,Sec 802 - Control 12,Sec 802 - ضابط 12,The organization shall implement sec 802 controls to ensure compliance with Sarbanes-Oxley Act requirements.,يجب على المنظمة تطبيق ضوابط Sec 802 لضمان الامتثال لمتطلبات قانون ساربينز أوكسلي,detective,3,medium,True,LOG|REPORT|SCAN_REPORT|AUDIT_REPORT|ACCESS_REVIEW,active
1452,USA,USA-SOX,2002,5.12,Sec 906,Sec 906 - Control 12,Sec 906 - ضابط 12,The organization shall implement sec 906 controls to ensure compliance with Sarbanes-Oxley Act requirements.,يجب على المنظمة تطبيق ضوابط Sec 906 لضمان الامتثال لمتطلبات قانون ساربينز أوكسلي,corrective,4,low,True,INCIDENT_REPORT|MEETING_MINUTES|ATTESTATION|RISK_ASSESSMENT,active
1453,USA,USA-SOX,2002,1.13,Sec 302,Sec 302 - Control 13,Sec 302 - ضابط 13,The organization shall implement sec 302 controls to ensure compliance with Sarbanes-Oxley Act requirements.,يجب على المنظمة تطبيق ضوابط Sec 302 لضمان الامتثال لمتطلبات قانون ساربينز أوكسلي,preventive,1,critical,True,POLICY|PROCEDURE|STANDARD|CONFIG|TRAINING_RECORD,active
1454,USA,USA-SOX,2002,2.13,Sec 404,Sec 404 - Control 13,Sec 404 - ضابط 13,The organization shall implement sec 404 controls to ensure compliance with Sarbanes-Oxley Act requirements.,يجب على المنظمة تطبيق ضوابط Sec 404 لضمان الامتثال لمتطلبات قانون ساربينز أوكسلي,detective,2,high,True,LOG|REPORT|SCAN_REPORT|AUDIT_REPORT|ACCESS_REVIEW,active
1455,USA,USA-SOX,2002,3.13,Sec 409,Sec 409 - Control 13,Sec 409 - ضابط 13,The organization shall implement sec 409 controls to ensure compliance with Sarbanes-Oxley Act requirements.,يجب على المنظمة تطبيق ضوابط Sec 409 لضمان الامتثال لمتطلبات قانون ساربينز أوكسلي,corrective,3,medium,True,INCIDENT_REPORT|MEETING_MINUTES|ATTESTATION|RISK_ASSESSMENT,active
1456,USA,USA-SOX,2002,4.13,Sec 802,Sec 802 - Control 13,Sec 802 - ضابط 13,The organization shall implement sec 802 controls to ensure compliance with Sarbanes-Oxley Act requirements.,يجب على المنظمة تطبيق ضوابط Sec 802 لضمان الامتثال لمتطلبات قانون ساربينز أوكسلي,preventive,4,low,True,POLICY|PROCEDURE|STANDARD|CONFIG|TRAINING_RECORD,active
1457,USA,USA-SOX,2002,5.13,Sec 906,Sec 906 - Control 13,Sec 906 - ضابط 13,The organization shall implement sec 906 controls to ensure compliance with Sarbanes-Oxley Act requirements.,يجب على المنظمة تطبيق ضوابط Sec 906 لضمان الامتثال لمتطلبات قانون ساربينز أوكسلي,detective,1,critical,True,LOG|REPORT|SCAN_REPORT|AUDIT_REPORT|ACCESS_REVIEW,active
1458,USA,USA-SOX,2002,1.14,Sec 302,Sec 302 - Control 14,Sec 302 - ضابط 14,The organization shall implement sec 302 controls to ensure compliance with Sarbanes-Oxley Act requirements.,يجب على المنظمة تطبيق ضوابط Sec 302 لضمان الامتثال لمتطلبات قانون ساربينز أوكسلي,corrective,2,high,True,INCIDENT_REPORT|MEETING_MINUTES|ATTESTATION|RISK_ASSESSMENT,active
1459,USA,USA-SOX,2002,2.14,Sec 404,Sec 404 - Control 14,Sec 404 - ضابط 14,The organization shall implement sec 404 controls to ensure compliance with Sarbanes-Oxley Act requirements.,يجب على المنظمة تطبيق ضوابط Sec 404 لضمان الامتثال لمتطلبات قانون ساربينز أوكسلي,preventive,3,medium,True,POLICY|PROCEDURE|STANDARD|CONFIG|TRAINING_RECORD,active
1460,USA,USA-SOX,2002,3.14,Sec 409,Sec 409 - Control 14,Sec 409 - ضابط 14,The organization shall implement sec 409 controls to ensure compliance with Sarbanes-Oxley Act requirements.,يجب على المنظمة تطبيق ضوابط Sec 409 لضمان الامتثال لمتطلبات قانون ساربينز أوكسلي,detective,4,low,True,LOG|REPORT|SCAN_REPORT|AUDIT_REPORT|ACCESS_REVIEW,active
1461,USA,USA-SOX,2002,4.14,Sec 802,Sec 802 - Control 14,Sec 802 - ضابط 14,The organization shall implement sec 802 controls to ensure compliance with Sarbanes-Oxley Act requirements.,يجب على المنظمة تطبيق ضوابط Sec 802 لضمان الامتثال لمتطلبات قانون ساربينز أوكسلي,corrective,1,critical,True,INCIDENT_REPORT|MEETING_MINUTES|ATTESTATION|RISK_ASSESSMENT,active
1462,USA,USA-SOX,2002,5.14,Sec 906,Sec 906 - Control 14,Sec 906 - ضابط 14,The organization shall implement sec 906 controls to ensure compliance with Sarbanes-Oxley Act requirements.,يجب على المنظمة تطبيق ضوابط Sec 906 لضمان الامتثال لمتطلبات قانون ساربينز أوكسلي,preventive,2,high,True,POLICY|PROCEDURE|STANDARD|CONFIG|TRAINING_RECORD,active
1463,USA,USA-SOX,2002,1.15,Sec 302,Sec 302 - Control 15,Sec 302 - ضابط 15,The organization shall implement sec 302 controls to ensure compliance with Sarbanes-Oxley Act requirements.,يجب على المنظمة تطبيق ضوابط Sec 302 لضمان الامتثال لمتطلبات قانون ساربينز أوكسلي,detective,3,medium,True,LOG|REPORT|SCAN_REPORT|AUDIT_REPORT|ACCESS_REVIEW,active
1464,USA,USA-SOX,2002,2.15,Sec 404,Sec 404 - Control 15,Sec 404 - ضابط 15,The organization shall implement sec 404 controls to ensure compliance with Sarbanes-Oxley Act requirements.,يجب على المنظمة تطبيق ضوابط Sec 404 لضمان الامتثال لمتطلبات قانون ساربينز أوكسلي,corrective,4,low,True,INCIDENT_REPORT|MEETING_MINUTES|ATTESTATION|RISK_ASSESSMENT,active
1465,USA,USA-SOX,2002,3.15,Sec 409,Sec 409 - Control 15,Sec 409 - ضابط 15,The organization shall implement sec 409 controls to ensure compliance with Sarbanes-Oxley Act requirements.,يجب على المنظمة تطبيق ضوابط Sec 409 لضمان الامتثال لمتطلبات قانون ساربينز أوكسلي,preventive,1,critical,True,POLICY|PROCEDURE|STANDARD|CONFIG|TRAINING_RECORD,active
1466,USA,USA-SOX,2002,4.15,Sec 802,Sec 802 - Control 15,Sec 802 - ضابط 15,The organization shall implement sec 802 controls to ensure compliance with Sarbanes-Oxley Act requirements.,يجب على المنظمة تطبيق ضوابط Sec 802 لضمان الامتثال لمتطلبات قانون ساربينز أوكسلي,detective,2,high,True,LOG|REPORT|SCAN_REPORT|AUDIT_REPORT|ACCESS_REVIEW,active
1467,USA,USA-SOX,2002,5.15,Sec 906,Sec 906 - Control 15,Sec 906 - ضابط 15,The organization shall implement sec 906 controls to ensure compliance with Sarbanes-Oxley Act requirements.,يجب على المنظمة تطبيق ضوابط Sec 906 لضمان الامتثال لمتطلبات قانون ساربينز أوكسلي,corrective,3,medium,True,INCIDENT_REPORT|MEETING_MINUTES|ATTESTATION|RISK_ASSESSMENT,active
1468,USA,USA-SOX,2002,1.16,Sec 302,Sec 302 - Control 16,Sec 302 - ضابط 16,The organization shall implement sec 302 controls to ensure compliance with Sarbanes-Oxley Act requirements.,يجب على المنظمة تطبيق ضوابط Sec 302 لضمان الامتثال لمتطلبات قانون ساربينز أوكسلي,preventive,4,low,True,POLICY|PROCEDURE|STANDARD|CONFIG|TRAINING_RECORD,active
1469,USA,USA-SOX,2002,2.16,Sec 404,Sec 404 - Control 16,Sec 404 - ضابط 16,The organization shall implement sec 404 controls to ensure compliance with Sarbanes-Oxley Act requirements.,يجب على المنظمة تطبيق ضوابط Sec 404 لضمان الامتثال لمتطلبات قانون ساربينز أوكسلي,detective,1,critical,True,LOG|REPORT|SCAN_REPORT|AUDIT_REPORT|ACCESS_REVIEW,active
1470,USA,USA-SOX,2002,3.16,Sec 409,Sec 409 - Control 16,Sec 409 - ضابط 16,The organization shall implement sec 409 controls to ensure compliance with Sarbanes-Oxley Act requirements.,يجب على المنظمة تطبيق ضوابط Sec 409 لضمان الامتثال لمتطلبات قانون ساربينز أوكسلي,corrective,2,high,True,INCIDENT_REPORT|MEETING_MINUTES|ATTESTATION|RISK_ASSESSMENT,active
1471,USA,USA-SOX,2002,4.16,Sec 802,Sec 802 - Control 16,Sec 802 - ضابط 16,The organization shall implement sec 802 controls to ensure compliance with Sarbanes-Oxley Act requirements.,يجب على المنظمة تطبيق ضوابط Sec 802 لضمان الامتثال لمتطلبات قانون ساربينز أوكسلي,preventive,3,medium,True,POLICY|PROCEDURE|STANDARD|CONFIG|TRAINING_RECORD,active
1472,USA,USA-SOX,2002,5.16,Sec 906,Sec 906 - Control 16,Sec 906 - ضابط 16,The organization shall implement sec 906 controls to ensure compliance with Sarbanes-Oxley Act requirements.,يجب على المنظمة تطبيق ضوابط Sec 906 لضمان الامتثال لمتطلبات قانون ساربينز أوكسلي,detective,4,low,True,LOG|REPORT|SCAN_REPORT|AUDIT_REPORT|ACCESS_REVIEW,active
1473,USA,USA-SOX,2002,1.17,Sec 302,Sec 302 - Control 17,Sec 302 - ضابط 17,The organization shall implement sec 302 controls to ensure compliance with Sarbanes-Oxley Act requirements.,يجب على المنظمة تطبيق ضوابط Sec 302 لضمان الامتثال لمتطلبات قانون ساربينز أوكسلي,corrective,1,critical,True,INCIDENT_REPORT|MEETING_MINUTES|ATTESTATION|RISK_ASSESSMENT,active
1474,USA,USA-SOX,2002,2.17,Sec 404,Sec 404 - Control 17,Sec 404 - ضابط 17,The organization shall implement sec 404 controls to ensure compliance with Sarbanes-Oxley Act requirements.,يجب على المنظمة تطبيق ضوابط Sec 404 لضمان الامتثال لمتطلبات قانون ساربينز أوكسلي,preventive,2,high,True,POLICY|PROCEDURE|STANDARD|CONFIG|TRAINING_RECORD,active
1475,USA,USA-SOX,2002,3.17,Sec 409,Sec 409 - Control 17,Sec 409 - ضابط 17,The organization shall implement sec 409 controls to ensure compliance with Sarbanes-Oxley Act requirements.,يجب على المنظمة تطبيق ضوابط Sec 409 لضمان الامتثال لمتطلبات قانون ساربينز أوكسلي,detective,3,medium,True,LOG|REPORT|SCAN_REPORT|AUDIT_REPORT|ACCESS_REVIEW,active
1476,USA,USA-SOX,2002,4.17,Sec 802,Sec 802 - Control 17,Sec 802 - ضابط 17,The organization shall implement sec 802 controls to ensure compliance with Sarbanes-Oxley Act requirements.,يجب على المنظمة تطبيق ضوابط Sec 802 لضمان الامتثال لمتطلبات قانون ساربينز أوكسلي,corrective,4,low,True,INCIDENT_REPORT|MEETING_MINUTES|ATTESTATION|RISK_ASSESSMENT,active
1477,USA,USA-SOX,2002,5.17,Sec 906,Sec 906 - Control 17,Sec 906 - ضابط 17,The organization shall implement sec 906 controls to ensure compliance with Sarbanes-Oxley Act requirements.,يجب على المنظمة تطبيق ضوابط Sec 906 لضمان الامتثال لمتطلبات قانون ساربينز أوكسلي,preventive,1,critical,True,POLICY|PROCEDURE|STANDARD|CONFIG|TRAINING_RECORD,active
1478,USA,USA-SOX,2002,1.18,Sec 302,Sec 302 - Control 18,Sec 302 - ضابط 18,The organization shall implement sec 302 controls to ensure compliance with Sarbanes-Oxley Act requirements.,يجب على المنظمة تطبيق ضوابط Sec 302 لضمان الامتثال لمتطلبات قانون ساربينز أوكسلي,detective,2,high,True,LOG|REPORT|SCAN_REPORT|AUDIT_REPORT|ACCESS_REVIEW,active
1479,USA,USA-SOX,2002,2.18,Sec 404,Sec 404 - Control 18,Sec 404 - ضابط 18,The organization shall implement sec 404 controls to ensure compliance with Sarbanes-Oxley Act requirements.,يجب على المنظمة تطبيق ضوابط Sec 404 لضمان الامتثال لمتطلبات قانون ساربينز أوكسلي,corrective,3,medium,True,INCIDENT_REPORT|MEETING_MINUTES|ATTESTATION|RISK_ASSESSMENT,active
1480,USA,USA-SOX,2002,3.18,Sec 409,Sec 409 - Control 18,Sec 409 - ضابط 18,The organization shall implement sec 409 controls to ensure compliance with Sarbanes-Oxley Act requirements.,يجب على المنظمة تطبيق ضوابط Sec 409 لضمان الامتثال لمتطلبات قانون ساربينز أوكسلي,preventive,4,low,True,POLICY|PROCEDURE|STANDARD|CONFIG|TRAINING_RECORD,active
1481,USA,USA-CCPA,CPRA,1.1,Notice,Notice - Control 1,Notice - ضابط 1,The organization shall implement notice controls to ensure compliance with California Consumer Privacy Act requirements.,يجب على المنظمة تطبيق ضوابط Notice لضمان الامتثال لمتطلبات قانون خصوصية المستهلك في كاليفورنيا,preventive,1,critical,True,POLICY|PROCEDURE|STANDARD|CONFIG|TRAINING_RECORD,active
1482,USA,USA-CCPA,CPRA,2.1,Rights,Rights - Control 1,Rights - ضابط 1,The organization shall implement rights controls to ensure compliance with California Consumer Privacy Act requirements.,يجب على المنظمة تطبيق ضوابط Rights لضمان الامتثال لمتطلبات قانون خصوصية المستهلك في كاليفورنيا,detective,2,high,True,LOG|REPORT|SCAN_REPORT|AUDIT_REPORT|ACCESS_REVIEW,active
1483,USA,USA-CCPA,CPRA,3.1,Sale,Sale - Control 1,Sale - ضابط 1,The organization shall implement sale controls to ensure compliance with California Consumer Privacy Act requirements.,يجب على المنظمة تطبيق ضوابط Sale لضمان الامتثال لمتطلبات قانون خصوصية المستهلك في كاليفورنيا,corrective,3,medium,True,INCIDENT_REPORT|MEETING_MINUTES|ATTESTATION|RISK_ASSESSMENT,active
1484,USA,USA-CCPA,CPRA,4.1,Sensitive PI,Sensitive PI - Control 1,Sensitive PI - ضابط 1,The organization shall implement sensitive pi controls to ensure compliance with California Consumer Privacy Act requirements.,يجب على المنظمة تطبيق ضوابط Sensitive PI لضمان الامتثال لمتطلبات قانون خصوصية المستهلك في كاليفورنيا,preventive,4,low,True,POLICY|PROCEDURE|STANDARD|CONFIG|TRAINING_RECORD,active
1485,USA,USA-CCPA,CPRA,5.1,Children,Children - Control 1,Children - ضابط 1,The organization shall implement children controls to ensure compliance with California Consumer Privacy Act requirements.,يجب على المنظمة تطبيق ضوابط Children لضمان الامتثال لمتطلبات قانون خصوصية المستهلك في كاليفورنيا,detective,1,critical,True,LOG|REPORT|SCAN_REPORT|AUDIT_REPORT|ACCESS_REVIEW,active
1486,USA,USA-CCPA,CPRA,1.2,Notice,Notice - Control 2,Notice - ضابط 2,The organization shall implement notice controls to ensure compliance with California Consumer Privacy Act requirements.,يجب على المنظمة تطبيق ضوابط Notice لضمان الامتثال لمتطلبات قانون خصوصية المستهلك في كاليفورنيا,corrective,2,high,True,INCIDENT_REPORT|MEETING_MINUTES|ATTESTATION|RISK_ASSESSMENT,active
1487,USA,USA-CCPA,CPRA,2.2,Rights,Rights - Control 2,Rights - ضابط 2,The organization shall implement rights controls to ensure compliance with California Consumer Privacy Act requirements.,يجب على المنظمة تطبيق ضوابط Rights لضمان الامتثال لمتطلبات قانون خصوصية المستهلك في كاليفورنيا,preventive,3,medium,True,POLICY|PROCEDURE|STANDARD|CONFIG|TRAINING_RECORD,active
1488,USA,USA-CCPA,CPRA,3.2,Sale,Sale - Control 2,Sale - ضابط 2,The organization shall implement sale controls to ensure compliance with California Consumer Privacy Act requirements.,يجب على المنظمة تطبيق ضوابط Sale لضمان الامتثال لمتطلبات قانون خصوصية المستهلك في كاليفورنيا,detective,4,low,True,LOG|REPORT|SCAN_REPORT|AUDIT_REPORT|ACCESS_REVIEW,active
1489,USA,USA-CCPA,CPRA,4.2,Sensitive PI,Sensitive PI - Control 2,Sensitive PI - ضابط 2,The organization shall implement sensitive pi controls to ensure compliance with California Consumer Privacy Act requirements.,يجب على المنظمة تطبيق ضوابط Sensitive PI لضمان الامتثال لمتطلبات قانون خصوصية المستهلك في كاليفورنيا,corrective,1,critical,True,INCIDENT_REPORT|MEETING_MINUTES|ATTESTATION|RISK_ASSESSMENT,active
1490,USA,USA-CCPA,CPRA,5.2,Children,Children - Control 2,Children - ضابط 2,The organization shall implement children controls to ensure compliance with California Consumer Privacy Act requirements.,يجب على المنظمة تطبيق ضوابط Children لضمان الامتثال لمتطلبات قانون خصوصية المستهلك في كاليفورنيا,preventive,2,high,True,POLICY|PROCEDURE|STANDARD|CONFIG|TRAINING_RECORD,active
1491,USA,USA-CCPA,CPRA,1.3,Notice,Notice - Control 3,Notice - ضابط 3,The organization shall implement notice controls to ensure compliance with California Consumer Privacy Act requirements.,يجب على المنظمة تطبيق ضوابط Notice لضمان الامتثال لمتطلبات قانون خصوصية المستهلك في كاليفورنيا,detective,3,medium,True,LOG|REPORT|SCAN_REPORT|AUDIT_REPORT|ACCESS_REVIEW,active
1492,USA,USA-CCPA,CPRA,2.3,Rights,Rights - Control 3,Rights - ضابط 3,The organization shall implement rights controls to ensure compliance with California Consumer Privacy Act requirements.,يجب على المنظمة تطبيق ضوابط Rights لضمان الامتثال لمتطلبات قانون خصوصية المستهلك في كاليفورنيا,corrective,4,low,True,INCIDENT_REPORT|MEETING_MINUTES|ATTESTATION|RISK_ASSESSMENT,active
1493,USA,USA-CCPA,CPRA,3.3,Sale,Sale - Control 3,Sale - ضابط 3,The organization shall implement sale controls to ensure compliance with California Consumer Privacy Act requirements.,يجب على المنظمة تطبيق ضوابط Sale لضمان الامتثال لمتطلبات قانون خصوصية المستهلك في كاليفورنيا,preventive,1,critical,True,POLICY|PROCEDURE|STANDARD|CONFIG|TRAINING_RECORD,active
1494,USA,USA-CCPA,CPRA,4.3,Sensitive PI,Sensitive PI - Control 3,Sensitive PI - ضابط 3,The organization shall implement sensitive pi controls to ensure compliance with California Consumer Privacy Act requirements.,يجب على المنظمة تطبيق ضوابط Sensitive PI لضمان الامتثال لمتطلبات قانون خصوصية المستهلك في كاليفورنيا,detective,2,high,True,LOG|REPORT|SCAN_REPORT|AUDIT_REPORT|ACCESS_REVIEW,active
1495,USA,USA-CCPA,CPRA,5.3,Children,Children - Control 3,Children - ضابط 3,The organization shall implement children controls to ensure compliance with California Consumer Privacy Act requirements.,يجب على المنظمة تطبيق ضوابط Children لضمان الامتثال لمتطلبات قانون خصوصية المستهلك في كاليفورنيا,corrective,3,medium,True,INCIDENT_REPORT|MEETING_MINUTES|ATTESTATION|RISK_ASSESSMENT,active
1496,USA,USA-CCPA,CPRA,1.4,Notice,Notice - Control 4,Notice - ضابط 4,The organization shall implement notice controls to ensure compliance with California Consumer Privacy Act requirements.,يجب على المنظمة تطبيق ضوابط Notice لضمان الامتثال لمتطلبات قانون خصوصية المستهلك في كاليفورنيا,preventive,4,low,True,POLICY|PROCEDURE|STANDARD|CONFIG|TRAINING_RECORD,active
1497,USA,USA-CCPA,CPRA,2.4,Rights,Rights - Control 4,Rights - ضابط 4,The organization shall implement rights controls to ensure compliance with California Consumer Privacy Act requirements.,يجب على المنظمة تطبيق ضوابط Rights لضمان الامتثال لمتطلبات قانون خصوصية المستهلك في كاليفورنيا,detective,1,critical,True,LOG|REPORT|SCAN_REPORT|AUDIT_REPORT|ACCESS_REVIEW,active
1498,USA,USA-CCPA,CPRA,3.4,Sale,Sale - Control 4,Sale - ضابط 4,The organization shall implement sale controls to ensure compliance with California Consumer Privacy Act requirements.,يجب على المنظمة تطبيق ضوابط Sale لضمان الامتثال لمتطلبات قانون خصوصية المستهلك في كاليفورنيا,corrective,2,high,True,INCIDENT_REPORT|MEETING_MINUTES|ATTESTATION|RISK_ASSESSMENT,active
1499,USA,USA-CCPA,CPRA,4.4,Sensitive PI,Sensitive PI - Control 4,Sensitive PI - ضابط 4,The organization shall implement sensitive pi controls to ensure compliance with California Consumer Privacy Act requirements.,يجب على المنظمة تطبيق ضوابط Sensitive PI لضمان الامتثال لمتطلبات قانون خصوصية المستهلك في كاليفورنيا,preventive,3,medium,True,POLICY|PROCEDURE|STANDARD|CONFIG|TRAINING_RECORD,active
1500,USA,USA-CCPA,CPRA,5.4,Children,Children - Control 4,Children - ضابط 4,The organization shall implement children controls to ensure compliance with California Consumer Privacy Act requirements.,يجب على المنظمة تطبيق ضوابط Children لضمان الامتثال لمتطلبات قانون خصوصية المستهلك في كاليفورنيا,detective,4,low,True,LOG|REPORT|SCAN_REPORT|AUDIT_REPORT|ACCESS_REVIEW,active
1501,USA,USA-CCPA,CPRA,1.5,Notice,Notice - Control 5,Notice - ضابط 5,The organization shall implement notice controls to ensure compliance with California Consumer Privacy Act requirements.,يجب على المنظمة تطبيق ضوابط Notice لضمان الامتثال لمتطلبات قانون خصوصية المستهلك في كاليفورنيا,corrective,1,critical,True,INCIDENT_REPORT|MEETING_MINUTES|ATTESTATION|RISK_ASSESSMENT,active
1502,USA,USA-CCPA,CPRA,2.5,Rights,Rights - Control 5,Rights - ضابط 5,The organization shall implement rights controls to ensure compliance with California Consumer Privacy Act requirements.,يجب على المنظمة تطبيق ضوابط Rights لضمان الامتثال لمتطلبات قانون خصوصية المستهلك في كاليفورنيا,preventive,2,high,True,POLICY|PROCEDURE|STANDARD|CONFIG|TRAINING_RECORD,active
1503,USA,USA-CCPA,CPRA,3.5,Sale,Sale - Control 5,Sale - ضابط 5,The organization shall implement sale controls to ensure compliance with California Consumer Privacy Act requirements.,يجب على المنظمة تطبيق ضوابط Sale لضمان الامتثال لمتطلبات قانون خصوصية المستهلك في كاليفورنيا,detective,3,medium,True,LOG|REPORT|SCAN_REPORT|AUDIT_REPORT|ACCESS_REVIEW,active
1504,USA,USA-CCPA,CPRA,4.5,Sensitive PI,Sensitive PI - Control 5,Sensitive PI - ضابط 5,The organization shall implement sensitive pi controls to ensure compliance with California Consumer Privacy Act requirements.,يجب على المنظمة تطبيق ضوابط Sensitive PI لضمان الامتثال لمتطلبات قانون خصوصية المستهلك في كاليفورنيا,corrective,4,low,True,INCIDENT_REPORT|MEETING_MINUTES|ATTESTATION|RISK_ASSESSMENT,active
1505,USA,USA-CCPA,CPRA,5.5,Children,Children - Control 5,Children - ضابط 5,The organization shall implement children controls to ensure compliance with California Consumer Privacy Act requirements.,يجب على المنظمة تطبيق ضوابط Children لضمان الامتثال لمتطلبات قانون خصوصية المستهلك في كاليفورنيا,preventive,1,critical,True,POLICY|PROCEDURE|STANDARD|CONFIG|TRAINING_RECORD,active
1506,USA,USA-CCPA,CPRA,1.6,Notice,Notice - Control 6,Notice - ضابط 6,The organization shall implement notice controls to ensure compliance with California Consumer Privacy Act requirements.,يجب على المنظمة تطبيق ضوابط Notice لضمان الامتثال لمتطلبات قانون خصوصية المستهلك في كاليفورنيا,detective,2,high,True,LOG|REPORT|SCAN_REPORT|AUDIT_REPORT|ACCESS_REVIEW,active
1507,USA,USA-CCPA,CPRA,2.6,Rights,Rights - Control 6,Rights - ضابط 6,The organization shall implement rights controls to ensure compliance with California Consumer Privacy Act requirements.,يجب على المنظمة تطبيق ضوابط Rights لضمان الامتثال لمتطلبات قانون خصوصية المستهلك في كاليفورنيا,corrective,3,medium,True,INCIDENT_REPORT|MEETING_MINUTES|ATTESTATION|RISK_ASSESSMENT,active
1508,USA,USA-CCPA,CPRA,3.6,Sale,Sale - Control 6,Sale - ضابط 6,The organization shall implement sale controls to ensure compliance with California Consumer Privacy Act requirements.,يجب على المنظمة تطبيق ضوابط Sale لضمان الامتثال لمتطلبات قانون خصوصية المستهلك في كاليفورنيا,preventive,4,low,True,POLICY|PROCEDURE|STANDARD|CONFIG|TRAINING_RECORD,active
1509,USA,USA-CCPA,CPRA,4.6,Sensitive PI,Sensitive PI - Control 6,Sensitive PI - ضابط 6,The organization shall implement sensitive pi controls to ensure compliance with California Consumer Privacy Act requirements.,يجب على المنظمة تطبيق ضوابط Sensitive PI لضمان الامتثال لمتطلبات قانون خصوصية المستهلك في كاليفورنيا,detective,1,critical,True,LOG|REPORT|SCAN_REPORT|AUDIT_REPORT|ACCESS_REVIEW,active
1510,USA,USA-CCPA,CPRA,5.6,Children,Children - Control 6,Children - ضابط 6,The organization shall implement children controls to ensure compliance with California Consumer Privacy Act requirements.,يجب على المنظمة تطبيق ضوابط Children لضمان الامتثال لمتطلبات قانون خصوصية المستهلك في كاليفورنيا,corrective,2,high,True,INCIDENT_REPORT|MEETING_MINUTES|ATTESTATION|RISK_ASSESSMENT,active
1511,USA,USA-CCPA,CPRA,1.7,Notice,Notice - Control 7,Notice - ضابط 7,The organization shall implement notice controls to ensure compliance with California Consumer Privacy Act requirements.,يجب على المنظمة تطبيق ضوابط Notice لضمان الامتثال لمتطلبات قانون خصوصية المستهلك في كاليفورنيا,preventive,3,medium,True,POLICY|PROCEDURE|STANDARD|CONFIG|TRAINING_RECORD,active
1512,USA,USA-CCPA,CPRA,2.7,Rights,Rights - Control 7,Rights - ضابط 7,The organization shall implement rights controls to ensure compliance with California Consumer Privacy Act requirements.,يجب على المنظمة تطبيق ضوابط Rights لضمان الامتثال لمتطلبات قانون خصوصية المستهلك في كاليفورنيا,detective,4,low,True,LOG|REPORT|SCAN_REPORT|AUDIT_REPORT|ACCESS_REVIEW,active
1513,USA,USA-CCPA,CPRA,3.7,Sale,Sale - Control 7,Sale - ضابط 7,The organization shall implement sale controls to ensure compliance with California Consumer Privacy Act requirements.,يجب على المنظمة تطبيق ضوابط Sale لضمان الامتثال لمتطلبات قانون خصوصية المستهلك في كاليفورنيا,corrective,1,critical,True,INCIDENT_REPORT|MEETING_MINUTES|ATTESTATION|RISK_ASSESSMENT,active
1514,USA,USA-CCPA,CPRA,4.7,Sensitive PI,Sensitive PI - Control 7,Sensitive PI - ضابط 7,The organization shall implement sensitive pi controls to ensure compliance with California Consumer Privacy Act requirements.,يجب على المنظمة تطبيق ضوابط Sensitive PI لضمان الامتثال لمتطلبات قانون خصوصية المستهلك في كاليفورنيا,preventive,2,high,True,POLICY|PROCEDURE|STANDARD|CONFIG|TRAINING_RECORD,active
1515,USA,USA-CCPA,CPRA,5.7,Children,Children - Control 7,Children - ضابط 7,The organization shall implement children controls to ensure compliance with California Consumer Privacy Act requirements.,يجب على المنظمة تطبيق ضوابط Children لضمان الامتثال لمتطلبات قانون خصوصية المستهلك في كاليفورنيا,detective,3,medium,True,LOG|REPORT|SCAN_REPORT|AUDIT_REPORT|ACCESS_REVIEW,active
1516,USA,USA-CCPA,CPRA,1.8,Notice,Notice - Control 8,Notice - ضابط 8,The organization shall implement notice controls to ensure compliance with California Consumer Privacy Act requirements.,يجب على المنظمة تطبيق ضوابط Notice لضمان الامتثال لمتطلبات قانون خصوصية المستهلك في كاليفورنيا,corrective,4,low,True,INCIDENT_REPORT|MEETING_MINUTES|ATTESTATION|RISK_ASSESSMENT,active
1517,USA,USA-CCPA,CPRA,2.8,Rights,Rights - Control 8,Rights - ضابط 8,The organization shall implement rights controls to ensure compliance with California Consumer Privacy Act requirements.,يجب على المنظمة تطبيق ضوابط Rights لضمان الامتثال لمتطلبات قانون خصوصية المستهلك في كاليفورنيا,preventive,1,critical,True,POLICY|PROCEDURE|STANDARD|CONFIG|TRAINING_RECORD,active
1518,USA,USA-CCPA,CPRA,3.8,Sale,Sale - Control 8,Sale - ضابط 8,The organization shall implement sale controls to ensure compliance with California Consumer Privacy Act requirements.,يجب على المنظمة تطبيق ضوابط Sale لضمان الامتثال لمتطلبات قانون خصوصية المستهلك في كاليفورنيا,detective,2,high,True,LOG|REPORT|SCAN_REPORT|AUDIT_REPORT|ACCESS_REVIEW,active
1519,USA,USA-CCPA,CPRA,4.8,Sensitive PI,Sensitive PI - Control 8,Sensitive PI - ضابط 8,The organization shall implement sensitive pi controls to ensure compliance with California Consumer Privacy Act requirements.,يجب على المنظمة تطبيق ضوابط Sensitive PI لضمان الامتثال لمتطلبات قانون خصوصية المستهلك في كاليفورنيا,corrective,3,medium,True,INCIDENT_REPORT|MEETING_MINUTES|ATTESTATION|RISK_ASSESSMENT,active
1520,USA,USA-CCPA,CPRA,5.8,Children,Children - Control 8,Children - ضابط 8,The organization shall implement children controls to ensure compliance with California Consumer Privacy Act requirements.,يجب على المنظمة تطبيق ضوابط Children لضمان الامتثال لمتطلبات قانون خصوصية المستهلك في كاليفورنيا,preventive,4,low,True,POLICY|PROCEDURE|STANDARD|CONFIG|TRAINING_RECORD,active
1521,USA,USA-CCPA,CPRA,1.9,Notice,Notice - Control 9,Notice - ضابط 9,The organization shall implement notice controls to ensure compliance with California Consumer Privacy Act requirements.,يجب على المنظمة تطبيق ضوابط Notice لضمان الامتثال لمتطلبات قانون خصوصية المستهلك في كاليفورنيا,detective,1,critical,True,LOG|REPORT|SCAN_REPORT|AUDIT_REPORT|ACCESS_REVIEW,active
1522,USA,USA-CCPA,CPRA,2.9,Rights,Rights - Control 9,Rights - ضابط 9,The organization shall implement rights controls to ensure compliance with California Consumer Privacy Act requirements.,يجب على المنظمة تطبيق ضوابط Rights لضمان الامتثال لمتطلبات قانون خصوصية المستهلك في كاليفورنيا,corrective,2,high,True,INCIDENT_REPORT|MEETING_MINUTES|ATTESTATION|RISK_ASSESSMENT,active
1523,USA,USA-CCPA,CPRA,3.9,Sale,Sale - Control 9,Sale - ضابط 9,The organization shall implement sale controls to ensure compliance with California Consumer Privacy Act requirements.,يجب على المنظمة تطبيق ضوابط Sale لضمان الامتثال لمتطلبات قانون خصوصية المستهلك في كاليفورنيا,preventive,3,medium,True,POLICY|PROCEDURE|STANDARD|CONFIG|TRAINING_RECORD,active
1524,USA,USA-CCPA,CPRA,4.9,Sensitive PI,Sensitive PI - Control 9,Sensitive PI - ضابط 9,The organization shall implement sensitive pi controls to ensure compliance with California Consumer Privacy Act requirements.,يجب على المنظمة تطبيق ضوابط Sensitive PI لضمان الامتثال لمتطلبات قانون خصوصية المستهلك في كاليفورنيا,detective,4,low,True,LOG|REPORT|SCAN_REPORT|AUDIT_REPORT|ACCESS_REVIEW,active
1525,USA,USA-CCPA,CPRA,5.9,Children,Children - Control 9,Children - ضابط 9,The organization shall implement children controls to ensure compliance with California Consumer Privacy Act requirements.,يجب على المنظمة تطبيق ضوابط Children لضمان الامتثال لمتطلبات قانون خصوصية المستهلك في كاليفورنيا,corrective,1,critical,True,INCIDENT_REPORT|MEETING_MINUTES|ATTESTATION|RISK_ASSESSMENT,active
1526,USA,USA-CCPA,CPRA,1.10,Notice,Notice - Control 10,Notice - ضابط 10,The organization shall implement notice controls to ensure compliance with California Consumer Privacy Act requirements.,يجب على المنظمة تطبيق ضوابط Notice لضمان الامتثال لمتطلبات قانون خصوصية المستهلك في كاليفورنيا,preventive,2,high,True,POLICY|PROCEDURE|STANDARD|CONFIG|TRAINING_RECORD,active
1527,USA,USA-CCPA,CPRA,2.10,Rights,Rights - Control 10,Rights - ضابط 10,The organization shall implement rights controls to ensure compliance with California Consumer Privacy Act requirements.,يجب على المنظمة تطبيق ضوابط Rights لضمان الامتثال لمتطلبات قانون خصوصية المستهلك في كاليفورنيا,detective,3,medium,True,LOG|REPORT|SCAN_REPORT|AUDIT_REPORT|ACCESS_REVIEW,active
1528,USA,USA-CCPA,CPRA,3.10,Sale,Sale - Control 10,Sale - ضابط 10,The organization shall implement sale controls to ensure compliance with California Consumer Privacy Act requirements.,يجب على المنظمة تطبيق ضوابط Sale لضمان الامتثال لمتطلبات قانون خصوصية المستهلك في كاليفورنيا,corrective,4,low,True,INCIDENT_REPORT|MEETING_MINUTES|ATTESTATION|RISK_ASSESSMENT,active
1529,USA,USA-CCPA,CPRA,4.10,Sensitive PI,Sensitive PI - Control 10,Sensitive PI - ضابط 10,The organization shall implement sensitive pi controls to ensure compliance with California Consumer Privacy Act requirements.,يجب على المنظمة تطبيق ضوابط Sensitive PI لضمان الامتثال لمتطلبات قانون خصوصية المستهلك في كاليفورنيا,preventive,1,critical,True,POLICY|PROCEDURE|STANDARD|CONFIG|TRAINING_RECORD,active
1530,USA,USA-CCPA,CPRA,5.10,Children,Children - Control 10,Children - ضابط 10,The organization shall implement children controls to ensure compliance with California Consumer Privacy Act requirements.,يجب على المنظمة تطبيق ضوابط Children لضمان الامتثال لمتطلبات قانون خصوصية المستهلك في كاليفورنيا,detective,2,high,True,LOG|REPORT|SCAN_REPORT|AUDIT_REPORT|ACCESS_REVIEW,active
1531,USA,USA-CCPA,CPRA,1.11,Notice,Notice - Control 11,Notice - ضابط 11,The organization shall implement notice controls to ensure compliance with California Consumer Privacy Act requirements.,يجب على المنظمة تطبيق ضوابط Notice لضمان الامتثال لمتطلبات قانون خصوصية المستهلك في كاليفورنيا,corrective,3,medium,True,INCIDENT_REPORT|MEETING_MINUTES|ATTESTATION|RISK_ASSESSMENT,active
1532,USA,USA-CCPA,CPRA,2.11,Rights,Rights - Control 11,Rights - ضابط 11,The organization shall implement rights controls to ensure compliance with California Consumer Privacy Act requirements.,يجب على المنظمة تطبيق ضوابط Rights لضمان الامتثال لمتطلبات قانون خصوصية المستهلك في كاليفورنيا,preventive,4,low,True,POLICY|PROCEDURE|STANDARD|CONFIG|TRAINING_RECORD,active
1533,USA,USA-CCPA,CPRA,3.11,Sale,Sale - Control 11,Sale - ضابط 11,The organization shall implement sale controls to ensure compliance with California Consumer Privacy Act requirements.,يجب على المنظمة تطبيق ضوابط Sale لضمان الامتثال لمتطلبات قانون خصوصية المستهلك في كاليفورنيا,detective,1,critical,True,LOG|REPORT|SCAN_REPORT|AUDIT_REPORT|ACCESS_REVIEW,active
1534,USA,USA-CCPA,CPRA,4.11,Sensitive PI,Sensitive PI - Control 11,Sensitive PI - ضابط 11,The organization shall implement sensitive pi controls to ensure compliance with California Consumer Privacy Act requirements.,يجب على المنظمة تطبيق ضوابط Sensitive PI لضمان الامتثال لمتطلبات قانون خصوصية المستهلك في كاليفورنيا,corrective,2,high,True,INCIDENT_REPORT|MEETING_MINUTES|ATTESTATION|RISK_ASSESSMENT,active
1535,USA,USA-CCPA,CPRA,5.11,Children,Children - Control 11,Children - ضابط 11,The organization shall implement children controls to ensure compliance with California Consumer Privacy Act requirements.,يجب على المنظمة تطبيق ضوابط Children لضمان الامتثال لمتطلبات قانون خصوصية المستهلك في كاليفورنيا,preventive,3,medium,True,POLICY|PROCEDURE|STANDARD|CONFIG|TRAINING_RECORD,active
1536,USA,USA-CCPA,CPRA,1.12,Notice,Notice - Control 12,Notice - ضابط 12,The organization shall implement notice controls to ensure compliance with California Consumer Privacy Act requirements.,يجب على المنظمة تطبيق ضوابط Notice لضمان الامتثال لمتطلبات قانون خصوصية المستهلك في كاليفورنيا,detective,4,low,True,LOG|REPORT|SCAN_REPORT|AUDIT_REPORT|ACCESS_REVIEW,active
1537,USA,USA-FFIEC,2024,1.1,Architecture,Architecture - Control 1,Architecture - ضابط 1,The organization shall implement architecture controls to ensure compliance with FFIEC IT Examination Handbook requirements.,يجب على المنظمة تطبيق ضوابط Architecture لضمان الامتثال لمتطلبات دليل فحص تقنية المعلومات,preventive,1,critical,True,POLICY|PROCEDURE|STANDARD|CONFIG|TRAINING_RECORD,active
1538,USA,USA-FFIEC,2024,2.1,Operations,Operations - Control 1,Operations - ضابط 1,The organization shall implement operations controls to ensure compliance with FFIEC IT Examination Handbook requirements.,يجب على المنظمة تطبيق ضوابط Operations لضمان الامتثال لمتطلبات دليل فحص تقنية المعلومات,detective,2,high,True,LOG|REPORT|SCAN_REPORT|AUDIT_REPORT|ACCESS_REVIEW,active
1539,USA,USA-FFIEC,2024,3.1,Resilience,Resilience - Control 1,Resilience - ضابط 1,The organization shall implement resilience controls to ensure compliance with FFIEC IT Examination Handbook requirements.,يجب على المنظمة تطبيق ضوابط Resilience لضمان الامتثال لمتطلبات دليل فحص تقنية المعلومات,corrective,3,medium,True,INCIDENT_REPORT|MEETING_MINUTES|ATTESTATION|RISK_ASSESSMENT,active
1540,USA,USA-FFIEC,2024,4.1,Audit,Audit - Control 1,Audit - ضابط 1,The organization shall implement audit controls to ensure compliance with FFIEC IT Examination Handbook requirements.,يجب على المنظمة تطبيق ضوابط Audit لضمان الامتثال لمتطلبات دليل فحص تقنية المعلومات,preventive,4,low,True,POLICY|PROCEDURE|STANDARD|CONFIG|TRAINING_RECORD,active
1541,USA,USA-FFIEC,2024,5.1,Outsourcing,Outsourcing - Control 1,Outsourcing - ضابط 1,The organization shall implement outsourcing controls to ensure compliance with FFIEC IT Examination Handbook requirements.,يجب على المنظمة تطبيق ضوابط Outsourcing لضمان الامتثال لمتطلبات دليل فحص تقنية المعلومات,detective,1,critical,True,LOG|REPORT|SCAN_REPORT|AUDIT_REPORT|ACCESS_REVIEW,active
1542,USA,USA-FFIEC,2024,1.2,Architecture,Architecture - Control 2,Architecture - ضابط 2,The organization shall implement architecture controls to ensure compliance with FFIEC IT Examination Handbook requirements.,يجب على المنظمة تطبيق ضوابط Architecture لضمان الامتثال لمتطلبات دليل فحص تقنية المعلومات,corrective,2,high,True,INCIDENT_REPORT|MEETING_MINUTES|ATTESTATION|RISK_ASSESSMENT,active
1543,USA,USA-FFIEC,2024,2.2,Operations,Operations - Control 2,Operations - ضابط 2,The organization shall implement operations controls to ensure compliance with FFIEC IT Examination Handbook requirements.,يجب على المنظمة تطبيق ضوابط Operations لضمان الامتثال لمتطلبات دليل فحص تقنية المعلومات,preventive,3,medium,True,POLICY|PROCEDURE|STANDARD|CONFIG|TRAINING_RECORD,active
1544,USA,USA-FFIEC,2024,3.2,Resilience,Resilience - Control 2,Resilience - ضابط 2,The organization shall implement resilience controls to ensure compliance with FFIEC IT Examination Handbook requirements.,يجب على المنظمة تطبيق ضوابط Resilience لضمان الامتثال لمتطلبات دليل فحص تقنية المعلومات,detective,4,low,True,LOG|REPORT|SCAN_REPORT|AUDIT_REPORT|ACCESS_REVIEW,active
1545,USA,USA-FFIEC,2024,4.2,Audit,Audit - Control 2,Audit - ضابط 2,The organization shall implement audit controls to ensure compliance with FFIEC IT Examination Handbook requirements.,يجب على المنظمة تطبيق ضوابط Audit لضمان الامتثال لمتطلبات دليل فحص تقنية المعلومات,corrective,1,critical,True,INCIDENT_REPORT|MEETING_MINUTES|ATTESTATION|RISK_ASSESSMENT,active
1546,USA,USA-FFIEC,2024,5.2,Outsourcing,Outsourcing - Control 2,Outsourcing - ضابط 2,The organization shall implement outsourcing controls to ensure compliance with FFIEC IT Examination Handbook requirements.,يجب على المنظمة تطبيق ضوابط Outsourcing لضمان الامتثال لمتطلبات دليل فحص تقنية المعلومات,preventive,2,high,True,POLICY|PROCEDURE|STANDARD|CONFIG|TRAINING_RECORD,active
1547,USA,USA-FFIEC,2024,1.3,Architecture,Architecture - Control 3,Architecture - ضابط 3,The organization shall implement architecture controls to ensure compliance with FFIEC IT Examination Handbook requirements.,يجب على المنظمة تطبيق ضوابط Architecture لضمان الامتثال لمتطلبات دليل فحص تقنية المعلومات,detective,3,medium,True,LOG|REPORT|SCAN_REPORT|AUDIT_REPORT|ACCESS_REVIEW,active
1548,USA,USA-FFIEC,2024,2.3,Operations,Operations - Control 3,Operations - ضابط 3,The organization shall implement operations controls to ensure compliance with FFIEC IT Examination Handbook requirements.,يجب على المنظمة تطبيق ضوابط Operations لضمان الامتثال لمتطلبات دليل فحص تقنية المعلومات,corrective,4,low,True,INCIDENT_REPORT|MEETING_MINUTES|ATTESTATION|RISK_ASSESSMENT,active
1549,USA,USA-FFIEC,2024,3.3,Resilience,Resilience - Control 3,Resilience - ضابط 3,The organization shall implement resilience controls to ensure compliance with FFIEC IT Examination Handbook requirements.,يجب على المنظمة تطبيق ضوابط Resilience لضمان الامتثال لمتطلبات دليل فحص تقنية المعلومات,preventive,1,critical,True,POLICY|PROCEDURE|STANDARD|CONFIG|TRAINING_RECORD,active
1550,USA,USA-FFIEC,2024,4.3,Audit,Audit - Control 3,Audit - ضابط 3,The organization shall implement audit controls to ensure compliance with FFIEC IT Examination Handbook requirements.,يجب على المنظمة تطبيق ضوابط Audit لضمان الامتثال لمتطلبات دليل فحص تقنية المعلومات,detective,2,high,True,LOG|REPORT|SCAN_REPORT|AUDIT_REPORT|ACCESS_REVIEW,active
1551,USA,USA-FFIEC,2024,5.3,Outsourcing,Outsourcing - Control 3,Outsourcing - ضابط 3,The organization shall implement outsourcing controls to ensure compliance with FFIEC IT Examination Handbook requirements.,يجب على المنظمة تطبيق ضوابط Outsourcing لضمان الامتثال لمتطلبات دليل فحص تقنية المعلومات,corrective,3,medium,True,INCIDENT_REPORT|MEETING_MINUTES|ATTESTATION|RISK_ASSESSMENT,active
1552,USA,USA-FFIEC,2024,1.4,Architecture,Architecture - Control 4,Architecture - ضابط 4,The organization shall implement architecture controls to ensure compliance with FFIEC IT Examination Handbook requirements.,يجب على المنظمة تطبيق ضوابط Architecture لضمان الامتثال لمتطلبات دليل فحص تقنية المعلومات,preventive,4,low,True,POLICY|PROCEDURE|STANDARD|CONFIG|TRAINING_RECORD,active
1553,USA,USA-FFIEC,2024,2.4,Operations,Operations - Control 4,Operations - ضابط 4,The organization shall implement operations controls to ensure compliance with FFIEC IT Examination Handbook requirements.,يجب على المنظمة تطبيق ضوابط Operations لضمان الامتثال لمتطلبات دليل فحص تقنية المعلومات,detective,1,critical,True,LOG|REPORT|SCAN_REPORT|AUDIT_REPORT|ACCESS_REVIEW,active
1554,USA,USA-FFIEC,2024,3.4,Resilience,Resilience - Control 4,Resilience - ضابط 4,The organization shall implement resilience controls to ensure compliance with FFIEC IT Examination Handbook requirements.,يجب على المنظمة تطبيق ضوابط Resilience لضمان الامتثال لمتطلبات دليل فحص تقنية المعلومات,corrective,2,high,True,INCIDENT_REPORT|MEETING_MINUTES|ATTESTATION|RISK_ASSESSMENT,active
1555,USA,USA-FFIEC,2024,4.4,Audit,Audit - Control 4,Audit - ضابط 4,The organization shall implement audit controls to ensure compliance with FFIEC IT Examination Handbook requirements.,يجب على المنظمة تطبيق ضوابط Audit لضمان الامتثال لمتطلبات دليل فحص تقنية المعلومات,preventive,3,medium,True,POLICY|PROCEDURE|STANDARD|CONFIG|TRAINING_RECORD,active
1556,USA,USA-FFIEC,2024,5.4,Outsourcing,Outsourcing - Control 4,Outsourcing - ضابط 4,The organization shall implement outsourcing controls to ensure compliance with FFIEC IT Examination Handbook requirements.,يجب على المنظمة تطبيق ضوابط Outsourcing لضمان الامتثال لمتطلبات دليل فحص تقنية المعلومات,detective,4,low,True,LOG|REPORT|SCAN_REPORT|AUDIT_REPORT|ACCESS_REVIEW,active
1557,USA,USA-FFIEC,2024,1.5,Architecture,Architecture - Control 5,Architecture - ضابط 5,The organization shall implement architecture controls to ensure compliance with FFIEC IT Examination Handbook requirements.,يجب على المنظمة تطبيق ضوابط Architecture لضمان الامتثال لمتطلبات دليل فحص تقنية المعلومات,corrective,1,critical,True,INCIDENT_REPORT|MEETING_MINUTES|ATTESTATION|RISK_ASSESSMENT,active
1558,USA,USA-FFIEC,2024,2.5,Operations,Operations - Control 5,Operations - ضابط 5,The organization shall implement operations controls to ensure compliance with FFIEC IT Examination Handbook requirements.,يجب على المنظمة تطبيق ضوابط Operations لضمان الامتثال لمتطلبات دليل فحص تقنية المعلومات,preventive,2,high,True,POLICY|PROCEDURE|STANDARD|CONFIG|TRAINING_RECORD,active
1559,USA,USA-FFIEC,2024,3.5,Resilience,Resilience - Control 5,Resilience - ضابط 5,The organization shall implement resilience controls to ensure compliance with FFIEC IT Examination Handbook requirements.,يجب على المنظمة تطبيق ضوابط Resilience لضمان الامتثال لمتطلبات دليل فحص تقنية المعلومات,detective,3,medium,True,LOG|REPORT|SCAN_REPORT|AUDIT_REPORT|ACCESS_REVIEW,active
1560,USA,USA-FFIEC,2024,4.5,Audit,Audit - Control 5,Audit - ضابط 5,The organization shall implement audit controls to ensure compliance with FFIEC IT Examination Handbook requirements.,يجب على المنظمة تطبيق ضوابط Audit لضمان الامتثال لمتطلبات دليل فحص تقنية المعلومات,corrective,4,low,True,INCIDENT_REPORT|MEETING_MINUTES|ATTESTATION|RISK_ASSESSMENT,active
1561,USA,USA-FFIEC,2024,5.5,Outsourcing,Outsourcing - Control 5,Outsourcing - ضابط 5,The organization shall implement outsourcing controls to ensure compliance with FFIEC IT Examination Handbook requirements.,يجب على المنظمة تطبيق ضوابط Outsourcing لضمان الامتثال لمتطلبات دليل فحص تقنية المعلومات,preventive,1,critical,True,POLICY|PROCEDURE|STANDARD|CONFIG|TRAINING_RECORD,active
1562,USA,USA-FFIEC,2024,1.6,Architecture,Architecture - Control 6,Architecture - ضابط 6,The organization shall implement architecture controls to ensure compliance with FFIEC IT Examination Handbook requirements.,يجب على المنظمة تطبيق ضوابط Architecture لضمان الامتثال لمتطلبات دليل فحص تقنية المعلومات,detective,2,high,True,LOG|REPORT|SCAN_REPORT|AUDIT_REPORT|ACCESS_REVIEW,active
1563,USA,USA-FFIEC,2024,2.6,Operations,Operations - Control 6,Operations - ضابط 6,The organization shall implement operations controls to ensure compliance with FFIEC IT Examination Handbook requirements.,يجب على المنظمة تطبيق ضوابط Operations لضمان الامتثال لمتطلبات دليل فحص تقنية المعلومات,corrective,3,medium,True,INCIDENT_REPORT|MEETING_MINUTES|ATTESTATION|RISK_ASSESSMENT,active
1564,USA,USA-FFIEC,2024,3.6,Resilience,Resilience - Control 6,Resilience - ضابط 6,The organization shall implement resilience controls to ensure compliance with FFIEC IT Examination Handbook requirements.,يجب على المنظمة تطبيق ضوابط Resilience لضمان الامتثال لمتطلبات دليل فحص تقنية المعلومات,preventive,4,low,True,POLICY|PROCEDURE|STANDARD|CONFIG|TRAINING_RECORD,active
1565,USA,USA-FFIEC,2024,4.6,Audit,Audit - Control 6,Audit - ضابط 6,The organization shall implement audit controls to ensure compliance with FFIEC IT Examination Handbook requirements.,يجب على المنظمة تطبيق ضوابط Audit لضمان الامتثال لمتطلبات دليل فحص تقنية المعلومات,detective,1,critical,True,LOG|REPORT|SCAN_REPORT|AUDIT_REPORT|ACCESS_REVIEW,active
1566,USA,USA-FFIEC,2024,5.6,Outsourcing,Outsourcing - Control 6,Outsourcing - ضابط 6,The organization shall implement outsourcing controls to ensure compliance with FFIEC IT Examination Handbook requirements.,يجب على المنظمة تطبيق ضوابط Outsourcing لضمان الامتثال لمتطلبات دليل فحص تقنية المعلومات,corrective,2,high,True,INCIDENT_REPORT|MEETING_MINUTES|ATTESTATION|RISK_ASSESSMENT,active
1567,USA,USA-FFIEC,2024,1.7,Architecture,Architecture - Control 7,Architecture - ضابط 7,The organization shall implement architecture controls to ensure compliance with FFIEC IT Examination Handbook requirements.,يجب على المنظمة تطبيق ضوابط Architecture لضمان الامتثال لمتطلبات دليل فحص تقنية المعلومات,preventive,3,medium,True,POLICY|PROCEDURE|STANDARD|CONFIG|TRAINING_RECORD,active
1568,USA,USA-FFIEC,2024,2.7,Operations,Operations - Control 7,Operations - ضابط 7,The organization shall implement operations controls to ensure compliance with FFIEC IT Examination Handbook requirements.,يجب على المنظمة تطبيق ضوابط Operations لضمان الامتثال لمتطلبات دليل فحص تقنية المعلومات,detective,4,low,True,LOG|REPORT|SCAN_REPORT|AUDIT_REPORT|ACCESS_REVIEW,active
1569,USA,USA-FFIEC,2024,3.7,Resilience,Resilience - Control 7,Resilience - ضابط 7,The organization shall implement resilience controls to ensure compliance with FFIEC IT Examination Handbook requirements.,يجب على المنظمة تطبيق ضوابط Resilience لضمان الامتثال لمتطلبات دليل فحص تقنية المعلومات,corrective,1,critical,True,INCIDENT_REPORT|MEETING_MINUTES|ATTESTATION|RISK_ASSESSMENT,active
1570,USA,USA-FFIEC,2024,4.7,Audit,Audit - Control 7,Audit - ضابط 7,The organization shall implement audit controls to ensure compliance with FFIEC IT Examination Handbook requirements.,يجب على المنظمة تطبيق ضوابط Audit لضمان الامتثال لمتطلبات دليل فحص تقنية المعلومات,preventive,2,high,True,POLICY|PROCEDURE|STANDARD|CONFIG|TRAINING_RECORD,active
1571,USA,USA-FFIEC,2024,5.7,Outsourcing,Outsourcing - Control 7,Outsourcing - ضابط 7,The organization shall implement outsourcing controls to ensure compliance with FFIEC IT Examination Handbook requirements.,يجب على المنظمة تطبيق ضوابط Outsourcing لضمان الامتثال لمتطلبات دليل فحص تقنية المعلومات,detective,3,medium,True,LOG|REPORT|SCAN_REPORT|AUDIT_REPORT|ACCESS_REVIEW,active
1572,USA,USA-FFIEC,2024,1.8,Architecture,Architecture - Control 8,Architecture - ضابط 8,The organization shall implement architecture controls to ensure compliance with FFIEC IT Examination Handbook requirements.,يجب على المنظمة تطبيق ضوابط Architecture لضمان الامتثال لمتطلبات دليل فحص تقنية المعلومات,corrective,4,low,True,INCIDENT_REPORT|MEETING_MINUTES|ATTESTATION|RISK_ASSESSMENT,active
1573,USA,USA-FFIEC,2024,2.8,Operations,Operations - Control 8,Operations - ضابط 8,The organization shall implement operations controls to ensure compliance with FFIEC IT Examination Handbook requirements.,يجب على المنظمة تطبيق ضوابط Operations لضمان الامتثال لمتطلبات دليل فحص تقنية المعلومات,preventive,1,critical,True,POLICY|PROCEDURE|STANDARD|CONFIG|TRAINING_RECORD,active
1574,USA,USA-FFIEC,2024,3.8,Resilience,Resilience - Control 8,Resilience - ضابط 8,The organization shall implement resilience controls to ensure compliance with FFIEC IT Examination Handbook requirements.,يجب على المنظمة تطبيق ضوابط Resilience لضمان الامتثال لمتطلبات دليل فحص تقنية المعلومات,detective,2,high,True,LOG|REPORT|SCAN_REPORT|AUDIT_REPORT|ACCESS_REVIEW,active
1575,USA,USA-FFIEC,2024,4.8,Audit,Audit - Control 8,Audit - ضابط 8,The organization shall implement audit controls to ensure compliance with FFIEC IT Examination Handbook requirements.,يجب على المنظمة تطبيق ضوابط Audit لضمان الامتثال لمتطلبات دليل فحص تقنية المعلومات,corrective,3,medium,True,INCIDENT_REPORT|MEETING_MINUTES|ATTESTATION|RISK_ASSESSMENT,active
1576,USA,USA-FFIEC,2024,5.8,Outsourcing,Outsourcing - Control 8,Outsourcing - ضابط 8,The organization shall implement outsourcing controls to ensure compliance with FFIEC IT Examination Handbook requirements.,يجب على المنظمة تطبيق ضوابط Outsourcing لضمان الامتثال لمتطلبات دليل فحص تقنية المعلومات,preventive,4,low,True,POLICY|PROCEDURE|STANDARD|CONFIG|TRAINING_RECORD,active
1577,USA,USA-FFIEC,2024,1.9,Architecture,Architecture - Control 9,Architecture - ضابط 9,The organization shall implement architecture controls to ensure compliance with FFIEC IT Examination Handbook requirements.,يجب على المنظمة تطبيق ضوابط Architecture لضمان الامتثال لمتطلبات دليل فحص تقنية المعلومات,detective,1,critical,True,LOG|REPORT|SCAN_REPORT|AUDIT_REPORT|ACCESS_REVIEW,active
1578,USA,USA-FFIEC,2024,2.9,Operations,Operations - Control 9,Operations - ضابط 9,The organization shall implement operations controls to ensure compliance with FFIEC IT Examination Handbook requirements.,يجب على المنظمة تطبيق ضوابط Operations لضمان الامتثال لمتطلبات دليل فحص تقنية المعلومات,corrective,2,high,True,INCIDENT_REPORT|MEETING_MINUTES|ATTESTATION|RISK_ASSESSMENT,active
1579,USA,USA-FFIEC,2024,3.9,Resilience,Resilience - Control 9,Resilience - ضابط 9,The organization shall implement resilience controls to ensure compliance with FFIEC IT Examination Handbook requirements.,يجب على المنظمة تطبيق ضوابط Resilience لضمان الامتثال لمتطلبات دليل فحص تقنية المعلومات,preventive,3,medium,True,POLICY|PROCEDURE|STANDARD|CONFIG|TRAINING_RECORD,active
1580,USA,USA-FFIEC,2024,4.9,Audit,Audit - Control 9,Audit - ضابط 9,The organization shall implement audit controls to ensure compliance with FFIEC IT Examination Handbook requirements.,يجب على المنظمة تطبيق ضوابط Audit لضمان الامتثال لمتطلبات دليل فحص تقنية المعلومات,detective,4,low,True,LOG|REPORT|SCAN_REPORT|AUDIT_REPORT|ACCESS_REVIEW,active
1581,USA,USA-FFIEC,2024,5.9,Outsourcing,Outsourcing - Control 9,Outsourcing - ضابط 9,The organization shall implement outsourcing controls to ensure compliance with FFIEC IT Examination Handbook requirements.,يجب على المنظمة تطبيق ضوابط Outsourcing لضمان الامتثال لمتطلبات دليل فحص تقنية المعلومات,corrective,1,critical,True,INCIDENT_REPORT|MEETING_MINUTES|ATTESTATION|RISK_ASSESSMENT,active
1582,USA,USA-FFIEC,2024,1.10,Architecture,Architecture - Control 10,Architecture - ضابط 10,The organization shall implement architecture controls to ensure compliance with FFIEC IT Examination Handbook requirements.,يجب على المنظمة تطبيق ضوابط Architecture لضمان الامتثال لمتطلبات دليل فحص تقنية المعلومات,preventive,2,high,True,POLICY|PROCEDURE|STANDARD|CONFIG|TRAINING_RECORD,active
1583,USA,USA-FFIEC,2024,2.10,Operations,Operations - Control 10,Operations - ضابط 10,The organization shall implement operations controls to ensure compliance with FFIEC IT Examination Handbook requirements.,يجب على المنظمة تطبيق ضوابط Operations لضمان الامتثال لمتطلبات دليل فحص تقنية المعلومات,detective,3,medium,True,LOG|REPORT|SCAN_REPORT|AUDIT_REPORT|ACCESS_REVIEW,active
1584,USA,USA-FFIEC,2024,3.10,Resilience,Resilience - Control 10,Resilience - ضابط 10,The organization shall implement resilience controls to ensure compliance with FFIEC IT Examination Handbook requirements.,يجب على المنظمة تطبيق ضوابط Resilience لضمان الامتثال لمتطلبات دليل فحص تقنية المعلومات,corrective,4,low,True,INCIDENT_REPORT|MEETING_MINUTES|ATTESTATION|RISK_ASSESSMENT,active
1585,USA,USA-FFIEC,2024,4.10,Audit,Audit - Control 10,Audit - ضابط 10,The organization shall implement audit controls to ensure compliance with FFIEC IT Examination Handbook requirements.,يجب على المنظمة تطبيق ضوابط Audit لضمان الامتثال لمتطلبات دليل فحص تقنية المعلومات,preventive,1,critical,True,POLICY|PROCEDURE|STANDARD|CONFIG|TRAINING_RECORD,active
1586,USA,USA-FFIEC,2024,5.10,Outsourcing,Outsourcing - Control 10,Outsourcing - ضابط 10,The organization shall implement outsourcing controls to ensure compliance with FFIEC IT Examination Handbook requirements.,يجب على المنظمة تطبيق ضوابط Outsourcing لضمان الامتثال لمتطلبات دليل فحص تقنية المعلومات,detective,2,high,True,LOG|REPORT|SCAN_REPORT|AUDIT_REPORT|ACCESS_REVIEW,active
1587,USA,USA-FFIEC,2024,1.11,Architecture,Architecture - Control 11,Architecture - ضابط 11,The organization shall implement architecture controls to ensure compliance with FFIEC IT Examination Handbook requirements.,يجب على المنظمة تطبيق ضوابط Architecture لضمان الامتثال لمتطلبات دليل فحص تقنية المعلومات,corrective,3,medium,True,INCIDENT_REPORT|MEETING_MINUTES|ATTESTATION|RISK_ASSESSMENT,active
1588,USA,USA-FFIEC,2024,2.11,Operations,Operations - Control 11,Operations - ضابط 11,The organization shall implement operations controls to ensure compliance with FFIEC IT Examination Handbook requirements.,يجب على المنظمة تطبيق ضوابط Operations لضمان الامتثال لمتطلبات دليل فحص تقنية المعلومات,preventive,4,low,True,POLICY|PROCEDURE|STANDARD|CONFIG|TRAINING_RECORD,active
1589,USA,USA-FFIEC,2024,3.11,Resilience,Resilience - Control 11,Resilience - ضابط 11,The organization shall implement resilience controls to ensure compliance with FFIEC IT Examination Handbook requirements.,يجب على المنظمة تطبيق ضوابط Resilience لضمان الامتثال لمتطلبات دليل فحص تقنية المعلومات,detective,1,critical,True,LOG|REPORT|SCAN_REPORT|AUDIT_REPORT|ACCESS_REVIEW,active
1590,USA,USA-FFIEC,2024,4.11,Audit,Audit - Control 11,Audit - ضابط 11,The organization shall implement audit controls to ensure compliance with FFIEC IT Examination Handbook requirements.,يجب على المنظمة تطبيق ضوابط Audit لضمان الامتثال لمتطلبات دليل فحص تقنية المعلومات,corrective,2,high,True,INCIDENT_REPORT|MEETING_MINUTES|ATTESTATION|RISK_ASSESSMENT,active
1591,USA,USA-FFIEC,2024,5.11,Outsourcing,Outsourcing - Control 11,Outsourcing - ضابط 11,The organization shall implement outsourcing controls to ensure compliance with FFIEC IT Examination Handbook requirements.,يجب على المنظمة تطبيق ضوابط Outsourcing لضمان الامتثال لمتطلبات دليل فحص تقنية المعلومات,preventive,3,medium,True,POLICY|PROCEDURE|STANDARD|CONFIG|TRAINING_RECORD,active
1592,USA,USA-FFIEC,2024,1.12,Architecture,Architecture - Control 12,Architecture - ضابط 12,The organization shall implement architecture controls to ensure compliance with FFIEC IT Examination Handbook requirements.,يجب على المنظمة تطبيق ضوابط Architecture لضمان الامتثال لمتطلبات دليل فحص تقنية المعلومات,detective,4,low,True,LOG|REPORT|SCAN_REPORT|AUDIT_REPORT|ACCESS_REVIEW,active
1593,USA,USA-FFIEC,2024,2.12,Operations,Operations - Control 12,Operations - ضابط 12,The organization shall implement operations controls to ensure compliance with FFIEC IT Examination Handbook requirements.,يجب على المنظمة تطبيق ضوابط Operations لضمان الامتثال لمتطلبات دليل فحص تقنية المعلومات,corrective,1,critical,True,INCIDENT_REPORT|MEETING_MINUTES|ATTESTATION|RISK_ASSESSMENT,active
1594,USA,USA-FFIEC,2024,3.12,Resilience,Resilience - Control 12,Resilience - ضابط 12,The organization shall implement resilience controls to ensure compliance with FFIEC IT Examination Handbook requirements.,يجب على المنظمة تطبيق ضوابط Resilience لضمان الامتثال لمتطلبات دليل فحص تقنية المعلومات,preventive,2,high,True,POLICY|PROCEDURE|STANDARD|CONFIG|TRAINING_RECORD,active
1595,USA,USA-FFIEC,2024,4.12,Audit,Audit - Control 12,Audit - ضابط 12,The organization shall implement audit controls to ensure compliance with FFIEC IT Examination Handbook requirements.,يجب على المنظمة تطبيق ضوابط Audit لضمان الامتثال لمتطلبات دليل فحص تقنية المعلومات,detective,3,medium,True,LOG|REPORT|SCAN_REPORT|AUDIT_REPORT|ACCESS_REVIEW,active
1596,USA,USA-FFIEC,2024,5.12,Outsourcing,Outsourcing - Control 12,Outsourcing - ضابط 12,The organization shall implement outsourcing controls to ensure compliance with FFIEC IT Examination Handbook requirements.,يجب على المنظمة تطبيق ضوابط Outsourcing لضمان الامتثال لمتطلبات دليل فحص تقنية المعلومات,corrective,4,low,True,INCIDENT_REPORT|MEETING_MINUTES|ATTESTATION|RISK_ASSESSMENT,active
1597,USA,USA-FFIEC,2024,1.13,Architecture,Architecture - Control 13,Architecture - ضابط 13,The organization shall implement architecture controls to ensure compliance with FFIEC IT Examination Handbook requirements.,يجب على المنظمة تطبيق ضوابط Architecture لضمان الامتثال لمتطلبات دليل فحص تقنية المعلومات,preventive,1,critical,True,POLICY|PROCEDURE|STANDARD|CONFIG|TRAINING_RECORD,active
1598,USA,USA-FFIEC,2024,2.13,Operations,Operations - Control 13,Operations - ضابط 13,The organization shall implement operations controls to ensure compliance with FFIEC IT Examination Handbook requirements.,يجب على المنظمة تطبيق ضوابط Operations لضمان الامتثال لمتطلبات دليل فحص تقنية المعلومات,detective,2,high,True,LOG|REPORT|SCAN_REPORT|AUDIT_REPORT|ACCESS_REVIEW,active
1599,USA,USA-FFIEC,2024,3.13,Resilience,Resilience - Control 13,Resilience - ضابط 13,The organization shall implement resilience controls to ensure compliance with FFIEC IT Examination Handbook requirements.,يجب على المنظمة تطبيق ضوابط Resilience لضمان الامتثال لمتطلبات دليل فحص تقنية المعلومات,corrective,3,medium,True,INCIDENT_REPORT|MEETING_MINUTES|ATTESTATION|RISK_ASSESSMENT,active
1600,USA,USA-FFIEC,2024,4.13,Audit,Audit - Control 13,Audit - ضابط 13,The organization shall implement audit controls to ensure compliance with FFIEC IT Examination Handbook requirements.,يجب على المنظمة تطبيق ضوابط Audit لضمان الامتثال لمتطلبات دليل فحص تقنية المعلومات,preventive,4,low,True,POLICY|PROCEDURE|STANDARD|CONFIG|TRAINING_RECORD,active
1601,USA,USA-FFIEC,2024,5.13,Outsourcing,Outsourcing - Control 13,Outsourcing - ضابط 13,The organization shall implement outsourcing controls to ensure compliance with FFIEC IT Examination Handbook requirements.,يجب على المنظمة تطبيق ضوابط Outsourcing لضمان الامتثال لمتطلبات دليل فحص تقنية المعلومات,detective,1,critical,True,LOG|REPORT|SCAN_REPORT|AUDIT_REPORT|ACCESS_REVIEW,active
1602,USA,USA-FFIEC,2024,1.14,Architecture,Architecture - Control 14,Architecture - ضابط 14,The organization shall implement architecture controls to ensure compliance with FFIEC IT Examination Handbook requirements.,يجب على المنظمة تطبيق ضوابط Architecture لضمان الامتثال لمتطلبات دليل فحص تقنية المعلومات,corrective,2,high,True,INCIDENT_REPORT|MEETING_MINUTES|ATTESTATION|RISK_ASSESSMENT,active
1603,USA,USA-FFIEC,2024,2.14,Operations,Operations - Control 14,Operations - ضابط 14,The organization shall implement operations controls to ensure compliance with FFIEC IT Examination Handbook requirements.,يجب على المنظمة تطبيق ضوابط Operations لضمان الامتثال لمتطلبات دليل فحص تقنية المعلومات,preventive,3,medium,True,POLICY|PROCEDURE|STANDARD|CONFIG|TRAINING_RECORD,active
1604,USA,USA-FFIEC,2024,3.14,Resilience,Resilience - Control 14,Resilience - ضابط 14,The organization shall implement resilience controls to ensure compliance with FFIEC IT Examination Handbook requirements.,يجب على المنظمة تطبيق ضوابط Resilience لضمان الامتثال لمتطلبات دليل فحص تقنية المعلومات,detective,4,low,True,LOG|REPORT|SCAN_REPORT|AUDIT_REPORT|ACCESS_REVIEW,active
1605,USA,USA-FFIEC,2024,4.14,Audit,Audit - Control 14,Audit - ضابط 14,The organization shall implement audit controls to ensure compliance with FFIEC IT Examination Handbook requirements.,يجب على المنظمة تطبيق ضوابط Audit لضمان الامتثال لمتطلبات دليل فحص تقنية المعلومات,corrective,1,critical,True,INCIDENT_REPORT|MEETING_MINUTES|ATTESTATION|RISK_ASSESSMENT,active
1606,USA,USA-FFIEC,2024,5.14,Outsourcing,Outsourcing - Control 14,Outsourcing - ضابط 14,The organization shall implement outsourcing controls to ensure compliance with FFIEC IT Examination Handbook requirements.,يجب على المنظمة تطبيق ضوابط Outsourcing لضمان الامتثال لمتطلبات دليل فحص تقنية المعلومات,preventive,2,high,True,POLICY|PROCEDURE|STANDARD|CONFIG|TRAINING_RECORD,active
1607,USA,USA-FFIEC,2024,1.15,Architecture,Architecture - Control 15,Architecture - ضابط 15,The organization shall implement architecture controls to ensure compliance with FFIEC IT Examination Handbook requirements.,يجب على المنظمة تطبيق ضوابط Architecture لضمان الامتثال لمتطلبات دليل فحص تقنية المعلومات,detective,3,medium,True,LOG|REPORT|SCAN_REPORT|AUDIT_REPORT|ACCESS_REVIEW,active
1608,USA,USA-FFIEC,2024,2.15,Operations,Operations - Control 15,Operations - ضابط 15,The organization shall implement operations controls to ensure compliance with FFIEC IT Examination Handbook requirements.,يجب على المنظمة تطبيق ضوابط Operations لضمان الامتثال لمتطلبات دليل فحص تقنية المعلومات,corrective,4,low,True,INCIDENT_REPORT|MEETING_MINUTES|ATTESTATION|RISK_ASSESSMENT,active
1609,USA,USA-FFIEC,2024,3.15,Resilience,Resilience - Control 15,Resilience - ضابط 15,The organization shall implement resilience controls to ensure compliance with FFIEC IT Examination Handbook requirements.,يجب على المنظمة تطبيق ضوابط Resilience لضمان الامتثال لمتطلبات دليل فحص تقنية المعلومات,preventive,1,critical,True,POLICY|PROCEDURE|STANDARD|CONFIG|TRAINING_RECORD,active
1610,USA,USA-FFIEC,2024,4.15,Audit,Audit - Control 15,Audit - ضابط 15,The organization shall implement audit controls to ensure compliance with FFIEC IT Examination Handbook requirements.,يجب على المنظمة تطبيق ضوابط Audit لضمان الامتثال لمتطلبات دليل فحص تقنية المعلومات,detective,2,high,True,LOG|REPORT|SCAN_REPORT|AUDIT_REPORT|ACCESS_REVIEW,active
1611,USA,USA-FFIEC,2024,5.15,Outsourcing,Outsourcing - Control 15,Outsourcing - ضابط 15,The organization shall implement outsourcing controls to ensure compliance with FFIEC IT Examination Handbook requirements.,يجب على المنظمة تطبيق ضوابط Outsourcing لضمان الامتثال لمتطلبات دليل فحص تقنية المعلومات,corrective,3,medium,True,INCIDENT_REPORT|MEETING_MINUTES|ATTESTATION|RISK_ASSESSMENT,active
1612,USA,USA-FFIEC,2024,1.16,Architecture,Architecture - Control 16,Architecture - ضابط 16,The organization shall implement architecture controls to ensure compliance with FFIEC IT Examination Handbook requirements.,يجب على المنظمة تطبيق ضوابط Architecture لضمان الامتثال لمتطلبات دليل فحص تقنية المعلومات,preventive,4,low,True,POLICY|PROCEDURE|STANDARD|CONFIG|TRAINING_RECORD,active
1613,USA,USA-FFIEC,2024,2.16,Operations,Operations - Control 16,Operations - ضابط 16,The organization shall implement operations controls to ensure compliance with FFIEC IT Examination Handbook requirements.,يجب على المنظمة تطبيق ضوابط Operations لضمان الامتثال لمتطلبات دليل فحص تقنية المعلومات,detective,1,critical,True,LOG|REPORT|SCAN_REPORT|AUDIT_REPORT|ACCESS_REVIEW,active
1614,USA,USA-FFIEC,2024,3.16,Resilience,Resilience - Control 16,Resilience - ضابط 16,The organization shall implement resilience controls to ensure compliance with FFIEC IT Examination Handbook requirements.,يجب على المنظمة تطبيق ضوابط Resilience لضمان الامتثال لمتطلبات دليل فحص تقنية المعلومات,corrective,2,high,True,INCIDENT_REPORT|MEETING_MINUTES|ATTESTATION|RISK_ASSESSMENT,active
1615,USA,USA-FFIEC,2024,4.16,Audit,Audit - Control 16,Audit - ضابط 16,The organization shall implement audit controls to ensure compliance with FFIEC IT Examination Handbook requirements.,يجب على المنظمة تطبيق ضوابط Audit لضمان الامتثال لمتطلبات دليل فحص تقنية المعلومات,preventive,3,medium,True,POLICY|PROCEDURE|STANDARD|CONFIG|TRAINING_RECORD,active
1616,USA,USA-FFIEC,2024,5.16,Outsourcing,Outsourcing - Control 16,Outsourcing - ضابط 16,The organization shall implement outsourcing controls to ensure compliance with FFIEC IT Examination Handbook requirements.,يجب على المنظمة تطبيق ضوابط Outsourcing لضمان الامتثال لمتطلبات دليل فحص تقنية المعلومات,detective,4,low,True,LOG|REPORT|SCAN_REPORT|AUDIT_REPORT|ACCESS_REVIEW,active
1617,USA,USA-FFIEC,2024,1.17,Architecture,Architecture - Control 17,Architecture - ضابط 17,The organization shall implement architecture controls to ensure compliance with FFIEC IT Examination Handbook requirements.,يجب على المنظمة تطبيق ضوابط Architecture لضمان الامتثال لمتطلبات دليل فحص تقنية المعلومات,corrective,1,critical,True,INCIDENT_REPORT|MEETING_MINUTES|ATTESTATION|RISK_ASSESSMENT,active
1618,USA,USA-FFIEC,2024,2.17,Operations,Operations - Control 17,Operations - ضابط 17,The organization shall implement operations controls to ensure compliance with FFIEC IT Examination Handbook requirements.,يجب على المنظمة تطبيق ضوابط Operations لضمان الامتثال لمتطلبات دليل فحص تقنية المعلومات,preventive,2,high,True,POLICY|PROCEDURE|STANDARD|CONFIG|TRAINING_RECORD,active
1619,USA,USA-FFIEC,2024,3.17,Resilience,Resilience - Control 17,Resilience - ضابط 17,The organization shall implement resilience controls to ensure compliance with FFIEC IT Examination Handbook requirements.,يجب على المنظمة تطبيق ضوابط Resilience لضمان الامتثال لمتطلبات دليل فحص تقنية المعلومات,detective,3,medium,True,LOG|REPORT|SCAN_REPORT|AUDIT_REPORT|ACCESS_REVIEW,active
1620,USA,USA-FFIEC,2024,4.17,Audit,Audit - Control 17,Audit - ضابط 17,The organization shall implement audit controls to ensure compliance with FFIEC IT Examination Handbook requirements.,يجب على المنظمة تطبيق ضوابط Audit لضمان الامتثال لمتطلبات دليل فحص تقنية المعلومات,corrective,4,low,True,INCIDENT_REPORT|MEETING_MINUTES|ATTESTATION|RISK_ASSESSMENT,active
1621,USA,USA-FFIEC,2024,5.17,Outsourcing,Outsourcing - Control 17,Outsourcing - ضابط 17,The organization shall implement outsourcing controls to ensure compliance with FFIEC IT Examination Handbook requirements.,يجب على المنظمة تطبيق ضوابط Outsourcing لضمان الامتثال لمتطلبات دليل فحص تقنية المعلومات,preventive,1,critical,True,POLICY|PROCEDURE|STANDARD|CONFIG|TRAINING_RECORD,active
1622,USA,USA-FFIEC,2024,1.18,Architecture,Architecture - Control 18,Architecture - ضابط 18,The organization shall implement architecture controls to ensure compliance with FFIEC IT Examination Handbook requirements.,يجب على المنظمة تطبيق ضوابط Architecture لضمان الامتثال لمتطلبات دليل فحص تقنية المعلومات,detective,2,high,True,LOG|REPORT|SCAN_REPORT|AUDIT_REPORT|ACCESS_REVIEW,active
1623,USA,USA-FFIEC,2024,2.18,Operations,Operations - Control 18,Operations - ضابط 18,The organization shall implement operations controls to ensure compliance with FFIEC IT Examination Handbook requirements.,يجب على المنظمة تطبيق ضوابط Operations لضمان الامتثال لمتطلبات دليل فحص تقنية المعلومات,corrective,3,medium,True,INCIDENT_REPORT|MEETING_MINUTES|ATTESTATION|RISK_ASSESSMENT,active
1624,USA,USA-FFIEC,2024,3.18,Resilience,Resilience - Control 18,Resilience - ضابط 18,The organization shall implement resilience controls to ensure compliance with FFIEC IT Examination Handbook requirements.,يجب على المنظمة تطبيق ضوابط Resilience لضمان الامتثال لمتطلبات دليل فحص تقنية المعلومات,preventive,4,low,True,POLICY|PROCEDURE|STANDARD|CONFIG|TRAINING_RECORD,active
1625,USA,USA-FFIEC,2024,4.18,Audit,Audit - Control 18,Audit - ضابط 18,The organization shall implement audit controls to ensure compliance with FFIEC IT Examination Handbook requirements.,يجب على المنظمة تطبيق ضوابط Audit لضمان الامتثال لمتطلبات دليل فحص تقنية المعلومات,detective,1,critical,True,LOG|REPORT|SCAN_REPORT|AUDIT_REPORT|ACCESS_REVIEW,active
1626,USA,USA-FFIEC,2024,5.18,Outsourcing,Outsourcing - Control 18,Outsourcing - ضابط 18,The organization shall implement outsourcing controls to ensure compliance with FFIEC IT Examination Handbook requirements.,يجب على المنظمة تطبيق ضوابط Outsourcing لضمان الامتثال لمتطلبات دليل فحص تقنية المعلومات,corrective,2,high,True,INCIDENT_REPORT|MEETING_MINUTES|ATTESTATION|RISK_ASSESSMENT,active
1627,USA,USA-FFIEC,2024,1.19,Architecture,Architecture - Control 19,Architecture - ضابط 19,The organization shall implement architecture controls to ensure compliance with FFIEC IT Examination Handbook requirements.,يجب على المنظمة تطبيق ضوابط Architecture لضمان الامتثال لمتطلبات دليل فحص تقنية المعلومات,preventive,3,medium,True,POLICY|PROCEDURE|STANDARD|CONFIG|TRAINING_RECORD,active
1628,USA,USA-FFIEC,2024,2.19,Operations,Operations - Control 19,Operations - ضابط 19,The organization shall implement operations controls to ensure compliance with FFIEC IT Examination Handbook requirements.,يجب على المنظمة تطبيق ضوابط Operations لضمان الامتثال لمتطلبات دليل فحص تقنية المعلومات,detective,4,low,True,LOG|REPORT|SCAN_REPORT|AUDIT_REPORT|ACCESS_REVIEW,active
1629,USA,USA-FFIEC,2024,3.19,Resilience,Resilience - Control 19,Resilience - ضابط 19,The organization shall implement resilience controls to ensure compliance with FFIEC IT Examination Handbook requirements.,يجب على المنظمة تطبيق ضوابط Resilience لضمان الامتثال لمتطلبات دليل فحص تقنية المعلومات,corrective,1,critical,True,INCIDENT_REPORT|MEETING_MINUTES|ATTESTATION|RISK_ASSESSMENT,active
1630,USA,USA-FFIEC,2024,4.19,Audit,Audit - Control 19,Audit - ضابط 19,The organization shall implement audit controls to ensure compliance with FFIEC IT Examination Handbook requirements.,يجب على المنظمة تطبيق ضوابط Audit لضمان الامتثال لمتطلبات دليل فحص تقنية المعلومات,preventive,2,high,True,POLICY|PROCEDURE|STANDARD|CONFIG|TRAINING_RECORD,active
1631,USA,USA-FFIEC,2024,5.19,Outsourcing,Outsourcing - Control 19,Outsourcing - ضابط 19,The organization shall implement outsourcing controls to ensure compliance with FFIEC IT Examination Handbook requirements.,يجب على المنظمة تطبيق ضوابط Outsourcing لضمان الامتثال لمتطلبات دليل فحص تقنية المعلومات,detective,3,medium,True,LOG|REPORT|SCAN_REPORT|AUDIT_REPORT|ACCESS_REVIEW,active
1632,USA,USA-FFIEC,2024,1.20,Architecture,Architecture - Control 20,Architecture - ضابط 20,The organization shall implement architecture controls to ensure compliance with FFIEC IT Examination Handbook requirements.,يجب على المنظمة تطبيق ضوابط Architecture لضمان الامتثال لمتطلبات دليل فحص تقنية المعلومات,corrective,4,low,True,INCIDENT_REPORT|MEETING_MINUTES|ATTESTATION|RISK_ASSESSMENT,active
1633,USA,USA-FFIEC,2024,2.20,Operations,Operations - Control 20,Operations - ضابط 20,The organization shall implement operations controls to ensure compliance with FFIEC IT Examination Handbook requirements.,يجب على المنظمة تطبيق ضوابط Operations لضمان الامتثال لمتطلبات دليل فحص تقنية المعلومات,preventive,1,critical,True,POLICY|PROCEDURE|STANDARD|CONFIG|TRAINING_RECORD,active
1634,USA,USA-FFIEC,2024,3.20,Resilience,Resilience - Control 20,Resilience - ضابط 20,The organization shall implement resilience controls to ensure compliance with FFIEC IT Examination Handbook requirements.,يجب على المنظمة تطبيق ضوابط Resilience لضمان الامتثال لمتطلبات دليل فحص تقنية المعلومات,detective,2,high,True,LOG|REPORT|SCAN_REPORT|AUDIT_REPORT|ACCESS_REVIEW,active
1635,USA,USA-FFIEC,2024,4.20,Audit,Audit - Control 20,Audit - ضابط 20,The organization shall implement audit controls to ensure compliance with FFIEC IT Examination Handbook requirements.,يجب على المنظمة تطبيق ضوابط Audit لضمان الامتثال لمتطلبات دليل فحص تقنية المعلومات,corrective,3,medium,True,INCIDENT_REPORT|MEETING_MINUTES|ATTESTATION|RISK_ASSESSMENT,active
1636,USA,USA-FFIEC,2024,5.20,Outsourcing,Outsourcing - Control 20,Outsourcing - ضابط 20,The organization shall implement outsourcing controls to ensure compliance with FFIEC IT Examination Handbook requirements.,يجب على المنظمة تطبيق ضوابط Outsourcing لضمان الامتثال لمتطلبات دليل فحص تقنية المعلومات,preventive,4,low,True,POLICY|PROCEDURE|STANDARD|CONFIG|TRAINING_RECORD,active
1637,USA,USA-FFIEC,2024,1.21,Architecture,Architecture - Control 21,Architecture - ضابط 21,The organization shall implement architecture controls to ensure compliance with FFIEC IT Examination Handbook requirements.,يجب على المنظمة تطبيق ضوابط Architecture لضمان الامتثال لمتطلبات دليل فحص تقنية المعلومات,detective,1,critical,True,LOG|REPORT|SCAN_REPORT|AUDIT_REPORT|ACCESS_REVIEW,active
1638,USA,USA-FFIEC,2024,2.21,Operations,Operations - Control 21,Operations - ضابط 21,The organization shall implement operations controls to ensure compliance with FFIEC IT Examination Handbook requirements.,يجب على المنظمة تطبيق ضوابط Operations لضمان الامتثال لمتطلبات دليل فحص تقنية المعلومات,corrective,2,high,True,INCIDENT_REPORT|MEETING_MINUTES|ATTESTATION|RISK_ASSESSMENT,active
1639,USA,USA-FFIEC,2024,3.21,Resilience,Resilience - Control 21,Resilience - ضابط 21,The organization shall implement resilience controls to ensure compliance with FFIEC IT Examination Handbook requirements.,يجب على المنظمة تطبيق ضوابط Resilience لضمان الامتثال لمتطلبات دليل فحص تقنية المعلومات,preventive,3,medium,True,POLICY|PROCEDURE|STANDARD|CONFIG|TRAINING_RECORD,active
1640,USA,USA-FFIEC,2024,4.21,Audit,Audit - Control 21,Audit - ضابط 21,The organization shall implement audit controls to ensure compliance with FFIEC IT Examination Handbook requirements.,يجب على المنظمة تطبيق ضوابط Audit لضمان الامتثال لمتطلبات دليل فحص تقنية المعلومات,detective,4,low,True,LOG|REPORT|SCAN_REPORT|AUDIT_REPORT|ACCESS_REVIEW,active
1641,USA,USA-FFIEC,2024,5.21,Outsourcing,Outsourcing - Control 21,Outsourcing - ضابط 21,The organization shall implement outsourcing controls to ensure compliance with FFIEC IT Examination Handbook requirements.,يجب على المنظمة تطبيق ضوابط Outsourcing لضمان الامتثال لمتطلبات دليل فحص تقنية المعلومات,corrective,1,critical,True,INCIDENT_REPORT|MEETING_MINUTES|ATTESTATION|RISK_ASSESSMENT,active
1642,USA,USA-FFIEC,2024,1.22,Architecture,Architecture - Control 22,Architecture - ضابط 22,The organization shall implement architecture controls to ensure compliance with FFIEC IT Examination Handbook requirements.,يجب على المنظمة تطبيق ضوابط Architecture لضمان الامتثال لمتطلبات دليل فحص تقنية المعلومات,preventive,2,high,True,POLICY|PROCEDURE|STANDARD|CONFIG|TRAINING_RECORD,active
1643,USA,USA-FFIEC,2024,2.22,Operations,Operations - Control 22,Operations - ضابط 22,The organization shall implement operations controls to ensure compliance with FFIEC IT Examination Handbook requirements.,يجب على المنظمة تطبيق ضوابط Operations لضمان الامتثال لمتطلبات دليل فحص تقنية المعلومات,detective,3,medium,True,LOG|REPORT|SCAN_REPORT|AUDIT_REPORT|ACCESS_REVIEW,active
1644,USA,USA-FFIEC,2024,3.22,Resilience,Resilience - Control 22,Resilience - ضابط 22,The organization shall implement resilience controls to ensure compliance with FFIEC IT Examination Handbook requirements.,يجب على المنظمة تطبيق ضوابط Resilience لضمان الامتثال لمتطلبات دليل فحص تقنية المعلومات,corrective,4,low,True,INCIDENT_REPORT|MEETING_MINUTES|ATTESTATION|RISK_ASSESSMENT,active
1645,USA,USA-FFIEC,2024,4.22,Audit,Audit - Control 22,Audit - ضابط 22,The organization shall implement audit controls to ensure compliance with FFIEC IT Examination Handbook requirements.,يجب على المنظمة تطبيق ضوابط Audit لضمان الامتثال لمتطلبات دليل فحص تقنية المعلومات,preventive,1,critical,True,POLICY|PROCEDURE|STANDARD|CONFIG|TRAINING_RECORD,active
1646,USA,USA-FFIEC,2024,5.22,Outsourcing,Outsourcing - Control 22,Outsourcing - ضابط 22,The organization shall implement outsourcing controls to ensure compliance with FFIEC IT Examination Handbook requirements.,يجب على المنظمة تطبيق ضوابط Outsourcing لضمان الامتثال لمتطلبات دليل فحص تقنية المعلومات,detective,2,high,True,LOG|REPORT|SCAN_REPORT|AUDIT_REPORT|ACCESS_REVIEW,active
1647,USA,USA-FFIEC,2024,1.23,Architecture,Architecture - Control 23,Architecture - ضابط 23,The organization shall implement architecture controls to ensure compliance with FFIEC IT Examination Handbook requirements.,يجب على المنظمة تطبيق ضوابط Architecture لضمان الامتثال لمتطلبات دليل فحص تقنية المعلومات,corrective,3,medium,True,INCIDENT_REPORT|MEETING_MINUTES|ATTESTATION|RISK_ASSESSMENT,active
1648,USA,USA-FFIEC,2024,2.23,Operations,Operations - Control 23,Operations - ضابط 23,The organization shall implement operations controls to ensure compliance with FFIEC IT Examination Handbook requirements.,يجب على المنظمة تطبيق ضوابط Operations لضمان الامتثال لمتطلبات دليل فحص تقنية المعلومات,preventive,4,low,True,POLICY|PROCEDURE|STANDARD|CONFIG|TRAINING_RECORD,active
1649,USA,USA-FFIEC,2024,3.23,Resilience,Resilience - Control 23,Resilience - ضابط 23,The organization shall implement resilience controls to ensure compliance with FFIEC IT Examination Handbook requirements.,يجب على المنظمة تطبيق ضوابط Resilience لضمان الامتثال لمتطلبات دليل فحص تقنية المعلومات,detective,1,critical,True,LOG|REPORT|SCAN_REPORT|AUDIT_REPORT|ACCESS_REVIEW,active
1650,USA,USA-FFIEC,2024,4.23,Audit,Audit - Control 23,Audit - ضابط 23,The organization shall implement audit controls to ensure compliance with FFIEC IT Examination Handbook requirements.,يجب على المنظمة تطبيق ضوابط Audit لضمان الامتثال لمتطلبات دليل فحص تقنية المعلومات,corrective,2,high,True,INCIDENT_REPORT|MEETING_MINUTES|ATTESTATION|RISK_ASSESSMENT,active
1651,USA,USA-FFIEC,2024,5.23,Outsourcing,Outsourcing - Control 23,Outsourcing - ضابط 23,The organization shall implement outsourcing controls to ensure compliance with FFIEC IT Examination Handbook requirements.,يجب على المنظمة تطبيق ضوابط Outsourcing لضمان الامتثال لمتطلبات دليل فحص تقنية المعلومات,preventive,3,medium,True,POLICY|PROCEDURE|STANDARD|CONFIG|TRAINING_RECORD,active
1652,USA,USA-FFIEC,2024,1.24,Architecture,Architecture - Control 24,Architecture - ضابط 24,The organization shall implement architecture controls to ensure compliance with FFIEC IT Examination Handbook requirements.,يجب على المنظمة تطبيق ضوابط Architecture لضمان الامتثال لمتطلبات دليل فحص تقنية المعلومات,detective,4,low,True,LOG|REPORT|SCAN_REPORT|AUDIT_REPORT|ACCESS_REVIEW,active
1653,USA,USA-FFIEC,2024,2.24,Operations,Operations - Control 24,Operations - ضابط 24,The organization shall implement operations controls to ensure compliance with FFIEC IT Examination Handbook requirements.,يجب على المنظمة تطبيق ضوابط Operations لضمان الامتثال لمتطلبات دليل فحص تقنية المعلومات,corrective,1,critical,True,INCIDENT_REPORT|MEETING_MINUTES|ATTESTATION|RISK_ASSESSMENT,active
1654,USA,USA-FFIEC,2024,3.24,Resilience,Resilience - Control 24,Resilience - ضابط 24,The organization shall implement resilience controls to ensure compliance with FFIEC IT Examination Handbook requirements.,يجب على المنظمة تطبيق ضوابط Resilience لضمان الامتثال لمتطلبات دليل فحص تقنية المعلومات,preventive,2,high,True,POLICY|PROCEDURE|STANDARD|CONFIG|TRAINING_RECORD,active
1655,USA,USA-FFIEC,2024,4.24,Audit,Audit - Control 24,Audit - ضابط 24,The organization shall implement audit controls to ensure compliance with FFIEC IT Examination Handbook requirements.,يجب على المنظمة تطبيق ضوابط Audit لضمان الامتثال لمتطلبات دليل فحص تقنية المعلومات,detective,3,medium,True,LOG|REPORT|SCAN_REPORT|AUDIT_REPORT|ACCESS_REVIEW,active
1656,USA,USA-FFIEC,2024,5.24,Outsourcing,Outsourcing - Control 24,Outsourcing - ضابط 24,The organization shall implement outsourcing controls to ensure compliance with FFIEC IT Examination Handbook requirements.,يجب على المنظمة تطبيق ضوابط Outsourcing لضمان الامتثال لمتطلبات دليل فحص تقنية المعلومات,corrective,4,low,True,INCIDENT_REPORT|MEETING_MINUTES|ATTESTATION|RISK_ASSESSMENT,active
1657,USA,USA-FFIEC,2024,1.25,Architecture,Architecture - Control 25,Architecture - ضابط 25,The organization shall implement architecture controls to ensure compliance with FFIEC IT Examination Handbook requirements.,يجب على المنظمة تطبيق ضوابط Architecture لضمان الامتثال لمتطلبات دليل فحص تقنية المعلومات,preventive,1,critical,True,POLICY|PROCEDURE|STANDARD|CONFIG|TRAINING_RECORD,active
1658,USA,USA-FFIEC,2024,2.25,Operations,Operations - Control 25,Operations - ضابط 25,The organization shall implement operations controls to ensure compliance with FFIEC IT Examination Handbook requirements.,يجب على المنظمة تطبيق ضوابط Operations لضمان الامتثال لمتطلبات دليل فحص تقنية المعلومات,detective,2,high,True,LOG|REPORT|SCAN_REPORT|AUDIT_REPORT|ACCESS_REVIEW,active
1659,USA,USA-FFIEC,2024,3.25,Resilience,Resilience - Control 25,Resilience - ضابط 25,The organization shall implement resilience controls to ensure compliance with FFIEC IT Examination Handbook requirements.,يجب على المنظمة تطبيق ضوابط Resilience لضمان الامتثال لمتطلبات دليل فحص تقنية المعلومات,corrective,3,medium,True,INCIDENT_REPORT|MEETING_MINUTES|ATTESTATION|RISK_ASSESSMENT,active
1660,USA,USA-FFIEC,2024,4.25,Audit,Audit - Control 25,Audit - ضابط 25,The organization shall implement audit controls to ensure compliance with FFIEC IT Examination Handbook requirements.,يجب على المنظمة تطبيق ضوابط Audit لضمان الامتثال لمتطلبات دليل فحص تقنية المعلومات,preventive,4,low,True,POLICY|PROCEDURE|STANDARD|CONFIG|TRAINING_RECORD,active
1661,USA,USA-FFIEC,2024,5.25,Outsourcing,Outsourcing - Control 25,Outsourcing - ضابط 25,The organization shall implement outsourcing controls to ensure compliance with FFIEC IT Examination Handbook requirements.,يجب على المنظمة تطبيق ضوابط Outsourcing لضمان الامتثال لمتطلبات دليل فحص تقنية المعلومات,detective,1,critical,True,LOG|REPORT|SCAN_REPORT|AUDIT_REPORT|ACCESS_REVIEW,active
1662,USA,USA-FFIEC,2024,1.26,Architecture,Architecture - Control 26,Architecture - ضابط 26,The organization shall implement architecture controls to ensure compliance with FFIEC IT Examination Handbook requirements.,يجب على المنظمة تطبيق ضوابط Architecture لضمان الامتثال لمتطلبات دليل فحص تقنية المعلومات,corrective,2,high,True,INCIDENT_REPORT|MEETING_MINUTES|ATTESTATION|RISK_ASSESSMENT,active
1663,USA,USA-FFIEC,2024,2.26,Operations,Operations - Control 26,Operations - ضابط 26,The organization shall implement operations controls to ensure compliance with FFIEC IT Examination Handbook requirements.,يجب على المنظمة تطبيق ضوابط Operations لضمان الامتثال لمتطلبات دليل فحص تقنية المعلومات,preventive,3,medium,True,POLICY|PROCEDURE|STANDARD|CONFIG|TRAINING_RECORD,active
1664,USA,USA-FFIEC,2024,3.26,Resilience,Resilience - Control 26,Resilience - ضابط 26,The organization shall implement resilience controls to ensure compliance with FFIEC IT Examination Handbook requirements.,يجب على المنظمة تطبيق ضوابط Resilience لضمان الامتثال لمتطلبات دليل فحص تقنية المعلومات,detective,4,low,True,LOG|REPORT|SCAN_REPORT|AUDIT_REPORT|ACCESS_REVIEW,active
1665,USA,USA-FFIEC,2024,4.26,Audit,Audit - Control 26,Audit - ضابط 26,The organization shall implement audit controls to ensure compliance with FFIEC IT Examination Handbook requirements.,يجب على المنظمة تطبيق ضوابط Audit لضمان الامتثال لمتطلبات دليل فحص تقنية المعلومات,corrective,1,critical,True,INCIDENT_REPORT|MEETING_MINUTES|ATTESTATION|RISK_ASSESSMENT,active
1666,USA,USA-FFIEC,2024,5.26,Outsourcing,Outsourcing - Control 26,Outsourcing - ضابط 26,The organization shall implement outsourcing controls to ensure compliance with FFIEC IT Examination Handbook requirements.,يجب على المنظمة تطبيق ضوابط Outsourcing لضمان الامتثال لمتطلبات دليل فحص تقنية المعلومات,preventive,2,high,True,POLICY|PROCEDURE|STANDARD|CONFIG|TRAINING_RECORD,active
1667,USA,USA-FFIEC,2024,1.27,Architecture,Architecture - Control 27,Architecture - ضابط 27,The organization shall implement architecture controls to ensure compliance with FFIEC IT Examination Handbook requirements.,يجب على المنظمة تطبيق ضوابط Architecture لضمان الامتثال لمتطلبات دليل فحص تقنية المعلومات,detective,3,medium,True,LOG|REPORT|SCAN_REPORT|AUDIT_REPORT|ACCESS_REVIEW,active
1668,USA,USA-FFIEC,2024,2.27,Operations,Operations - Control 27,Operations - ضابط 27,The organization shall implement operations controls to ensure compliance with FFIEC IT Examination Handbook requirements.,يجب على المنظمة تطبيق ضوابط Operations لضمان الامتثال لمتطلبات دليل فحص تقنية المعلومات,corrective,4,low,True,INCIDENT_REPORT|MEETING_MINUTES|ATTESTATION|RISK_ASSESSMENT,active
1669,USA,USA-FFIEC,2024,3.27,Resilience,Resilience - Control 27,Resilience - ضابط 27,The organization shall implement resilience controls to ensure compliance with FFIEC IT Examination Handbook requirements.,يجب على المنظمة تطبيق ضوابط Resilience لضمان الامتثال لمتطلبات دليل فحص تقنية المعلومات,preventive,1,critical,True,POLICY|PROCEDURE|STANDARD|CONFIG|TRAINING_RECORD,active
1670,USA,USA-FFIEC,2024,4.27,Audit,Audit - Control 27,Audit - ضابط 27,The organization shall implement audit controls to ensure compliance with FFIEC IT Examination Handbook requirements.,يجب على المنظمة تطبيق ضوابط Audit لضمان الامتثال لمتطلبات دليل فحص تقنية المعلومات,detective,2,high,True,LOG|REPORT|SCAN_REPORT|AUDIT_REPORT|ACCESS_REVIEW,active
1671,USA,USA-FFIEC,2024,5.27,Outsourcing,Outsourcing - Control 27,Outsourcing - ضابط 27,The organization shall implement outsourcing controls to ensure compliance with FFIEC IT Examination Handbook requirements.,يجب على المنظمة تطبيق ضوابط Outsourcing لضمان الامتثال لمتطلبات دليل فحص تقنية المعلومات,corrective,3,medium,True,INCIDENT_REPORT|MEETING_MINUTES|ATTESTATION|RISK_ASSESSMENT,active
1672,USA,USA-FFIEC,2024,1.28,Architecture,Architecture - Control 28,Architecture - ضابط 28,The organization shall implement architecture controls to ensure compliance with FFIEC IT Examination Handbook requirements.,يجب على المنظمة تطبيق ضوابط Architecture لضمان الامتثال لمتطلبات دليل فحص تقنية المعلومات,preventive,4,low,True,POLICY|PROCEDURE|STANDARD|CONFIG|TRAINING_RECORD,active
1673,USA,USA-FFIEC,2024,2.28,Operations,Operations - Control 28,Operations - ضابط 28,The organization shall implement operations controls to ensure compliance with FFIEC IT Examination Handbook requirements.,يجب على المنظمة تطبيق ضوابط Operations لضمان الامتثال لمتطلبات دليل فحص تقنية المعلومات,detective,1,critical,True,LOG|REPORT|SCAN_REPORT|AUDIT_REPORT|ACCESS_REVIEW,active
1674,USA,USA-FFIEC,2024,3.28,Resilience,Resilience - Control 28,Resilience - ضابط 28,The organization shall implement resilience controls to ensure compliance with FFIEC IT Examination Handbook requirements.,يجب على المنظمة تطبيق ضوابط Resilience لضمان الامتثال لمتطلبات دليل فحص تقنية المعلومات,corrective,2,high,True,INCIDENT_REPORT|MEETING_MINUTES|ATTESTATION|RISK_ASSESSMENT,active
1675,USA,USA-FFIEC,2024,4.28,Audit,Audit - Control 28,Audit - ضابط 28,The organization shall implement audit controls to ensure compliance with FFIEC IT Examination Handbook requirements.,يجب على المنظمة تطبيق ضوابط Audit لضمان الامتثال لمتطلبات دليل فحص تقنية المعلومات,preventive,3,medium,True,POLICY|PROCEDURE|STANDARD|CONFIG|TRAINING_RECORD,active
1676,USA,USA-FFIEC,2024,5.28,Outsourcing,Outsourcing - Control 28,Outsourcing - ضابط 28,The organization shall implement outsourcing controls to ensure compliance with FFIEC IT Examination Handbook requirements.,يجب على المنظمة تطبيق ضوابط Outsourcing لضمان الامتثال لمتطلبات دليل فحص تقنية المعلومات,detective,4,low,True,LOG|REPORT|SCAN_REPORT|AUDIT_REPORT|ACCESS_REVIEW,active
1677,USA,USA-FFIEC,2024,1.29,Architecture,Architecture - Control 29,Architecture - ضابط 29,The organization shall implement architecture controls to ensure compliance with FFIEC IT Examination Handbook requirements.,يجب على المنظمة تطبيق ضوابط Architecture لضمان الامتثال لمتطلبات دليل فحص تقنية المعلومات,corrective,1,critical,True,INCIDENT_REPORT|MEETING_MINUTES|ATTESTATION|RISK_ASSESSMENT,active
1678,USA,USA-FFIEC,2024,2.29,Operations,Operations - Control 29,Operations - ضابط 29,The organization shall implement operations controls to ensure compliance with FFIEC IT Examination Handbook requirements.,يجب على المنظمة تطبيق ضوابط Operations لضمان الامتثال لمتطلبات دليل فحص تقنية المعلومات,preventive,2,high,True,POLICY|PROCEDURE|STANDARD|CONFIG|TRAINING_RECORD,active
1679,USA,USA-FFIEC,2024,3.29,Resilience,Resilience - Control 29,Resilience - ضابط 29,The organization shall implement resilience controls to ensure compliance with FFIEC IT Examination Handbook requirements.,يجب على المنظمة تطبيق ضوابط Resilience لضمان الامتثال لمتطلبات دليل فحص تقنية المعلومات,detective,3,medium,True,LOG|REPORT|SCAN_REPORT|AUDIT_REPORT|ACCESS_REVIEW,active
1680,USA,USA-FFIEC,2024,4.29,Audit,Audit - Control 29,Audit - ضابط 29,The organization shall implement audit controls to ensure compliance with FFIEC IT Examination Handbook requirements.,يجب على المنظمة تطبيق ضوابط Audit لضمان الامتثال لمتطلبات دليل فحص تقنية المعلومات,corrective,4,low,True,INCIDENT_REPORT|MEETING_MINUTES|ATTESTATION|RISK_ASSESSMENT,active
1681,USA,USA-FFIEC,2024,5.29,Outsourcing,Outsourcing - Control 29,Outsourcing - ضابط 29,The organization shall implement outsourcing controls to ensure compliance with FFIEC IT Examination Handbook requirements.,يجب على المنظمة تطبيق ضوابط Outsourcing لضمان الامتثال لمتطلبات دليل فحص تقنية المعلومات,preventive,1,critical,True,POLICY|PROCEDURE|STANDARD|CONFIG|TRAINING_RECORD,active
1682,USA,USA-FFIEC,2024,1.30,Architecture,Architecture - Control 30,Architecture - ضابط 30,The organization shall implement architecture controls to ensure compliance with FFIEC IT Examination Handbook requirements.,يجب على المنظمة تطبيق ضوابط Architecture لضمان الامتثال لمتطلبات دليل فحص تقنية المعلومات,detective,2,high,True,LOG|REPORT|SCAN_REPORT|AUDIT_REPORT|ACCESS_REVIEW,active
1683,USA,USA-FFIEC,2024,2.30,Operations,Operations - Control 30,Operations - ضابط 30,The organization shall implement operations controls to ensure compliance with FFIEC IT Examination Handbook requirements.,يجب على المنظمة تطبيق ضوابط Operations لضمان الامتثال لمتطلبات دليل فحص تقنية المعلومات,corrective,3,medium,True,INCIDENT_REPORT|MEETING_MINUTES|ATTESTATION|RISK_ASSESSMENT,active
1684,USA,USA-FFIEC,2024,3.30,Resilience,Resilience - Control 30,Resilience - ضابط 30,The organization shall implement resilience controls to ensure compliance with FFIEC IT Examination Handbook requirements.,يجب على المنظمة تطبيق ضوابط Resilience لضمان الامتثال لمتطلبات دليل فحص تقنية المعلومات,preventive,4,low,True,POLICY|PROCEDURE|STANDARD|CONFIG|TRAINING_RECORD,active
1685,USA,USA-FFIEC,2024,4.30,Audit,Audit - Control 30,Audit - ضابط 30,The organization shall implement audit controls to ensure compliance with FFIEC IT Examination Handbook requirements.,يجب على المنظمة تطبيق ضوابط Audit لضمان الامتثال لمتطلبات دليل فحص تقنية المعلومات,detective,1,critical,True,LOG|REPORT|SCAN_REPORT|AUDIT_REPORT|ACCESS_REVIEW,active
1686,USA,USA-FFIEC,2024,5.30,Outsourcing,Outsourcing - Control 30,Outsourcing - ضابط 30,The organization shall implement outsourcing controls to ensure compliance with FFIEC IT Examination Handbook requirements.,يجب على المنظمة تطبيق ضوابط Outsourcing لضمان الامتثال لمتطلبات دليل فحص تقنية المعلومات,corrective,2,high,True,INCIDENT_REPORT|MEETING_MINUTES|ATTESTATION|RISK_ASSESSMENT,active
1687,USA,USA-FFIEC,2024,1.31,Architecture,Architecture - Control 31,Architecture - ضابط 31,The organization shall implement architecture controls to ensure compliance with FFIEC IT Examination Handbook requirements.,يجب على المنظمة تطبيق ضوابط Architecture لضمان الامتثال لمتطلبات دليل فحص تقنية المعلومات,preventive,3,medium,True,POLICY|PROCEDURE|STANDARD|CONFIG|TRAINING_RECORD,active
1688,USA,USA-FFIEC,2024,2.31,Operations,Operations - Control 31,Operations - ضابط 31,The organization shall implement operations controls to ensure compliance with FFIEC IT Examination Handbook requirements.,يجب على المنظمة تطبيق ضوابط Operations لضمان الامتثال لمتطلبات دليل فحص تقنية المعلومات,detective,4,low,True,LOG|REPORT|SCAN_REPORT|AUDIT_REPORT|ACCESS_REVIEW,active
1689,USA,USA-FFIEC,2024,3.31,Resilience,Resilience - Control 31,Resilience - ضابط 31,The organization shall implement resilience controls to ensure compliance with FFIEC IT Examination Handbook requirements.,يجب على المنظمة تطبيق ضوابط Resilience لضمان الامتثال لمتطلبات دليل فحص تقنية المعلومات,corrective,1,critical,True,INCIDENT_REPORT|MEETING_MINUTES|ATTESTATION|RISK_ASSESSMENT,active
1690,USA,USA-FFIEC,2024,4.31,Audit,Audit - Control 31,Audit - ضابط 31,The organization shall implement audit controls to ensure compliance with FFIEC IT Examination Handbook requirements.,يجب على المنظمة تطبيق ضوابط Audit لضمان الامتثال لمتطلبات دليل فحص تقنية المعلومات,preventive,2,high,True,POLICY|PROCEDURE|STANDARD|CONFIG|TRAINING_RECORD,active
1691,USA,USA-FFIEC,2024,5.31,Outsourcing,Outsourcing - Control 31,Outsourcing - ضابط 31,The organization shall implement outsourcing controls to ensure compliance with FFIEC IT Examination Handbook requirements.,يجب على المنظمة تطبيق ضوابط Outsourcing لضمان الامتثال لمتطلبات دليل فحص تقنية المعلومات,detective,3,medium,True,LOG|REPORT|SCAN_REPORT|AUDIT_REPORT|ACCESS_REVIEW,active
1692,USA,USA-FFIEC,2024,1.32,Architecture,Architecture - Control 32,Architecture - ضابط 32,The organization shall implement architecture controls to ensure compliance with FFIEC IT Examination Handbook requirements.,يجب على المنظمة تطبيق ضوابط Architecture لضمان الامتثال لمتطلبات دليل فحص تقنية المعلومات,corrective,4,low,True,INCIDENT_REPORT|MEETING_MINUTES|ATTESTATION|RISK_ASSESSMENT,active
1693,USA,USA-FFIEC,2024,2.32,Operations,Operations - Control 32,Operations - ضابط 32,The organization shall implement operations controls to ensure compliance with FFIEC IT Examination Handbook requirements.,يجب على المنظمة تطبيق ضوابط Operations لضمان الامتثال لمتطلبات دليل فحص تقنية المعلومات,preventive,1,critical,True,POLICY|PROCEDURE|STANDARD|CONFIG|TRAINING_RECORD,active
1694,USA,USA-FFIEC,2024,3.32,Resilience,Resilience - Control 32,Resilience - ضابط 32,The organization shall implement resilience controls to ensure compliance with FFIEC IT Examination Handbook requirements.,يجب على المنظمة تطبيق ضوابط Resilience لضمان الامتثال لمتطلبات دليل فحص تقنية المعلومات,detective,2,high,True,LOG|REPORT|SCAN_REPORT|AUDIT_REPORT|ACCESS_REVIEW,active
1695,USA,USA-FFIEC,2024,4.32,Audit,Audit - Control 32,Audit - ضابط 32,The organization shall implement audit controls to ensure compliance with FFIEC IT Examination Handbook requirements.,يجب على المنظمة تطبيق ضوابط Audit لضمان الامتثال لمتطلبات دليل فحص تقنية المعلومات,corrective,3,medium,True,INCIDENT_REPORT|MEETING_MINUTES|ATTESTATION|RISK_ASSESSMENT,active
1696,USA,USA-FFIEC,2024,5.32,Outsourcing,Outsourcing - Control 32,Outsourcing - ضابط 32,The organization shall implement outsourcing controls to ensure compliance with FFIEC IT Examination Handbook requirements.,يجب على المنظمة تطبيق ضوابط Outsourcing لضمان الامتثال لمتطلبات دليل فحص تقنية المعلومات,preventive,4,low,True,POLICY|PROCEDURE|STANDARD|CONFIG|TRAINING_RECORD,active
1697,USA,USA-FFIEC,2024,1.33,Architecture,Architecture - Control 33,Architecture - ضابط 33,The organization shall implement architecture controls to ensure compliance with FFIEC IT Examination Handbook requirements.,يجب على المنظمة تطبيق ضوابط Architecture لضمان الامتثال لمتطلبات دليل فحص تقنية المعلومات,detective,1,critical,True,LOG|REPORT|SCAN_REPORT|AUDIT_REPORT|ACCESS_REVIEW,active
1698,USA,USA-FFIEC,2024,2.33,Operations,Operations - Control 33,Operations - ضابط 33,The organization shall implement operations controls to ensure compliance with FFIEC IT Examination Handbook requirements.,يجب على المنظمة تطبيق ضوابط Operations لضمان الامتثال لمتطلبات دليل فحص تقنية المعلومات,corrective,2,high,True,INCIDENT_REPORT|MEETING_MINUTES|ATTESTATION|RISK_ASSESSMENT,active
1699,USA,USA-FFIEC,2024,3.33,Resilience,Resilience - Control 33,Resilience - ضابط 33,The organization shall implement resilience controls to ensure compliance with FFIEC IT Examination Handbook requirements.,يجب على المنظمة تطبيق ضوابط Resilience لضمان الامتثال لمتطلبات دليل فحص تقنية المعلومات,preventive,3,medium,True,POLICY|PROCEDURE|STANDARD|CONFIG|TRAINING_RECORD,active
1700,USA,USA-FFIEC,2024,4.33,Audit,Audit - Control 33,Audit - ضابط 33,The organization shall implement audit controls to ensure compliance with FFIEC IT Examination Handbook requirements.,يجب على المنظمة تطبيق ضوابط Audit لضمان الامتثال لمتطلبات دليل فحص تقنية المعلومات,detective,4,low,True,LOG|REPORT|SCAN_REPORT|AUDIT_REPORT|ACCESS_REVIEW,active
1701,USA,USA-FFIEC,2024,5.33,Outsourcing,Outsourcing - Control 33,Outsourcing - ضابط 33,The organization shall implement outsourcing controls to ensure compliance with FFIEC IT Examination Handbook requirements.,يجب على المنظمة تطبيق ضوابط Outsourcing لضمان الامتثال لمتطلبات دليل فحص تقنية المعلومات,corrective,1,critical,True,INCIDENT_REPORT|MEETING_MINUTES|ATTESTATION|RISK_ASSESSMENT,active
1702,USA,USA-FFIEC,2024,1.34,Architecture,Architecture - Control 34,Architecture - ضابط 34,The organization shall implement architecture controls to ensure compliance with FFIEC IT Examination Handbook requirements.,يجب على المنظمة تطبيق ضوابط Architecture لضمان الامتثال لمتطلبات دليل فحص تقنية المعلومات,preventive,2,high,True,POLICY|PROCEDURE|STANDARD|CONFIG|TRAINING_RECORD,active
1703,USA,USA-FFIEC,2024,2.34,Operations,Operations - Control 34,Operations - ضابط 34,The organization shall implement operations controls to ensure compliance with FFIEC IT Examination Handbook requirements.,يجب على المنظمة تطبيق ضوابط Operations لضمان الامتثال لمتطلبات دليل فحص تقنية المعلومات,detective,3,medium,True,LOG|REPORT|SCAN_REPORT|AUDIT_REPORT|ACCESS_REVIEW,active
1704,USA,USA-FFIEC,2024,3.34,Resilience,Resilience - Control 34,Resilience - ضابط 34,The organization shall implement resilience controls to ensure compliance with FFIEC IT Examination Handbook requirements.,يجب على المنظمة تطبيق ضوابط Resilience لضمان الامتثال لمتطلبات دليل فحص تقنية المعلومات,corrective,4,low,True,INCIDENT_REPORT|MEETING_MINUTES|ATTESTATION|RISK_ASSESSMENT,active
1705,USA,USA-FFIEC,2024,4.34,Audit,Audit - Control 34,Audit - ضابط 34,The organization shall implement audit controls to ensure compliance with FFIEC IT Examination Handbook requirements.,يجب على المنظمة تطبيق ضوابط Audit لضمان الامتثال لمتطلبات دليل فحص تقنية المعلومات,preventive,1,critical,True,POLICY|PROCEDURE|STANDARD|CONFIG|TRAINING_RECORD,active
1706,USA,USA-FFIEC,2024,5.34,Outsourcing,Outsourcing - Control 34,Outsourcing - ضابط 34,The organization shall implement outsourcing controls to ensure compliance with FFIEC IT Examination Handbook requirements.,يجب على المنظمة تطبيق ضوابط Outsourcing لضمان الامتثال لمتطلبات دليل فحص تقنية المعلومات,detective,2,high,True,LOG|REPORT|SCAN_REPORT|AUDIT_REPORT|ACCESS_REVIEW,active
1707,USA,USA-FFIEC,2024,1.35,Architecture,Architecture - Control 35,Architecture - ضابط 35,The organization shall implement architecture controls to ensure compliance with FFIEC IT Examination Handbook requirements.,يجب على المنظمة تطبيق ضوابط Architecture لضمان الامتثال لمتطلبات دليل فحص تقنية المعلومات,corrective,3,medium,True,INCIDENT_REPORT|MEETING_MINUTES|ATTESTATION|RISK_ASSESSMENT,active
1708,USA,USA-FFIEC,2024,2.35,Operations,Operations - Control 35,Operations - ضابط 35,The organization shall implement operations controls to ensure compliance with FFIEC IT Examination Handbook requirements.,يجب على المنظمة تطبيق ضوابط Operations لضمان الامتثال لمتطلبات دليل فحص تقنية المعلومات,preventive,4,low,True,POLICY|PROCEDURE|STANDARD|CONFIG|TRAINING_RECORD,active
1709,USA,USA-FFIEC,2024,3.35,Resilience,Resilience - Control 35,Resilience - ضابط 35,The organization shall implement resilience controls to ensure compliance with FFIEC IT Examination Handbook requirements.,يجب على المنظمة تطبيق ضوابط Resilience لضمان الامتثال لمتطلبات دليل فحص تقنية المعلومات,detective,1,critical,True,LOG|REPORT|SCAN_REPORT|AUDIT_REPORT|ACCESS_REVIEW,active
1710,USA,USA-FFIEC,2024,4.35,Audit,Audit - Control 35,Audit - ضابط 35,The organization shall implement audit controls to ensure compliance with FFIEC IT Examination Handbook requirements.,يجب على المنظمة تطبيق ضوابط Audit لضمان الامتثال لمتطلبات دليل فحص تقنية المعلومات,corrective,2,high,True,INCIDENT_REPORT|MEETING_MINUTES|ATTESTATION|RISK_ASSESSMENT,active
1711,USA,USA-FFIEC,2024,5.35,Outsourcing,Outsourcing - Control 35,Outsourcing - ضابط 35,The organization shall implement outsourcing controls to ensure compliance with FFIEC IT Examination Handbook requirements.,يجب على المنظمة تطبيق ضوابط Outsourcing لضمان الامتثال لمتطلبات دليل فحص تقنية المعلومات,preventive,3,medium,True,POLICY|PROCEDURE|STANDARD|CONFIG|TRAINING_RECORD,active
1712,USA,USA-FFIEC,2024,1.36,Architecture,Architecture - Control 36,Architecture - ضابط 36,The organization shall implement architecture controls to ensure compliance with FFIEC IT Examination Handbook requirements.,يجب على المنظمة تطبيق ضوابط Architecture لضمان الامتثال لمتطلبات دليل فحص تقنية المعلومات,detective,4,low,True,LOG|REPORT|SCAN_REPORT|AUDIT_REPORT|ACCESS_REVIEW,active
1713,USA,USA-FFIEC,2024,2.36,Operations,Operations - Control 36,Operations - ضابط 36,The organization shall implement operations controls to ensure compliance with FFIEC IT Examination Handbook requirements.,يجب على المنظمة تطبيق ضوابط Operations لضمان الامتثال لمتطلبات دليل فحص تقنية المعلومات,corrective,1,critical,True,INCIDENT_REPORT|MEETING_MINUTES|ATTESTATION|RISK_ASSESSMENT,active
1714,USA,USA-FFIEC,2024,3.36,Resilience,Resilience - Control 36,Resilience - ضابط 36,The organization shall implement resilience controls to ensure compliance with FFIEC IT Examination Handbook requirements.,يجب على المنظمة تطبيق ضوابط Resilience لضمان الامتثال لمتطلبات دليل فحص تقنية المعلومات,preventive,2,high,True,POLICY|PROCEDURE|STANDARD|CONFIG|TRAINING_RECORD,active
1715,USA,USA-FFIEC,2024,4.36,Audit,Audit - Control 36,Audit - ضابط 36,The organization shall implement audit controls to ensure compliance with FFIEC IT Examination Handbook requirements.,يجب على المنظمة تطبيق ضوابط Audit لضمان الامتثال لمتطلبات دليل فحص تقنية المعلومات,detective,3,medium,True,LOG|REPORT|SCAN_REPORT|AUDIT_REPORT|ACCESS_REVIEW,active
1716,USA,USA-FFIEC,2024,5.36,Outsourcing,Outsourcing - Control 36,Outsourcing - ضابط 36,The organization shall implement outsourcing controls to ensure compliance with FFIEC IT Examination Handbook requirements.,يجب على المنظمة تطبيق ضوابط Outsourcing لضمان الامتثال لمتطلبات دليل فحص تقنية المعلومات,corrective,4,low,True,INCIDENT_REPORT|MEETING_MINUTES|ATTESTATION|RISK_ASSESSMENT,active
1717,USA,USA-FFIEC,2024,1.37,Architecture,Architecture - Control 37,Architecture - ضابط 37,The organization shall implement architecture controls to ensure compliance with FFIEC IT Examination Handbook requirements.,يجب على المنظمة تطبيق ضوابط Architecture لضمان الامتثال لمتطلبات دليل فحص تقنية المعلومات,preventive,1,critical,True,POLICY|PROCEDURE|STANDARD|CONFIG|TRAINING_RECORD,active
1718,USA,USA-FFIEC,2024,2.37,Operations,Operations - Control 37,Operations - ضابط 37,The organization shall implement operations controls to ensure compliance with FFIEC IT Examination Handbook requirements.,يجب على المنظمة تطبيق ضوابط Operations لضمان الامتثال لمتطلبات دليل فحص تقنية المعلومات,detective,2,high,True,LOG|REPORT|SCAN_REPORT|AUDIT_REPORT|ACCESS_REVIEW,active
1719,USA,USA-FFIEC,2024,3.37,Resilience,Resilience - Control 37,Resilience - ضابط 37,The organization shall implement resilience controls to ensure compliance with FFIEC IT Examination Handbook requirements.,يجب على المنظمة تطبيق ضوابط Resilience لضمان الامتثال لمتطلبات دليل فحص تقنية المعلومات,corrective,3,medium,True,INCIDENT_REPORT|MEETING_MINUTES|ATTESTATION|RISK_ASSESSMENT,active
1720,USA,USA-FFIEC,2024,4.37,Audit,Audit - Control 37,Audit - ضابط 37,The organization shall implement audit controls to ensure compliance with FFIEC IT Examination Handbook requirements.,يجب على المنظمة تطبيق ضوابط Audit لضمان الامتثال لمتطلبات دليل فحص تقنية المعلومات,preventive,4,low,True,POLICY|PROCEDURE|STANDARD|CONFIG|TRAINING_RECORD,active
1721,USA,USA-FFIEC,2024,5.37,Outsourcing,Outsourcing - Control 37,Outsourcing - ضابط 37,The organization shall implement outsourcing controls to ensure compliance with FFIEC IT Examination Handbook requirements.,يجب على المنظمة تطبيق ضوابط Outsourcing لضمان الامتثال لمتطلبات دليل فحص تقنية المعلومات,detective,1,critical,True,LOG|REPORT|SCAN_REPORT|AUDIT_REPORT|ACCESS_REVIEW,active
1722,USA,USA-FFIEC,2024,1.38,Architecture,Architecture - Control 38,Architecture - ضابط 38,The organization shall implement architecture controls to ensure compliance with FFIEC IT Examination Handbook requirements.,يجب على المنظمة تطبيق ضوابط Architecture لضمان الامتثال لمتطلبات دليل فحص تقنية المعلومات,corrective,2,high,True,INCIDENT_REPORT|MEETING_MINUTES|ATTESTATION|RISK_ASSESSMENT,active
1723,USA,USA-FFIEC,2024,2.38,Operations,Operations - Control 38,Operations - ضابط 38,The organization shall implement operations controls to ensure compliance with FFIEC IT Examination Handbook requirements.,يجب على المنظمة تطبيق ضوابط Operations لضمان الامتثال لمتطلبات دليل فحص تقنية المعلومات,preventive,3,medium,True,POLICY|PROCEDURE|STANDARD|CONFIG|TRAINING_RECORD,active
1724,USA,USA-FFIEC,2024,3.38,Resilience,Resilience - Control 38,Resilience - ضابط 38,The organization shall implement resilience controls to ensure compliance with FFIEC IT Examination Handbook requirements.,يجب على المنظمة تطبيق ضوابط Resilience لضمان الامتثال لمتطلبات دليل فحص تقنية المعلومات,detective,4,low,True,LOG|REPORT|SCAN_REPORT|AUDIT_REPORT|ACCESS_REVIEW,active
1725,USA,USA-FFIEC,2024,4.38,Audit,Audit - Control 38,Audit - ضابط 38,The organization shall implement audit controls to ensure compliance with FFIEC IT Examination Handbook requirements.,يجب على المنظمة تطبيق ضوابط Audit لضمان الامتثال لمتطلبات دليل فحص تقنية المعلومات,corrective,1,critical,True,INCIDENT_REPORT|MEETING_MINUTES|ATTESTATION|RISK_ASSESSMENT,active
1726,USA,USA-FFIEC,2024,5.38,Outsourcing,Outsourcing - Control 38,Outsourcing - ضابط 38,The organization shall implement outsourcing controls to ensure compliance with FFIEC IT Examination Handbook requirements.,يجب على المنظمة تطبيق ضوابط Outsourcing لضمان الامتثال لمتطلبات دليل فحص تقنية المعلومات,preventive,2,high,True,POLICY|PROCEDURE|STANDARD|CONFIG|TRAINING_RECORD,active
1727,USA,USA-FFIEC,2024,1.39,Architecture,Architecture - Control 39,Architecture - ضابط 39,The organization shall implement architecture controls to ensure compliance with FFIEC IT Examination Handbook requirements.,يجب على المنظمة تطبيق ضوابط Architecture لضمان الامتثال لمتطلبات دليل فحص تقنية المعلومات,detective,3,medium,True,LOG|REPORT|SCAN_REPORT|AUDIT_REPORT|ACCESS_REVIEW,active
1728,USA,USA-FFIEC,2024,2.39,Operations,Operations - Control 39,Operations - ضابط 39,The organization shall implement operations controls to ensure compliance with FFIEC IT Examination Handbook requirements.,يجب على المنظمة تطبيق ضوابط Operations لضمان الامتثال لمتطلبات دليل فحص تقنية المعلومات,corrective,4,low,True,INCIDENT_REPORT|MEETING_MINUTES|ATTESTATION|RISK_ASSESSMENT,active
1729,USA,USA-FFIEC,2024,3.39,Resilience,Resilience - Control 39,Resilience - ضابط 39,The organization shall implement resilience controls to ensure compliance with FFIEC IT Examination Handbook requirements.,يجب على المنظمة تطبيق ضوابط Resilience لضمان الامتثال لمتطلبات دليل فحص تقنية المعلومات,preventive,1,critical,True,POLICY|PROCEDURE|STANDARD|CONFIG|TRAINING_RECORD,active
1730,USA,USA-FFIEC,2024,4.39,Audit,Audit - Control 39,Audit - ضابط 39,The organization shall implement audit controls to ensure compliance with FFIEC IT Examination Handbook requirements.,يجب على المنظمة تطبيق ضوابط Audit لضمان الامتثال لمتطلبات دليل فحص تقنية المعلومات,detective,2,high,True,LOG|REPORT|SCAN_REPORT|AUDIT_REPORT|ACCESS_REVIEW,active
1731,USA,USA-FFIEC,2024,5.39,Outsourcing,Outsourcing - Control 39,Outsourcing - ضابط 39,The organization shall implement outsourcing controls to ensure compliance with FFIEC IT Examination Handbook requirements.,يجب على المنظمة تطبيق ضوابط Outsourcing لضمان الامتثال لمتطلبات دليل فحص تقنية المعلومات,corrective,3,medium,True,INCIDENT_REPORT|MEETING_MINUTES|ATTESTATION|RISK_ASSESSMENT,active
1732,USA,USA-FFIEC,2024,1.40,Architecture,Architecture - Control 40,Architecture - ضابط 40,The organization shall implement architecture controls to ensure compliance with FFIEC IT Examination Handbook requirements.,يجب على المنظمة تطبيق ضوابط Architecture لضمان الامتثال لمتطلبات دليل فحص تقنية المعلومات,preventive,4,low,True,POLICY|PROCEDURE|STANDARD|CONFIG|TRAINING_RECORD,active
1733,USA,USA-FFIEC,2024,2.40,Operations,Operations - Control 40,Operations - ضابط 40,The organization shall implement operations controls to ensure compliance with FFIEC IT Examination Handbook requirements.,يجب على المنظمة تطبيق ضوابط Operations لضمان الامتثال لمتطلبات دليل فحص تقنية المعلومات,detective,1,critical,True,LOG|REPORT|SCAN_REPORT|AUDIT_REPORT|ACCESS_REVIEW,active
1734,USA,USA-FFIEC,2024,3.40,Resilience,Resilience - Control 40,Resilience - ضابط 40,The organization shall implement resilience controls to ensure compliance with FFIEC IT Examination Handbook requirements.,يجب على المنظمة تطبيق ضوابط Resilience لضمان الامتثال لمتطلبات دليل فحص تقنية المعلومات,corrective,2,high,True,INCIDENT_REPORT|MEETING_MINUTES|ATTESTATION|RISK_ASSESSMENT,active
1735,USA,USA-FFIEC,2024,4.40,Audit,Audit - Control 40,Audit - ضابط 40,The organization shall implement audit controls to ensure compliance with FFIEC IT Examination Handbook requirements.,يجب على المنظمة تطبيق ضوابط Audit لضمان الامتثال لمتطلبات دليل فحص تقنية المعلومات,preventive,3,medium,True,POLICY|PROCEDURE|STANDARD|CONFIG|TRAINING_RECORD,active
1736,USA,USA-FFIEC,2024,5.40,Outsourcing,Outsourcing - Control 40,Outsourcing - ضابط 40,The organization shall implement outsourcing controls to ensure compliance with FFIEC IT Examination Handbook requirements.,يجب على المنظمة تطبيق ضوابط Outsourcing لضمان الامتثال لمتطلبات دليل فحص تقنية المعلومات,detective,4,low,True,LOG|REPORT|SCAN_REPORT|AUDIT_REPORT|ACCESS_REVIEW,active
1737,USA,USA-FFIEC,2024,1.41,Architecture,Architecture - Control 41,Architecture - ضابط 41,The organization shall implement architecture controls to ensure compliance with FFIEC IT Examination Handbook requirements.,يجب على المنظمة تطبيق ضوابط Architecture لضمان الامتثال لمتطلبات دليل فحص تقنية المعلومات,corrective,1,critical,True,INCIDENT_REPORT|MEETING_MINUTES|ATTESTATION|RISK_ASSESSMENT,active
1738,USA,USA-FFIEC,2024,2.41,Operations,Operations - Control 41,Operations - ضابط 41,The organization shall implement operations controls to ensure compliance with FFIEC IT Examination Handbook requirements.,يجب على المنظمة تطبيق ضوابط Operations لضمان الامتثال لمتطلبات دليل فحص تقنية المعلومات,preventive,2,high,True,POLICY|PROCEDURE|STANDARD|CONFIG|TRAINING_RECORD,active
1739,USA,USA-FFIEC,2024,3.41,Resilience,Resilience - Control 41,Resilience - ضابط 41,The organization shall implement resilience controls to ensure compliance with FFIEC IT Examination Handbook requirements.,يجب على المنظمة تطبيق ضوابط Resilience لضمان الامتثال لمتطلبات دليل فحص تقنية المعلومات,detective,3,medium,True,LOG|REPORT|SCAN_REPORT|AUDIT_REPORT|ACCESS_REVIEW,active
1740,USA,USA-FFIEC,2024,4.41,Audit,Audit - Control 41,Audit - ضابط 41,The organization shall implement audit controls to ensure compliance with FFIEC IT Examination Handbook requirements.,يجب على المنظمة تطبيق ضوابط Audit لضمان الامتثال لمتطلبات دليل فحص تقنية المعلومات,corrective,4,low,True,INCIDENT_REPORT|MEETING_MINUTES|ATTESTATION|RISK_ASSESSMENT,active
1741,USA,USA-FFIEC,2024,5.41,Outsourcing,Outsourcing - Control 41,Outsourcing - ضابط 41,The organization shall implement outsourcing controls to ensure compliance with FFIEC IT Examination Handbook requirements.,يجب على المنظمة تطبيق ضوابط Outsourcing لضمان الامتثال لمتطلبات دليل فحص تقنية المعلومات,preventive,1,critical,True,POLICY|PROCEDURE|STANDARD|CONFIG|TRAINING_RECORD,active
1742,USA,USA-FFIEC,2024,1.42,Architecture,Architecture - Control 42,Architecture - ضابط 42,The organization shall implement architecture controls to ensure compliance with FFIEC IT Examination Handbook requirements.,يجب على المنظمة تطبيق ضوابط Architecture لضمان الامتثال لمتطلبات دليل فحص تقنية المعلومات,detective,2,high,True,LOG|REPORT|SCAN_REPORT|AUDIT_REPORT|ACCESS_REVIEW,active
1743,USA,USA-FFIEC,2024,2.42,Operations,Operations - Control 42,Operations - ضابط 42,The organization shall implement operations controls to ensure compliance with FFIEC IT Examination Handbook requirements.,يجب على المنظمة تطبيق ضوابط Operations لضمان الامتثال لمتطلبات دليل فحص تقنية المعلومات,corrective,3,medium,True,INCIDENT_REPORT|MEETING_MINUTES|ATTESTATION|RISK_ASSESSMENT,active
1744,USA,USA-FFIEC,2024,3.42,Resilience,Resilience - Control 42,Resilience - ضابط 42,The organization shall implement resilience controls to ensure compliance with FFIEC IT Examination Handbook requirements.,يجب على المنظمة تطبيق ضوابط Resilience لضمان الامتثال لمتطلبات دليل فحص تقنية المعلومات,preventive,4,low,True,POLICY|PROCEDURE|STANDARD|CONFIG|TRAINING_RECORD,active
1745,USA,USA-FFIEC,2024,4.42,Audit,Audit - Control 42,Audit - ضابط 42,The organization shall implement audit controls to ensure compliance with FFIEC IT Examination Handbook requirements.,يجب على المنظمة تطبيق ضوابط Audit لضمان الامتثال لمتطلبات دليل فحص تقنية المعلومات,detective,1,critical,True,LOG|REPORT|SCAN_REPORT|AUDIT_REPORT|ACCESS_REVIEW,active
1746,USA,USA-FFIEC,2024,5.42,Outsourcing,Outsourcing - Control 42,Outsourcing - ضابط 42,The organization shall implement outsourcing controls to ensure compliance with FFIEC IT Examination Handbook requirements.,يجب على المنظمة تطبيق ضوابط Outsourcing لضمان الامتثال لمتطلبات دليل فحص تقنية المعلومات,corrective,2,high,True,INCIDENT_REPORT|MEETING_MINUTES|ATTESTATION|RISK_ASSESSMENT,active
1747,USA,USA-FFIEC,2024,1.43,Architecture,Architecture - Control 43,Architecture - ضابط 43,The organization shall implement architecture controls to ensure compliance with FFIEC IT Examination Handbook requirements.,يجب على المنظمة تطبيق ضوابط Architecture لضمان الامتثال لمتطلبات دليل فحص تقنية المعلومات,preventive,3,medium,True,POLICY|PROCEDURE|STANDARD|CONFIG|TRAINING_RECORD,active
1748,USA,USA-FFIEC,2024,2.43,Operations,Operations - Control 43,Operations - ضابط 43,The organization shall implement operations controls to ensure compliance with FFIEC IT Examination Handbook requirements.,يجب على المنظمة تطبيق ضوابط Operations لضمان الامتثال لمتطلبات دليل فحص تقنية المعلومات,detective,4,low,True,LOG|REPORT|SCAN_REPORT|AUDIT_REPORT|ACCESS_REVIEW,active
1749,USA,USA-FFIEC,2024,3.43,Resilience,Resilience - Control 43,Resilience - ضابط 43,The organization shall implement resilience controls to ensure compliance with FFIEC IT Examination Handbook requirements.,يجب على المنظمة تطبيق ضوابط Resilience لضمان الامتثال لمتطلبات دليل فحص تقنية المعلومات,corrective,1,critical,True,INCIDENT_REPORT|MEETING_MINUTES|ATTESTATION|RISK_ASSESSMENT,active
1750,USA,USA-FFIEC,2024,4.43,Audit,Audit - Control 43,Audit - ضابط 43,The organization shall implement audit controls to ensure compliance with FFIEC IT Examination Handbook requirements.,يجب على المنظمة تطبيق ضوابط Audit لضمان الامتثال لمتطلبات دليل فحص تقنية المعلومات,preventive,2,high,True,POLICY|PROCEDURE|STANDARD|CONFIG|TRAINING_RECORD,active
1751,USA,USA-FFIEC,2024,5.43,Outsourcing,Outsourcing - Control 43,Outsourcing - ضابط 43,The organization shall implement outsourcing controls to ensure compliance with FFIEC IT Examination Handbook requirements.,يجب على المنظمة تطبيق ضوابط Outsourcing لضمان الامتثال لمتطلبات دليل فحص تقنية المعلومات,detective,3,medium,True,LOG|REPORT|SCAN_REPORT|AUDIT_REPORT|ACCESS_REVIEW,active
1752,USA,USA-FFIEC,2024,1.44,Architecture,Architecture - Control 44,Architecture - ضابط 44,The organization shall implement architecture controls to ensure compliance with FFIEC IT Examination Handbook requirements.,يجب على المنظمة تطبيق ضوابط Architecture لضمان الامتثال لمتطلبات دليل فحص تقنية المعلومات,corrective,4,low,True,INCIDENT_REPORT|MEETING_MINUTES|ATTESTATION|RISK_ASSESSMENT,active
1753,USA,USA-FFIEC,2024,2.44,Operations,Operations - Control 44,Operations - ضابط 44,The organization shall implement operations controls to ensure compliance with FFIEC IT Examination Handbook requirements.,يجب على المنظمة تطبيق ضوابط Operations لضمان الامتثال لمتطلبات دليل فحص تقنية المعلومات,preventive,1,critical,True,POLICY|PROCEDURE|STANDARD|CONFIG|TRAINING_RECORD,active
1754,USA,USA-FFIEC,2024,3.44,Resilience,Resilience - Control 44,Resilience - ضابط 44,The organization shall implement resilience controls to ensure compliance with FFIEC IT Examination Handbook requirements.,يجب على المنظمة تطبيق ضوابط Resilience لضمان الامتثال لمتطلبات دليل فحص تقنية المعلومات,detective,2,high,True,LOG|REPORT|SCAN_REPORT|AUDIT_REPORT|ACCESS_REVIEW,active
1755,USA,USA-FFIEC,2024,4.44,Audit,Audit - Control 44,Audit - ضابط 44,The organization shall implement audit controls to ensure compliance with FFIEC IT Examination Handbook requirements.,يجب على المنظمة تطبيق ضوابط Audit لضمان الامتثال لمتطلبات دليل فحص تقنية المعلومات,corrective,3,medium,True,INCIDENT_REPORT|MEETING_MINUTES|ATTESTATION|RISK_ASSESSMENT,active
1756,USA,USA-FFIEC,2024,5.44,Outsourcing,Outsourcing - Control 44,Outsourcing - ضابط 44,The organization shall implement outsourcing controls to ensure compliance with FFIEC IT Examination Handbook requirements.,يجب على المنظمة تطبيق ضوابط Outsourcing لضمان الامتثال لمتطلبات دليل فحص تقنية المعلومات,preventive,4,low,True,POLICY|PROCEDURE|STANDARD|CONFIG|TRAINING_RECORD,active
1757,USA,USA-FFIEC,2024,1.45,Architecture,Architecture - Control 45,Architecture - ضابط 45,The organization shall implement architecture controls to ensure compliance with FFIEC IT Examination Handbook requirements.,يجب على المنظمة تطبيق ضوابط Architecture لضمان الامتثال لمتطلبات دليل فحص تقنية المعلومات,detective,1,critical,True,LOG|REPORT|SCAN_REPORT|AUDIT_REPORT|ACCESS_REVIEW,active
1758,USA,USA-FFIEC,2024,2.45,Operations,Operations - Control 45,Operations - ضابط 45,The organization shall implement operations controls to ensure compliance with FFIEC IT Examination Handbook requirements.,يجب على المنظمة تطبيق ضوابط Operations لضمان الامتثال لمتطلبات دليل فحص تقنية المعلومات,corrective,2,high,True,INCIDENT_REPORT|MEETING_MINUTES|ATTESTATION|RISK_ASSESSMENT,active
1759,USA,USA-FFIEC,2024,3.45,Resilience,Resilience - Control 45,Resilience - ضابط 45,The organization shall implement resilience controls to ensure compliance with FFIEC IT Examination Handbook requirements.,يجب على المنظمة تطبيق ضوابط Resilience لضمان الامتثال لمتطلبات دليل فحص تقنية المعلومات,preventive,3,medium,True,POLICY|PROCEDURE|STANDARD|CONFIG|TRAINING_RECORD,active
1760,USA,USA-FFIEC,2024,4.45,Audit,Audit - Control 45,Audit - ضابط 45,The organization shall implement audit controls to ensure compliance with FFIEC IT Examination Handbook requirements.,يجب على المنظمة تطبيق ضوابط Audit لضمان الامتثال لمتطلبات دليل فحص تقنية المعلومات,detective,4,low,True,LOG|REPORT|SCAN_REPORT|AUDIT_REPORT|ACCESS_REVIEW,active
1761,USA,USA-FFIEC,2024,5.45,Outsourcing,Outsourcing - Control 45,Outsourcing - ضابط 45,The organization shall implement outsourcing controls to ensure compliance with FFIEC IT Examination Handbook requirements.,يجب على المنظمة تطبيق ضوابط Outsourcing لضمان الامتثال لمتطلبات دليل فحص تقنية المعلومات,corrective,1,critical,True,INCIDENT_REPORT|MEETING_MINUTES|ATTESTATION|RISK_ASSESSMENT,active
1762,USA,USA-FFIEC,2024,1.46,Architecture,Architecture - Control 46,Architecture - ضابط 46,The organization shall implement architecture controls to ensure compliance with FFIEC IT Examination Handbook requirements.,يجب على المنظمة تطبيق ضوابط Architecture لضمان الامتثال لمتطلبات دليل فحص تقنية المعلومات,preventive,2,high,True,POLICY|PROCEDURE|STANDARD|CONFIG|TRAINING_RECORD,active
1763,USA,USA-FFIEC,2024,2.46,Operations,Operations - Control 46,Operations - ضابط 46,The organization shall implement operations controls to ensure compliance with FFIEC IT Examination Handbook requirements.,يجب على المنظمة تطبيق ضوابط Operations لضمان الامتثال لمتطلبات دليل فحص تقنية المعلومات,detective,3,medium,True,LOG|REPORT|SCAN_REPORT|AUDIT_REPORT|ACCESS_REVIEW,active
1764,USA,USA-FFIEC,2024,3.46,Resilience,Resilience - Control 46,Resilience - ضابط 46,The organization shall implement resilience controls to ensure compliance with FFIEC IT Examination Handbook requirements.,يجب على المنظمة تطبيق ضوابط Resilience لضمان الامتثال لمتطلبات دليل فحص تقنية المعلومات,corrective,4,low,True,INCIDENT_REPORT|MEETING_MINUTES|ATTESTATION|RISK_ASSESSMENT,active
1765,USA,USA-FFIEC,2024,4.46,Audit,Audit - Control 46,Audit - ضابط 46,The organization shall implement audit controls to ensure compliance with FFIEC IT Examination Handbook requirements.,يجب على المنظمة تطبيق ضوابط Audit لضمان الامتثال لمتطلبات دليل فحص تقنية المعلومات,preventive,1,critical,True,POLICY|PROCEDURE|STANDARD|CONFIG|TRAINING_RECORD,active
1766,USA,USA-FFIEC,2024,5.46,Outsourcing,Outsourcing - Control 46,Outsourcing - ضابط 46,The organization shall implement outsourcing controls to ensure compliance with FFIEC IT Examination Handbook requirements.,يجب على المنظمة تطبيق ضوابط Outsourcing لضمان الامتثال لمتطلبات دليل فحص تقنية المعلومات,detective,2,high,True,LOG|REPORT|SCAN_REPORT|AUDIT_REPORT|ACCESS_REVIEW,active
1767,USA,USA-FFIEC,2024,1.47,Architecture,Architecture - Control 47,Architecture - ضابط 47,The organization shall implement architecture controls to ensure compliance with FFIEC IT Examination Handbook requirements.,يجب على المنظمة تطبيق ضوابط Architecture لضمان الامتثال لمتطلبات دليل فحص تقنية المعلومات,corrective,3,medium,True,INCIDENT_REPORT|MEETING_MINUTES|ATTESTATION|RISK_ASSESSMENT,active
1768,USA,USA-FFIEC,2024,2.47,Operations,Operations - Control 47,Operations - ضابط 47,The organization shall implement operations controls to ensure compliance with FFIEC IT Examination Handbook requirements.,يجب على المنظمة تطبيق ضوابط Operations لضمان الامتثال لمتطلبات دليل فحص تقنية المعلومات,preventive,4,low,True,POLICY|PROCEDURE|STANDARD|CONFIG|TRAINING_RECORD,active
1769,USA,USA-FFIEC,2024,3.47,Resilience,Resilience - Control 47,Resilience - ضابط 47,The organization shall implement resilience controls to ensure compliance with FFIEC IT Examination Handbook requirements.,يجب على المنظمة تطبيق ضوابط Resilience لضمان الامتثال لمتطلبات دليل فحص تقنية المعلومات,detective,1,critical,True,LOG|REPORT|SCAN_REPORT|AUDIT_REPORT|ACCESS_REVIEW,active
1770,USA,USA-FFIEC,2024,4.47,Audit,Audit - Control 47,Audit - ضابط 47,The organization shall implement audit controls to ensure compliance with FFIEC IT Examination Handbook requirements.,يجب على المنظمة تطبيق ضوابط Audit لضمان الامتثال لمتطلبات دليل فحص تقنية المعلومات,corrective,2,high,True,INCIDENT_REPORT|MEETING_MINUTES|ATTESTATION|RISK_ASSESSMENT,active
1771,USA,USA-FFIEC,2024,5.47,Outsourcing,Outsourcing - Control 47,Outsourcing - ضابط 47,The organization shall implement outsourcing controls to ensure compliance with FFIEC IT Examination Handbook requirements.,يجب على المنظمة تطبيق ضوابط Outsourcing لضمان الامتثال لمتطلبات دليل فحص تقنية المعلومات,preventive,3,medium,True,POLICY|PROCEDURE|STANDARD|CONFIG|TRAINING_RECORD,active
1772,USA,USA-FFIEC,2024,1.48,Architecture,Architecture - Control 48,Architecture - ضابط 48,The organization shall implement architecture controls to ensure compliance with FFIEC IT Examination Handbook requirements.,يجب على المنظمة تطبيق ضوابط Architecture لضمان الامتثال لمتطلبات دليل فحص تقنية المعلومات,detective,4,low,True,LOG|REPORT|SCAN_REPORT|AUDIT_REPORT|ACCESS_REVIEW,active
1773,USA,USA-FFIEC,2024,2.48,Operations,Operations - Control 48,Operations - ضابط 48,The organization shall implement operations controls to ensure compliance with FFIEC IT Examination Handbook requirements.,يجب على المنظمة تطبيق ضوابط Operations لضمان الامتثال لمتطلبات دليل فحص تقنية المعلومات,corrective,1,critical,True,INCIDENT_REPORT|MEETING_MINUTES|ATTESTATION|RISK_ASSESSMENT,active
1774,USA,USA-FFIEC,2024,3.48,Resilience,Resilience - Control 48,Resilience - ضابط 48,The organization shall implement resilience controls to ensure compliance with FFIEC IT Examination Handbook requirements.,يجب على المنظمة تطبيق ضوابط Resilience لضمان الامتثال لمتطلبات دليل فحص تقنية المعلومات,preventive,2,high,True,POLICY|PROCEDURE|STANDARD|CONFIG|TRAINING_RECORD,active
1775,USA,USA-FFIEC,2024,4.48,Audit,Audit - Control 48,Audit - ضابط 48,The organization shall implement audit controls to ensure compliance with FFIEC IT Examination Handbook requirements.,يجب على المنظمة تطبيق ضوابط Audit لضمان الامتثال لمتطلبات دليل فحص تقنية المعلومات,detective,3,medium,True,LOG|REPORT|SCAN_REPORT|AUDIT_REPORT|ACCESS_REVIEW,active
1776,USA,USA-FFIEC,2024,5.48,Outsourcing,Outsourcing - Control 48,Outsourcing - ضابط 48,The organization shall implement outsourcing controls to ensure compliance with FFIEC IT Examination Handbook requirements.,يجب على المنظمة تطبيق ضوابط Outsourcing لضمان الامتثال لمتطلبات دليل فحص تقنية المعلومات,corrective,4,low,True,INCIDENT_REPORT|MEETING_MINUTES|ATTESTATION|RISK_ASSESSMENT,active
1777,USA,USA-FFIEC,2024,1.49,Architecture,Architecture - Control 49,Architecture - ضابط 49,The organization shall implement architecture controls to ensure compliance with FFIEC IT Examination Handbook requirements.,يجب على المنظمة تطبيق ضوابط Architecture لضمان الامتثال لمتطلبات دليل فحص تقنية المعلومات,preventive,1,critical,True,POLICY|PROCEDURE|STANDARD|CONFIG|TRAINING_RECORD,active
1778,USA,USA-FFIEC,2024,2.49,Operations,Operations - Control 49,Operations - ضابط 49,The organization shall implement operations controls to ensure compliance with FFIEC IT Examination Handbook requirements.,يجب على المنظمة تطبيق ضوابط Operations لضمان الامتثال لمتطلبات دليل فحص تقنية المعلومات,detective,2,high,True,LOG|REPORT|SCAN_REPORT|AUDIT_REPORT|ACCESS_REVIEW,active
1779,USA,USA-FFIEC,2024,3.49,Resilience,Resilience - Control 49,Resilience - ضابط 49,The organization shall implement resilience controls to ensure compliance with FFIEC IT Examination Handbook requirements.,يجب على المنظمة تطبيق ضوابط Resilience لضمان الامتثال لمتطلبات دليل فحص تقنية المعلومات,corrective,3,medium,True,INCIDENT_REPORT|MEETING_MINUTES|ATTESTATION|RISK_ASSESSMENT,active
1780,USA,USA-FFIEC,2024,4.49,Audit,Audit - Control 49,Audit - ضابط 49,The organization shall implement audit controls to ensure compliance with FFIEC IT Examination Handbook requirements.,يجب على المنظمة تطبيق ضوابط Audit لضمان الامتثال لمتطلبات دليل فحص تقنية المعلومات,preventive,4,low,True,POLICY|PROCEDURE|STANDARD|CONFIG|TRAINING_RECORD,active
1781,USA,USA-FFIEC,2024,5.49,Outsourcing,Outsourcing - Control 49,Outsourcing - ضابط 49,The organization shall implement outsourcing controls to ensure compliance with FFIEC IT Examination Handbook requirements.,يجب على المنظمة تطبيق ضوابط Outsourcing لضمان الامتثال لمتطلبات دليل فحص تقنية المعلومات,detective,1,critical,True,LOG|REPORT|SCAN_REPORT|AUDIT_REPORT|ACCESS_REVIEW,active
1782,USA,USA-FFIEC,2024,1.50,Architecture,Architecture - Control 50,Architecture - ضابط 50,The organization shall implement architecture controls to ensure compliance with FFIEC IT Examination Handbook requirements.,يجب على المنظمة تطبيق ضوابط Architecture لضمان الامتثال لمتطلبات دليل فحص تقنية المعلومات,corrective,2,high,True,INCIDENT_REPORT|MEETING_MINUTES|ATTESTATION|RISK_ASSESSMENT,active
1783,USA,USA-FFIEC,2024,2.50,Operations,Operations - Control 50,Operations - ضابط 50,The organization shall implement operations controls to ensure compliance with FFIEC IT Examination Handbook requirements.,يجب على المنظمة تطبيق ضوابط Operations لضمان الامتثال لمتطلبات دليل فحص تقنية المعلومات,preventive,3,medium,True,POLICY|PROCEDURE|STANDARD|CONFIG|TRAINING_RECORD,active
1784,USA,USA-FFIEC,2024,3.50,Resilience,Resilience - Control 50,Resilience - ضابط 50,The organization shall implement resilience controls to ensure compliance with FFIEC IT Examination Handbook requirements.,يجب على المنظمة تطبيق ضوابط Resilience لضمان الامتثال لمتطلبات دليل فحص تقنية المعلومات,detective,4,low,True,LOG|REPORT|SCAN_REPORT|AUDIT_REPORT|ACCESS_REVIEW,active
1785,USA,USA-FFIEC,2024,4.50,Audit,Audit - Control 50,Audit - ضابط 50,The organization shall implement audit controls to ensure compliance with FFIEC IT Examination Handbook requirements.,يجب على المنظمة تطبيق ضوابط Audit لضمان الامتثال لمتطلبات دليل فحص تقنية المعلومات,corrective,1,critical,True,INCIDENT_REPORT|MEETING_MINUTES|ATTESTATION|RISK_ASSESSMENT,active
1786,USA,USA-FFIEC,2024,5.50,Outsourcing,Outsourcing - Control 50,Outsourcing - ضابط 50,The organization shall implement outsourcing controls to ensure compliance with FFIEC IT Examination Handbook requirements.,يجب على المنظمة تطبيق ضوابط Outsourcing لضمان الامتثال لمتطلبات دليل فحص تقنية المعلومات,preventive,2,high,True,POLICY|PROCEDURE|STANDARD|CONFIG|TRAINING_RECORD,active
1787,USA,USA-FFIEC,2024,1.51,Architecture,Architecture - Control 51,Architecture - ضابط 51,The organization shall implement architecture controls to ensure compliance with FFIEC IT Examination Handbook requirements.,يجب على المنظمة تطبيق ضوابط Architecture لضمان الامتثال لمتطلبات دليل فحص تقنية المعلومات,detective,3,medium,True,LOG|REPORT|SCAN_REPORT|AUDIT_REPORT|ACCESS_REVIEW,active
1788,USA,USA-FFIEC,2024,2.51,Operations,Operations - Control 51,Operations - ضابط 51,The organization shall implement operations controls to ensure compliance with FFIEC IT Examination Handbook requirements.,يجب على المنظمة تطبيق ضوابط Operations لضمان الامتثال لمتطلبات دليل فحص تقنية المعلومات,corrective,4,low,True,INCIDENT_REPORT|MEETING_MINUTES|ATTESTATION|RISK_ASSESSMENT,active
1789,USA,USA-FFIEC,2024,3.51,Resilience,Resilience - Control 51,Resilience - ضابط 51,The organization shall implement resilience controls to ensure compliance with FFIEC IT Examination Handbook requirements.,يجب على المنظمة تطبيق ضوابط Resilience لضمان الامتثال لمتطلبات دليل فحص تقنية المعلومات,preventive,1,critical,True,POLICY|PROCEDURE|STANDARD|CONFIG|TRAINING_RECORD,active
1790,USA,USA-FFIEC,2024,4.51,Audit,Audit - Control 51,Audit - ضابط 51,The organization shall implement audit controls to ensure compliance with FFIEC IT Examination Handbook requirements.,يجب على المنظمة تطبيق ضوابط Audit لضمان الامتثال لمتطلبات دليل فحص تقنية المعلومات,detective,2,high,True,LOG|REPORT|SCAN_REPORT|AUDIT_REPORT|ACCESS_REVIEW,active
1791,USA,USA-FFIEC,2024,5.51,Outsourcing,Outsourcing - Control 51,Outsourcing - ضابط 51,The organization shall implement outsourcing controls to ensure compliance with FFIEC IT Examination Handbook requirements.,يجب على المنظمة تطبيق ضوابط Outsourcing لضمان الامتثال لمتطلبات دليل فحص تقنية المعلومات,corrective,3,medium,True,INCIDENT_REPORT|MEETING_MINUTES|ATTESTATION|RISK_ASSESSMENT,active
1792,USA,USA-FFIEC,2024,1.52,Architecture,Architecture - Control 52,Architecture - ضابط 52,The organization shall implement architecture controls to ensure compliance with FFIEC IT Examination Handbook requirements.,يجب على المنظمة تطبيق ضوابط Architecture لضمان الامتثال لمتطلبات دليل فحص تقنية المعلومات,preventive,4,low,True,POLICY|PROCEDURE|STANDARD|CONFIG|TRAINING_RECORD,active
1793,USA,USA-FFIEC,2024,2.52,Operations,Operations - Control 52,Operations - ضابط 52,The organization shall implement operations controls to ensure compliance with FFIEC IT Examination Handbook requirements.,يجب على المنظمة تطبيق ضوابط Operations لضمان الامتثال لمتطلبات دليل فحص تقنية المعلومات,detective,1,critical,True,LOG|REPORT|SCAN_REPORT|AUDIT_REPORT|ACCESS_REVIEW,active
1794,USA,USA-FFIEC,2024,3.52,Resilience,Resilience - Control 52,Resilience - ضابط 52,The organization shall implement resilience controls to ensure compliance with FFIEC IT Examination Handbook requirements.,يجب على المنظمة تطبيق ضوابط Resilience لضمان الامتثال لمتطلبات دليل فحص تقنية المعلومات,corrective,2,high,True,INCIDENT_REPORT|MEETING_MINUTES|ATTESTATION|RISK_ASSESSMENT,active
1795,USA,USA-FFIEC,2024,4.52,Audit,Audit - Control 52,Audit - ضابط 52,The organization shall implement audit controls to ensure compliance with FFIEC IT Examination Handbook requirements.,يجب على المنظمة تطبيق ضوابط Audit لضمان الامتثال لمتطلبات دليل فحص تقنية المعلومات,preventive,3,medium,True,POLICY|PROCEDURE|STANDARD|CONFIG|TRAINING_RECORD,active
1796,USA,USA-FFIEC,2024,5.52,Outsourcing,Outsourcing - Control 52,Outsourcing - ضابط 52,The organization shall implement outsourcing controls to ensure compliance with FFIEC IT Examination Handbook requirements.,يجب على المنظمة تطبيق ضوابط Outsourcing لضمان الامتثال لمتطلبات دليل فحص تقنية المعلومات,detective,4,low,True,LOG|REPORT|SCAN_REPORT|AUDIT_REPORT|ACCESS_REVIEW,active
1797,USA,USA-FFIEC,2024,1.53,Architecture,Architecture - Control 53,Architecture - ضابط 53,The organization shall implement architecture controls to ensure compliance with FFIEC IT Examination Handbook requirements.,يجب على المنظمة تطبيق ضوابط Architecture لضمان الامتثال لمتطلبات دليل فحص تقنية المعلومات,corrective,1,critical,True,INCIDENT_REPORT|MEETING_MINUTES|ATTESTATION|RISK_ASSESSMENT,active
1798,USA,USA-FFIEC,2024,2.53,Operations,Operations - Control 53,Operations - ضابط 53,The organization shall implement operations controls to ensure compliance with FFIEC IT Examination Handbook requirements.,يجب على المنظمة تطبيق ضوابط Operations لضمان الامتثال لمتطلبات دليل فحص تقنية المعلومات,preventive,2,high,True,POLICY|PROCEDURE|STANDARD|CONFIG|TRAINING_RECORD,active
1799,USA,USA-FFIEC,2024,3.53,Resilience,Resilience - Control 53,Resilience - ضابط 53,The organization shall implement resilience controls to ensure compliance with FFIEC IT Examination Handbook requirements.,يجب على المنظمة تطبيق ضوابط Resilience لضمان الامتثال لمتطلبات دليل فحص تقنية المعلومات,detective,3,medium,True,LOG|REPORT|SCAN_REPORT|AUDIT_REPORT|ACCESS_REVIEW,active
1800,USA,USA-FFIEC,2024,4.53,Audit,Audit - Control 53,Audit - ضابط 53,The organization shall implement audit controls to ensure compliance with FFIEC IT Examination Handbook requirements.,يجب على المنظمة تطبيق ضوابط Audit لضمان الامتثال لمتطلبات دليل فحص تقنية المعلومات,corrective,4,low,True,INCIDENT_REPORT|MEETING_MINUTES|ATTESTATION|RISK_ASSESSMENT,active
1801,USA,USA-FFIEC,2024,5.53,Outsourcing,Outsourcing - Control 53,Outsourcing - ضابط 53,The organization shall implement outsourcing controls to ensure compliance with FFIEC IT Examination Handbook requirements.,يجب على المنظمة تطبيق ضوابط Outsourcing لضمان الامتثال لمتطلبات دليل فحص تقنية المعلومات,preventive,1,critical,True,POLICY|PROCEDURE|STANDARD|CONFIG|TRAINING_RECORD,active
1802,USA,USA-FFIEC,2024,1.54,Architecture,Architecture - Control 54,Architecture - ضابط 54,The organization shall implement architecture controls to ensure compliance with FFIEC IT Examination Handbook requirements.,يجب على المنظمة تطبيق ضوابط Architecture لضمان الامتثال لمتطلبات دليل فحص تقنية المعلومات,detective,2,high,True,LOG|REPORT|SCAN_REPORT|AUDIT_REPORT|ACCESS_REVIEW,active
1803,USA,USA-FFIEC,2024,2.54,Operations,Operations - Control 54,Operations - ضابط 54,The organization shall implement operations controls to ensure compliance with FFIEC IT Examination Handbook requirements.,يجب على المنظمة تطبيق ضوابط Operations لضمان الامتثال لمتطلبات دليل فحص تقنية المعلومات,corrective,3,medium,True,INCIDENT_REPORT|MEETING_MINUTES|ATTESTATION|RISK_ASSESSMENT,active
1804,USA,USA-FFIEC,2024,3.54,Resilience,Resilience - Control 54,Resilience - ضابط 54,The organization shall implement resilience controls to ensure compliance with FFIEC IT Examination Handbook requirements.,يجب على المنظمة تطبيق ضوابط Resilience لضمان الامتثال لمتطلبات دليل فحص تقنية المعلومات,preventive,4,low,True,POLICY|PROCEDURE|STANDARD|CONFIG|TRAINING_RECORD,active
1805,USA,USA-FFIEC,2024,4.54,Audit,Audit - Control 54,Audit - ضابط 54,The organization shall implement audit controls to ensure compliance with FFIEC IT Examination Handbook requirements.,يجب على المنظمة تطبيق ضوابط Audit لضمان الامتثال لمتطلبات دليل فحص تقنية المعلومات,detective,1,critical,True,LOG|REPORT|SCAN_REPORT|AUDIT_REPORT|ACCESS_REVIEW,active
1806,USA,USA-FFIEC,2024,5.54,Outsourcing,Outsourcing - Control 54,Outsourcing - ضابط 54,The organization shall implement outsourcing controls to ensure compliance with FFIEC IT Examination Handbook requirements.,يجب على المنظمة تطبيق ضوابط Outsourcing لضمان الامتثال لمتطلبات دليل فحص تقنية المعلومات,corrective,2,high,True,INCIDENT_REPORT|MEETING_MINUTES|ATTESTATION|RISK_ASSESSMENT,active
1807,USA,USA-FFIEC,2024,1.55,Architecture,Architecture - Control 55,Architecture - ضابط 55,The organization shall implement architecture controls to ensure compliance with FFIEC IT Examination Handbook requirements.,يجب على المنظمة تطبيق ضوابط Architecture لضمان الامتثال لمتطلبات دليل فحص تقنية المعلومات,preventive,3,medium,True,POLICY|PROCEDURE|STANDARD|CONFIG|TRAINING_RECORD,active
1808,USA,USA-FFIEC,2024,2.55,Operations,Operations - Control 55,Operations - ضابط 55,The organization shall implement operations controls to ensure compliance with FFIEC IT Examination Handbook requirements.,يجب على المنظمة تطبيق ضوابط Operations لضمان الامتثال لمتطلبات دليل فحص تقنية المعلومات,detective,4,low,True,LOG|REPORT|SCAN_REPORT|AUDIT_REPORT|ACCESS_REVIEW,active
1809,USA,USA-FFIEC,2024,3.55,Resilience,Resilience - Control 55,Resilience - ضابط 55,The organization shall implement resilience controls to ensure compliance with FFIEC IT Examination Handbook requirements.,يجب على المنظمة تطبيق ضوابط Resilience لضمان الامتثال لمتطلبات دليل فحص تقنية المعلومات,corrective,1,critical,True,INCIDENT_REPORT|MEETING_MINUTES|ATTESTATION|RISK_ASSESSMENT,active
1810,USA,USA-FFIEC,2024,4.55,Audit,Audit - Control 55,Audit - ضابط 55,The organization shall implement audit controls to ensure compliance with FFIEC IT Examination Handbook requirements.,يجب على المنظمة تطبيق ضوابط Audit لضمان الامتثال لمتطلبات دليل فحص تقنية المعلومات,preventive,2,high,True,POLICY|PROCEDURE|STANDARD|CONFIG|TRAINING_RECORD,active
1811,USA,USA-FFIEC,2024,5.55,Outsourcing,Outsourcing - Control 55,Outsourcing - ضابط 55,The organization shall implement outsourcing controls to ensure compliance with FFIEC IT Examination Handbook requirements.,يجب على المنظمة تطبيق ضوابط Outsourcing لضمان الامتثال لمتطلبات دليل فحص تقنية المعلومات,detective,3,medium,True,LOG|REPORT|SCAN_REPORT|AUDIT_REPORT|ACCESS_REVIEW,active
1812,USA,USA-FFIEC,2024,1.56,Architecture,Architecture - Control 56,Architecture - ضابط 56,The organization shall implement architecture controls to ensure compliance with FFIEC IT Examination Handbook requirements.,يجب على المنظمة تطبيق ضوابط Architecture لضمان الامتثال لمتطلبات دليل فحص تقنية المعلومات,corrective,4,low,True,INCIDENT_REPORT|MEETING_MINUTES|ATTESTATION|RISK_ASSESSMENT,active
1813,USA,USA-FFIEC,2024,2.56,Operations,Operations - Control 56,Operations - ضابط 56,The organization shall implement operations controls to ensure compliance with FFIEC IT Examination Handbook requirements.,يجب على المنظمة تطبيق ضوابط Operations لضمان الامتثال لمتطلبات دليل فحص تقنية المعلومات,preventive,1,critical,True,POLICY|PROCEDURE|STANDARD|CONFIG|TRAINING_RECORD,active
1814,USA,USA-FFIEC,2024,3.56,Resilience,Resilience - Control 56,Resilience - ضابط 56,The organization shall implement resilience controls to ensure compliance with FFIEC IT Examination Handbook requirements.,يجب على المنظمة تطبيق ضوابط Resilience لضمان الامتثال لمتطلبات دليل فحص تقنية المعلومات,detective,2,high,True,LOG|REPORT|SCAN_REPORT|AUDIT_REPORT|ACCESS_REVIEW,active
1815,USA,USA-FFIEC,2024,4.56,Audit,Audit - Control 56,Audit - ضابط 56,The organization shall implement audit controls to ensure compliance with FFIEC IT Examination Handbook requirements.,يجب على المنظمة تطبيق ضوابط Audit لضمان الامتثال لمتطلبات دليل فحص تقنية المعلومات,corrective,3,medium,True,INCIDENT_REPORT|MEETING_MINUTES|ATTESTATION|RISK_ASSESSMENT,active
1816,USA,USA-FFIEC,2024,5.56,Outsourcing,Outsourcing - Control 56,Outsourcing - ضابط 56,The organization shall implement outsourcing controls to ensure compliance with FFIEC IT Examination Handbook requirements.,يجب على المنظمة تطبيق ضوابط Outsourcing لضمان الامتثال لمتطلبات دليل فحص تقنية المعلومات,preventive,4,low,True,POLICY|PROCEDURE|STANDARD|CONFIG|TRAINING_RECORD,active
1817,USA,USA-FFIEC,2024,1.57,Architecture,Architecture - Control 57,Architecture - ضابط 57,The organization shall implement architecture controls to ensure compliance with FFIEC IT Examination Handbook requirements.,يجب على المنظمة تطبيق ضوابط Architecture لضمان الامتثال لمتطلبات دليل فحص تقنية المعلومات,detective,1,critical,True,LOG|REPORT|SCAN_REPORT|AUDIT_REPORT|ACCESS_REVIEW,active
1818,USA,USA-FFIEC,2024,2.57,Operations,Operations - Control 57,Operations - ضابط 57,The organization shall implement operations controls to ensure compliance with FFIEC IT Examination Handbook requirements.,يجب على المنظمة تطبيق ضوابط Operations لضمان الامتثال لمتطلبات دليل فحص تقنية المعلومات,corrective,2,high,True,INCIDENT_REPORT|MEETING_MINUTES|ATTESTATION|RISK_ASSESSMENT,active
1819,USA,USA-FFIEC,2024,3.57,Resilience,Resilience - Control 57,Resilience - ضابط 57,The organization shall implement resilience controls to ensure compliance with FFIEC IT Examination Handbook requirements.,يجب على المنظمة تطبيق ضوابط Resilience لضمان الامتثال لمتطلبات دليل فحص تقنية المعلومات,preventive,3,medium,True,POLICY|PROCEDURE|STANDARD|CONFIG|TRAINING_RECORD,active
1820,USA,USA-FFIEC,2024,4.57,Audit,Audit - Control 57,Audit - ضابط 57,The organization shall implement audit controls to ensure compliance with FFIEC IT Examination Handbook requirements.,يجب على المنظمة تطبيق ضوابط Audit لضمان الامتثال لمتطلبات دليل فحص تقنية المعلومات,detective,4,low,True,LOG|REPORT|SCAN_REPORT|AUDIT_REPORT|ACCESS_REVIEW,active
1821,USA,USA-FFIEC,2024,5.57,Outsourcing,Outsourcing - Control 57,Outsourcing - ضابط 57,The organization shall implement outsourcing controls to ensure compliance with FFIEC IT Examination Handbook requirements.,يجب على المنظمة تطبيق ضوابط Outsourcing لضمان الامتثال لمتطلبات دليل فحص تقنية المعلومات,corrective,1,critical,True,INCIDENT_REPORT|MEETING_MINUTES|ATTESTATION|RISK_ASSESSMENT,active
1822,USA,USA-CMMC,2.0,1.1,AC,AC - Control 1,AC - ضابط 1,The organization shall implement ac controls to ensure compliance with Cybersecurity Maturity Model Certification requirements.,يجب على المنظمة تطبيق ضوابط AC لضمان الامتثال لمتطلبات شهادة نموذج نضج الأمن السيبراني,preventive,1,critical,True,POLICY|PROCEDURE|STANDARD|CONFIG|TRAINING_RECORD,active
1823,USA,USA-CMMC,2.0,2.1,AM,AM - Control 1,AM - ضابط 1,The organization shall implement am controls to ensure compliance with Cybersecurity Maturity Model Certification requirements.,يجب على المنظمة تطبيق ضوابط AM لضمان الامتثال لمتطلبات شهادة نموذج نضج الأمن السيبراني,detective,2,high,True,LOG|REPORT|SCAN_REPORT|AUDIT_REPORT|ACCESS_REVIEW,active
1824,USA,USA-CMMC,2.0,3.1,AT,AT - Control 1,AT - ضابط 1,The organization shall implement at controls to ensure compliance with Cybersecurity Maturity Model Certification requirements.,يجب على المنظمة تطبيق ضوابط AT لضمان الامتثال لمتطلبات شهادة نموذج نضج الأمن السيبراني,corrective,3,medium,True,INCIDENT_REPORT|MEETING_MINUTES|ATTESTATION|RISK_ASSESSMENT,active
1825,USA,USA-CMMC,2.0,4.1,AU,AU - Control 1,AU - ضابط 1,The organization shall implement au controls to ensure compliance with Cybersecurity Maturity Model Certification requirements.,يجب على المنظمة تطبيق ضوابط AU لضمان الامتثال لمتطلبات شهادة نموذج نضج الأمن السيبراني,preventive,4,low,True,POLICY|PROCEDURE|STANDARD|CONFIG|TRAINING_RECORD,active
1826,USA,USA-CMMC,2.0,5.1,CM,CM - Control 1,CM - ضابط 1,The organization shall implement cm controls to ensure compliance with Cybersecurity Maturity Model Certification requirements.,يجب على المنظمة تطبيق ضوابط CM لضمان الامتثال لمتطلبات شهادة نموذج نضج الأمن السيبراني,detective,1,critical,True,LOG|REPORT|SCAN_REPORT|AUDIT_REPORT|ACCESS_REVIEW,active
1827,USA,USA-CMMC,2.0,6.1,IA,IA - Control 1,IA - ضابط 1,The organization shall implement ia controls to ensure compliance with Cybersecurity Maturity Model Certification requirements.,يجب على المنظمة تطبيق ضوابط IA لضمان الامتثال لمتطلبات شهادة نموذج نضج الأمن السيبراني,corrective,2,high,True,INCIDENT_REPORT|MEETING_MINUTES|ATTESTATION|RISK_ASSESSMENT,active
1828,USA,USA-CMMC,2.0,7.1,IR,IR - Control 1,IR - ضابط 1,The organization shall implement ir controls to ensure compliance with Cybersecurity Maturity Model Certification requirements.,يجب على المنظمة تطبيق ضوابط IR لضمان الامتثال لمتطلبات شهادة نموذج نضج الأمن السيبراني,preventive,3,medium,True,POLICY|PROCEDURE|STANDARD|CONFIG|TRAINING_RECORD,active
1829,USA,USA-CMMC,2.0,8.1,MA,MA - Control 1,MA - ضابط 1,The organization shall implement ma controls to ensure compliance with Cybersecurity Maturity Model Certification requirements.,يجب على المنظمة تطبيق ضوابط MA لضمان الامتثال لمتطلبات شهادة نموذج نضج الأمن السيبراني,detective,4,low,True,LOG|REPORT|SCAN_REPORT|AUDIT_REPORT|ACCESS_REVIEW,active
1830,USA,USA-CMMC,2.0,9.1,MP,MP - Control 1,MP - ضابط 1,The organization shall implement mp controls to ensure compliance with Cybersecurity Maturity Model Certification requirements.,يجب على المنظمة تطبيق ضوابط MP لضمان الامتثال لمتطلبات شهادة نموذج نضج الأمن السيبراني,corrective,1,critical,True,INCIDENT_REPORT|MEETING_MINUTES|ATTESTATION|RISK_ASSESSMENT,active
1831,USA,USA-CMMC,2.0,10.1,PS,PS - Control 1,PS - ضابط 1,The organization shall implement ps controls to ensure compliance with Cybersecurity Maturity Model Certification requirements.,يجب على المنظمة تطبيق ضوابط PS لضمان الامتثال لمتطلبات شهادة نموذج نضج الأمن السيبراني,preventive,2,high,True,POLICY|PROCEDURE|STANDARD|CONFIG|TRAINING_RECORD,active
1832,USA,USA-CMMC,2.0,11.1,PE,PE - Control 1,PE - ضابط 1,The organization shall implement pe controls to ensure compliance with Cybersecurity Maturity Model Certification requirements.,يجب على المنظمة تطبيق ضوابط PE لضمان الامتثال لمتطلبات شهادة نموذج نضج الأمن السيبراني,detective,3,medium,True,LOG|REPORT|SCAN_REPORT|AUDIT_REPORT|ACCESS_REVIEW,active
1833,USA,USA-CMMC,2.0,12.1,RE,RE - Control 1,RE - ضابط 1,The organization shall implement re controls to ensure compliance with Cybersecurity Maturity Model Certification requirements.,يجب على المنظمة تطبيق ضوابط RE لضمان الامتثال لمتطلبات شهادة نموذج نضج الأمن السيبراني,corrective,4,low,True,INCIDENT_REPORT|MEETING_MINUTES|ATTESTATION|RISK_ASSESSMENT,active
1834,USA,USA-CMMC,2.0,13.1,RM,RM - Control 1,RM - ضابط 1,The organization shall implement rm controls to ensure compliance with Cybersecurity Maturity Model Certification requirements.,يجب على المنظمة تطبيق ضوابط RM لضمان الامتثال لمتطلبات شهادة نموذج نضج الأمن السيبراني,preventive,1,critical,True,POLICY|PROCEDURE|STANDARD|CONFIG|TRAINING_RECORD,active
1835,USA,USA-CMMC,2.0,14.1,SC,SC - Control 1,SC - ضابط 1,The organization shall implement sc controls to ensure compliance with Cybersecurity Maturity Model Certification requirements.,يجب على المنظمة تطبيق ضوابط SC لضمان الامتثال لمتطلبات شهادة نموذج نضج الأمن السيبراني,detective,2,high,True,LOG|REPORT|SCAN_REPORT|AUDIT_REPORT|ACCESS_REVIEW,active
1836,USA,USA-CMMC,2.0,15.1,SI,SI - Control 1,SI - ضابط 1,The organization shall implement si controls to ensure compliance with Cybersecurity Maturity Model Certification requirements.,يجب على المنظمة تطبيق ضوابط SI لضمان الامتثال لمتطلبات شهادة نموذج نضج الأمن السيبراني,corrective,3,medium,True,INCIDENT_REPORT|MEETING_MINUTES|ATTESTATION|RISK_ASSESSMENT,active
1837,USA,USA-CMMC,2.0,1.2,AC,AC - Control 2,AC - ضابط 2,The organization shall implement ac controls to ensure compliance with Cybersecurity Maturity Model Certification requirements.,يجب على المنظمة تطبيق ضوابط AC لضمان الامتثال لمتطلبات شهادة نموذج نضج الأمن السيبراني,preventive,4,low,True,POLICY|PROCEDURE|STANDARD|CONFIG|TRAINING_RECORD,active
1838,USA,USA-CMMC,2.0,2.2,AM,AM - Control 2,AM - ضابط 2,The organization shall implement am controls to ensure compliance with Cybersecurity Maturity Model Certification requirements.,يجب على المنظمة تطبيق ضوابط AM لضمان الامتثال لمتطلبات شهادة نموذج نضج الأمن السيبراني,detective,1,critical,True,LOG|REPORT|SCAN_REPORT|AUDIT_REPORT|ACCESS_REVIEW,active
1839,USA,USA-CMMC,2.0,3.2,AT,AT - Control 2,AT - ضابط 2,The organization shall implement at controls to ensure compliance with Cybersecurity Maturity Model Certification requirements.,يجب على المنظمة تطبيق ضوابط AT لضمان الامتثال لمتطلبات شهادة نموذج نضج الأمن السيبراني,corrective,2,high,True,INCIDENT_REPORT|MEETING_MINUTES|ATTESTATION|RISK_ASSESSMENT,active
1840,USA,USA-CMMC,2.0,4.2,AU,AU - Control 2,AU - ضابط 2,The organization shall implement au controls to ensure compliance with Cybersecurity Maturity Model Certification requirements.,يجب على المنظمة تطبيق ضوابط AU لضمان الامتثال لمتطلبات شهادة نموذج نضج الأمن السيبراني,preventive,3,medium,True,POLICY|PROCEDURE|STANDARD|CONFIG|TRAINING_RECORD,active
1841,USA,USA-CMMC,2.0,5.2,CM,CM - Control 2,CM - ضابط 2,The organization shall implement cm controls to ensure compliance with Cybersecurity Maturity Model Certification requirements.,يجب على المنظمة تطبيق ضوابط CM لضمان الامتثال لمتطلبات شهادة نموذج نضج الأمن السيبراني,detective,4,low,True,LOG|REPORT|SCAN_REPORT|AUDIT_REPORT|ACCESS_REVIEW,active
1842,USA,USA-CMMC,2.0,6.2,IA,IA - Control 2,IA - ضابط 2,The organization shall implement ia controls to ensure compliance with Cybersecurity Maturity Model Certification requirements.,يجب على المنظمة تطبيق ضوابط IA لضمان الامتثال لمتطلبات شهادة نموذج نضج الأمن السيبراني,corrective,1,critical,True,INCIDENT_REPORT|MEETING_MINUTES|ATTESTATION|RISK_ASSESSMENT,active
1843,USA,USA-CMMC,2.0,7.2,IR,IR - Control 2,IR - ضابط 2,The organization shall implement ir controls to ensure compliance with Cybersecurity Maturity Model Certification requirements.,يجب على المنظمة تطبيق ضوابط IR لضمان الامتثال لمتطلبات شهادة نموذج نضج الأمن السيبراني,preventive,2,high,True,POLICY|PROCEDURE|STANDARD|CONFIG|TRAINING_RECORD,active
1844,USA,USA-CMMC,2.0,8.2,MA,MA - Control 2,MA - ضابط 2,The organization shall implement ma controls to ensure compliance with Cybersecurity Maturity Model Certification requirements.,يجب على المنظمة تطبيق ضوابط MA لضمان الامتثال لمتطلبات شهادة نموذج نضج الأمن السيبراني,detective,3,medium,True,LOG|REPORT|SCAN_REPORT|AUDIT_REPORT|ACCESS_REVIEW,active
1845,USA,USA-CMMC,2.0,9.2,MP,MP - Control 2,MP - ضابط 2,The organization shall implement mp controls to ensure compliance with Cybersecurity Maturity Model Certification requirements.,يجب على المنظمة تطبيق ضوابط MP لضمان الامتثال لمتطلبات شهادة نموذج نضج الأمن السيبراني,corrective,4,low,True,INCIDENT_REPORT|MEETING_MINUTES|ATTESTATION|RISK_ASSESSMENT,active
1846,USA,USA-CMMC,2.0,10.2,PS,PS - Control 2,PS - ضابط 2,The organization shall implement ps controls to ensure compliance with Cybersecurity Maturity Model Certification requirements.,يجب على المنظمة تطبيق ضوابط PS لضمان الامتثال لمتطلبات شهادة نموذج نضج الأمن السيبراني,preventive,1,critical,True,POLICY|PROCEDURE|STANDARD|CONFIG|TRAINING_RECORD,active
1847,USA,USA-CMMC,2.0,11.2,PE,PE - Control 2,PE - ضابط 2,The organization shall implement pe controls to ensure compliance with Cybersecurity Maturity Model Certification requirements.,يجب على المنظمة تطبيق ضوابط PE لضمان الامتثال لمتطلبات شهادة نموذج نضج الأمن السيبراني,detective,2,high,True,LOG|REPORT|SCAN_REPORT|AUDIT_REPORT|ACCESS_REVIEW,active
1848,USA,USA-CMMC,2.0,12.2,RE,RE - Control 2,RE - ضابط 2,The organization shall implement re controls to ensure compliance with Cybersecurity Maturity Model Certification requirements.,يجب على المنظمة تطبيق ضوابط RE لضمان الامتثال لمتطلبات شهادة نموذج نضج الأمن السيبراني,corrective,3,medium,True,INCIDENT_REPORT|MEETING_MINUTES|ATTESTATION|RISK_ASSESSMENT,active
1849,USA,USA-CMMC,2.0,13.2,RM,RM - Control 2,RM - ضابط 2,The organization shall implement rm controls to ensure compliance with Cybersecurity Maturity Model Certification requirements.,يجب على المنظمة تطبيق ضوابط RM لضمان الامتثال لمتطلبات شهادة نموذج نضج الأمن السيبراني,preventive,4,low,True,POLICY|PROCEDURE|STANDARD|CONFIG|TRAINING_RECORD,active
1850,USA,USA-CMMC,2.0,14.2,SC,SC - Control 2,SC - ضابط 2,The organization shall implement sc controls to ensure compliance with Cybersecurity Maturity Model Certification requirements.,يجب على المنظمة تطبيق ضوابط SC لضمان الامتثال لمتطلبات شهادة نموذج نضج الأمن السيبراني,detective,1,critical,True,LOG|REPORT|SCAN_REPORT|AUDIT_REPORT|ACCESS_REVIEW,active
1851,USA,USA-CMMC,2.0,15.2,SI,SI - Control 2,SI - ضابط 2,The organization shall implement si controls to ensure compliance with Cybersecurity Maturity Model Certification requirements.,يجب على المنظمة تطبيق ضوابط SI لضمان الامتثال لمتطلبات شهادة نموذج نضج الأمن السيبراني,corrective,2,high,True,INCIDENT_REPORT|MEETING_MINUTES|ATTESTATION|RISK_ASSESSMENT,active
1852,USA,USA-CMMC,2.0,1.3,AC,AC - Control 3,AC - ضابط 3,The organization shall implement ac controls to ensure compliance with Cybersecurity Maturity Model Certification requirements.,يجب على المنظمة تطبيق ضوابط AC لضمان الامتثال لمتطلبات شهادة نموذج نضج الأمن السيبراني,preventive,3,medium,True,POLICY|PROCEDURE|STANDARD|CONFIG|TRAINING_RECORD,active
1853,USA,USA-CMMC,2.0,2.3,AM,AM - Control 3,AM - ضابط 3,The organization shall implement am controls to ensure compliance with Cybersecurity Maturity Model Certification requirements.,يجب على المنظمة تطبيق ضوابط AM لضمان الامتثال لمتطلبات شهادة نموذج نضج الأمن السيبراني,detective,4,low,True,LOG|REPORT|SCAN_REPORT|AUDIT_REPORT|ACCESS_REVIEW,active
1854,USA,USA-CMMC,2.0,3.3,AT,AT - Control 3,AT - ضابط 3,The organization shall implement at controls to ensure compliance with Cybersecurity Maturity Model Certification requirements.,يجب على المنظمة تطبيق ضوابط AT لضمان الامتثال لمتطلبات شهادة نموذج نضج الأمن السيبراني,corrective,1,critical,True,INCIDENT_REPORT|MEETING_MINUTES|ATTESTATION|RISK_ASSESSMENT,active
1855,USA,USA-CMMC,2.0,4.3,AU,AU - Control 3,AU - ضابط 3,The organization shall implement au controls to ensure compliance with Cybersecurity Maturity Model Certification requirements.,يجب على المنظمة تطبيق ضوابط AU لضمان الامتثال لمتطلبات شهادة نموذج نضج الأمن السيبراني,preventive,2,high,True,POLICY|PROCEDURE|STANDARD|CONFIG|TRAINING_RECORD,active
1856,USA,USA-CMMC,2.0,5.3,CM,CM - Control 3,CM - ضابط 3,The organization shall implement cm controls to ensure compliance with Cybersecurity Maturity Model Certification requirements.,يجب على المنظمة تطبيق ضوابط CM لضمان الامتثال لمتطلبات شهادة نموذج نضج الأمن السيبراني,detective,3,medium,True,LOG|REPORT|SCAN_REPORT|AUDIT_REPORT|ACCESS_REVIEW,active
1857,USA,USA-CMMC,2.0,6.3,IA,IA - Control 3,IA - ضابط 3,The organization shall implement ia controls to ensure compliance with Cybersecurity Maturity Model Certification requirements.,يجب على المنظمة تطبيق ضوابط IA لضمان الامتثال لمتطلبات شهادة نموذج نضج الأمن السيبراني,corrective,4,low,True,INCIDENT_REPORT|MEETING_MINUTES|ATTESTATION|RISK_ASSESSMENT,active
1858,USA,USA-CMMC,2.0,7.3,IR,IR - Control 3,IR - ضابط 3,The organization shall implement ir controls to ensure compliance with Cybersecurity Maturity Model Certification requirements.,يجب على المنظمة تطبيق ضوابط IR لضمان الامتثال لمتطلبات شهادة نموذج نضج الأمن السيبراني,preventive,1,critical,True,POLICY|PROCEDURE|STANDARD|CONFIG|TRAINING_RECORD,active
1859,USA,USA-CMMC,2.0,8.3,MA,MA - Control 3,MA - ضابط 3,The organization shall implement ma controls to ensure compliance with Cybersecurity Maturity Model Certification requirements.,يجب على المنظمة تطبيق ضوابط MA لضمان الامتثال لمتطلبات شهادة نموذج نضج الأمن السيبراني,detective,2,high,True,LOG|REPORT|SCAN_REPORT|AUDIT_REPORT|ACCESS_REVIEW,active
1860,USA,USA-CMMC,2.0,9.3,MP,MP - Control 3,MP - ضابط 3,The organization shall implement mp controls to ensure compliance with Cybersecurity Maturity Model Certification requirements.,يجب على المنظمة تطبيق ضوابط MP لضمان الامتثال لمتطلبات شهادة نموذج نضج الأمن السيبراني,corrective,3,medium,True,INCIDENT_REPORT|MEETING_MINUTES|ATTESTATION|RISK_ASSESSMENT,active
1861,USA,USA-CMMC,2.0,10.3,PS,PS - Control 3,PS - ضابط 3,The organization shall implement ps controls to ensure compliance with Cybersecurity Maturity Model Certification requirements.,يجب على المنظمة تطبيق ضوابط PS لضمان الامتثال لمتطلبات شهادة نموذج نضج الأمن السيبراني,preventive,4,low,True,POLICY|PROCEDURE|STANDARD|CONFIG|TRAINING_RECORD,active
1862,USA,USA-CMMC,2.0,11.3,PE,PE - Control 3,PE - ضابط 3,The organization shall implement pe controls to ensure compliance with Cybersecurity Maturity Model Certification requirements.,يجب على المنظمة تطبيق ضوابط PE لضمان الامتثال لمتطلبات شهادة نموذج نضج الأمن السيبراني,detective,1,critical,True,LOG|REPORT|SCAN_REPORT|AUDIT_REPORT|ACCESS_REVIEW,active
1863,USA,USA-CMMC,2.0,12.3,RE,RE - Control 3,RE - ضابط 3,The organization shall implement re controls to ensure compliance with Cybersecurity Maturity Model Certification requirements.,يجب على المنظمة تطبيق ضوابط RE لضمان الامتثال لمتطلبات شهادة نموذج نضج الأمن السيبراني,corrective,2,high,True,INCIDENT_REPORT|MEETING_MINUTES|ATTESTATION|RISK_ASSESSMENT,active
1864,USA,USA-CMMC,2.0,13.3,RM,RM - Control 3,RM - ضابط 3,The organization shall implement rm controls to ensure compliance with Cybersecurity Maturity Model Certification requirements.,يجب على المنظمة تطبيق ضوابط RM لضمان الامتثال لمتطلبات شهادة نموذج نضج الأمن السيبراني,preventive,3,medium,True,POLICY|PROCEDURE|STANDARD|CONFIG|TRAINING_RECORD,active
1865,USA,USA-CMMC,2.0,14.3,SC,SC - Control 3,SC - ضابط 3,The organization shall implement sc controls to ensure compliance with Cybersecurity Maturity Model Certification requirements.,يجب على المنظمة تطبيق ضوابط SC لضمان الامتثال لمتطلبات شهادة نموذج نضج الأمن السيبراني,detective,4,low,True,LOG|REPORT|SCAN_REPORT|AUDIT_REPORT|ACCESS_REVIEW,active
1866,USA,USA-CMMC,2.0,15.3,SI,SI - Control 3,SI - ضابط 3,The organization shall implement si controls to ensure compliance with Cybersecurity Maturity Model Certification requirements.,يجب على المنظمة تطبيق ضوابط SI لضمان الامتثال لمتطلبات شهادة نموذج نضج الأمن السيبراني,corrective,1,critical,True,INCIDENT_REPORT|MEETING_MINUTES|ATTESTATION|RISK_ASSESSMENT,active
1867,USA,USA-CMMC,2.0,1.4,AC,AC - Control 4,AC - ضابط 4,The organization shall implement ac controls to ensure compliance with Cybersecurity Maturity Model Certification requirements.,يجب على المنظمة تطبيق ضوابط AC لضمان الامتثال لمتطلبات شهادة نموذج نضج الأمن السيبراني,preventive,2,high,True,POLICY|PROCEDURE|STANDARD|CONFIG|TRAINING_RECORD,active
1868,USA,USA-CMMC,2.0,2.4,AM,AM - Control 4,AM - ضابط 4,The organization shall implement am controls to ensure compliance with Cybersecurity Maturity Model Certification requirements.,يجب على المنظمة تطبيق ضوابط AM لضمان الامتثال لمتطلبات شهادة نموذج نضج الأمن السيبراني,detective,3,medium,True,LOG|REPORT|SCAN_REPORT|AUDIT_REPORT|ACCESS_REVIEW,active
1869,USA,USA-CMMC,2.0,3.4,AT,AT - Control 4,AT - ضابط 4,The organization shall implement at controls to ensure compliance with Cybersecurity Maturity Model Certification requirements.,يجب على المنظمة تطبيق ضوابط AT لضمان الامتثال لمتطلبات شهادة نموذج نضج الأمن السيبراني,corrective,4,low,True,INCIDENT_REPORT|MEETING_MINUTES|ATTESTATION|RISK_ASSESSMENT,active
1870,USA,USA-CMMC,2.0,4.4,AU,AU - Control 4,AU - ضابط 4,The organization shall implement au controls to ensure compliance with Cybersecurity Maturity Model Certification requirements.,يجب على المنظمة تطبيق ضوابط AU لضمان الامتثال لمتطلبات شهادة نموذج نضج الأمن السيبراني,preventive,1,critical,True,POLICY|PROCEDURE|STANDARD|CONFIG|TRAINING_RECORD,active
1871,USA,USA-CMMC,2.0,5.4,CM,CM - Control 4,CM - ضابط 4,The organization shall implement cm controls to ensure compliance with Cybersecurity Maturity Model Certification requirements.,يجب على المنظمة تطبيق ضوابط CM لضمان الامتثال لمتطلبات شهادة نموذج نضج الأمن السيبراني,detective,2,high,True,LOG|REPORT|SCAN_REPORT|AUDIT_REPORT|ACCESS_REVIEW,active
1872,USA,USA-CMMC,2.0,6.4,IA,IA - Control 4,IA - ضابط 4,The organization shall implement ia controls to ensure compliance with Cybersecurity Maturity Model Certification requirements.,يجب على المنظمة تطبيق ضوابط IA لضمان الامتثال لمتطلبات شهادة نموذج نضج الأمن السيبراني,corrective,3,medium,True,INCIDENT_REPORT|MEETING_MINUTES|ATTESTATION|RISK_ASSESSMENT,active
1873,USA,USA-CMMC,2.0,7.4,IR,IR - Control 4,IR - ضابط 4,The organization shall implement ir controls to ensure compliance with Cybersecurity Maturity Model Certification requirements.,يجب على المنظمة تطبيق ضوابط IR لضمان الامتثال لمتطلبات شهادة نموذج نضج الأمن السيبراني,preventive,4,low,True,POLICY|PROCEDURE|STANDARD|CONFIG|TRAINING_RECORD,active
1874,USA,USA-CMMC,2.0,8.4,MA,MA - Control 4,MA - ضابط 4,The organization shall implement ma controls to ensure compliance with Cybersecurity Maturity Model Certification requirements.,يجب على المنظمة تطبيق ضوابط MA لضمان الامتثال لمتطلبات شهادة نموذج نضج الأمن السيبراني,detective,1,critical,True,LOG|REPORT|SCAN_REPORT|AUDIT_REPORT|ACCESS_REVIEW,active
1875,USA,USA-CMMC,2.0,9.4,MP,MP - Control 4,MP - ضابط 4,The organization shall implement mp controls to ensure compliance with Cybersecurity Maturity Model Certification requirements.,يجب على المنظمة تطبيق ضوابط MP لضمان الامتثال لمتطلبات شهادة نموذج نضج الأمن السيبراني,corrective,2,high,True,INCIDENT_REPORT|MEETING_MINUTES|ATTESTATION|RISK_ASSESSMENT,active
1876,USA,USA-CMMC,2.0,10.4,PS,PS - Control 4,PS - ضابط 4,The organization shall implement ps controls to ensure compliance with Cybersecurity Maturity Model Certification requirements.,يجب على المنظمة تطبيق ضوابط PS لضمان الامتثال لمتطلبات شهادة نموذج نضج الأمن السيبراني,preventive,3,medium,True,POLICY|PROCEDURE|STANDARD|CONFIG|TRAINING_RECORD,active
1877,USA,USA-CMMC,2.0,11.4,PE,PE - Control 4,PE - ضابط 4,The organization shall implement pe controls to ensure compliance with Cybersecurity Maturity Model Certification requirements.,يجب على المنظمة تطبيق ضوابط PE لضمان الامتثال لمتطلبات شهادة نموذج نضج الأمن السيبراني,detective,4,low,True,LOG|REPORT|SCAN_REPORT|AUDIT_REPORT|ACCESS_REVIEW,active
1878,USA,USA-CMMC,2.0,12.4,RE,RE - Control 4,RE - ضابط 4,The organization shall implement re controls to ensure compliance with Cybersecurity Maturity Model Certification requirements.,يجب على المنظمة تطبيق ضوابط RE لضمان الامتثال لمتطلبات شهادة نموذج نضج الأمن السيبراني,corrective,1,critical,True,INCIDENT_REPORT|MEETING_MINUTES|ATTESTATION|RISK_ASSESSMENT,active
1879,USA,USA-CMMC,2.0,13.4,RM,RM - Control 4,RM - ضابط 4,The organization shall implement rm controls to ensure compliance with Cybersecurity Maturity Model Certification requirements.,يجب على المنظمة تطبيق ضوابط RM لضمان الامتثال لمتطلبات شهادة نموذج نضج الأمن السيبراني,preventive,2,high,True,POLICY|PROCEDURE|STANDARD|CONFIG|TRAINING_RECORD,active
1880,USA,USA-CMMC,2.0,14.4,SC,SC - Control 4,SC - ضابط 4,The organization shall implement sc controls to ensure compliance with Cybersecurity Maturity Model Certification requirements.,يجب على المنظمة تطبيق ضوابط SC لضمان الامتثال لمتطلبات شهادة نموذج نضج الأمن السيبراني,detective,3,medium,True,LOG|REPORT|SCAN_REPORT|AUDIT_REPORT|ACCESS_REVIEW,active
1881,USA,USA-CMMC,2.0,15.4,SI,SI - Control 4,SI - ضابط 4,The organization shall implement si controls to ensure compliance with Cybersecurity Maturity Model Certification requirements.,يجب على المنظمة تطبيق ضوابط SI لضمان الامتثال لمتطلبات شهادة نموذج نضج الأمن السيبراني,corrective,4,low,True,INCIDENT_REPORT|MEETING_MINUTES|ATTESTATION|RISK_ASSESSMENT,active
1882,USA,USA-CMMC,2.0,1.5,AC,AC - Control 5,AC - ضابط 5,The organization shall implement ac controls to ensure compliance with Cybersecurity Maturity Model Certification requirements.,يجب على المنظمة تطبيق ضوابط AC لضمان الامتثال لمتطلبات شهادة نموذج نضج الأمن السيبراني,preventive,1,critical,True,POLICY|PROCEDURE|STANDARD|CONFIG|TRAINING_RECORD,active
1883,USA,USA-CMMC,2.0,2.5,AM,AM - Control 5,AM - ضابط 5,The organization shall implement am controls to ensure compliance with Cybersecurity Maturity Model Certification requirements.,يجب على المنظمة تطبيق ضوابط AM لضمان الامتثال لمتطلبات شهادة نموذج نضج الأمن السيبراني,detective,2,high,True,LOG|REPORT|SCAN_REPORT|AUDIT_REPORT|ACCESS_REVIEW,active
1884,USA,USA-CMMC,2.0,3.5,AT,AT - Control 5,AT - ضابط 5,The organization shall implement at controls to ensure compliance with Cybersecurity Maturity Model Certification requirements.,يجب على المنظمة تطبيق ضوابط AT لضمان الامتثال لمتطلبات شهادة نموذج نضج الأمن السيبراني,corrective,3,medium,True,INCIDENT_REPORT|MEETING_MINUTES|ATTESTATION|RISK_ASSESSMENT,active
1885,USA,USA-CMMC,2.0,4.5,AU,AU - Control 5,AU - ضابط 5,The organization shall implement au controls to ensure compliance with Cybersecurity Maturity Model Certification requirements.,يجب على المنظمة تطبيق ضوابط AU لضمان الامتثال لمتطلبات شهادة نموذج نضج الأمن السيبراني,preventive,4,low,True,POLICY|PROCEDURE|STANDARD|CONFIG|TRAINING_RECORD,active
1886,USA,USA-CMMC,2.0,5.5,CM,CM - Control 5,CM - ضابط 5,The organization shall implement cm controls to ensure compliance with Cybersecurity Maturity Model Certification requirements.,يجب على المنظمة تطبيق ضوابط CM لضمان الامتثال لمتطلبات شهادة نموذج نضج الأمن السيبراني,detective,1,critical,True,LOG|REPORT|SCAN_REPORT|AUDIT_REPORT|ACCESS_REVIEW,active
1887,USA,USA-CMMC,2.0,6.5,IA,IA - Control 5,IA - ضابط 5,The organization shall implement ia controls to ensure compliance with Cybersecurity Maturity Model Certification requirements.,يجب على المنظمة تطبيق ضوابط IA لضمان الامتثال لمتطلبات شهادة نموذج نضج الأمن السيبراني,corrective,2,high,True,INCIDENT_REPORT|MEETING_MINUTES|ATTESTATION|RISK_ASSESSMENT,active
1888,USA,USA-CMMC,2.0,7.5,IR,IR - Control 5,IR - ضابط 5,The organization shall implement ir controls to ensure compliance with Cybersecurity Maturity Model Certification requirements.,يجب على المنظمة تطبيق ضوابط IR لضمان الامتثال لمتطلبات شهادة نموذج نضج الأمن السيبراني,preventive,3,medium,True,POLICY|PROCEDURE|STANDARD|CONFIG|TRAINING_RECORD,active
1889,USA,USA-CMMC,2.0,8.5,MA,MA - Control 5,MA - ضابط 5,The organization shall implement ma controls to ensure compliance with Cybersecurity Maturity Model Certification requirements.,يجب على المنظمة تطبيق ضوابط MA لضمان الامتثال لمتطلبات شهادة نموذج نضج الأمن السيبراني,detective,4,low,True,LOG|REPORT|SCAN_REPORT|AUDIT_REPORT|ACCESS_REVIEW,active
1890,USA,USA-CMMC,2.0,9.5,MP,MP - Control 5,MP - ضابط 5,The organization shall implement mp controls to ensure compliance with Cybersecurity Maturity Model Certification requirements.,يجب على المنظمة تطبيق ضوابط MP لضمان الامتثال لمتطلبات شهادة نموذج نضج الأمن السيبراني,corrective,1,critical,True,INCIDENT_REPORT|MEETING_MINUTES|ATTESTATION|RISK_ASSESSMENT,active
1891,USA,USA-CMMC,2.0,10.5,PS,PS - Control 5,PS - ضابط 5,The organization shall implement ps controls to ensure compliance with Cybersecurity Maturity Model Certification requirements.,يجب على المنظمة تطبيق ضوابط PS لضمان الامتثال لمتطلبات شهادة نموذج نضج الأمن السيبراني,preventive,2,high,True,POLICY|PROCEDURE|STANDARD|CONFIG|TRAINING_RECORD,active
1892,USA,USA-CMMC,2.0,11.5,PE,PE - Control 5,PE - ضابط 5,The organization shall implement pe controls to ensure compliance with Cybersecurity Maturity Model Certification requirements.,يجب على المنظمة تطبيق ضوابط PE لضمان الامتثال لمتطلبات شهادة نموذج نضج الأمن السيبراني,detective,3,medium,True,LOG|REPORT|SCAN_REPORT|AUDIT_REPORT|ACCESS_REVIEW,active
1893,USA,USA-CMMC,2.0,12.5,RE,RE - Control 5,RE - ضابط 5,The organization shall implement re controls to ensure compliance with Cybersecurity Maturity Model Certification requirements.,يجب على المنظمة تطبيق ضوابط RE لضمان الامتثال لمتطلبات شهادة نموذج نضج الأمن السيبراني,corrective,4,low,True,INCIDENT_REPORT|MEETING_MINUTES|ATTESTATION|RISK_ASSESSMENT,active
1894,USA,USA-CMMC,2.0,13.5,RM,RM - Control 5,RM - ضابط 5,The organization shall implement rm controls to ensure compliance with Cybersecurity Maturity Model Certification requirements.,يجب على المنظمة تطبيق ضوابط RM لضمان الامتثال لمتطلبات شهادة نموذج نضج الأمن السيبراني,preventive,1,critical,True,POLICY|PROCEDURE|STANDARD|CONFIG|TRAINING_RECORD,active
1895,USA,USA-CMMC,2.0,14.5,SC,SC - Control 5,SC - ضابط 5,The organization shall implement sc controls to ensure compliance with Cybersecurity Maturity Model Certification requirements.,يجب على المنظمة تطبيق ضوابط SC لضمان الامتثال لمتطلبات شهادة نموذج نضج الأمن السيبراني,detective,2,high,True,LOG|REPORT|SCAN_REPORT|AUDIT_REPORT|ACCESS_REVIEW,active
1896,USA,USA-CMMC,2.0,15.5,SI,SI - Control 5,SI - ضابط 5,The organization shall implement si controls to ensure compliance with Cybersecurity Maturity Model Certification requirements.,يجب على المنظمة تطبيق ضوابط SI لضمان الامتثال لمتطلبات شهادة نموذج نضج الأمن السيبراني,corrective,3,medium,True,INCIDENT_REPORT|MEETING_MINUTES|ATTESTATION|RISK_ASSESSMENT,active
1897,USA,USA-CMMC,2.0,1.6,AC,AC - Control 6,AC - ضابط 6,The organization shall implement ac controls to ensure compliance with Cybersecurity Maturity Model Certification requirements.,يجب على المنظمة تطبيق ضوابط AC لضمان الامتثال لمتطلبات شهادة نموذج نضج الأمن السيبراني,preventive,4,low,True,POLICY|PROCEDURE|STANDARD|CONFIG|TRAINING_RECORD,active
1898,USA,USA-CMMC,2.0,2.6,AM,AM - Control 6,AM - ضابط 6,The organization shall implement am controls to ensure compliance with Cybersecurity Maturity Model Certification requirements.,يجب على المنظمة تطبيق ضوابط AM لضمان الامتثال لمتطلبات شهادة نموذج نضج الأمن السيبراني,detective,1,critical,True,LOG|REPORT|SCAN_REPORT|AUDIT_REPORT|ACCESS_REVIEW,active
1899,USA,USA-CMMC,2.0,3.6,AT,AT - Control 6,AT - ضابط 6,The organization shall implement at controls to ensure compliance with Cybersecurity Maturity Model Certification requirements.,يجب على المنظمة تطبيق ضوابط AT لضمان الامتثال لمتطلبات شهادة نموذج نضج الأمن السيبراني,corrective,2,high,True,INCIDENT_REPORT|MEETING_MINUTES|ATTESTATION|RISK_ASSESSMENT,active
1900,USA,USA-CMMC,2.0,4.6,AU,AU - Control 6,AU - ضابط 6,The organization shall implement au controls to ensure compliance with Cybersecurity Maturity Model Certification requirements.,يجب على المنظمة تطبيق ضوابط AU لضمان الامتثال لمتطلبات شهادة نموذج نضج الأمن السيبراني,preventive,3,medium,True,POLICY|PROCEDURE|STANDARD|CONFIG|TRAINING_RECORD,active
1901,USA,USA-CMMC,2.0,5.6,CM,CM - Control 6,CM - ضابط 6,The organization shall implement cm controls to ensure compliance with Cybersecurity Maturity Model Certification requirements.,يجب على المنظمة تطبيق ضوابط CM لضمان الامتثال لمتطلبات شهادة نموذج نضج الأمن السيبراني,detective,4,low,True,LOG|REPORT|SCAN_REPORT|AUDIT_REPORT|ACCESS_REVIEW,active
1902,USA,USA-CMMC,2.0,6.6,IA,IA - Control 6,IA - ضابط 6,The organization shall implement ia controls to ensure compliance with Cybersecurity Maturity Model Certification requirements.,يجب على المنظمة تطبيق ضوابط IA لضمان الامتثال لمتطلبات شهادة نموذج نضج الأمن السيبراني,corrective,1,critical,True,INCIDENT_REPORT|MEETING_MINUTES|ATTESTATION|RISK_ASSESSMENT,active
1903,USA,USA-CMMC,2.0,7.6,IR,IR - Control 6,IR - ضابط 6,The organization shall implement ir controls to ensure compliance with Cybersecurity Maturity Model Certification requirements.,يجب على المنظمة تطبيق ضوابط IR لضمان الامتثال لمتطلبات شهادة نموذج نضج الأمن السيبراني,preventive,2,high,True,POLICY|PROCEDURE|STANDARD|CONFIG|TRAINING_RECORD,active
1904,USA,USA-CMMC,2.0,8.6,MA,MA - Control 6,MA - ضابط 6,The organization shall implement ma controls to ensure compliance with Cybersecurity Maturity Model Certification requirements.,يجب على المنظمة تطبيق ضوابط MA لضمان الامتثال لمتطلبات شهادة نموذج نضج الأمن السيبراني,detective,3,medium,True,LOG|REPORT|SCAN_REPORT|AUDIT_REPORT|ACCESS_REVIEW,active
1905,USA,USA-CMMC,2.0,9.6,MP,MP - Control 6,MP - ضابط 6,The organization shall implement mp controls to ensure compliance with Cybersecurity Maturity Model Certification requirements.,يجب على المنظمة تطبيق ضوابط MP لضمان الامتثال لمتطلبات شهادة نموذج نضج الأمن السيبراني,corrective,4,low,True,INCIDENT_REPORT|MEETING_MINUTES|ATTESTATION|RISK_ASSESSMENT,active
1906,USA,USA-CMMC,2.0,10.6,PS,PS - Control 6,PS - ضابط 6,The organization shall implement ps controls to ensure compliance with Cybersecurity Maturity Model Certification requirements.,يجب على المنظمة تطبيق ضوابط PS لضمان الامتثال لمتطلبات شهادة نموذج نضج الأمن السيبراني,preventive,1,critical,True,POLICY|PROCEDURE|STANDARD|CONFIG|TRAINING_RECORD,active
1907,USA,USA-CMMC,2.0,11.6,PE,PE - Control 6,PE - ضابط 6,The organization shall implement pe controls to ensure compliance with Cybersecurity Maturity Model Certification requirements.,يجب على المنظمة تطبيق ضوابط PE لضمان الامتثال لمتطلبات شهادة نموذج نضج الأمن السيبراني,detective,2,high,True,LOG|REPORT|SCAN_REPORT|AUDIT_REPORT|ACCESS_REVIEW,active
1908,USA,USA-CMMC,2.0,12.6,RE,RE - Control 6,RE - ضابط 6,The organization shall implement re controls to ensure compliance with Cybersecurity Maturity Model Certification requirements.,يجب على المنظمة تطبيق ضوابط RE لضمان الامتثال لمتطلبات شهادة نموذج نضج الأمن السيبراني,corrective,3,medium,True,INCIDENT_REPORT|MEETING_MINUTES|ATTESTATION|RISK_ASSESSMENT,active
1909,USA,USA-CMMC,2.0,13.6,RM,RM - Control 6,RM - ضابط 6,The organization shall implement rm controls to ensure compliance with Cybersecurity Maturity Model Certification requirements.,يجب على المنظمة تطبيق ضوابط RM لضمان الامتثال لمتطلبات شهادة نموذج نضج الأمن السيبراني,preventive,4,low,True,POLICY|PROCEDURE|STANDARD|CONFIG|TRAINING_RECORD,active
1910,USA,USA-CMMC,2.0,14.6,SC,SC - Control 6,SC - ضابط 6,The organization shall implement sc controls to ensure compliance with Cybersecurity Maturity Model Certification requirements.,يجب على المنظمة تطبيق ضوابط SC لضمان الامتثال لمتطلبات شهادة نموذج نضج الأمن السيبراني,detective,1,critical,True,LOG|REPORT|SCAN_REPORT|AUDIT_REPORT|ACCESS_REVIEW,active
1911,USA,USA-CMMC,2.0,15.6,SI,SI - Control 6,SI - ضابط 6,The organization shall implement si controls to ensure compliance with Cybersecurity Maturity Model Certification requirements.,يجب على المنظمة تطبيق ضوابط SI لضمان الامتثال لمتطلبات شهادة نموذج نضج الأمن السيبراني,corrective,2,high,True,INCIDENT_REPORT|MEETING_MINUTES|ATTESTATION|RISK_ASSESSMENT,active
1912,USA,USA-CMMC,2.0,1.7,AC,AC - Control 7,AC - ضابط 7,The organization shall implement ac controls to ensure compliance with Cybersecurity Maturity Model Certification requirements.,يجب على المنظمة تطبيق ضوابط AC لضمان الامتثال لمتطلبات شهادة نموذج نضج الأمن السيبراني,preventive,3,medium,True,POLICY|PROCEDURE|STANDARD|CONFIG|TRAINING_RECORD,active
1913,USA,USA-CMMC,2.0,2.7,AM,AM - Control 7,AM - ضابط 7,The organization shall implement am controls to ensure compliance with Cybersecurity Maturity Model Certification requirements.,يجب على المنظمة تطبيق ضوابط AM لضمان الامتثال لمتطلبات شهادة نموذج نضج الأمن السيبراني,detective,4,low,True,LOG|REPORT|SCAN_REPORT|AUDIT_REPORT|ACCESS_REVIEW,active
1914,USA,USA-CMMC,2.0,3.7,AT,AT - Control 7,AT - ضابط 7,The organization shall implement at controls to ensure compliance with Cybersecurity Maturity Model Certification requirements.,يجب على المنظمة تطبيق ضوابط AT لضمان الامتثال لمتطلبات شهادة نموذج نضج الأمن السيبراني,corrective,1,critical,True,INCIDENT_REPORT|MEETING_MINUTES|ATTESTATION|RISK_ASSESSMENT,active
1915,USA,USA-CMMC,2.0,4.7,AU,AU - Control 7,AU - ضابط 7,The organization shall implement au controls to ensure compliance with Cybersecurity Maturity Model Certification requirements.,يجب على المنظمة تطبيق ضوابط AU لضمان الامتثال لمتطلبات شهادة نموذج نضج الأمن السيبراني,preventive,2,high,True,POLICY|PROCEDURE|STANDARD|CONFIG|TRAINING_RECORD,active
1916,USA,USA-CMMC,2.0,5.7,CM,CM - Control 7,CM - ضابط 7,The organization shall implement cm controls to ensure compliance with Cybersecurity Maturity Model Certification requirements.,يجب على المنظمة تطبيق ضوابط CM لضمان الامتثال لمتطلبات شهادة نموذج نضج الأمن السيبراني,detective,3,medium,True,LOG|REPORT|SCAN_REPORT|AUDIT_REPORT|ACCESS_REVIEW,active
1917,USA,USA-CMMC,2.0,6.7,IA,IA - Control 7,IA - ضابط 7,The organization shall implement ia controls to ensure compliance with Cybersecurity Maturity Model Certification requirements.,يجب على المنظمة تطبيق ضوابط IA لضمان الامتثال لمتطلبات شهادة نموذج نضج الأمن السيبراني,corrective,4,low,True,INCIDENT_REPORT|MEETING_MINUTES|ATTESTATION|RISK_ASSESSMENT,active
1918,USA,USA-CMMC,2.0,7.7,IR,IR - Control 7,IR - ضابط 7,The organization shall implement ir controls to ensure compliance with Cybersecurity Maturity Model Certification requirements.,يجب على المنظمة تطبيق ضوابط IR لضمان الامتثال لمتطلبات شهادة نموذج نضج الأمن السيبراني,preventive,1,critical,True,POLICY|PROCEDURE|STANDARD|CONFIG|TRAINING_RECORD,active
1919,USA,USA-CMMC,2.0,8.7,MA,MA - Control 7,MA - ضابط 7,The organization shall implement ma controls to ensure compliance with Cybersecurity Maturity Model Certification requirements.,يجب على المنظمة تطبيق ضوابط MA لضمان الامتثال لمتطلبات شهادة نموذج نضج الأمن السيبراني,detective,2,high,True,LOG|REPORT|SCAN_REPORT|AUDIT_REPORT|ACCESS_REVIEW,active
1920,USA,USA-CMMC,2.0,9.7,MP,MP - Control 7,MP - ضابط 7,The organization shall implement mp controls to ensure compliance with Cybersecurity Maturity Model Certification requirements.,يجب على المنظمة تطبيق ضوابط MP لضمان الامتثال لمتطلبات شهادة نموذج نضج الأمن السيبراني,corrective,3,medium,True,INCIDENT_REPORT|MEETING_MINUTES|ATTESTATION|RISK_ASSESSMENT,active
1921,USA,USA-CMMC,2.0,10.7,PS,PS - Control 7,PS - ضابط 7,The organization shall implement ps controls to ensure compliance with Cybersecurity Maturity Model Certification requirements.,يجب على المنظمة تطبيق ضوابط PS لضمان الامتثال لمتطلبات شهادة نموذج نضج الأمن السيبراني,preventive,4,low,True,POLICY|PROCEDURE|STANDARD|CONFIG|TRAINING_RECORD,active
1922,USA,USA-CMMC,2.0,11.7,PE,PE - Control 7,PE - ضابط 7,The organization shall implement pe controls to ensure compliance with Cybersecurity Maturity Model Certification requirements.,يجب على المنظمة تطبيق ضوابط PE لضمان الامتثال لمتطلبات شهادة نموذج نضج الأمن السيبراني,detective,1,critical,True,LOG|REPORT|SCAN_REPORT|AUDIT_REPORT|ACCESS_REVIEW,active
1923,USA,USA-CMMC,2.0,12.7,RE,RE - Control 7,RE - ضابط 7,The organization shall implement re controls to ensure compliance with Cybersecurity Maturity Model Certification requirements.,يجب على المنظمة تطبيق ضوابط RE لضمان الامتثال لمتطلبات شهادة نموذج نضج الأمن السيبراني,corrective,2,high,True,INCIDENT_REPORT|MEETING_MINUTES|ATTESTATION|RISK_ASSESSMENT,active
1924,USA,USA-CMMC,2.0,13.7,RM,RM - Control 7,RM - ضابط 7,The organization shall implement rm controls to ensure compliance with Cybersecurity Maturity Model Certification requirements.,يجب على المنظمة تطبيق ضوابط RM لضمان الامتثال لمتطلبات شهادة نموذج نضج الأمن السيبراني,preventive,3,medium,True,POLICY|PROCEDURE|STANDARD|CONFIG|TRAINING_RECORD,active
1925,USA,USA-CMMC,2.0,14.7,SC,SC - Control 7,SC - ضابط 7,The organization shall implement sc controls to ensure compliance with Cybersecurity Maturity Model Certification requirements.,يجب على المنظمة تطبيق ضوابط SC لضمان الامتثال لمتطلبات شهادة نموذج نضج الأمن السيبراني,detective,4,low,True,LOG|REPORT|SCAN_REPORT|AUDIT_REPORT|ACCESS_REVIEW,active
1926,USA,USA-CMMC,2.0,15.7,SI,SI - Control 7,SI - ضابط 7,The organization shall implement si controls to ensure compliance with Cybersecurity Maturity Model Certification requirements.,يجب على المنظمة تطبيق ضوابط SI لضمان الامتثال لمتطلبات شهادة نموذج نضج الأمن السيبراني,corrective,1,critical,True,INCIDENT_REPORT|MEETING_MINUTES|ATTESTATION|RISK_ASSESSMENT,active
1927,USA,USA-CMMC,2.0,1.8,AC,AC - Control 8,AC - ضابط 8,The organization shall implement ac controls to ensure compliance with Cybersecurity Maturity Model Certification requirements.,يجب على المنظمة تطبيق ضوابط AC لضمان الامتثال لمتطلبات شهادة نموذج نضج الأمن السيبراني,preventive,2,high,True,POLICY|PROCEDURE|STANDARD|CONFIG|TRAINING_RECORD,active
1928,USA,USA-CMMC,2.0,2.8,AM,AM - Control 8,AM - ضابط 8,The organization shall implement am controls to ensure compliance with Cybersecurity Maturity Model Certification requirements.,يجب على المنظمة تطبيق ضوابط AM لضمان الامتثال لمتطلبات شهادة نموذج نضج الأمن السيبراني,detective,3,medium,True,LOG|REPORT|SCAN_REPORT|AUDIT_REPORT|ACCESS_REVIEW,active
1929,USA,USA-CMMC,2.0,3.8,AT,AT - Control 8,AT - ضابط 8,The organization shall implement at controls to ensure compliance with Cybersecurity Maturity Model Certification requirements.,يجب على المنظمة تطبيق ضوابط AT لضمان الامتثال لمتطلبات شهادة نموذج نضج الأمن السيبراني,corrective,4,low,True,INCIDENT_REPORT|MEETING_MINUTES|ATTESTATION|RISK_ASSESSMENT,active
1930,USA,USA-CMMC,2.0,4.8,AU,AU - Control 8,AU - ضابط 8,The organization shall implement au controls to ensure compliance with Cybersecurity Maturity Model Certification requirements.,يجب على المنظمة تطبيق ضوابط AU لضمان الامتثال لمتطلبات شهادة نموذج نضج الأمن السيبراني,preventive,1,critical,True,POLICY|PROCEDURE|STANDARD|CONFIG|TRAINING_RECORD,active
1931,USA,USA-CMMC,2.0,5.8,CM,CM - Control 8,CM - ضابط 8,The organization shall implement cm controls to ensure compliance with Cybersecurity Maturity Model Certification requirements.,يجب على المنظمة تطبيق ضوابط CM لضمان الامتثال لمتطلبات شهادة نموذج نضج الأمن السيبراني,detective,2,high,True,LOG|REPORT|SCAN_REPORT|AUDIT_REPORT|ACCESS_REVIEW,active
