persona_id,sector,size,org_type,framework,key_evidence
1,BANKING,ENTERPRISE,JSC_LISTED,CMA-CG,Board Composition
1,BANKING,ENTERPRISE,JSC_LISTED,CMA-CG,Board Charter
1,BANKING,ENTERPRISE,JSC_LISTED,CMA-CG,Audit Committee Charter
1,BANKING,ENTERPRISE,JSC_LISTED,CMA-CG,Related Party Transactions Log
1,BANKING,ENTERPRISE,JSC_LISTED,CMA-DISCLOSURE,Annual Report
1,BANKING,ENTERPRISE,JSC_LISTED,CMA-DISCLOSURE,Material Event Disclosures
1,BANKING,ENTERPRISE,JSC_LISTED,CMA-DISCLOSURE,Insider Trading Logs
1,BANKING,ENTERPRISE,JSC_LISTED,CMA-IC,Internal Controls Assessment
1,BANKING,ENTERPRISE,JSC_LISTED,CMA-IC,External Audit Report
1,BANKING,ENTERPRISE,JSC_LISTED,CMA-IC,Internal Audit Plan
1,BANKING,ENTERPRISE,JSC_LISTED,MHRSD-LABOR,Employment Contracts
1,BANKING,ENTERPRISE,JSC_LISTED,MHRSD-LABOR,Wage Protection System
1,BANKING,ENTERPRISE,JSC_LISTED,MHRSD-LABOR,GOSI Registration
1,BANKING,ENTERPRISE,JSC_LISTED,MHRSD-SAUDIZATION,Nitaqat Tier Certificate
1,BANKING,ENTERPRISE,JSC_LISTED,MHRSD-SAUDIZATION,Saudi Employee Quota Compliance
1,BANKING,ENTERPRISE,JSC_LISTED,MHRSD-SAUDIZATION,Mowamh Reports
1,BANKING,ENTERPRISE,JSC_LISTED,MOCI-COMPANIES,Commercial Registration
1,BANKING,ENTERPRISE,JSC_LISTED,MOCI-COMPANIES,Articles of Association
1,BANKING,ENTERPRISE,JSC_LISTED,MOCI-COMPANIES,Annual Filing
1,BANKING,ENTERPRISE,JSC_LISTED,MOCI-CONSUMER,Refund/Return Policy
1,BANKING,ENTERPRISE,JSC_LISTED,MOCI-CONSUMER,Pricing Display
1,BANKING,ENTERPRISE,JSC_LISTED,MOCI-CONSUMER,Complaint Handling Log
1,BANKING,ENTERPRISE,JSC_LISTED,NCA-ECC,Cybersecurity Strategy
1,BANKING,ENTERPRISE,JSC_LISTED,NCA-ECC,Risk Register
1,BANKING,ENTERPRISE,JSC_LISTED,NCA-ECC,MFA Configuration
1,BANKING,ENTERPRISE,JSC_LISTED,NCA-ECC,SIEM Logs
1,BANKING,ENTERPRISE,JSC_LISTED,NCA-ECC,Pen Test Report
1,BANKING,ENTERPRISE,JSC_LISTED,NCA-ECC,Incident Response Plan
1,BANKING,ENTERPRISE,JSC_LISTED,NCNICC,Cybersecurity Self-Assessment
1,BANKING,ENTERPRISE,JSC_LISTED,NCNICC,Risk Register
1,BANKING,ENTERPRISE,JSC_LISTED,NCNICC,Annual NCA Filing
1,BANKING,ENTERPRISE,JSC_LISTED,PCI-DSS,AOC
1,BANKING,ENTERPRISE,JSC_LISTED,PCI-DSS,ROC (Level 1)
1,BANKING,ENTERPRISE,JSC_LISTED,PCI-DSS,ASV Scan Reports
1,BANKING,ENTERPRISE,JSC_LISTED,PCI-DSS,Network Segmentation Diagram
1,BANKING,ENTERPRISE,JSC_LISTED,PDPL,Privacy Notice
1,BANKING,ENTERPRISE,JSC_LISTED,PDPL,ROPA
1,BANKING,ENTERPRISE,JSC_LISTED,PDPL,DPIA
1,BANKING,ENTERPRISE,JSC_LISTED,PDPL,Consent Records
1,BANKING,ENTERPRISE,JSC_LISTED,PDPL,DSR Log
1,BANKING,ENTERPRISE,JSC_LISTED,PDPL,Breach Notification (72h SDAIA)
1,BANKING,ENTERPRISE,JSC_LISTED,SAMA-AML,KYC Records
1,BANKING,ENTERPRISE,JSC_LISTED,SAMA-AML,Suspicious Transaction Reports
1,BANKING,ENTERPRISE,JSC_LISTED,SAMA-AML,Sanctions Screening Logs
1,BANKING,ENTERPRISE,JSC_LISTED,SAMA-AML,Annual AML Report
1,BANKING,ENTERPRISE,JSC_LISTED,SAMA-BCM,BCM Plan
1,BANKING,ENTERPRISE,JSC_LISTED,SAMA-BCM,BIA
1,BANKING,ENTERPRISE,JSC_LISTED,SAMA-BCM,BCP Test Results
1,BANKING,ENTERPRISE,JSC_LISTED,SAMA-BCM,Recovery Time Objectives
1,BANKING,ENTERPRISE,JSC_LISTED,SAMA-CSF,Board CISO Charter
1,BANKING,ENTERPRISE,JSC_LISTED,SAMA-CSF,Risk Methodology
1,BANKING,ENTERPRISE,JSC_LISTED,SAMA-CSF,PAM Logs
1,BANKING,ENTERPRISE,JSC_LISTED,SAMA-CSF,4-Hour SAMA Notification
1,BANKING,ENTERPRISE,JSC_LISTED,SAMA-ITGF,IT Governance Charter
1,BANKING,ENTERPRISE,JSC_LISTED,SAMA-ITGF,Change Management Records
1,BANKING,ENTERPRISE,JSC_LISTED,SAMA-ITGF,DR Test Results
1,BANKING,ENTERPRISE,JSC_LISTED,ZATCA-EINV,E-Invoice XML/UBL Files
1,BANKING,ENTERPRISE,JSC_LISTED,ZATCA-EINV,QR Code Compliance
1,BANKING,ENTERPRISE,JSC_LISTED,ZATCA-EINV,Phase-2 Integration Cert
1,BANKING,ENTERPRISE,JSC_LISTED,ZATCA-VAT,VAT Returns
1,BANKING,ENTERPRISE,JSC_LISTED,ZATCA-VAT,Tax Invoices
1,BANKING,ENTERPRISE,JSC_LISTED,ZATCA-VAT,Input/Output VAT Reconciliation
1,BANKING,ENTERPRISE,JSC_LISTED,CMA-CG,Board Composition
1,BANKING,ENTERPRISE,JSC_LISTED,CMA-CG,Board Charter
1,BANKING,ENTERPRISE,JSC_LISTED,CMA-CG,Audit Committee Charter
1,BANKING,ENTERPRISE,JSC_LISTED,CMA-CG,Related Party Transactions Log
1,BANKING,ENTERPRISE,JSC_LISTED,PCI-DSS,AOC
1,BANKING,ENTERPRISE,JSC_LISTED,PCI-DSS,ROC (Level 1)
1,BANKING,ENTERPRISE,JSC_LISTED,PCI-DSS,ASV Scan Reports
1,BANKING,ENTERPRISE,JSC_LISTED,PCI-DSS,Network Segmentation Diagram
1,BANKING,ENTERPRISE,JSC_LISTED,SAMA-PSR,Payment Service License
1,BANKING,ENTERPRISE,JSC_LISTED,SAMA-PSR,Settlement Records
1,BANKING,ENTERPRISE,JSC_LISTED,SAMA-PSR,Customer Complaint Log
1,BANKING,ENTERPRISE,JSC_LISTED,SWIFT-CSP,SWIFT CSP Self-Attestation
1,BANKING,ENTERPRISE,JSC_LISTED,SWIFT-CSP,Local Authority Assessment
2,BANKING,ENTERPRISE,JSC_LISTED,CMA-CG,Board Composition
2,BANKING,ENTERPRISE,JSC_LISTED,CMA-CG,Board Charter
2,BANKING,ENTERPRISE,JSC_LISTED,CMA-CG,Audit Committee Charter
2,BANKING,ENTERPRISE,JSC_LISTED,CMA-CG,Related Party Transactions Log
2,BANKING,ENTERPRISE,JSC_LISTED,CMA-DISCLOSURE,Annual Report
2,BANKING,ENTERPRISE,JSC_LISTED,CMA-DISCLOSURE,Material Event Disclosures
2,BANKING,ENTERPRISE,JSC_LISTED,CMA-DISCLOSURE,Insider Trading Logs
2,BANKING,ENTERPRISE,JSC_LISTED,CMA-IC,Internal Controls Assessment
2,BANKING,ENTERPRISE,JSC_LISTED,CMA-IC,External Audit Report
2,BANKING,ENTERPRISE,JSC_LISTED,CMA-IC,Internal Audit Plan
2,BANKING,ENTERPRISE,JSC_LISTED,MHRSD-LABOR,Employment Contracts
2,BANKING,ENTERPRISE,JSC_LISTED,MHRSD-LABOR,Wage Protection System
2,BANKING,ENTERPRISE,JSC_LISTED,MHRSD-LABOR,GOSI Registration
2,BANKING,ENTERPRISE,JSC_LISTED,MHRSD-SAUDIZATION,Nitaqat Tier Certificate
2,BANKING,ENTERPRISE,JSC_LISTED,MHRSD-SAUDIZATION,Saudi Employee Quota Compliance
2,BANKING,ENTERPRISE,JSC_LISTED,MHRSD-SAUDIZATION,Mowamh Reports
2,BANKING,ENTERPRISE,JSC_LISTED,MOCI-COMPANIES,Commercial Registration
2,BANKING,ENTERPRISE,JSC_LISTED,MOCI-COMPANIES,Articles of Association
2,BANKING,ENTERPRISE,JSC_LISTED,MOCI-COMPANIES,Annual Filing
2,BANKING,ENTERPRISE,JSC_LISTED,NCA-ECC,Cybersecurity Strategy
2,BANKING,ENTERPRISE,JSC_LISTED,NCA-ECC,Risk Register
2,BANKING,ENTERPRISE,JSC_LISTED,NCA-ECC,MFA Configuration
2,BANKING,ENTERPRISE,JSC_LISTED,NCA-ECC,SIEM Logs
2,BANKING,ENTERPRISE,JSC_LISTED,NCA-ECC,Pen Test Report
2,BANKING,ENTERPRISE,JSC_LISTED,NCA-ECC,Incident Response Plan
2,BANKING,ENTERPRISE,JSC_LISTED,NCNICC,Cybersecurity Self-Assessment
2,BANKING,ENTERPRISE,JSC_LISTED,NCNICC,Risk Register
2,BANKING,ENTERPRISE,JSC_LISTED,NCNICC,Annual NCA Filing
2,BANKING,ENTERPRISE,JSC_LISTED,PDPL,Privacy Notice
2,BANKING,ENTERPRISE,JSC_LISTED,PDPL,ROPA
2,BANKING,ENTERPRISE,JSC_LISTED,PDPL,DPIA
2,BANKING,ENTERPRISE,JSC_LISTED,PDPL,Consent Records
2,BANKING,ENTERPRISE,JSC_LISTED,PDPL,DSR Log
2,BANKING,ENTERPRISE,JSC_LISTED,PDPL,Breach Notification (72h SDAIA)
2,BANKING,ENTERPRISE,JSC_LISTED,SAMA-AML,KYC Records
2,BANKING,ENTERPRISE,JSC_LISTED,SAMA-AML,Suspicious Transaction Reports
2,BANKING,ENTERPRISE,JSC_LISTED,SAMA-AML,Sanctions Screening Logs
2,BANKING,ENTERPRISE,JSC_LISTED,SAMA-AML,Annual AML Report
2,BANKING,ENTERPRISE,JSC_LISTED,SAMA-BCM,BCM Plan
2,BANKING,ENTERPRISE,JSC_LISTED,SAMA-BCM,BIA
2,BANKING,ENTERPRISE,JSC_LISTED,SAMA-BCM,BCP Test Results
2,BANKING,ENTERPRISE,JSC_LISTED,SAMA-BCM,Recovery Time Objectives
2,BANKING,ENTERPRISE,JSC_LISTED,SAMA-CSF,Board CISO Charter
2,BANKING,ENTERPRISE,JSC_LISTED,SAMA-CSF,Risk Methodology
2,BANKING,ENTERPRISE,JSC_LISTED,SAMA-CSF,PAM Logs
2,BANKING,ENTERPRISE,JSC_LISTED,SAMA-CSF,4-Hour SAMA Notification
2,BANKING,ENTERPRISE,JSC_LISTED,SAMA-ITGF,IT Governance Charter
2,BANKING,ENTERPRISE,JSC_LISTED,SAMA-ITGF,Change Management Records
2,BANKING,ENTERPRISE,JSC_LISTED,SAMA-ITGF,DR Test Results
2,BANKING,ENTERPRISE,JSC_LISTED,ZATCA-EINV,E-Invoice XML/UBL Files
2,BANKING,ENTERPRISE,JSC_LISTED,ZATCA-EINV,QR Code Compliance
2,BANKING,ENTERPRISE,JSC_LISTED,ZATCA-EINV,Phase-2 Integration Cert
2,BANKING,ENTERPRISE,JSC_LISTED,ZATCA-VAT,VAT Returns
2,BANKING,ENTERPRISE,JSC_LISTED,ZATCA-VAT,Tax Invoices
2,BANKING,ENTERPRISE,JSC_LISTED,ZATCA-VAT,Input/Output VAT Reconciliation
2,BANKING,ENTERPRISE,JSC_LISTED,CMA-CG,Board Composition
2,BANKING,ENTERPRISE,JSC_LISTED,CMA-CG,Board Charter
2,BANKING,ENTERPRISE,JSC_LISTED,CMA-CG,Audit Committee Charter
2,BANKING,ENTERPRISE,JSC_LISTED,CMA-CG,Related Party Transactions Log
2,BANKING,ENTERPRISE,JSC_LISTED,PCI-DSS,AOC
2,BANKING,ENTERPRISE,JSC_LISTED,PCI-DSS,ROC (Level 1)
2,BANKING,ENTERPRISE,JSC_LISTED,PCI-DSS,ASV Scan Reports
2,BANKING,ENTERPRISE,JSC_LISTED,PCI-DSS,Network Segmentation Diagram
2,BANKING,ENTERPRISE,JSC_LISTED,SAMA-PSR,Payment Service License
2,BANKING,ENTERPRISE,JSC_LISTED,SAMA-PSR,Settlement Records
2,BANKING,ENTERPRISE,JSC_LISTED,SAMA-PSR,Customer Complaint Log
2,BANKING,ENTERPRISE,JSC_LISTED,SWIFT-CSP,SWIFT CSP Self-Attestation
2,BANKING,ENTERPRISE,JSC_LISTED,SWIFT-CSP,Local Authority Assessment
3,BANKING,LARGE,FOREIGN_BRANCH,MHRSD-LABOR,Employment Contracts
3,BANKING,LARGE,FOREIGN_BRANCH,MHRSD-LABOR,Wage Protection System
3,BANKING,LARGE,FOREIGN_BRANCH,MHRSD-LABOR,GOSI Registration
3,BANKING,LARGE,FOREIGN_BRANCH,MHRSD-SAUDIZATION,Nitaqat Tier Certificate
3,BANKING,LARGE,FOREIGN_BRANCH,MHRSD-SAUDIZATION,Saudi Employee Quota Compliance
3,BANKING,LARGE,FOREIGN_BRANCH,MHRSD-SAUDIZATION,Mowamh Reports
3,BANKING,LARGE,FOREIGN_BRANCH,MOCI-COMPANIES,Commercial Registration
3,BANKING,LARGE,FOREIGN_BRANCH,MOCI-COMPANIES,Articles of Association
3,BANKING,LARGE,FOREIGN_BRANCH,MOCI-COMPANIES,Annual Filing
3,BANKING,LARGE,FOREIGN_BRANCH,MOCI-CONSUMER,Refund/Return Policy
3,BANKING,LARGE,FOREIGN_BRANCH,MOCI-CONSUMER,Pricing Display
3,BANKING,LARGE,FOREIGN_BRANCH,MOCI-CONSUMER,Complaint Handling Log
3,BANKING,LARGE,FOREIGN_BRANCH,NCA-ECC,Cybersecurity Strategy
3,BANKING,LARGE,FOREIGN_BRANCH,NCA-ECC,Risk Register
3,BANKING,LARGE,FOREIGN_BRANCH,NCA-ECC,MFA Configuration
3,BANKING,LARGE,FOREIGN_BRANCH,NCA-ECC,SIEM Logs
3,BANKING,LARGE,FOREIGN_BRANCH,NCA-ECC,Pen Test Report
3,BANKING,LARGE,FOREIGN_BRANCH,NCA-ECC,Incident Response Plan
3,BANKING,LARGE,FOREIGN_BRANCH,NCNICC,Cybersecurity Self-Assessment
3,BANKING,LARGE,FOREIGN_BRANCH,NCNICC,Risk Register
3,BANKING,LARGE,FOREIGN_BRANCH,NCNICC,Annual NCA Filing
3,BANKING,LARGE,FOREIGN_BRANCH,PCI-DSS,AOC
3,BANKING,LARGE,FOREIGN_BRANCH,PCI-DSS,ROC (Level 1)
3,BANKING,LARGE,FOREIGN_BRANCH,PCI-DSS,ASV Scan Reports
3,BANKING,LARGE,FOREIGN_BRANCH,PCI-DSS,Network Segmentation Diagram
3,BANKING,LARGE,FOREIGN_BRANCH,PDPL,Privacy Notice
3,BANKING,LARGE,FOREIGN_BRANCH,PDPL,ROPA
3,BANKING,LARGE,FOREIGN_BRANCH,PDPL,DPIA
3,BANKING,LARGE,FOREIGN_BRANCH,PDPL,Consent Records
3,BANKING,LARGE,FOREIGN_BRANCH,PDPL,DSR Log
3,BANKING,LARGE,FOREIGN_BRANCH,PDPL,Breach Notification (72h SDAIA)
3,BANKING,LARGE,FOREIGN_BRANCH,SAMA-AML,KYC Records
3,BANKING,LARGE,FOREIGN_BRANCH,SAMA-AML,Suspicious Transaction Reports
3,BANKING,LARGE,FOREIGN_BRANCH,SAMA-AML,Sanctions Screening Logs
3,BANKING,LARGE,FOREIGN_BRANCH,SAMA-AML,Annual AML Report
3,BANKING,LARGE,FOREIGN_BRANCH,SAMA-BCM,BCM Plan
3,BANKING,LARGE,FOREIGN_BRANCH,SAMA-BCM,BIA
3,BANKING,LARGE,FOREIGN_BRANCH,SAMA-BCM,BCP Test Results
3,BANKING,LARGE,FOREIGN_BRANCH,SAMA-BCM,Recovery Time Objectives
3,BANKING,LARGE,FOREIGN_BRANCH,SAMA-CSF,Board CISO Charter
3,BANKING,LARGE,FOREIGN_BRANCH,SAMA-CSF,Risk Methodology
3,BANKING,LARGE,FOREIGN_BRANCH,SAMA-CSF,PAM Logs
3,BANKING,LARGE,FOREIGN_BRANCH,SAMA-CSF,4-Hour SAMA Notification
3,BANKING,LARGE,FOREIGN_BRANCH,SAMA-ITGF,IT Governance Charter
3,BANKING,LARGE,FOREIGN_BRANCH,SAMA-ITGF,Change Management Records
3,BANKING,LARGE,FOREIGN_BRANCH,SAMA-ITGF,DR Test Results
3,BANKING,LARGE,FOREIGN_BRANCH,ZATCA-EINV,E-Invoice XML/UBL Files
3,BANKING,LARGE,FOREIGN_BRANCH,ZATCA-EINV,QR Code Compliance
3,BANKING,LARGE,FOREIGN_BRANCH,ZATCA-EINV,Phase-2 Integration Cert
3,BANKING,LARGE,FOREIGN_BRANCH,ZATCA-VAT,VAT Returns
3,BANKING,LARGE,FOREIGN_BRANCH,ZATCA-VAT,Tax Invoices
3,BANKING,LARGE,FOREIGN_BRANCH,ZATCA-VAT,Input/Output VAT Reconciliation
3,BANKING,LARGE,FOREIGN_BRANCH,CMA-CG,Board Composition
3,BANKING,LARGE,FOREIGN_BRANCH,CMA-CG,Board Charter
3,BANKING,LARGE,FOREIGN_BRANCH,CMA-CG,Audit Committee Charter
3,BANKING,LARGE,FOREIGN_BRANCH,CMA-CG,Related Party Transactions Log
3,BANKING,LARGE,FOREIGN_BRANCH,PCI-DSS,AOC
3,BANKING,LARGE,FOREIGN_BRANCH,PCI-DSS,ROC (Level 1)
3,BANKING,LARGE,FOREIGN_BRANCH,PCI-DSS,ASV Scan Reports
3,BANKING,LARGE,FOREIGN_BRANCH,PCI-DSS,Network Segmentation Diagram
3,BANKING,LARGE,FOREIGN_BRANCH,SAMA-PSR,Payment Service License
3,BANKING,LARGE,FOREIGN_BRANCH,SAMA-PSR,Settlement Records
3,BANKING,LARGE,FOREIGN_BRANCH,SAMA-PSR,Customer Complaint Log
3,BANKING,LARGE,FOREIGN_BRANCH,SWIFT-CSP,SWIFT CSP Self-Attestation
3,BANKING,LARGE,FOREIGN_BRANCH,SWIFT-CSP,Local Authority Assessment
4,FINTECH,SMALL,LLC,MHRSD-LABOR,Employment Contracts
4,FINTECH,SMALL,LLC,MHRSD-LABOR,Wage Protection System
4,FINTECH,SMALL,LLC,MHRSD-LABOR,GOSI Registration
4,FINTECH,SMALL,LLC,MOCI-CONSUMER,Refund/Return Policy
4,FINTECH,SMALL,LLC,MOCI-CONSUMER,Pricing Display
4,FINTECH,SMALL,LLC,MOCI-CONSUMER,Complaint Handling Log
4,FINTECH,SMALL,LLC,MOCI-ECOM,E-Commerce License
4,FINTECH,SMALL,LLC,MOCI-ECOM,Terms & Conditions
4,FINTECH,SMALL,LLC,MOCI-ECOM,Customer Authentication
4,FINTECH,SMALL,LLC,NCA-CCC,Cloud Architecture
4,FINTECH,SMALL,LLC,NCA-CCC,Cloud Provider Assessment
4,FINTECH,SMALL,LLC,NCA-CCC,Data Residency Cert
4,FINTECH,SMALL,LLC,NCA-ECC,Cybersecurity Strategy
4,FINTECH,SMALL,LLC,NCA-ECC,Risk Register
4,FINTECH,SMALL,LLC,NCA-ECC,MFA Configuration
4,FINTECH,SMALL,LLC,NCA-ECC,SIEM Logs
4,FINTECH,SMALL,LLC,NCA-ECC,Pen Test Report
4,FINTECH,SMALL,LLC,NCA-ECC,Incident Response Plan
4,FINTECH,SMALL,LLC,NCNICC,Cybersecurity Self-Assessment
4,FINTECH,SMALL,LLC,NCNICC,Risk Register
4,FINTECH,SMALL,LLC,NCNICC,Annual NCA Filing
4,FINTECH,SMALL,LLC,PCI-DSS,AOC
4,FINTECH,SMALL,LLC,PCI-DSS,ROC (Level 1)
4,FINTECH,SMALL,LLC,PCI-DSS,ASV Scan Reports
4,FINTECH,SMALL,LLC,PCI-DSS,Network Segmentation Diagram
4,FINTECH,SMALL,LLC,PDPL,Privacy Notice
4,FINTECH,SMALL,LLC,PDPL,ROPA
4,FINTECH,SMALL,LLC,PDPL,DPIA
4,FINTECH,SMALL,LLC,PDPL,Consent Records
4,FINTECH,SMALL,LLC,PDPL,DSR Log
4,FINTECH,SMALL,LLC,PDPL,Breach Notification (72h SDAIA)
4,FINTECH,SMALL,LLC,SAMA-CSF,Board CISO Charter
4,FINTECH,SMALL,LLC,SAMA-CSF,Risk Methodology
4,FINTECH,SMALL,LLC,SAMA-CSF,PAM Logs
4,FINTECH,SMALL,LLC,SAMA-CSF,4-Hour SAMA Notification
4,FINTECH,SMALL,LLC,SAMA-PSR,Payment Service License
4,FINTECH,SMALL,LLC,SAMA-PSR,Settlement Records
4,FINTECH,SMALL,LLC,SAMA-PSR,Customer Complaint Log
4,FINTECH,SMALL,LLC,ZATCA-EINV,E-Invoice XML/UBL Files
4,FINTECH,SMALL,LLC,ZATCA-EINV,QR Code Compliance
4,FINTECH,SMALL,LLC,ZATCA-EINV,Phase-2 Integration Cert
4,FINTECH,SMALL,LLC,PCI-DSS,AOC
4,FINTECH,SMALL,LLC,PCI-DSS,ROC (Level 1)
4,FINTECH,SMALL,LLC,PCI-DSS,ASV Scan Reports
4,FINTECH,SMALL,LLC,PCI-DSS,Network Segmentation Diagram
4,FINTECH,SMALL,LLC,SAMA-AML,KYC Records
4,FINTECH,SMALL,LLC,SAMA-AML,Suspicious Transaction Reports
4,FINTECH,SMALL,LLC,SAMA-AML,Sanctions Screening Logs
4,FINTECH,SMALL,LLC,SAMA-AML,Annual AML Report
5,FINTECH,MEDIUM,LLC,MHRSD-LABOR,Employment Contracts
5,FINTECH,MEDIUM,LLC,MHRSD-LABOR,Wage Protection System
5,FINTECH,MEDIUM,LLC,MHRSD-LABOR,GOSI Registration
5,FINTECH,MEDIUM,LLC,MOCI-CONSUMER,Refund/Return Policy
5,FINTECH,MEDIUM,LLC,MOCI-CONSUMER,Pricing Display
5,FINTECH,MEDIUM,LLC,MOCI-CONSUMER,Complaint Handling Log
5,FINTECH,MEDIUM,LLC,MOCI-ECOM,E-Commerce License
5,FINTECH,MEDIUM,LLC,MOCI-ECOM,Terms & Conditions
5,FINTECH,MEDIUM,LLC,MOCI-ECOM,Customer Authentication
5,FINTECH,MEDIUM,LLC,NCA-CCC,Cloud Architecture
5,FINTECH,MEDIUM,LLC,NCA-CCC,Cloud Provider Assessment
5,FINTECH,MEDIUM,LLC,NCA-CCC,Data Residency Cert
5,FINTECH,MEDIUM,LLC,NCA-ECC,Cybersecurity Strategy
5,FINTECH,MEDIUM,LLC,NCA-ECC,Risk Register
5,FINTECH,MEDIUM,LLC,NCA-ECC,MFA Configuration
5,FINTECH,MEDIUM,LLC,NCA-ECC,SIEM Logs
5,FINTECH,MEDIUM,LLC,NCA-ECC,Pen Test Report
5,FINTECH,MEDIUM,LLC,NCA-ECC,Incident Response Plan
5,FINTECH,MEDIUM,LLC,NCNICC,Cybersecurity Self-Assessment
5,FINTECH,MEDIUM,LLC,NCNICC,Risk Register
5,FINTECH,MEDIUM,LLC,NCNICC,Annual NCA Filing
5,FINTECH,MEDIUM,LLC,PCI-DSS,AOC
5,FINTECH,MEDIUM,LLC,PCI-DSS,ROC (Level 1)
5,FINTECH,MEDIUM,LLC,PCI-DSS,ASV Scan Reports
5,FINTECH,MEDIUM,LLC,PCI-DSS,Network Segmentation Diagram
5,FINTECH,MEDIUM,LLC,PDPL,Privacy Notice
5,FINTECH,MEDIUM,LLC,PDPL,ROPA
5,FINTECH,MEDIUM,LLC,PDPL,DPIA
5,FINTECH,MEDIUM,LLC,PDPL,Consent Records
5,FINTECH,MEDIUM,LLC,PDPL,DSR Log
5,FINTECH,MEDIUM,LLC,PDPL,Breach Notification (72h SDAIA)
5,FINTECH,MEDIUM,LLC,SAMA-CSF,Board CISO Charter
5,FINTECH,MEDIUM,LLC,SAMA-CSF,Risk Methodology
5,FINTECH,MEDIUM,LLC,SAMA-CSF,PAM Logs
5,FINTECH,MEDIUM,LLC,SAMA-CSF,4-Hour SAMA Notification
5,FINTECH,MEDIUM,LLC,SAMA-PSR,Payment Service License
5,FINTECH,MEDIUM,LLC,SAMA-PSR,Settlement Records
5,FINTECH,MEDIUM,LLC,SAMA-PSR,Customer Complaint Log
5,FINTECH,MEDIUM,LLC,ZATCA-EINV,E-Invoice XML/UBL Files
5,FINTECH,MEDIUM,LLC,ZATCA-EINV,QR Code Compliance
5,FINTECH,MEDIUM,LLC,ZATCA-EINV,Phase-2 Integration Cert
5,FINTECH,MEDIUM,LLC,PCI-DSS,AOC
5,FINTECH,MEDIUM,LLC,PCI-DSS,ROC (Level 1)
5,FINTECH,MEDIUM,LLC,PCI-DSS,ASV Scan Reports
5,FINTECH,MEDIUM,LLC,PCI-DSS,Network Segmentation Diagram
5,FINTECH,MEDIUM,LLC,SAMA-AML,KYC Records
5,FINTECH,MEDIUM,LLC,SAMA-AML,Suspicious Transaction Reports
5,FINTECH,MEDIUM,LLC,SAMA-AML,Sanctions Screening Logs
5,FINTECH,MEDIUM,LLC,SAMA-AML,Annual AML Report
6,FINTECH,MEDIUM,JSC_CLOSED,MHRSD-LABOR,Employment Contracts
6,FINTECH,MEDIUM,JSC_CLOSED,MHRSD-LABOR,Wage Protection System
6,FINTECH,MEDIUM,JSC_CLOSED,MHRSD-LABOR,GOSI Registration
6,FINTECH,MEDIUM,JSC_CLOSED,MOCI-CONSUMER,Refund/Return Policy
6,FINTECH,MEDIUM,JSC_CLOSED,MOCI-CONSUMER,Pricing Display
6,FINTECH,MEDIUM,JSC_CLOSED,MOCI-CONSUMER,Complaint Handling Log
6,FINTECH,MEDIUM,JSC_CLOSED,MOCI-ECOM,E-Commerce License
6,FINTECH,MEDIUM,JSC_CLOSED,MOCI-ECOM,Terms & Conditions
6,FINTECH,MEDIUM,JSC_CLOSED,MOCI-ECOM,Customer Authentication
6,FINTECH,MEDIUM,JSC_CLOSED,NCA-CCC,Cloud Architecture
6,FINTECH,MEDIUM,JSC_CLOSED,NCA-CCC,Cloud Provider Assessment
6,FINTECH,MEDIUM,JSC_CLOSED,NCA-CCC,Data Residency Cert
6,FINTECH,MEDIUM,JSC_CLOSED,NCA-ECC,Cybersecurity Strategy
6,FINTECH,MEDIUM,JSC_CLOSED,NCA-ECC,Risk Register
6,FINTECH,MEDIUM,JSC_CLOSED,NCA-ECC,MFA Configuration
6,FINTECH,MEDIUM,JSC_CLOSED,NCA-ECC,SIEM Logs
6,FINTECH,MEDIUM,JSC_CLOSED,NCA-ECC,Pen Test Report
6,FINTECH,MEDIUM,JSC_CLOSED,NCA-ECC,Incident Response Plan
6,FINTECH,MEDIUM,JSC_CLOSED,NCNICC,Cybersecurity Self-Assessment
6,FINTECH,MEDIUM,JSC_CLOSED,NCNICC,Risk Register
6,FINTECH,MEDIUM,JSC_CLOSED,NCNICC,Annual NCA Filing
6,FINTECH,MEDIUM,JSC_CLOSED,PDPL,Privacy Notice
6,FINTECH,MEDIUM,JSC_CLOSED,PDPL,ROPA
6,FINTECH,MEDIUM,JSC_CLOSED,PDPL,DPIA
6,FINTECH,MEDIUM,JSC_CLOSED,PDPL,Consent Records
6,FINTECH,MEDIUM,JSC_CLOSED,PDPL,DSR Log
6,FINTECH,MEDIUM,JSC_CLOSED,PDPL,Breach Notification (72h SDAIA)
6,FINTECH,MEDIUM,JSC_CLOSED,SAMA-CSF,Board CISO Charter
6,FINTECH,MEDIUM,JSC_CLOSED,SAMA-CSF,Risk Methodology
6,FINTECH,MEDIUM,JSC_CLOSED,SAMA-CSF,PAM Logs
6,FINTECH,MEDIUM,JSC_CLOSED,SAMA-CSF,4-Hour SAMA Notification
6,FINTECH,MEDIUM,JSC_CLOSED,SAMA-PSR,Payment Service License
6,FINTECH,MEDIUM,JSC_CLOSED,SAMA-PSR,Settlement Records
6,FINTECH,MEDIUM,JSC_CLOSED,SAMA-PSR,Customer Complaint Log
6,FINTECH,MEDIUM,JSC_CLOSED,ZATCA-EINV,E-Invoice XML/UBL Files
6,FINTECH,MEDIUM,JSC_CLOSED,ZATCA-EINV,QR Code Compliance
6,FINTECH,MEDIUM,JSC_CLOSED,ZATCA-EINV,Phase-2 Integration Cert
6,FINTECH,MEDIUM,JSC_CLOSED,PCI-DSS,AOC
6,FINTECH,MEDIUM,JSC_CLOSED,PCI-DSS,ROC (Level 1)
6,FINTECH,MEDIUM,JSC_CLOSED,PCI-DSS,ASV Scan Reports
6,FINTECH,MEDIUM,JSC_CLOSED,PCI-DSS,Network Segmentation Diagram
6,FINTECH,MEDIUM,JSC_CLOSED,SAMA-AML,KYC Records
6,FINTECH,MEDIUM,JSC_CLOSED,SAMA-AML,Suspicious Transaction Reports
6,FINTECH,MEDIUM,JSC_CLOSED,SAMA-AML,Sanctions Screening Logs
6,FINTECH,MEDIUM,JSC_CLOSED,SAMA-AML,Annual AML Report
7,FINTECH,LARGE,JSC_LISTED,CMA-CG,Board Composition
7,FINTECH,LARGE,JSC_LISTED,CMA-CG,Board Charter
7,FINTECH,LARGE,JSC_LISTED,CMA-CG,Audit Committee Charter
7,FINTECH,LARGE,JSC_LISTED,CMA-CG,Related Party Transactions Log
7,FINTECH,LARGE,JSC_LISTED,CMA-DISCLOSURE,Annual Report
7,FINTECH,LARGE,JSC_LISTED,CMA-DISCLOSURE,Material Event Disclosures
7,FINTECH,LARGE,JSC_LISTED,CMA-DISCLOSURE,Insider Trading Logs
7,FINTECH,LARGE,JSC_LISTED,CMA-IC,Internal Controls Assessment
7,FINTECH,LARGE,JSC_LISTED,CMA-IC,External Audit Report
7,FINTECH,LARGE,JSC_LISTED,CMA-IC,Internal Audit Plan
7,FINTECH,LARGE,JSC_LISTED,MHRSD-LABOR,Employment Contracts
7,FINTECH,LARGE,JSC_LISTED,MHRSD-LABOR,Wage Protection System
7,FINTECH,LARGE,JSC_LISTED,MHRSD-LABOR,GOSI Registration
7,FINTECH,LARGE,JSC_LISTED,MOCI-CONSUMER,Refund/Return Policy
7,FINTECH,LARGE,JSC_LISTED,MOCI-CONSUMER,Pricing Display
7,FINTECH,LARGE,JSC_LISTED,MOCI-CONSUMER,Complaint Handling Log
7,FINTECH,LARGE,JSC_LISTED,MOCI-ECOM,E-Commerce License
7,FINTECH,LARGE,JSC_LISTED,MOCI-ECOM,Terms & Conditions
7,FINTECH,LARGE,JSC_LISTED,MOCI-ECOM,Customer Authentication
7,FINTECH,LARGE,JSC_LISTED,NCA-CCC,Cloud Architecture
7,FINTECH,LARGE,JSC_LISTED,NCA-CCC,Cloud Provider Assessment
7,FINTECH,LARGE,JSC_LISTED,NCA-CCC,Data Residency Cert
7,FINTECH,LARGE,JSC_LISTED,NCA-ECC,Cybersecurity Strategy
7,FINTECH,LARGE,JSC_LISTED,NCA-ECC,Risk Register
7,FINTECH,LARGE,JSC_LISTED,NCA-ECC,MFA Configuration
7,FINTECH,LARGE,JSC_LISTED,NCA-ECC,SIEM Logs
7,FINTECH,LARGE,JSC_LISTED,NCA-ECC,Pen Test Report
7,FINTECH,LARGE,JSC_LISTED,NCA-ECC,Incident Response Plan
7,FINTECH,LARGE,JSC_LISTED,NCNICC,Cybersecurity Self-Assessment
7,FINTECH,LARGE,JSC_LISTED,NCNICC,Risk Register
7,FINTECH,LARGE,JSC_LISTED,NCNICC,Annual NCA Filing
7,FINTECH,LARGE,JSC_LISTED,PCI-DSS,AOC
7,FINTECH,LARGE,JSC_LISTED,PCI-DSS,ROC (Level 1)
7,FINTECH,LARGE,JSC_LISTED,PCI-DSS,ASV Scan Reports
7,FINTECH,LARGE,JSC_LISTED,PCI-DSS,Network Segmentation Diagram
7,FINTECH,LARGE,JSC_LISTED,PDPL,Privacy Notice
7,FINTECH,LARGE,JSC_LISTED,PDPL,ROPA
7,FINTECH,LARGE,JSC_LISTED,PDPL,DPIA
7,FINTECH,LARGE,JSC_LISTED,PDPL,Consent Records
7,FINTECH,LARGE,JSC_LISTED,PDPL,DSR Log
7,FINTECH,LARGE,JSC_LISTED,PDPL,Breach Notification (72h SDAIA)
7,FINTECH,LARGE,JSC_LISTED,SAMA-CSF,Board CISO Charter
7,FINTECH,LARGE,JSC_LISTED,SAMA-CSF,Risk Methodology
7,FINTECH,LARGE,JSC_LISTED,SAMA-CSF,PAM Logs
7,FINTECH,LARGE,JSC_LISTED,SAMA-CSF,4-Hour SAMA Notification
7,FINTECH,LARGE,JSC_LISTED,SAMA-PSR,Payment Service License
7,FINTECH,LARGE,JSC_LISTED,SAMA-PSR,Settlement Records
7,FINTECH,LARGE,JSC_LISTED,SAMA-PSR,Customer Complaint Log
7,FINTECH,LARGE,JSC_LISTED,ZATCA-EINV,E-Invoice XML/UBL Files
7,FINTECH,LARGE,JSC_LISTED,ZATCA-EINV,QR Code Compliance
7,FINTECH,LARGE,JSC_LISTED,ZATCA-EINV,Phase-2 Integration Cert
7,FINTECH,LARGE,JSC_LISTED,PCI-DSS,AOC
7,FINTECH,LARGE,JSC_LISTED,PCI-DSS,ROC (Level 1)
7,FINTECH,LARGE,JSC_LISTED,PCI-DSS,ASV Scan Reports
7,FINTECH,LARGE,JSC_LISTED,PCI-DSS,Network Segmentation Diagram
7,FINTECH,LARGE,JSC_LISTED,SAMA-AML,KYC Records
7,FINTECH,LARGE,JSC_LISTED,SAMA-AML,Suspicious Transaction Reports
7,FINTECH,LARGE,JSC_LISTED,SAMA-AML,Sanctions Screening Logs
7,FINTECH,LARGE,JSC_LISTED,SAMA-AML,Annual AML Report
8,HEALTHCARE,MICRO,SOLE_PROP,CBAHI,Accreditation Certificate
8,HEALTHCARE,MICRO,SOLE_PROP,CBAHI,Self-Assessment
8,HEALTHCARE,MICRO,SOLE_PROP,CBAHI,On-Site Survey Report
8,HEALTHCARE,MICRO,SOLE_PROP,MHRSD-LABOR,Employment Contracts
8,HEALTHCARE,MICRO,SOLE_PROP,MHRSD-LABOR,Wage Protection System
8,HEALTHCARE,MICRO,SOLE_PROP,MHRSD-LABOR,GOSI Registration
8,HEALTHCARE,MICRO,SOLE_PROP,MHRSD-SAUDIZATION,Nitaqat Tier Certificate
8,HEALTHCARE,MICRO,SOLE_PROP,MHRSD-SAUDIZATION,Saudi Employee Quota Compliance
8,HEALTHCARE,MICRO,SOLE_PROP,MHRSD-SAUDIZATION,Mowamh Reports
8,HEALTHCARE,MICRO,SOLE_PROP,MOCI-COMPANIES,Commercial Registration
8,HEALTHCARE,MICRO,SOLE_PROP,MOCI-COMPANIES,Articles of Association
8,HEALTHCARE,MICRO,SOLE_PROP,MOCI-COMPANIES,Annual Filing
8,HEALTHCARE,MICRO,SOLE_PROP,MOCI-CONSUMER,Refund/Return Policy
8,HEALTHCARE,MICRO,SOLE_PROP,MOCI-CONSUMER,Pricing Display
8,HEALTHCARE,MICRO,SOLE_PROP,MOCI-CONSUMER,Complaint Handling Log
8,HEALTHCARE,MICRO,SOLE_PROP,MOH-HIS,EMR Implementation
8,HEALTHCARE,MICRO,SOLE_PROP,MOH-HIS,Clinical Audit
8,HEALTHCARE,MICRO,SOLE_PROP,MOH-HIS,Medication Reconciliation
8,HEALTHCARE,MICRO,SOLE_PROP,MOH-PATIENT-SAFETY,Patient Safety Reports
8,HEALTHCARE,MICRO,SOLE_PROP,MOH-PATIENT-SAFETY,Sentinel Event Investigations
8,HEALTHCARE,MICRO,SOLE_PROP,MOH-PATIENT-SAFETY,Quality KPIs
8,HEALTHCARE,MICRO,SOLE_PROP,NCA-ECC,Cybersecurity Strategy
8,HEALTHCARE,MICRO,SOLE_PROP,NCA-ECC,Risk Register
8,HEALTHCARE,MICRO,SOLE_PROP,NCA-ECC,MFA Configuration
8,HEALTHCARE,MICRO,SOLE_PROP,NCA-ECC,SIEM Logs
8,HEALTHCARE,MICRO,SOLE_PROP,NCA-ECC,Pen Test Report
8,HEALTHCARE,MICRO,SOLE_PROP,NCA-ECC,Incident Response Plan
8,HEALTHCARE,MICRO,SOLE_PROP,NCNICC,Cybersecurity Self-Assessment
8,HEALTHCARE,MICRO,SOLE_PROP,NCNICC,Risk Register
8,HEALTHCARE,MICRO,SOLE_PROP,NCNICC,Annual NCA Filing
8,HEALTHCARE,MICRO,SOLE_PROP,PCI-DSS,AOC
8,HEALTHCARE,MICRO,SOLE_PROP,PCI-DSS,ROC (Level 1)
8,HEALTHCARE,MICRO,SOLE_PROP,PCI-DSS,ASV Scan Reports
8,HEALTHCARE,MICRO,SOLE_PROP,PCI-DSS,Network Segmentation Diagram
8,HEALTHCARE,MICRO,SOLE_PROP,PDPL,Privacy Notice
8,HEALTHCARE,MICRO,SOLE_PROP,PDPL,ROPA
8,HEALTHCARE,MICRO,SOLE_PROP,PDPL,DPIA
8,HEALTHCARE,MICRO,SOLE_PROP,PDPL,Consent Records
8,HEALTHCARE,MICRO,SOLE_PROP,PDPL,DSR Log
8,HEALTHCARE,MICRO,SOLE_PROP,PDPL,Breach Notification (72h SDAIA)
8,HEALTHCARE,MICRO,SOLE_PROP,ZATCA-EINV,E-Invoice XML/UBL Files
8,HEALTHCARE,MICRO,SOLE_PROP,ZATCA-EINV,QR Code Compliance
8,HEALTHCARE,MICRO,SOLE_PROP,ZATCA-EINV,Phase-2 Integration Cert
8,HEALTHCARE,MICRO,SOLE_PROP,NCA-CCC,Cloud Architecture
8,HEALTHCARE,MICRO,SOLE_PROP,NCA-CCC,Cloud Provider Assessment
8,HEALTHCARE,MICRO,SOLE_PROP,NCA-CCC,Data Residency Cert
9,HEALTHCARE,SMALL,LLC,CBAHI,Accreditation Certificate
9,HEALTHCARE,SMALL,LLC,CBAHI,Self-Assessment
9,HEALTHCARE,SMALL,LLC,CBAHI,On-Site Survey Report
9,HEALTHCARE,SMALL,LLC,MHRSD-LABOR,Employment Contracts
9,HEALTHCARE,SMALL,LLC,MHRSD-LABOR,Wage Protection System
9,HEALTHCARE,SMALL,LLC,MHRSD-LABOR,GOSI Registration
9,HEALTHCARE,SMALL,LLC,MHRSD-SAUDIZATION,Nitaqat Tier Certificate
9,HEALTHCARE,SMALL,LLC,MHRSD-SAUDIZATION,Saudi Employee Quota Compliance
9,HEALTHCARE,SMALL,LLC,MHRSD-SAUDIZATION,Mowamh Reports
9,HEALTHCARE,SMALL,LLC,MOCI-COMPANIES,Commercial Registration
9,HEALTHCARE,SMALL,LLC,MOCI-COMPANIES,Articles of Association
9,HEALTHCARE,SMALL,LLC,MOCI-COMPANIES,Annual Filing
9,HEALTHCARE,SMALL,LLC,MOCI-CONSUMER,Refund/Return Policy
9,HEALTHCARE,SMALL,LLC,MOCI-CONSUMER,Pricing Display
9,HEALTHCARE,SMALL,LLC,MOCI-CONSUMER,Complaint Handling Log
9,HEALTHCARE,SMALL,LLC,MOH-HIS,EMR Implementation
9,HEALTHCARE,SMALL,LLC,MOH-HIS,Clinical Audit
9,HEALTHCARE,SMALL,LLC,MOH-HIS,Medication Reconciliation
9,HEALTHCARE,SMALL,LLC,MOH-PATIENT-SAFETY,Patient Safety Reports
9,HEALTHCARE,SMALL,LLC,MOH-PATIENT-SAFETY,Sentinel Event Investigations
9,HEALTHCARE,SMALL,LLC,MOH-PATIENT-SAFETY,Quality KPIs
9,HEALTHCARE,SMALL,LLC,NCA-ECC,Cybersecurity Strategy
9,HEALTHCARE,SMALL,LLC,NCA-ECC,Risk Register
9,HEALTHCARE,SMALL,LLC,NCA-ECC,MFA Configuration
9,HEALTHCARE,SMALL,LLC,NCA-ECC,SIEM Logs
9,HEALTHCARE,SMALL,LLC,NCA-ECC,Pen Test Report
9,HEALTHCARE,SMALL,LLC,NCA-ECC,Incident Response Plan
9,HEALTHCARE,SMALL,LLC,NCNICC,Cybersecurity Self-Assessment
9,HEALTHCARE,SMALL,LLC,NCNICC,Risk Register
9,HEALTHCARE,SMALL,LLC,NCNICC,Annual NCA Filing
9,HEALTHCARE,SMALL,LLC,PCI-DSS,AOC
9,HEALTHCARE,SMALL,LLC,PCI-DSS,ROC (Level 1)
9,HEALTHCARE,SMALL,LLC,PCI-DSS,ASV Scan Reports
9,HEALTHCARE,SMALL,LLC,PCI-DSS,Network Segmentation Diagram
9,HEALTHCARE,SMALL,LLC,PDPL,Privacy Notice
9,HEALTHCARE,SMALL,LLC,PDPL,ROPA
9,HEALTHCARE,SMALL,LLC,PDPL,DPIA
9,HEALTHCARE,SMALL,LLC,PDPL,Consent Records
9,HEALTHCARE,SMALL,LLC,PDPL,DSR Log
9,HEALTHCARE,SMALL,LLC,PDPL,Breach Notification (72h SDAIA)
9,HEALTHCARE,SMALL,LLC,ZATCA-EINV,E-Invoice XML/UBL Files
9,HEALTHCARE,SMALL,LLC,ZATCA-EINV,QR Code Compliance
9,HEALTHCARE,SMALL,LLC,ZATCA-EINV,Phase-2 Integration Cert
9,HEALTHCARE,SMALL,LLC,NCA-CCC,Cloud Architecture
9,HEALTHCARE,SMALL,LLC,NCA-CCC,Cloud Provider Assessment
9,HEALTHCARE,SMALL,LLC,NCA-CCC,Data Residency Cert
10,HEALTHCARE,MEDIUM,LLC,CBAHI,Accreditation Certificate
10,HEALTHCARE,MEDIUM,LLC,CBAHI,Self-Assessment
10,HEALTHCARE,MEDIUM,LLC,CBAHI,On-Site Survey Report
10,HEALTHCARE,MEDIUM,LLC,MHRSD-LABOR,Employment Contracts
10,HEALTHCARE,MEDIUM,LLC,MHRSD-LABOR,Wage Protection System
10,HEALTHCARE,MEDIUM,LLC,MHRSD-LABOR,GOSI Registration
10,HEALTHCARE,MEDIUM,LLC,MHRSD-SAUDIZATION,Nitaqat Tier Certificate
10,HEALTHCARE,MEDIUM,LLC,MHRSD-SAUDIZATION,Saudi Employee Quota Compliance
10,HEALTHCARE,MEDIUM,LLC,MHRSD-SAUDIZATION,Mowamh Reports
10,HEALTHCARE,MEDIUM,LLC,MOCI-COMPANIES,Commercial Registration
10,HEALTHCARE,MEDIUM,LLC,MOCI-COMPANIES,Articles of Association
10,HEALTHCARE,MEDIUM,LLC,MOCI-COMPANIES,Annual Filing
10,HEALTHCARE,MEDIUM,LLC,MOCI-CONSUMER,Refund/Return Policy
10,HEALTHCARE,MEDIUM,LLC,MOCI-CONSUMER,Pricing Display
10,HEALTHCARE,MEDIUM,LLC,MOCI-CONSUMER,Complaint Handling Log
10,HEALTHCARE,MEDIUM,LLC,MOH-HIS,EMR Implementation
10,HEALTHCARE,MEDIUM,LLC,MOH-HIS,Clinical Audit
10,HEALTHCARE,MEDIUM,LLC,MOH-HIS,Medication Reconciliation
10,HEALTHCARE,MEDIUM,LLC,MOH-PATIENT-SAFETY,Patient Safety Reports
10,HEALTHCARE,MEDIUM,LLC,MOH-PATIENT-SAFETY,Sentinel Event Investigations
10,HEALTHCARE,MEDIUM,LLC,MOH-PATIENT-SAFETY,Quality KPIs
10,HEALTHCARE,MEDIUM,LLC,NCA-ECC,Cybersecurity Strategy
10,HEALTHCARE,MEDIUM,LLC,NCA-ECC,Risk Register
10,HEALTHCARE,MEDIUM,LLC,NCA-ECC,MFA Configuration
10,HEALTHCARE,MEDIUM,LLC,NCA-ECC,SIEM Logs
10,HEALTHCARE,MEDIUM,LLC,NCA-ECC,Pen Test Report
10,HEALTHCARE,MEDIUM,LLC,NCA-ECC,Incident Response Plan
10,HEALTHCARE,MEDIUM,LLC,NCNICC,Cybersecurity Self-Assessment
10,HEALTHCARE,MEDIUM,LLC,NCNICC,Risk Register
10,HEALTHCARE,MEDIUM,LLC,NCNICC,Annual NCA Filing
10,HEALTHCARE,MEDIUM,LLC,PCI-DSS,AOC
10,HEALTHCARE,MEDIUM,LLC,PCI-DSS,ROC (Level 1)
10,HEALTHCARE,MEDIUM,LLC,PCI-DSS,ASV Scan Reports
10,HEALTHCARE,MEDIUM,LLC,PCI-DSS,Network Segmentation Diagram
10,HEALTHCARE,MEDIUM,LLC,PDPL,Privacy Notice
10,HEALTHCARE,MEDIUM,LLC,PDPL,ROPA
10,HEALTHCARE,MEDIUM,LLC,PDPL,DPIA
10,HEALTHCARE,MEDIUM,LLC,PDPL,Consent Records
10,HEALTHCARE,MEDIUM,LLC,PDPL,DSR Log
10,HEALTHCARE,MEDIUM,LLC,PDPL,Breach Notification (72h SDAIA)
10,HEALTHCARE,MEDIUM,LLC,ZATCA-EINV,E-Invoice XML/UBL Files
10,HEALTHCARE,MEDIUM,LLC,ZATCA-EINV,QR Code Compliance
10,HEALTHCARE,MEDIUM,LLC,ZATCA-EINV,Phase-2 Integration Cert
10,HEALTHCARE,MEDIUM,LLC,NCA-CCC,Cloud Architecture
10,HEALTHCARE,MEDIUM,LLC,NCA-CCC,Cloud Provider Assessment
10,HEALTHCARE,MEDIUM,LLC,NCA-CCC,Data Residency Cert
11,HEALTHCARE,LARGE,JSC_LISTED,CBAHI,Accreditation Certificate
11,HEALTHCARE,LARGE,JSC_LISTED,CBAHI,Self-Assessment
11,HEALTHCARE,LARGE,JSC_LISTED,CBAHI,On-Site Survey Report
11,HEALTHCARE,LARGE,JSC_LISTED,CMA-CG,Board Composition
11,HEALTHCARE,LARGE,JSC_LISTED,CMA-CG,Board Charter
11,HEALTHCARE,LARGE,JSC_LISTED,CMA-CG,Audit Committee Charter
11,HEALTHCARE,LARGE,JSC_LISTED,CMA-CG,Related Party Transactions Log
11,HEALTHCARE,LARGE,JSC_LISTED,CMA-DISCLOSURE,Annual Report
11,HEALTHCARE,LARGE,JSC_LISTED,CMA-DISCLOSURE,Material Event Disclosures
11,HEALTHCARE,LARGE,JSC_LISTED,CMA-DISCLOSURE,Insider Trading Logs
11,HEALTHCARE,LARGE,JSC_LISTED,CMA-IC,Internal Controls Assessment
11,HEALTHCARE,LARGE,JSC_LISTED,CMA-IC,External Audit Report
11,HEALTHCARE,LARGE,JSC_LISTED,CMA-IC,Internal Audit Plan
11,HEALTHCARE,LARGE,JSC_LISTED,MHRSD-LABOR,Employment Contracts
11,HEALTHCARE,LARGE,JSC_LISTED,MHRSD-LABOR,Wage Protection System
11,HEALTHCARE,LARGE,JSC_LISTED,MHRSD-LABOR,GOSI Registration
11,HEALTHCARE,LARGE,JSC_LISTED,MHRSD-SAUDIZATION,Nitaqat Tier Certificate
11,HEALTHCARE,LARGE,JSC_LISTED,MHRSD-SAUDIZATION,Saudi Employee Quota Compliance
11,HEALTHCARE,LARGE,JSC_LISTED,MHRSD-SAUDIZATION,Mowamh Reports
11,HEALTHCARE,LARGE,JSC_LISTED,MOCI-COMPANIES,Commercial Registration
11,HEALTHCARE,LARGE,JSC_LISTED,MOCI-COMPANIES,Articles of Association
11,HEALTHCARE,LARGE,JSC_LISTED,MOCI-COMPANIES,Annual Filing
11,HEALTHCARE,LARGE,JSC_LISTED,MOCI-CONSUMER,Refund/Return Policy
11,HEALTHCARE,LARGE,JSC_LISTED,MOCI-CONSUMER,Pricing Display
11,HEALTHCARE,LARGE,JSC_LISTED,MOCI-CONSUMER,Complaint Handling Log
11,HEALTHCARE,LARGE,JSC_LISTED,MOH-HIS,EMR Implementation
11,HEALTHCARE,LARGE,JSC_LISTED,MOH-HIS,Clinical Audit
11,HEALTHCARE,LARGE,JSC_LISTED,MOH-HIS,Medication Reconciliation
11,HEALTHCARE,LARGE,JSC_LISTED,MOH-PATIENT-SAFETY,Patient Safety Reports
11,HEALTHCARE,LARGE,JSC_LISTED,MOH-PATIENT-SAFETY,Sentinel Event Investigations
11,HEALTHCARE,LARGE,JSC_LISTED,MOH-PATIENT-SAFETY,Quality KPIs
11,HEALTHCARE,LARGE,JSC_LISTED,NCA-ECC,Cybersecurity Strategy
11,HEALTHCARE,LARGE,JSC_LISTED,NCA-ECC,Risk Register
11,HEALTHCARE,LARGE,JSC_LISTED,NCA-ECC,MFA Configuration
11,HEALTHCARE,LARGE,JSC_LISTED,NCA-ECC,SIEM Logs
11,HEALTHCARE,LARGE,JSC_LISTED,NCA-ECC,Pen Test Report
11,HEALTHCARE,LARGE,JSC_LISTED,NCA-ECC,Incident Response Plan
11,HEALTHCARE,LARGE,JSC_LISTED,NCNICC,Cybersecurity Self-Assessment
11,HEALTHCARE,LARGE,JSC_LISTED,NCNICC,Risk Register
11,HEALTHCARE,LARGE,JSC_LISTED,NCNICC,Annual NCA Filing
11,HEALTHCARE,LARGE,JSC_LISTED,PCI-DSS,AOC
11,HEALTHCARE,LARGE,JSC_LISTED,PCI-DSS,ROC (Level 1)
11,HEALTHCARE,LARGE,JSC_LISTED,PCI-DSS,ASV Scan Reports
11,HEALTHCARE,LARGE,JSC_LISTED,PCI-DSS,Network Segmentation Diagram
11,HEALTHCARE,LARGE,JSC_LISTED,PDPL,Privacy Notice
11,HEALTHCARE,LARGE,JSC_LISTED,PDPL,ROPA
11,HEALTHCARE,LARGE,JSC_LISTED,PDPL,DPIA
11,HEALTHCARE,LARGE,JSC_LISTED,PDPL,Consent Records
11,HEALTHCARE,LARGE,JSC_LISTED,PDPL,DSR Log
11,HEALTHCARE,LARGE,JSC_LISTED,PDPL,Breach Notification (72h SDAIA)
11,HEALTHCARE,LARGE,JSC_LISTED,ZATCA-EINV,E-Invoice XML/UBL Files
11,HEALTHCARE,LARGE,JSC_LISTED,ZATCA-EINV,QR Code Compliance
11,HEALTHCARE,LARGE,JSC_LISTED,ZATCA-EINV,Phase-2 Integration Cert
11,HEALTHCARE,LARGE,JSC_LISTED,NCA-CCC,Cloud Architecture
11,HEALTHCARE,LARGE,JSC_LISTED,NCA-CCC,Cloud Provider Assessment
11,HEALTHCARE,LARGE,JSC_LISTED,NCA-CCC,Data Residency Cert
12,HEALTHCARE,ENTERPRISE,GOV_AUTHORITY,CBAHI,Accreditation Certificate
12,HEALTHCARE,ENTERPRISE,GOV_AUTHORITY,CBAHI,Self-Assessment
12,HEALTHCARE,ENTERPRISE,GOV_AUTHORITY,CBAHI,On-Site Survey Report
12,HEALTHCARE,ENTERPRISE,GOV_AUTHORITY,DGA-DCC,Data Classification per NDMO
12,HEALTHCARE,ENTERPRISE,GOV_AUTHORITY,DGA-DCC,Government Data Protection Plan
12,HEALTHCARE,ENTERPRISE,GOV_AUTHORITY,MHRSD-LABOR,Employment Contracts
12,HEALTHCARE,ENTERPRISE,GOV_AUTHORITY,MHRSD-LABOR,Wage Protection System
12,HEALTHCARE,ENTERPRISE,GOV_AUTHORITY,MHRSD-LABOR,GOSI Registration
12,HEALTHCARE,ENTERPRISE,GOV_AUTHORITY,MHRSD-SAUDIZATION,Nitaqat Tier Certificate
12,HEALTHCARE,ENTERPRISE,GOV_AUTHORITY,MHRSD-SAUDIZATION,Saudi Employee Quota Compliance
12,HEALTHCARE,ENTERPRISE,GOV_AUTHORITY,MHRSD-SAUDIZATION,Mowamh Reports
12,HEALTHCARE,ENTERPRISE,GOV_AUTHORITY,MOCI-COMPANIES,Commercial Registration
12,HEALTHCARE,ENTERPRISE,GOV_AUTHORITY,MOCI-COMPANIES,Articles of Association
12,HEALTHCARE,ENTERPRISE,GOV_AUTHORITY,MOCI-COMPANIES,Annual Filing
12,HEALTHCARE,ENTERPRISE,GOV_AUTHORITY,MOH-HIS,EMR Implementation
12,HEALTHCARE,ENTERPRISE,GOV_AUTHORITY,MOH-HIS,Clinical Audit
12,HEALTHCARE,ENTERPRISE,GOV_AUTHORITY,MOH-HIS,Medication Reconciliation
12,HEALTHCARE,ENTERPRISE,GOV_AUTHORITY,MOH-PATIENT-SAFETY,Patient Safety Reports
12,HEALTHCARE,ENTERPRISE,GOV_AUTHORITY,MOH-PATIENT-SAFETY,Sentinel Event Investigations
12,HEALTHCARE,ENTERPRISE,GOV_AUTHORITY,MOH-PATIENT-SAFETY,Quality KPIs
12,HEALTHCARE,ENTERPRISE,GOV_AUTHORITY,NCA-ECC,Cybersecurity Strategy
12,HEALTHCARE,ENTERPRISE,GOV_AUTHORITY,NCA-ECC,Risk Register
12,HEALTHCARE,ENTERPRISE,GOV_AUTHORITY,NCA-ECC,MFA Configuration
12,HEALTHCARE,ENTERPRISE,GOV_AUTHORITY,NCA-ECC,SIEM Logs
12,HEALTHCARE,ENTERPRISE,GOV_AUTHORITY,NCA-ECC,Pen Test Report
12,HEALTHCARE,ENTERPRISE,GOV_AUTHORITY,NCA-ECC,Incident Response Plan
12,HEALTHCARE,ENTERPRISE,GOV_AUTHORITY,NCNICC,Cybersecurity Self-Assessment
12,HEALTHCARE,ENTERPRISE,GOV_AUTHORITY,NCNICC,Risk Register
12,HEALTHCARE,ENTERPRISE,GOV_AUTHORITY,NCNICC,Annual NCA Filing
12,HEALTHCARE,ENTERPRISE,GOV_AUTHORITY,NDMO-DM,Data Catalog
12,HEALTHCARE,ENTERPRISE,GOV_AUTHORITY,NDMO-DM,Data Quality Reports
12,HEALTHCARE,ENTERPRISE,GOV_AUTHORITY,NDMO-DM,Open Data Publication
12,HEALTHCARE,ENTERPRISE,GOV_AUTHORITY,PDPL,Privacy Notice
12,HEALTHCARE,ENTERPRISE,GOV_AUTHORITY,PDPL,ROPA
12,HEALTHCARE,ENTERPRISE,GOV_AUTHORITY,PDPL,DPIA
12,HEALTHCARE,ENTERPRISE,GOV_AUTHORITY,PDPL,Consent Records
12,HEALTHCARE,ENTERPRISE,GOV_AUTHORITY,PDPL,DSR Log
12,HEALTHCARE,ENTERPRISE,GOV_AUTHORITY,PDPL,Breach Notification (72h SDAIA)
12,HEALTHCARE,ENTERPRISE,GOV_AUTHORITY,ZATCA-EINV,E-Invoice XML/UBL Files
12,HEALTHCARE,ENTERPRISE,GOV_AUTHORITY,ZATCA-EINV,QR Code Compliance
12,HEALTHCARE,ENTERPRISE,GOV_AUTHORITY,ZATCA-EINV,Phase-2 Integration Cert
12,HEALTHCARE,ENTERPRISE,GOV_AUTHORITY,NCA-CCC,Cloud Architecture
12,HEALTHCARE,ENTERPRISE,GOV_AUTHORITY,NCA-CCC,Cloud Provider Assessment
12,HEALTHCARE,ENTERPRISE,GOV_AUTHORITY,NCA-CCC,Data Residency Cert
13,ECOMMERCE,MICRO,SOLE_PROP,MHRSD-LABOR,Employment Contracts
13,ECOMMERCE,MICRO,SOLE_PROP,MHRSD-LABOR,Wage Protection System
13,ECOMMERCE,MICRO,SOLE_PROP,MHRSD-LABOR,GOSI Registration
13,ECOMMERCE,MICRO,SOLE_PROP,MHRSD-SAUDIZATION,Nitaqat Tier Certificate
13,ECOMMERCE,MICRO,SOLE_PROP,MHRSD-SAUDIZATION,Saudi Employee Quota Compliance
13,ECOMMERCE,MICRO,SOLE_PROP,MHRSD-SAUDIZATION,Mowamh Reports
13,ECOMMERCE,MICRO,SOLE_PROP,MOCI-COMPANIES,Commercial Registration
13,ECOMMERCE,MICRO,SOLE_PROP,MOCI-COMPANIES,Articles of Association
13,ECOMMERCE,MICRO,SOLE_PROP,MOCI-COMPANIES,Annual Filing
13,ECOMMERCE,MICRO,SOLE_PROP,MOCI-CONSUMER,Refund/Return Policy
13,ECOMMERCE,MICRO,SOLE_PROP,MOCI-CONSUMER,Pricing Display
13,ECOMMERCE,MICRO,SOLE_PROP,MOCI-CONSUMER,Complaint Handling Log
13,ECOMMERCE,MICRO,SOLE_PROP,MOCI-ECOM,E-Commerce License
13,ECOMMERCE,MICRO,SOLE_PROP,MOCI-ECOM,Terms & Conditions
13,ECOMMERCE,MICRO,SOLE_PROP,MOCI-ECOM,Customer Authentication
13,ECOMMERCE,MICRO,SOLE_PROP,NCA-ECC,Cybersecurity Strategy
13,ECOMMERCE,MICRO,SOLE_PROP,NCA-ECC,Risk Register
13,ECOMMERCE,MICRO,SOLE_PROP,NCA-ECC,MFA Configuration
13,ECOMMERCE,MICRO,SOLE_PROP,NCA-ECC,SIEM Logs
13,ECOMMERCE,MICRO,SOLE_PROP,NCA-ECC,Pen Test Report
13,ECOMMERCE,MICRO,SOLE_PROP,NCA-ECC,Incident Response Plan
13,ECOMMERCE,MICRO,SOLE_PROP,PCI-DSS,AOC
13,ECOMMERCE,MICRO,SOLE_PROP,PCI-DSS,ROC (Level 1)
13,ECOMMERCE,MICRO,SOLE_PROP,PCI-DSS,ASV Scan Reports
13,ECOMMERCE,MICRO,SOLE_PROP,PCI-DSS,Network Segmentation Diagram
13,ECOMMERCE,MICRO,SOLE_PROP,PDPL,Privacy Notice
13,ECOMMERCE,MICRO,SOLE_PROP,PDPL,ROPA
13,ECOMMERCE,MICRO,SOLE_PROP,PDPL,DPIA
13,ECOMMERCE,MICRO,SOLE_PROP,PDPL,Consent Records
13,ECOMMERCE,MICRO,SOLE_PROP,PDPL,DSR Log
13,ECOMMERCE,MICRO,SOLE_PROP,PDPL,Breach Notification (72h SDAIA)
13,ECOMMERCE,MICRO,SOLE_PROP,ZATCA-EINV,E-Invoice XML/UBL Files
13,ECOMMERCE,MICRO,SOLE_PROP,ZATCA-EINV,QR Code Compliance
13,ECOMMERCE,MICRO,SOLE_PROP,ZATCA-EINV,Phase-2 Integration Cert
13,ECOMMERCE,MICRO,SOLE_PROP,ZATCA-VAT,VAT Returns
13,ECOMMERCE,MICRO,SOLE_PROP,ZATCA-VAT,Tax Invoices
13,ECOMMERCE,MICRO,SOLE_PROP,ZATCA-VAT,Input/Output VAT Reconciliation
13,ECOMMERCE,MICRO,SOLE_PROP,NCA-CCC,Cloud Architecture
13,ECOMMERCE,MICRO,SOLE_PROP,NCA-CCC,Cloud Provider Assessment
13,ECOMMERCE,MICRO,SOLE_PROP,NCA-CCC,Data Residency Cert
13,ECOMMERCE,MICRO,SOLE_PROP,NCNICC,Cybersecurity Self-Assessment
13,ECOMMERCE,MICRO,SOLE_PROP,NCNICC,Risk Register
13,ECOMMERCE,MICRO,SOLE_PROP,NCNICC,Annual NCA Filing
13,ECOMMERCE,MICRO,SOLE_PROP,PCI-DSS,AOC
13,ECOMMERCE,MICRO,SOLE_PROP,PCI-DSS,ROC (Level 1)
13,ECOMMERCE,MICRO,SOLE_PROP,PCI-DSS,ASV Scan Reports
13,ECOMMERCE,MICRO,SOLE_PROP,PCI-DSS,Network Segmentation Diagram
14,ECOMMERCE,SMALL,LLC,MHRSD-LABOR,Employment Contracts
14,ECOMMERCE,SMALL,LLC,MHRSD-LABOR,Wage Protection System
14,ECOMMERCE,SMALL,LLC,MHRSD-LABOR,GOSI Registration
14,ECOMMERCE,SMALL,LLC,MHRSD-SAUDIZATION,Nitaqat Tier Certificate
14,ECOMMERCE,SMALL,LLC,MHRSD-SAUDIZATION,Saudi Employee Quota Compliance
14,ECOMMERCE,SMALL,LLC,MHRSD-SAUDIZATION,Mowamh Reports
14,ECOMMERCE,SMALL,LLC,MOCI-COMPANIES,Commercial Registration
14,ECOMMERCE,SMALL,LLC,MOCI-COMPANIES,Articles of Association
14,ECOMMERCE,SMALL,LLC,MOCI-COMPANIES,Annual Filing
14,ECOMMERCE,SMALL,LLC,MOCI-CONSUMER,Refund/Return Policy
14,ECOMMERCE,SMALL,LLC,MOCI-CONSUMER,Pricing Display
14,ECOMMERCE,SMALL,LLC,MOCI-CONSUMER,Complaint Handling Log
14,ECOMMERCE,SMALL,LLC,MOCI-ECOM,E-Commerce License
14,ECOMMERCE,SMALL,LLC,MOCI-ECOM,Terms & Conditions
14,ECOMMERCE,SMALL,LLC,MOCI-ECOM,Customer Authentication
14,ECOMMERCE,SMALL,LLC,NCA-ECC,Cybersecurity Strategy
14,ECOMMERCE,SMALL,LLC,NCA-ECC,Risk Register
14,ECOMMERCE,SMALL,LLC,NCA-ECC,MFA Configuration
14,ECOMMERCE,SMALL,LLC,NCA-ECC,SIEM Logs
14,ECOMMERCE,SMALL,LLC,NCA-ECC,Pen Test Report
14,ECOMMERCE,SMALL,LLC,NCA-ECC,Incident Response Plan
14,ECOMMERCE,SMALL,LLC,PCI-DSS,AOC
14,ECOMMERCE,SMALL,LLC,PCI-DSS,ROC (Level 1)
14,ECOMMERCE,SMALL,LLC,PCI-DSS,ASV Scan Reports
14,ECOMMERCE,SMALL,LLC,PCI-DSS,Network Segmentation Diagram
14,ECOMMERCE,SMALL,LLC,PDPL,Privacy Notice
14,ECOMMERCE,SMALL,LLC,PDPL,ROPA
14,ECOMMERCE,SMALL,LLC,PDPL,DPIA
14,ECOMMERCE,SMALL,LLC,PDPL,Consent Records
14,ECOMMERCE,SMALL,LLC,PDPL,DSR Log
14,ECOMMERCE,SMALL,LLC,PDPL,Breach Notification (72h SDAIA)
14,ECOMMERCE,SMALL,LLC,ZATCA-EINV,E-Invoice XML/UBL Files
14,ECOMMERCE,SMALL,LLC,ZATCA-EINV,QR Code Compliance
14,ECOMMERCE,SMALL,LLC,ZATCA-EINV,Phase-2 Integration Cert
14,ECOMMERCE,SMALL,LLC,ZATCA-VAT,VAT Returns
14,ECOMMERCE,SMALL,LLC,ZATCA-VAT,Tax Invoices
14,ECOMMERCE,SMALL,LLC,ZATCA-VAT,Input/Output VAT Reconciliation
14,ECOMMERCE,SMALL,LLC,NCA-CCC,Cloud Architecture
14,ECOMMERCE,SMALL,LLC,NCA-CCC,Cloud Provider Assessment
14,ECOMMERCE,SMALL,LLC,NCA-CCC,Data Residency Cert
14,ECOMMERCE,SMALL,LLC,NCNICC,Cybersecurity Self-Assessment
14,ECOMMERCE,SMALL,LLC,NCNICC,Risk Register
14,ECOMMERCE,SMALL,LLC,NCNICC,Annual NCA Filing
14,ECOMMERCE,SMALL,LLC,PCI-DSS,AOC
14,ECOMMERCE,SMALL,LLC,PCI-DSS,ROC (Level 1)
14,ECOMMERCE,SMALL,LLC,PCI-DSS,ASV Scan Reports
14,ECOMMERCE,SMALL,LLC,PCI-DSS,Network Segmentation Diagram
15,ECOMMERCE,MEDIUM,LLC,MHRSD-LABOR,Employment Contracts
15,ECOMMERCE,MEDIUM,LLC,MHRSD-LABOR,Wage Protection System
15,ECOMMERCE,MEDIUM,LLC,MHRSD-LABOR,GOSI Registration
15,ECOMMERCE,MEDIUM,LLC,MHRSD-SAUDIZATION,Nitaqat Tier Certificate
15,ECOMMERCE,MEDIUM,LLC,MHRSD-SAUDIZATION,Saudi Employee Quota Compliance
15,ECOMMERCE,MEDIUM,LLC,MHRSD-SAUDIZATION,Mowamh Reports
15,ECOMMERCE,MEDIUM,LLC,MOCI-COMPANIES,Commercial Registration
15,ECOMMERCE,MEDIUM,LLC,MOCI-COMPANIES,Articles of Association
15,ECOMMERCE,MEDIUM,LLC,MOCI-COMPANIES,Annual Filing
15,ECOMMERCE,MEDIUM,LLC,MOCI-CONSUMER,Refund/Return Policy
15,ECOMMERCE,MEDIUM,LLC,MOCI-CONSUMER,Pricing Display
15,ECOMMERCE,MEDIUM,LLC,MOCI-CONSUMER,Complaint Handling Log
15,ECOMMERCE,MEDIUM,LLC,MOCI-ECOM,E-Commerce License
15,ECOMMERCE,MEDIUM,LLC,MOCI-ECOM,Terms & Conditions
15,ECOMMERCE,MEDIUM,LLC,MOCI-ECOM,Customer Authentication
15,ECOMMERCE,MEDIUM,LLC,NCA-ECC,Cybersecurity Strategy
15,ECOMMERCE,MEDIUM,LLC,NCA-ECC,Risk Register
15,ECOMMERCE,MEDIUM,LLC,NCA-ECC,MFA Configuration
15,ECOMMERCE,MEDIUM,LLC,NCA-ECC,SIEM Logs
15,ECOMMERCE,MEDIUM,LLC,NCA-ECC,Pen Test Report
15,ECOMMERCE,MEDIUM,LLC,NCA-ECC,Incident Response Plan
15,ECOMMERCE,MEDIUM,LLC,PCI-DSS,AOC
15,ECOMMERCE,MEDIUM,LLC,PCI-DSS,ROC (Level 1)
15,ECOMMERCE,MEDIUM,LLC,PCI-DSS,ASV Scan Reports
15,ECOMMERCE,MEDIUM,LLC,PCI-DSS,Network Segmentation Diagram
15,ECOMMERCE,MEDIUM,LLC,PDPL,Privacy Notice
15,ECOMMERCE,MEDIUM,LLC,PDPL,ROPA
15,ECOMMERCE,MEDIUM,LLC,PDPL,DPIA
15,ECOMMERCE,MEDIUM,LLC,PDPL,Consent Records
15,ECOMMERCE,MEDIUM,LLC,PDPL,DSR Log
15,ECOMMERCE,MEDIUM,LLC,PDPL,Breach Notification (72h SDAIA)
15,ECOMMERCE,MEDIUM,LLC,ZATCA-EINV,E-Invoice XML/UBL Files
15,ECOMMERCE,MEDIUM,LLC,ZATCA-EINV,QR Code Compliance
15,ECOMMERCE,MEDIUM,LLC,ZATCA-EINV,Phase-2 Integration Cert
15,ECOMMERCE,MEDIUM,LLC,ZATCA-VAT,VAT Returns
15,ECOMMERCE,MEDIUM,LLC,ZATCA-VAT,Tax Invoices
15,ECOMMERCE,MEDIUM,LLC,ZATCA-VAT,Input/Output VAT Reconciliation
15,ECOMMERCE,MEDIUM,LLC,NCA-CCC,Cloud Architecture
15,ECOMMERCE,MEDIUM,LLC,NCA-CCC,Cloud Provider Assessment
15,ECOMMERCE,MEDIUM,LLC,NCA-CCC,Data Residency Cert
15,ECOMMERCE,MEDIUM,LLC,NCNICC,Cybersecurity Self-Assessment
15,ECOMMERCE,MEDIUM,LLC,NCNICC,Risk Register
15,ECOMMERCE,MEDIUM,LLC,NCNICC,Annual NCA Filing
15,ECOMMERCE,MEDIUM,LLC,PCI-DSS,AOC
15,ECOMMERCE,MEDIUM,LLC,PCI-DSS,ROC (Level 1)
15,ECOMMERCE,MEDIUM,LLC,PCI-DSS,ASV Scan Reports
15,ECOMMERCE,MEDIUM,LLC,PCI-DSS,Network Segmentation Diagram
16,ECOMMERCE,LARGE,JSC_LISTED,CMA-CG,Board Composition
16,ECOMMERCE,LARGE,JSC_LISTED,CMA-CG,Board Charter
16,ECOMMERCE,LARGE,JSC_LISTED,CMA-CG,Audit Committee Charter
16,ECOMMERCE,LARGE,JSC_LISTED,CMA-CG,Related Party Transactions Log
16,ECOMMERCE,LARGE,JSC_LISTED,CMA-DISCLOSURE,Annual Report
16,ECOMMERCE,LARGE,JSC_LISTED,CMA-DISCLOSURE,Material Event Disclosures
16,ECOMMERCE,LARGE,JSC_LISTED,CMA-DISCLOSURE,Insider Trading Logs
16,ECOMMERCE,LARGE,JSC_LISTED,CMA-IC,Internal Controls Assessment
16,ECOMMERCE,LARGE,JSC_LISTED,CMA-IC,External Audit Report
16,ECOMMERCE,LARGE,JSC_LISTED,CMA-IC,Internal Audit Plan
16,ECOMMERCE,LARGE,JSC_LISTED,MHRSD-LABOR,Employment Contracts
16,ECOMMERCE,LARGE,JSC_LISTED,MHRSD-LABOR,Wage Protection System
16,ECOMMERCE,LARGE,JSC_LISTED,MHRSD-LABOR,GOSI Registration
16,ECOMMERCE,LARGE,JSC_LISTED,MHRSD-SAUDIZATION,Nitaqat Tier Certificate
16,ECOMMERCE,LARGE,JSC_LISTED,MHRSD-SAUDIZATION,Saudi Employee Quota Compliance
16,ECOMMERCE,LARGE,JSC_LISTED,MHRSD-SAUDIZATION,Mowamh Reports
16,ECOMMERCE,LARGE,JSC_LISTED,MOCI-COMPANIES,Commercial Registration
16,ECOMMERCE,LARGE,JSC_LISTED,MOCI-COMPANIES,Articles of Association
16,ECOMMERCE,LARGE,JSC_LISTED,MOCI-COMPANIES,Annual Filing
16,ECOMMERCE,LARGE,JSC_LISTED,MOCI-CONSUMER,Refund/Return Policy
16,ECOMMERCE,LARGE,JSC_LISTED,MOCI-CONSUMER,Pricing Display
16,ECOMMERCE,LARGE,JSC_LISTED,MOCI-CONSUMER,Complaint Handling Log
16,ECOMMERCE,LARGE,JSC_LISTED,MOCI-ECOM,E-Commerce License
16,ECOMMERCE,LARGE,JSC_LISTED,MOCI-ECOM,Terms & Conditions
16,ECOMMERCE,LARGE,JSC_LISTED,MOCI-ECOM,Customer Authentication
16,ECOMMERCE,LARGE,JSC_LISTED,NCA-ECC,Cybersecurity Strategy
16,ECOMMERCE,LARGE,JSC_LISTED,NCA-ECC,Risk Register
16,ECOMMERCE,LARGE,JSC_LISTED,NCA-ECC,MFA Configuration
16,ECOMMERCE,LARGE,JSC_LISTED,NCA-ECC,SIEM Logs
16,ECOMMERCE,LARGE,JSC_LISTED,NCA-ECC,Pen Test Report
16,ECOMMERCE,LARGE,JSC_LISTED,NCA-ECC,Incident Response Plan
16,ECOMMERCE,LARGE,JSC_LISTED,PCI-DSS,AOC
16,ECOMMERCE,LARGE,JSC_LISTED,PCI-DSS,ROC (Level 1)
16,ECOMMERCE,LARGE,JSC_LISTED,PCI-DSS,ASV Scan Reports
16,ECOMMERCE,LARGE,JSC_LISTED,PCI-DSS,Network Segmentation Diagram
16,ECOMMERCE,LARGE,JSC_LISTED,PDPL,Privacy Notice
16,ECOMMERCE,LARGE,JSC_LISTED,PDPL,ROPA
16,ECOMMERCE,LARGE,JSC_LISTED,PDPL,DPIA
16,ECOMMERCE,LARGE,JSC_LISTED,PDPL,Consent Records
16,ECOMMERCE,LARGE,JSC_LISTED,PDPL,DSR Log
16,ECOMMERCE,LARGE,JSC_LISTED,PDPL,Breach Notification (72h SDAIA)
16,ECOMMERCE,LARGE,JSC_LISTED,ZATCA-EINV,E-Invoice XML/UBL Files
16,ECOMMERCE,LARGE,JSC_LISTED,ZATCA-EINV,QR Code Compliance
16,ECOMMERCE,LARGE,JSC_LISTED,ZATCA-EINV,Phase-2 Integration Cert
16,ECOMMERCE,LARGE,JSC_LISTED,ZATCA-VAT,VAT Returns
16,ECOMMERCE,LARGE,JSC_LISTED,ZATCA-VAT,Tax Invoices
16,ECOMMERCE,LARGE,JSC_LISTED,ZATCA-VAT,Input/Output VAT Reconciliation
16,ECOMMERCE,LARGE,JSC_LISTED,NCA-CCC,Cloud Architecture
16,ECOMMERCE,LARGE,JSC_LISTED,NCA-CCC,Cloud Provider Assessment
16,ECOMMERCE,LARGE,JSC_LISTED,NCA-CCC,Data Residency Cert
16,ECOMMERCE,LARGE,JSC_LISTED,NCNICC,Cybersecurity Self-Assessment
16,ECOMMERCE,LARGE,JSC_LISTED,NCNICC,Risk Register
16,ECOMMERCE,LARGE,JSC_LISTED,NCNICC,Annual NCA Filing
16,ECOMMERCE,LARGE,JSC_LISTED,PCI-DSS,AOC
16,ECOMMERCE,LARGE,JSC_LISTED,PCI-DSS,ROC (Level 1)
16,ECOMMERCE,LARGE,JSC_LISTED,PCI-DSS,ASV Scan Reports
16,ECOMMERCE,LARGE,JSC_LISTED,PCI-DSS,Network Segmentation Diagram
17,CLOUD_IT,SMALL,LLC,CST-CLOUD,Cloud Service Provider Registration
17,CLOUD_IT,SMALL,LLC,CST-CLOUD,Customer Data Protection
17,CLOUD_IT,SMALL,LLC,CST-CLOUD,SLA Compliance
17,CLOUD_IT,SMALL,LLC,ISO27017,Cloud Security Policy
17,CLOUD_IT,SMALL,LLC,ISO27017,Cloud SLA
17,CLOUD_IT,SMALL,LLC,ISO27018,Cloud PII Protection Policy
17,CLOUD_IT,SMALL,LLC,MHRSD-LABOR,Employment Contracts
17,CLOUD_IT,SMALL,LLC,MHRSD-LABOR,Wage Protection System
17,CLOUD_IT,SMALL,LLC,MHRSD-LABOR,GOSI Registration
17,CLOUD_IT,SMALL,LLC,MOCI-COMPANIES,Commercial Registration
17,CLOUD_IT,SMALL,LLC,MOCI-COMPANIES,Articles of Association
17,CLOUD_IT,SMALL,LLC,MOCI-COMPANIES,Annual Filing
17,CLOUD_IT,SMALL,LLC,NCA-CCC,Cloud Architecture
17,CLOUD_IT,SMALL,LLC,NCA-CCC,Cloud Provider Assessment
17,CLOUD_IT,SMALL,LLC,NCA-CCC,Data Residency Cert
17,CLOUD_IT,SMALL,LLC,NCA-ECC,Cybersecurity Strategy
17,CLOUD_IT,SMALL,LLC,NCA-ECC,Risk Register
17,CLOUD_IT,SMALL,LLC,NCA-ECC,MFA Configuration
17,CLOUD_IT,SMALL,LLC,NCA-ECC,SIEM Logs
17,CLOUD_IT,SMALL,LLC,NCA-ECC,Pen Test Report
17,CLOUD_IT,SMALL,LLC,NCA-ECC,Incident Response Plan
17,CLOUD_IT,SMALL,LLC,NCNICC,Cybersecurity Self-Assessment
17,CLOUD_IT,SMALL,LLC,NCNICC,Risk Register
17,CLOUD_IT,SMALL,LLC,NCNICC,Annual NCA Filing
17,CLOUD_IT,SMALL,LLC,PDPL,Privacy Notice
17,CLOUD_IT,SMALL,LLC,PDPL,ROPA
17,CLOUD_IT,SMALL,LLC,PDPL,DPIA
17,CLOUD_IT,SMALL,LLC,PDPL,Consent Records
17,CLOUD_IT,SMALL,LLC,PDPL,DSR Log
17,CLOUD_IT,SMALL,LLC,PDPL,Breach Notification (72h SDAIA)
17,CLOUD_IT,SMALL,LLC,SOC2,SOC 2 Type II Report
17,CLOUD_IT,SMALL,LLC,SOC2,Trust Services Criteria Mapping
17,CLOUD_IT,SMALL,LLC,ZATCA-EINV,E-Invoice XML/UBL Files
17,CLOUD_IT,SMALL,LLC,ZATCA-EINV,QR Code Compliance
17,CLOUD_IT,SMALL,LLC,ZATCA-EINV,Phase-2 Integration Cert
18,CLOUD_IT,MEDIUM,LLC,CST-CLOUD,Cloud Service Provider Registration
18,CLOUD_IT,MEDIUM,LLC,CST-CLOUD,Customer Data Protection
18,CLOUD_IT,MEDIUM,LLC,CST-CLOUD,SLA Compliance
18,CLOUD_IT,MEDIUM,LLC,ISO27017,Cloud Security Policy
18,CLOUD_IT,MEDIUM,LLC,ISO27017,Cloud SLA
18,CLOUD_IT,MEDIUM,LLC,ISO27018,Cloud PII Protection Policy
18,CLOUD_IT,MEDIUM,LLC,MHRSD-LABOR,Employment Contracts
18,CLOUD_IT,MEDIUM,LLC,MHRSD-LABOR,Wage Protection System
18,CLOUD_IT,MEDIUM,LLC,MHRSD-LABOR,GOSI Registration
18,CLOUD_IT,MEDIUM,LLC,MOCI-COMPANIES,Commercial Registration
18,CLOUD_IT,MEDIUM,LLC,MOCI-COMPANIES,Articles of Association
18,CLOUD_IT,MEDIUM,LLC,MOCI-COMPANIES,Annual Filing
18,CLOUD_IT,MEDIUM,LLC,NCA-CCC,Cloud Architecture
18,CLOUD_IT,MEDIUM,LLC,NCA-CCC,Cloud Provider Assessment
18,CLOUD_IT,MEDIUM,LLC,NCA-CCC,Data Residency Cert
18,CLOUD_IT,MEDIUM,LLC,NCA-ECC,Cybersecurity Strategy
18,CLOUD_IT,MEDIUM,LLC,NCA-ECC,Risk Register
18,CLOUD_IT,MEDIUM,LLC,NCA-ECC,MFA Configuration
18,CLOUD_IT,MEDIUM,LLC,NCA-ECC,SIEM Logs
18,CLOUD_IT,MEDIUM,LLC,NCA-ECC,Pen Test Report
18,CLOUD_IT,MEDIUM,LLC,NCA-ECC,Incident Response Plan
18,CLOUD_IT,MEDIUM,LLC,NCNICC,Cybersecurity Self-Assessment
18,CLOUD_IT,MEDIUM,LLC,NCNICC,Risk Register
18,CLOUD_IT,MEDIUM,LLC,NCNICC,Annual NCA Filing
18,CLOUD_IT,MEDIUM,LLC,PDPL,Privacy Notice
18,CLOUD_IT,MEDIUM,LLC,PDPL,ROPA
18,CLOUD_IT,MEDIUM,LLC,PDPL,DPIA
18,CLOUD_IT,MEDIUM,LLC,PDPL,Consent Records
18,CLOUD_IT,MEDIUM,LLC,PDPL,DSR Log
18,CLOUD_IT,MEDIUM,LLC,PDPL,Breach Notification (72h SDAIA)
18,CLOUD_IT,MEDIUM,LLC,SOC2,SOC 2 Type II Report
18,CLOUD_IT,MEDIUM,LLC,SOC2,Trust Services Criteria Mapping
18,CLOUD_IT,MEDIUM,LLC,ZATCA-EINV,E-Invoice XML/UBL Files
18,CLOUD_IT,MEDIUM,LLC,ZATCA-EINV,QR Code Compliance
18,CLOUD_IT,MEDIUM,LLC,ZATCA-EINV,Phase-2 Integration Cert
19,CLOUD_IT,LARGE,FOREIGN_BRANCH,CST-CLOUD,Cloud Service Provider Registration
19,CLOUD_IT,LARGE,FOREIGN_BRANCH,CST-CLOUD,Customer Data Protection
19,CLOUD_IT,LARGE,FOREIGN_BRANCH,CST-CLOUD,SLA Compliance
19,CLOUD_IT,LARGE,FOREIGN_BRANCH,ISO27017,Cloud Security Policy
19,CLOUD_IT,LARGE,FOREIGN_BRANCH,ISO27017,Cloud SLA
19,CLOUD_IT,LARGE,FOREIGN_BRANCH,ISO27018,Cloud PII Protection Policy
19,CLOUD_IT,LARGE,FOREIGN_BRANCH,MHRSD-LABOR,Employment Contracts
19,CLOUD_IT,LARGE,FOREIGN_BRANCH,MHRSD-LABOR,Wage Protection System
19,CLOUD_IT,LARGE,FOREIGN_BRANCH,MHRSD-LABOR,GOSI Registration
19,CLOUD_IT,LARGE,FOREIGN_BRANCH,MOCI-COMPANIES,Commercial Registration
19,CLOUD_IT,LARGE,FOREIGN_BRANCH,MOCI-COMPANIES,Articles of Association
19,CLOUD_IT,LARGE,FOREIGN_BRANCH,MOCI-COMPANIES,Annual Filing
19,CLOUD_IT,LARGE,FOREIGN_BRANCH,NCA-CCC,Cloud Architecture
19,CLOUD_IT,LARGE,FOREIGN_BRANCH,NCA-CCC,Cloud Provider Assessment
19,CLOUD_IT,LARGE,FOREIGN_BRANCH,NCA-CCC,Data Residency Cert
19,CLOUD_IT,LARGE,FOREIGN_BRANCH,NCA-ECC,Cybersecurity Strategy
19,CLOUD_IT,LARGE,FOREIGN_BRANCH,NCA-ECC,Risk Register
19,CLOUD_IT,LARGE,FOREIGN_BRANCH,NCA-ECC,MFA Configuration
19,CLOUD_IT,LARGE,FOREIGN_BRANCH,NCA-ECC,SIEM Logs
19,CLOUD_IT,LARGE,FOREIGN_BRANCH,NCA-ECC,Pen Test Report
19,CLOUD_IT,LARGE,FOREIGN_BRANCH,NCA-ECC,Incident Response Plan
19,CLOUD_IT,LARGE,FOREIGN_BRANCH,NCNICC,Cybersecurity Self-Assessment
19,CLOUD_IT,LARGE,FOREIGN_BRANCH,NCNICC,Risk Register
19,CLOUD_IT,LARGE,FOREIGN_BRANCH,NCNICC,Annual NCA Filing
19,CLOUD_IT,LARGE,FOREIGN_BRANCH,PDPL,Privacy Notice
19,CLOUD_IT,LARGE,FOREIGN_BRANCH,PDPL,ROPA
19,CLOUD_IT,LARGE,FOREIGN_BRANCH,PDPL,DPIA
19,CLOUD_IT,LARGE,FOREIGN_BRANCH,PDPL,Consent Records
19,CLOUD_IT,LARGE,FOREIGN_BRANCH,PDPL,DSR Log
19,CLOUD_IT,LARGE,FOREIGN_BRANCH,PDPL,Breach Notification (72h SDAIA)
19,CLOUD_IT,LARGE,FOREIGN_BRANCH,SOC2,SOC 2 Type II Report
19,CLOUD_IT,LARGE,FOREIGN_BRANCH,SOC2,Trust Services Criteria Mapping
19,CLOUD_IT,LARGE,FOREIGN_BRANCH,ZATCA-EINV,E-Invoice XML/UBL Files
19,CLOUD_IT,LARGE,FOREIGN_BRANCH,ZATCA-EINV,QR Code Compliance
19,CLOUD_IT,LARGE,FOREIGN_BRANCH,ZATCA-EINV,Phase-2 Integration Cert
20,CLOUD_IT,ENTERPRISE,JSC_LISTED,CMA-CG,Board Composition
20,CLOUD_IT,ENTERPRISE,JSC_LISTED,CMA-CG,Board Charter
20,CLOUD_IT,ENTERPRISE,JSC_LISTED,CMA-CG,Audit Committee Charter
20,CLOUD_IT,ENTERPRISE,JSC_LISTED,CMA-CG,Related Party Transactions Log
20,CLOUD_IT,ENTERPRISE,JSC_LISTED,CMA-DISCLOSURE,Annual Report
20,CLOUD_IT,ENTERPRISE,JSC_LISTED,CMA-DISCLOSURE,Material Event Disclosures
20,CLOUD_IT,ENTERPRISE,JSC_LISTED,CMA-DISCLOSURE,Insider Trading Logs
20,CLOUD_IT,ENTERPRISE,JSC_LISTED,CMA-IC,Internal Controls Assessment
20,CLOUD_IT,ENTERPRISE,JSC_LISTED,CMA-IC,External Audit Report
20,CLOUD_IT,ENTERPRISE,JSC_LISTED,CMA-IC,Internal Audit Plan
20,CLOUD_IT,ENTERPRISE,JSC_LISTED,CST-CLOUD,Cloud Service Provider Registration
20,CLOUD_IT,ENTERPRISE,JSC_LISTED,CST-CLOUD,Customer Data Protection
20,CLOUD_IT,ENTERPRISE,JSC_LISTED,CST-CLOUD,SLA Compliance
20,CLOUD_IT,ENTERPRISE,JSC_LISTED,ISO27017,Cloud Security Policy
20,CLOUD_IT,ENTERPRISE,JSC_LISTED,ISO27017,Cloud SLA
20,CLOUD_IT,ENTERPRISE,JSC_LISTED,ISO27018,Cloud PII Protection Policy
20,CLOUD_IT,ENTERPRISE,JSC_LISTED,MHRSD-LABOR,Employment Contracts
20,CLOUD_IT,ENTERPRISE,JSC_LISTED,MHRSD-LABOR,Wage Protection System
20,CLOUD_IT,ENTERPRISE,JSC_LISTED,MHRSD-LABOR,GOSI Registration
20,CLOUD_IT,ENTERPRISE,JSC_LISTED,MOCI-COMPANIES,Commercial Registration
20,CLOUD_IT,ENTERPRISE,JSC_LISTED,MOCI-COMPANIES,Articles of Association
20,CLOUD_IT,ENTERPRISE,JSC_LISTED,MOCI-COMPANIES,Annual Filing
20,CLOUD_IT,ENTERPRISE,JSC_LISTED,NCA-CCC,Cloud Architecture
20,CLOUD_IT,ENTERPRISE,JSC_LISTED,NCA-CCC,Cloud Provider Assessment
20,CLOUD_IT,ENTERPRISE,JSC_LISTED,NCA-CCC,Data Residency Cert
20,CLOUD_IT,ENTERPRISE,JSC_LISTED,NCA-ECC,Cybersecurity Strategy
20,CLOUD_IT,ENTERPRISE,JSC_LISTED,NCA-ECC,Risk Register
20,CLOUD_IT,ENTERPRISE,JSC_LISTED,NCA-ECC,MFA Configuration
20,CLOUD_IT,ENTERPRISE,JSC_LISTED,NCA-ECC,SIEM Logs
20,CLOUD_IT,ENTERPRISE,JSC_LISTED,NCA-ECC,Pen Test Report
20,CLOUD_IT,ENTERPRISE,JSC_LISTED,NCA-ECC,Incident Response Plan
20,CLOUD_IT,ENTERPRISE,JSC_LISTED,NCNICC,Cybersecurity Self-Assessment
20,CLOUD_IT,ENTERPRISE,JSC_LISTED,NCNICC,Risk Register
20,CLOUD_IT,ENTERPRISE,JSC_LISTED,NCNICC,Annual NCA Filing
20,CLOUD_IT,ENTERPRISE,JSC_LISTED,PDPL,Privacy Notice
20,CLOUD_IT,ENTERPRISE,JSC_LISTED,PDPL,ROPA
20,CLOUD_IT,ENTERPRISE,JSC_LISTED,PDPL,DPIA
20,CLOUD_IT,ENTERPRISE,JSC_LISTED,PDPL,Consent Records
20,CLOUD_IT,ENTERPRISE,JSC_LISTED,PDPL,DSR Log
20,CLOUD_IT,ENTERPRISE,JSC_LISTED,PDPL,Breach Notification (72h SDAIA)
20,CLOUD_IT,ENTERPRISE,JSC_LISTED,SOC2,SOC 2 Type II Report
20,CLOUD_IT,ENTERPRISE,JSC_LISTED,SOC2,Trust Services Criteria Mapping
20,CLOUD_IT,ENTERPRISE,JSC_LISTED,ZATCA-EINV,E-Invoice XML/UBL Files
20,CLOUD_IT,ENTERPRISE,JSC_LISTED,ZATCA-EINV,QR Code Compliance
20,CLOUD_IT,ENTERPRISE,JSC_LISTED,ZATCA-EINV,Phase-2 Integration Cert
21,GOVERNMENT,ENTERPRISE,GOV_MINISTRY,DGA-DCC,Data Classification per NDMO
21,GOVERNMENT,ENTERPRISE,GOV_MINISTRY,DGA-DCC,Government Data Protection Plan
21,GOVERNMENT,ENTERPRISE,GOV_MINISTRY,MHRSD-LABOR,Employment Contracts
21,GOVERNMENT,ENTERPRISE,GOV_MINISTRY,MHRSD-LABOR,Wage Protection System
21,GOVERNMENT,ENTERPRISE,GOV_MINISTRY,MHRSD-LABOR,GOSI Registration
21,GOVERNMENT,ENTERPRISE,GOV_MINISTRY,NCA-ECC,Cybersecurity Strategy
21,GOVERNMENT,ENTERPRISE,GOV_MINISTRY,NCA-ECC,Risk Register
21,GOVERNMENT,ENTERPRISE,GOV_MINISTRY,NCA-ECC,MFA Configuration
21,GOVERNMENT,ENTERPRISE,GOV_MINISTRY,NCA-ECC,SIEM Logs
21,GOVERNMENT,ENTERPRISE,GOV_MINISTRY,NCA-ECC,Pen Test Report
21,GOVERNMENT,ENTERPRISE,GOV_MINISTRY,NCA-ECC,Incident Response Plan
21,GOVERNMENT,ENTERPRISE,GOV_MINISTRY,NDMO-DM,Data Catalog
21,GOVERNMENT,ENTERPRISE,GOV_MINISTRY,NDMO-DM,Data Quality Reports
21,GOVERNMENT,ENTERPRISE,GOV_MINISTRY,NDMO-DM,Open Data Publication
21,GOVERNMENT,ENTERPRISE,GOV_MINISTRY,PDPL,Privacy Notice
21,GOVERNMENT,ENTERPRISE,GOV_MINISTRY,PDPL,ROPA
21,GOVERNMENT,ENTERPRISE,GOV_MINISTRY,PDPL,DPIA
21,GOVERNMENT,ENTERPRISE,GOV_MINISTRY,PDPL,Consent Records
21,GOVERNMENT,ENTERPRISE,GOV_MINISTRY,PDPL,DSR Log
21,GOVERNMENT,ENTERPRISE,GOV_MINISTRY,PDPL,Breach Notification (72h SDAIA)
21,GOVERNMENT,ENTERPRISE,GOV_MINISTRY,NCA-CCC,Cloud Architecture
21,GOVERNMENT,ENTERPRISE,GOV_MINISTRY,NCA-CCC,Cloud Provider Assessment
21,GOVERNMENT,ENTERPRISE,GOV_MINISTRY,NCA-CCC,Data Residency Cert
21,GOVERNMENT,ENTERPRISE,GOV_MINISTRY,NCA-OTCC,OT Network Segmentation
21,GOVERNMENT,ENTERPRISE,GOV_MINISTRY,NCA-OTCC,ICS Inventory
21,GOVERNMENT,ENTERPRISE,GOV_MINISTRY,NCA-OTCC,OT Patch Records
22,GOVERNMENT,LARGE,GOV_AUTHORITY,DGA-DCC,Data Classification per NDMO
22,GOVERNMENT,LARGE,GOV_AUTHORITY,DGA-DCC,Government Data Protection Plan
22,GOVERNMENT,LARGE,GOV_AUTHORITY,MHRSD-LABOR,Employment Contracts
22,GOVERNMENT,LARGE,GOV_AUTHORITY,MHRSD-LABOR,Wage Protection System
22,GOVERNMENT,LARGE,GOV_AUTHORITY,MHRSD-LABOR,GOSI Registration
22,GOVERNMENT,LARGE,GOV_AUTHORITY,NCA-ECC,Cybersecurity Strategy
22,GOVERNMENT,LARGE,GOV_AUTHORITY,NCA-ECC,Risk Register
22,GOVERNMENT,LARGE,GOV_AUTHORITY,NCA-ECC,MFA Configuration
22,GOVERNMENT,LARGE,GOV_AUTHORITY,NCA-ECC,SIEM Logs
22,GOVERNMENT,LARGE,GOV_AUTHORITY,NCA-ECC,Pen Test Report
22,GOVERNMENT,LARGE,GOV_AUTHORITY,NCA-ECC,Incident Response Plan
22,GOVERNMENT,LARGE,GOV_AUTHORITY,NDMO-DM,Data Catalog
22,GOVERNMENT,LARGE,GOV_AUTHORITY,NDMO-DM,Data Quality Reports
22,GOVERNMENT,LARGE,GOV_AUTHORITY,NDMO-DM,Open Data Publication
22,GOVERNMENT,LARGE,GOV_AUTHORITY,PDPL,Privacy Notice
22,GOVERNMENT,LARGE,GOV_AUTHORITY,PDPL,ROPA
22,GOVERNMENT,LARGE,GOV_AUTHORITY,PDPL,DPIA
22,GOVERNMENT,LARGE,GOV_AUTHORITY,PDPL,Consent Records
22,GOVERNMENT,LARGE,GOV_AUTHORITY,PDPL,DSR Log
22,GOVERNMENT,LARGE,GOV_AUTHORITY,PDPL,Breach Notification (72h SDAIA)
22,GOVERNMENT,LARGE,GOV_AUTHORITY,NCA-CCC,Cloud Architecture
22,GOVERNMENT,LARGE,GOV_AUTHORITY,NCA-CCC,Cloud Provider Assessment
22,GOVERNMENT,LARGE,GOV_AUTHORITY,NCA-CCC,Data Residency Cert
22,GOVERNMENT,LARGE,GOV_AUTHORITY,NCA-OTCC,OT Network Segmentation
22,GOVERNMENT,LARGE,GOV_AUTHORITY,NCA-OTCC,ICS Inventory
22,GOVERNMENT,LARGE,GOV_AUTHORITY,NCA-OTCC,OT Patch Records
23,ENERGY,ENTERPRISE,PIF_OWNED,DGA-DCC,Data Classification per NDMO
23,ENERGY,ENTERPRISE,PIF_OWNED,DGA-DCC,Government Data Protection Plan
23,ENERGY,ENTERPRISE,PIF_OWNED,MHRSD-LABOR,Employment Contracts
23,ENERGY,ENTERPRISE,PIF_OWNED,MHRSD-LABOR,Wage Protection System
23,ENERGY,ENTERPRISE,PIF_OWNED,MHRSD-LABOR,GOSI Registration
23,ENERGY,ENTERPRISE,PIF_OWNED,MHRSD-SAUDIZATION,Nitaqat Tier Certificate
23,ENERGY,ENTERPRISE,PIF_OWNED,MHRSD-SAUDIZATION,Saudi Employee Quota Compliance
23,ENERGY,ENTERPRISE,PIF_OWNED,MHRSD-SAUDIZATION,Mowamh Reports
23,ENERGY,ENTERPRISE,PIF_OWNED,MOCI-COMPANIES,Commercial Registration
23,ENERGY,ENTERPRISE,PIF_OWNED,MOCI-COMPANIES,Articles of Association
23,ENERGY,ENTERPRISE,PIF_OWNED,MOCI-COMPANIES,Annual Filing
23,ENERGY,ENTERPRISE,PIF_OWNED,NCA-ECC,Cybersecurity Strategy
23,ENERGY,ENTERPRISE,PIF_OWNED,NCA-ECC,Risk Register
23,ENERGY,ENTERPRISE,PIF_OWNED,NCA-ECC,MFA Configuration
23,ENERGY,ENTERPRISE,PIF_OWNED,NCA-ECC,SIEM Logs
23,ENERGY,ENTERPRISE,PIF_OWNED,NCA-ECC,Pen Test Report
23,ENERGY,ENTERPRISE,PIF_OWNED,NCA-ECC,Incident Response Plan
23,ENERGY,ENTERPRISE,PIF_OWNED,NCA-OTCC,OT Network Segmentation
23,ENERGY,ENTERPRISE,PIF_OWNED,NCA-OTCC,ICS Inventory
23,ENERGY,ENTERPRISE,PIF_OWNED,NCA-OTCC,OT Patch Records
23,ENERGY,ENTERPRISE,PIF_OWNED,NCNICC,Cybersecurity Self-Assessment
23,ENERGY,ENTERPRISE,PIF_OWNED,NCNICC,Risk Register
23,ENERGY,ENTERPRISE,PIF_OWNED,NCNICC,Annual NCA Filing
23,ENERGY,ENTERPRISE,PIF_OWNED,PDPL,Privacy Notice
23,ENERGY,ENTERPRISE,PIF_OWNED,PDPL,ROPA
23,ENERGY,ENTERPRISE,PIF_OWNED,PDPL,DPIA
23,ENERGY,ENTERPRISE,PIF_OWNED,PDPL,Consent Records
23,ENERGY,ENTERPRISE,PIF_OWNED,PDPL,DSR Log
23,ENERGY,ENTERPRISE,PIF_OWNED,PDPL,Breach Notification (72h SDAIA)
23,ENERGY,ENTERPRISE,PIF_OWNED,ZATCA-EINV,E-Invoice XML/UBL Files
23,ENERGY,ENTERPRISE,PIF_OWNED,ZATCA-EINV,QR Code Compliance
23,ENERGY,ENTERPRISE,PIF_OWNED,ZATCA-EINV,Phase-2 Integration Cert
23,ENERGY,ENTERPRISE,PIF_OWNED,ZATCA-VAT,VAT Returns
23,ENERGY,ENTERPRISE,PIF_OWNED,ZATCA-VAT,Tax Invoices
23,ENERGY,ENTERPRISE,PIF_OWNED,ZATCA-VAT,Input/Output VAT Reconciliation
23,ENERGY,ENTERPRISE,PIF_OWNED,NCA-CCC,Cloud Architecture
23,ENERGY,ENTERPRISE,PIF_OWNED,NCA-CCC,Cloud Provider Assessment
23,ENERGY,ENTERPRISE,PIF_OWNED,NCA-CCC,Data Residency Cert
24,ENERGY,LARGE,JSC_LISTED,CMA-CG,Board Composition
24,ENERGY,LARGE,JSC_LISTED,CMA-CG,Board Charter
24,ENERGY,LARGE,JSC_LISTED,CMA-CG,Audit Committee Charter
24,ENERGY,LARGE,JSC_LISTED,CMA-CG,Related Party Transactions Log
24,ENERGY,LARGE,JSC_LISTED,CMA-DISCLOSURE,Annual Report
24,ENERGY,LARGE,JSC_LISTED,CMA-DISCLOSURE,Material Event Disclosures
24,ENERGY,LARGE,JSC_LISTED,CMA-DISCLOSURE,Insider Trading Logs
24,ENERGY,LARGE,JSC_LISTED,CMA-IC,Internal Controls Assessment
24,ENERGY,LARGE,JSC_LISTED,CMA-IC,External Audit Report
24,ENERGY,LARGE,JSC_LISTED,CMA-IC,Internal Audit Plan
24,ENERGY,LARGE,JSC_LISTED,MHRSD-LABOR,Employment Contracts
24,ENERGY,LARGE,JSC_LISTED,MHRSD-LABOR,Wage Protection System
24,ENERGY,LARGE,JSC_LISTED,MHRSD-LABOR,GOSI Registration
24,ENERGY,LARGE,JSC_LISTED,MHRSD-SAUDIZATION,Nitaqat Tier Certificate
24,ENERGY,LARGE,JSC_LISTED,MHRSD-SAUDIZATION,Saudi Employee Quota Compliance
24,ENERGY,LARGE,JSC_LISTED,MHRSD-SAUDIZATION,Mowamh Reports
24,ENERGY,LARGE,JSC_LISTED,MOCI-COMPANIES,Commercial Registration
24,ENERGY,LARGE,JSC_LISTED,MOCI-COMPANIES,Articles of Association
24,ENERGY,LARGE,JSC_LISTED,MOCI-COMPANIES,Annual Filing
24,ENERGY,LARGE,JSC_LISTED,NCA-ECC,Cybersecurity Strategy
24,ENERGY,LARGE,JSC_LISTED,NCA-ECC,Risk Register
24,ENERGY,LARGE,JSC_LISTED,NCA-ECC,MFA Configuration
24,ENERGY,LARGE,JSC_LISTED,NCA-ECC,SIEM Logs
24,ENERGY,LARGE,JSC_LISTED,NCA-ECC,Pen Test Report
24,ENERGY,LARGE,JSC_LISTED,NCA-ECC,Incident Response Plan
24,ENERGY,LARGE,JSC_LISTED,NCA-OTCC,OT Network Segmentation
24,ENERGY,LARGE,JSC_LISTED,NCA-OTCC,ICS Inventory
24,ENERGY,LARGE,JSC_LISTED,NCA-OTCC,OT Patch Records
24,ENERGY,LARGE,JSC_LISTED,NCNICC,Cybersecurity Self-Assessment
24,ENERGY,LARGE,JSC_LISTED,NCNICC,Risk Register
24,ENERGY,LARGE,JSC_LISTED,NCNICC,Annual NCA Filing
24,ENERGY,LARGE,JSC_LISTED,PDPL,Privacy Notice
24,ENERGY,LARGE,JSC_LISTED,PDPL,ROPA
24,ENERGY,LARGE,JSC_LISTED,PDPL,DPIA
24,ENERGY,LARGE,JSC_LISTED,PDPL,Consent Records
24,ENERGY,LARGE,JSC_LISTED,PDPL,DSR Log
24,ENERGY,LARGE,JSC_LISTED,PDPL,Breach Notification (72h SDAIA)
24,ENERGY,LARGE,JSC_LISTED,ZATCA-EINV,E-Invoice XML/UBL Files
24,ENERGY,LARGE,JSC_LISTED,ZATCA-EINV,QR Code Compliance
24,ENERGY,LARGE,JSC_LISTED,ZATCA-EINV,Phase-2 Integration Cert
24,ENERGY,LARGE,JSC_LISTED,ZATCA-VAT,VAT Returns
24,ENERGY,LARGE,JSC_LISTED,ZATCA-VAT,Tax Invoices
24,ENERGY,LARGE,JSC_LISTED,ZATCA-VAT,Input/Output VAT Reconciliation
24,ENERGY,LARGE,JSC_LISTED,NCA-CCC,Cloud Architecture
24,ENERGY,LARGE,JSC_LISTED,NCA-CCC,Cloud Provider Assessment
24,ENERGY,LARGE,JSC_LISTED,NCA-CCC,Data Residency Cert
25,TELECOM,ENTERPRISE,JSC_LISTED,CMA-CG,Board Composition
25,TELECOM,ENTERPRISE,JSC_LISTED,CMA-CG,Board Charter
25,TELECOM,ENTERPRISE,JSC_LISTED,CMA-CG,Audit Committee Charter
25,TELECOM,ENTERPRISE,JSC_LISTED,CMA-CG,Related Party Transactions Log
25,TELECOM,ENTERPRISE,JSC_LISTED,CMA-DISCLOSURE,Annual Report
25,TELECOM,ENTERPRISE,JSC_LISTED,CMA-DISCLOSURE,Material Event Disclosures
25,TELECOM,ENTERPRISE,JSC_LISTED,CMA-DISCLOSURE,Insider Trading Logs
25,TELECOM,ENTERPRISE,JSC_LISTED,CMA-IC,Internal Controls Assessment
25,TELECOM,ENTERPRISE,JSC_LISTED,CMA-IC,External Audit Report
25,TELECOM,ENTERPRISE,JSC_LISTED,CMA-IC,Internal Audit Plan
25,TELECOM,ENTERPRISE,JSC_LISTED,CST-CRF,License Compliance Report
25,TELECOM,ENTERPRISE,JSC_LISTED,CST-CRF,Service Quality KPIs
25,TELECOM,ENTERPRISE,JSC_LISTED,CST-CRF,Customer Data Protection
25,TELECOM,ENTERPRISE,JSC_LISTED,MHRSD-LABOR,Employment Contracts
25,TELECOM,ENTERPRISE,JSC_LISTED,MHRSD-LABOR,Wage Protection System
25,TELECOM,ENTERPRISE,JSC_LISTED,MHRSD-LABOR,GOSI Registration
25,TELECOM,ENTERPRISE,JSC_LISTED,MHRSD-SAUDIZATION,Nitaqat Tier Certificate
25,TELECOM,ENTERPRISE,JSC_LISTED,MHRSD-SAUDIZATION,Saudi Employee Quota Compliance
25,TELECOM,ENTERPRISE,JSC_LISTED,MHRSD-SAUDIZATION,Mowamh Reports
25,TELECOM,ENTERPRISE,JSC_LISTED,MOCI-COMPANIES,Commercial Registration
25,TELECOM,ENTERPRISE,JSC_LISTED,MOCI-COMPANIES,Articles of Association
25,TELECOM,ENTERPRISE,JSC_LISTED,MOCI-COMPANIES,Annual Filing
25,TELECOM,ENTERPRISE,JSC_LISTED,MOCI-CONSUMER,Refund/Return Policy
25,TELECOM,ENTERPRISE,JSC_LISTED,MOCI-CONSUMER,Pricing Display
25,TELECOM,ENTERPRISE,JSC_LISTED,MOCI-CONSUMER,Complaint Handling Log
25,TELECOM,ENTERPRISE,JSC_LISTED,NCA-ECC,Cybersecurity Strategy
25,TELECOM,ENTERPRISE,JSC_LISTED,NCA-ECC,Risk Register
25,TELECOM,ENTERPRISE,JSC_LISTED,NCA-ECC,MFA Configuration
25,TELECOM,ENTERPRISE,JSC_LISTED,NCA-ECC,SIEM Logs
25,TELECOM,ENTERPRISE,JSC_LISTED,NCA-ECC,Pen Test Report
25,TELECOM,ENTERPRISE,JSC_LISTED,NCA-ECC,Incident Response Plan
25,TELECOM,ENTERPRISE,JSC_LISTED,NCNICC,Cybersecurity Self-Assessment
25,TELECOM,ENTERPRISE,JSC_LISTED,NCNICC,Risk Register
25,TELECOM,ENTERPRISE,JSC_LISTED,NCNICC,Annual NCA Filing
25,TELECOM,ENTERPRISE,JSC_LISTED,PCI-DSS,AOC
25,TELECOM,ENTERPRISE,JSC_LISTED,PCI-DSS,ROC (Level 1)
25,TELECOM,ENTERPRISE,JSC_LISTED,PCI-DSS,ASV Scan Reports
25,TELECOM,ENTERPRISE,JSC_LISTED,PCI-DSS,Network Segmentation Diagram
25,TELECOM,ENTERPRISE,JSC_LISTED,PDPL,Privacy Notice
25,TELECOM,ENTERPRISE,JSC_LISTED,PDPL,ROPA
25,TELECOM,ENTERPRISE,JSC_LISTED,PDPL,DPIA
25,TELECOM,ENTERPRISE,JSC_LISTED,PDPL,Consent Records
25,TELECOM,ENTERPRISE,JSC_LISTED,PDPL,DSR Log
25,TELECOM,ENTERPRISE,JSC_LISTED,PDPL,Breach Notification (72h SDAIA)
25,TELECOM,ENTERPRISE,JSC_LISTED,ZATCA-EINV,E-Invoice XML/UBL Files
25,TELECOM,ENTERPRISE,JSC_LISTED,ZATCA-EINV,QR Code Compliance
25,TELECOM,ENTERPRISE,JSC_LISTED,ZATCA-EINV,Phase-2 Integration Cert
25,TELECOM,ENTERPRISE,JSC_LISTED,ZATCA-VAT,VAT Returns
25,TELECOM,ENTERPRISE,JSC_LISTED,ZATCA-VAT,Tax Invoices
25,TELECOM,ENTERPRISE,JSC_LISTED,ZATCA-VAT,Input/Output VAT Reconciliation
25,TELECOM,ENTERPRISE,JSC_LISTED,NCA-CCC,Cloud Architecture
25,TELECOM,ENTERPRISE,JSC_LISTED,NCA-CCC,Cloud Provider Assessment
25,TELECOM,ENTERPRISE,JSC_LISTED,NCA-CCC,Data Residency Cert
26,MANUFACTURING,SMALL,LLC,MHRSD-LABOR,Employment Contracts
26,MANUFACTURING,SMALL,LLC,MHRSD-LABOR,Wage Protection System
26,MANUFACTURING,SMALL,LLC,MHRSD-LABOR,GOSI Registration
26,MANUFACTURING,SMALL,LLC,MHRSD-SAUDIZATION,Nitaqat Tier Certificate
26,MANUFACTURING,SMALL,LLC,MHRSD-SAUDIZATION,Saudi Employee Quota Compliance
26,MANUFACTURING,SMALL,LLC,MHRSD-SAUDIZATION,Mowamh Reports
26,MANUFACTURING,SMALL,LLC,MOCI-COMPANIES,Commercial Registration
26,MANUFACTURING,SMALL,LLC,MOCI-COMPANIES,Articles of Association
26,MANUFACTURING,SMALL,LLC,MOCI-COMPANIES,Annual Filing
26,MANUFACTURING,SMALL,LLC,NCA-ECC,Cybersecurity Strategy
26,MANUFACTURING,SMALL,LLC,NCA-ECC,Risk Register
26,MANUFACTURING,SMALL,LLC,NCA-ECC,MFA Configuration
26,MANUFACTURING,SMALL,LLC,NCA-ECC,SIEM Logs
26,MANUFACTURING,SMALL,LLC,NCA-ECC,Pen Test Report
26,MANUFACTURING,SMALL,LLC,NCA-ECC,Incident Response Plan
26,MANUFACTURING,SMALL,LLC,NCA-OTCC,OT Network Segmentation
26,MANUFACTURING,SMALL,LLC,NCA-OTCC,ICS Inventory
26,MANUFACTURING,SMALL,LLC,NCA-OTCC,OT Patch Records
26,MANUFACTURING,SMALL,LLC,PDPL,Privacy Notice
26,MANUFACTURING,SMALL,LLC,PDPL,ROPA
26,MANUFACTURING,SMALL,LLC,PDPL,DPIA
26,MANUFACTURING,SMALL,LLC,PDPL,Consent Records
26,MANUFACTURING,SMALL,LLC,PDPL,DSR Log
26,MANUFACTURING,SMALL,LLC,PDPL,Breach Notification (72h SDAIA)
26,MANUFACTURING,SMALL,LLC,ZATCA-EINV,E-Invoice XML/UBL Files
26,MANUFACTURING,SMALL,LLC,ZATCA-EINV,QR Code Compliance
26,MANUFACTURING,SMALL,LLC,ZATCA-EINV,Phase-2 Integration Cert
26,MANUFACTURING,SMALL,LLC,ZATCA-VAT,VAT Returns
26,MANUFACTURING,SMALL,LLC,ZATCA-VAT,Tax Invoices
26,MANUFACTURING,SMALL,LLC,ZATCA-VAT,Input/Output VAT Reconciliation
26,MANUFACTURING,SMALL,LLC,NCA-OTCC,OT Network Segmentation
26,MANUFACTURING,SMALL,LLC,NCA-OTCC,ICS Inventory
26,MANUFACTURING,SMALL,LLC,NCA-OTCC,OT Patch Records
26,MANUFACTURING,SMALL,LLC,NCNICC,Cybersecurity Self-Assessment
26,MANUFACTURING,SMALL,LLC,NCNICC,Risk Register
26,MANUFACTURING,SMALL,LLC,NCNICC,Annual NCA Filing
27,MANUFACTURING,MEDIUM,LLC,MHRSD-LABOR,Employment Contracts
27,MANUFACTURING,MEDIUM,LLC,MHRSD-LABOR,Wage Protection System
27,MANUFACTURING,MEDIUM,LLC,MHRSD-LABOR,GOSI Registration
27,MANUFACTURING,MEDIUM,LLC,MHRSD-SAUDIZATION,Nitaqat Tier Certificate
27,MANUFACTURING,MEDIUM,LLC,MHRSD-SAUDIZATION,Saudi Employee Quota Compliance
27,MANUFACTURING,MEDIUM,LLC,MHRSD-SAUDIZATION,Mowamh Reports
27,MANUFACTURING,MEDIUM,LLC,MOCI-COMPANIES,Commercial Registration
27,MANUFACTURING,MEDIUM,LLC,MOCI-COMPANIES,Articles of Association
27,MANUFACTURING,MEDIUM,LLC,MOCI-COMPANIES,Annual Filing
27,MANUFACTURING,MEDIUM,LLC,NCA-ECC,Cybersecurity Strategy
27,MANUFACTURING,MEDIUM,LLC,NCA-ECC,Risk Register
27,MANUFACTURING,MEDIUM,LLC,NCA-ECC,MFA Configuration
27,MANUFACTURING,MEDIUM,LLC,NCA-ECC,SIEM Logs
27,MANUFACTURING,MEDIUM,LLC,NCA-ECC,Pen Test Report
27,MANUFACTURING,MEDIUM,LLC,NCA-ECC,Incident Response Plan
27,MANUFACTURING,MEDIUM,LLC,NCA-OTCC,OT Network Segmentation
27,MANUFACTURING,MEDIUM,LLC,NCA-OTCC,ICS Inventory
27,MANUFACTURING,MEDIUM,LLC,NCA-OTCC,OT Patch Records
27,MANUFACTURING,MEDIUM,LLC,PDPL,Privacy Notice
27,MANUFACTURING,MEDIUM,LLC,PDPL,ROPA
27,MANUFACTURING,MEDIUM,LLC,PDPL,DPIA
27,MANUFACTURING,MEDIUM,LLC,PDPL,Consent Records
27,MANUFACTURING,MEDIUM,LLC,PDPL,DSR Log
27,MANUFACTURING,MEDIUM,LLC,PDPL,Breach Notification (72h SDAIA)
27,MANUFACTURING,MEDIUM,LLC,ZATCA-EINV,E-Invoice XML/UBL Files
27,MANUFACTURING,MEDIUM,LLC,ZATCA-EINV,QR Code Compliance
27,MANUFACTURING,MEDIUM,LLC,ZATCA-EINV,Phase-2 Integration Cert
27,MANUFACTURING,MEDIUM,LLC,ZATCA-VAT,VAT Returns
27,MANUFACTURING,MEDIUM,LLC,ZATCA-VAT,Tax Invoices
27,MANUFACTURING,MEDIUM,LLC,ZATCA-VAT,Input/Output VAT Reconciliation
27,MANUFACTURING,MEDIUM,LLC,NCA-OTCC,OT Network Segmentation
27,MANUFACTURING,MEDIUM,LLC,NCA-OTCC,ICS Inventory
27,MANUFACTURING,MEDIUM,LLC,NCA-OTCC,OT Patch Records
27,MANUFACTURING,MEDIUM,LLC,NCNICC,Cybersecurity Self-Assessment
27,MANUFACTURING,MEDIUM,LLC,NCNICC,Risk Register
27,MANUFACTURING,MEDIUM,LLC,NCNICC,Annual NCA Filing
28,MANUFACTURING,LARGE,JSC_LISTED,CMA-CG,Board Composition
28,MANUFACTURING,LARGE,JSC_LISTED,CMA-CG,Board Charter
28,MANUFACTURING,LARGE,JSC_LISTED,CMA-CG,Audit Committee Charter
28,MANUFACTURING,LARGE,JSC_LISTED,CMA-CG,Related Party Transactions Log
28,MANUFACTURING,LARGE,JSC_LISTED,CMA-DISCLOSURE,Annual Report
28,MANUFACTURING,LARGE,JSC_LISTED,CMA-DISCLOSURE,Material Event Disclosures
28,MANUFACTURING,LARGE,JSC_LISTED,CMA-DISCLOSURE,Insider Trading Logs
28,MANUFACTURING,LARGE,JSC_LISTED,CMA-IC,Internal Controls Assessment
28,MANUFACTURING,LARGE,JSC_LISTED,CMA-IC,External Audit Report
28,MANUFACTURING,LARGE,JSC_LISTED,CMA-IC,Internal Audit Plan
28,MANUFACTURING,LARGE,JSC_LISTED,MHRSD-LABOR,Employment Contracts
28,MANUFACTURING,LARGE,JSC_LISTED,MHRSD-LABOR,Wage Protection System
28,MANUFACTURING,LARGE,JSC_LISTED,MHRSD-LABOR,GOSI Registration
28,MANUFACTURING,LARGE,JSC_LISTED,MHRSD-SAUDIZATION,Nitaqat Tier Certificate
28,MANUFACTURING,LARGE,JSC_LISTED,MHRSD-SAUDIZATION,Saudi Employee Quota Compliance
28,MANUFACTURING,LARGE,JSC_LISTED,MHRSD-SAUDIZATION,Mowamh Reports
28,MANUFACTURING,LARGE,JSC_LISTED,MOCI-COMPANIES,Commercial Registration
28,MANUFACTURING,LARGE,JSC_LISTED,MOCI-COMPANIES,Articles of Association
28,MANUFACTURING,LARGE,JSC_LISTED,MOCI-COMPANIES,Annual Filing
28,MANUFACTURING,LARGE,JSC_LISTED,NCA-ECC,Cybersecurity Strategy
28,MANUFACTURING,LARGE,JSC_LISTED,NCA-ECC,Risk Register
28,MANUFACTURING,LARGE,JSC_LISTED,NCA-ECC,MFA Configuration
28,MANUFACTURING,LARGE,JSC_LISTED,NCA-ECC,SIEM Logs
28,MANUFACTURING,LARGE,JSC_LISTED,NCA-ECC,Pen Test Report
28,MANUFACTURING,LARGE,JSC_LISTED,NCA-ECC,Incident Response Plan
28,MANUFACTURING,LARGE,JSC_LISTED,NCA-OTCC,OT Network Segmentation
28,MANUFACTURING,LARGE,JSC_LISTED,NCA-OTCC,ICS Inventory
28,MANUFACTURING,LARGE,JSC_LISTED,NCA-OTCC,OT Patch Records
28,MANUFACTURING,LARGE,JSC_LISTED,PDPL,Privacy Notice
28,MANUFACTURING,LARGE,JSC_LISTED,PDPL,ROPA
28,MANUFACTURING,LARGE,JSC_LISTED,PDPL,DPIA
28,MANUFACTURING,LARGE,JSC_LISTED,PDPL,Consent Records
28,MANUFACTURING,LARGE,JSC_LISTED,PDPL,DSR Log
28,MANUFACTURING,LARGE,JSC_LISTED,PDPL,Breach Notification (72h SDAIA)
28,MANUFACTURING,LARGE,JSC_LISTED,ZATCA-EINV,E-Invoice XML/UBL Files
28,MANUFACTURING,LARGE,JSC_LISTED,ZATCA-EINV,QR Code Compliance
28,MANUFACTURING,LARGE,JSC_LISTED,ZATCA-EINV,Phase-2 Integration Cert
28,MANUFACTURING,LARGE,JSC_LISTED,ZATCA-VAT,VAT Returns
28,MANUFACTURING,LARGE,JSC_LISTED,ZATCA-VAT,Tax Invoices
28,MANUFACTURING,LARGE,JSC_LISTED,ZATCA-VAT,Input/Output VAT Reconciliation
28,MANUFACTURING,LARGE,JSC_LISTED,NCA-OTCC,OT Network Segmentation
28,MANUFACTURING,LARGE,JSC_LISTED,NCA-OTCC,ICS Inventory
28,MANUFACTURING,LARGE,JSC_LISTED,NCA-OTCC,OT Patch Records
28,MANUFACTURING,LARGE,JSC_LISTED,NCNICC,Cybersecurity Self-Assessment
28,MANUFACTURING,LARGE,JSC_LISTED,NCNICC,Risk Register
28,MANUFACTURING,LARGE,JSC_LISTED,NCNICC,Annual NCA Filing
29,RETAIL,MICRO,SOLE_PROP,MHRSD-LABOR,Employment Contracts
29,RETAIL,MICRO,SOLE_PROP,MHRSD-LABOR,Wage Protection System
29,RETAIL,MICRO,SOLE_PROP,MHRSD-LABOR,GOSI Registration
29,RETAIL,MICRO,SOLE_PROP,MHRSD-SAUDIZATION,Nitaqat Tier Certificate
29,RETAIL,MICRO,SOLE_PROP,MHRSD-SAUDIZATION,Saudi Employee Quota Compliance
29,RETAIL,MICRO,SOLE_PROP,MHRSD-SAUDIZATION,Mowamh Reports
29,RETAIL,MICRO,SOLE_PROP,MOCI-COMPANIES,Commercial Registration
29,RETAIL,MICRO,SOLE_PROP,MOCI-COMPANIES,Articles of Association
29,RETAIL,MICRO,SOLE_PROP,MOCI-COMPANIES,Annual Filing
29,RETAIL,MICRO,SOLE_PROP,MOCI-CONSUMER,Refund/Return Policy
29,RETAIL,MICRO,SOLE_PROP,MOCI-CONSUMER,Pricing Display
29,RETAIL,MICRO,SOLE_PROP,MOCI-CONSUMER,Complaint Handling Log
29,RETAIL,MICRO,SOLE_PROP,NCA-ECC,Cybersecurity Strategy
29,RETAIL,MICRO,SOLE_PROP,NCA-ECC,Risk Register
29,RETAIL,MICRO,SOLE_PROP,NCA-ECC,MFA Configuration
29,RETAIL,MICRO,SOLE_PROP,NCA-ECC,SIEM Logs
29,RETAIL,MICRO,SOLE_PROP,NCA-ECC,Pen Test Report
29,RETAIL,MICRO,SOLE_PROP,NCA-ECC,Incident Response Plan
29,RETAIL,MICRO,SOLE_PROP,PCI-DSS,AOC
29,RETAIL,MICRO,SOLE_PROP,PCI-DSS,ROC (Level 1)
29,RETAIL,MICRO,SOLE_PROP,PCI-DSS,ASV Scan Reports
29,RETAIL,MICRO,SOLE_PROP,PCI-DSS,Network Segmentation Diagram
29,RETAIL,MICRO,SOLE_PROP,PDPL,Privacy Notice
29,RETAIL,MICRO,SOLE_PROP,PDPL,ROPA
29,RETAIL,MICRO,SOLE_PROP,PDPL,DPIA
29,RETAIL,MICRO,SOLE_PROP,PDPL,Consent Records
29,RETAIL,MICRO,SOLE_PROP,PDPL,DSR Log
29,RETAIL,MICRO,SOLE_PROP,PDPL,Breach Notification (72h SDAIA)
29,RETAIL,MICRO,SOLE_PROP,ZATCA-EINV,E-Invoice XML/UBL Files
29,RETAIL,MICRO,SOLE_PROP,ZATCA-EINV,QR Code Compliance
29,RETAIL,MICRO,SOLE_PROP,ZATCA-EINV,Phase-2 Integration Cert
29,RETAIL,MICRO,SOLE_PROP,ZATCA-VAT,VAT Returns
29,RETAIL,MICRO,SOLE_PROP,ZATCA-VAT,Tax Invoices
29,RETAIL,MICRO,SOLE_PROP,ZATCA-VAT,Input/Output VAT Reconciliation
29,RETAIL,MICRO,SOLE_PROP,NCNICC,Cybersecurity Self-Assessment
29,RETAIL,MICRO,SOLE_PROP,NCNICC,Risk Register
29,RETAIL,MICRO,SOLE_PROP,NCNICC,Annual NCA Filing
29,RETAIL,MICRO,SOLE_PROP,PCI-DSS,AOC
29,RETAIL,MICRO,SOLE_PROP,PCI-DSS,ROC (Level 1)
29,RETAIL,MICRO,SOLE_PROP,PCI-DSS,ASV Scan Reports
29,RETAIL,MICRO,SOLE_PROP,PCI-DSS,Network Segmentation Diagram
30,RETAIL,SMALL,LLC,MHRSD-LABOR,Employment Contracts
30,RETAIL,SMALL,LLC,MHRSD-LABOR,Wage Protection System
30,RETAIL,SMALL,LLC,MHRSD-LABOR,GOSI Registration
30,RETAIL,SMALL,LLC,MHRSD-SAUDIZATION,Nitaqat Tier Certificate
30,RETAIL,SMALL,LLC,MHRSD-SAUDIZATION,Saudi Employee Quota Compliance
30,RETAIL,SMALL,LLC,MHRSD-SAUDIZATION,Mowamh Reports
30,RETAIL,SMALL,LLC,MOCI-COMPANIES,Commercial Registration
30,RETAIL,SMALL,LLC,MOCI-COMPANIES,Articles of Association
30,RETAIL,SMALL,LLC,MOCI-COMPANIES,Annual Filing
30,RETAIL,SMALL,LLC,MOCI-CONSUMER,Refund/Return Policy
30,RETAIL,SMALL,LLC,MOCI-CONSUMER,Pricing Display
30,RETAIL,SMALL,LLC,MOCI-CONSUMER,Complaint Handling Log
30,RETAIL,SMALL,LLC,NCA-ECC,Cybersecurity Strategy
30,RETAIL,SMALL,LLC,NCA-ECC,Risk Register
30,RETAIL,SMALL,LLC,NCA-ECC,MFA Configuration
30,RETAIL,SMALL,LLC,NCA-ECC,SIEM Logs
30,RETAIL,SMALL,LLC,NCA-ECC,Pen Test Report
30,RETAIL,SMALL,LLC,NCA-ECC,Incident Response Plan
30,RETAIL,SMALL,LLC,PCI-DSS,AOC
30,RETAIL,SMALL,LLC,PCI-DSS,ROC (Level 1)
30,RETAIL,SMALL,LLC,PCI-DSS,ASV Scan Reports
30,RETAIL,SMALL,LLC,PCI-DSS,Network Segmentation Diagram
30,RETAIL,SMALL,LLC,PDPL,Privacy Notice
30,RETAIL,SMALL,LLC,PDPL,ROPA
30,RETAIL,SMALL,LLC,PDPL,DPIA
30,RETAIL,SMALL,LLC,PDPL,Consent Records
30,RETAIL,SMALL,LLC,PDPL,DSR Log
30,RETAIL,SMALL,LLC,PDPL,Breach Notification (72h SDAIA)
30,RETAIL,SMALL,LLC,ZATCA-EINV,E-Invoice XML/UBL Files
30,RETAIL,SMALL,LLC,ZATCA-EINV,QR Code Compliance
30,RETAIL,SMALL,LLC,ZATCA-EINV,Phase-2 Integration Cert
30,RETAIL,SMALL,LLC,ZATCA-VAT,VAT Returns
30,RETAIL,SMALL,LLC,ZATCA-VAT,Tax Invoices
30,RETAIL,SMALL,LLC,ZATCA-VAT,Input/Output VAT Reconciliation
30,RETAIL,SMALL,LLC,NCNICC,Cybersecurity Self-Assessment
30,RETAIL,SMALL,LLC,NCNICC,Risk Register
30,RETAIL,SMALL,LLC,NCNICC,Annual NCA Filing
30,RETAIL,SMALL,LLC,PCI-DSS,AOC
30,RETAIL,SMALL,LLC,PCI-DSS,ROC (Level 1)
30,RETAIL,SMALL,LLC,PCI-DSS,ASV Scan Reports
30,RETAIL,SMALL,LLC,PCI-DSS,Network Segmentation Diagram
31,RETAIL,MEDIUM,LLC,MHRSD-LABOR,Employment Contracts
31,RETAIL,MEDIUM,LLC,MHRSD-LABOR,Wage Protection System
31,RETAIL,MEDIUM,LLC,MHRSD-LABOR,GOSI Registration
31,RETAIL,MEDIUM,LLC,MHRSD-SAUDIZATION,Nitaqat Tier Certificate
31,RETAIL,MEDIUM,LLC,MHRSD-SAUDIZATION,Saudi Employee Quota Compliance
31,RETAIL,MEDIUM,LLC,MHRSD-SAUDIZATION,Mowamh Reports
31,RETAIL,MEDIUM,LLC,MOCI-COMPANIES,Commercial Registration
31,RETAIL,MEDIUM,LLC,MOCI-COMPANIES,Articles of Association
31,RETAIL,MEDIUM,LLC,MOCI-COMPANIES,Annual Filing
31,RETAIL,MEDIUM,LLC,MOCI-CONSUMER,Refund/Return Policy
31,RETAIL,MEDIUM,LLC,MOCI-CONSUMER,Pricing Display
31,RETAIL,MEDIUM,LLC,MOCI-CONSUMER,Complaint Handling Log
31,RETAIL,MEDIUM,LLC,NCA-ECC,Cybersecurity Strategy
31,RETAIL,MEDIUM,LLC,NCA-ECC,Risk Register
31,RETAIL,MEDIUM,LLC,NCA-ECC,MFA Configuration
31,RETAIL,MEDIUM,LLC,NCA-ECC,SIEM Logs
31,RETAIL,MEDIUM,LLC,NCA-ECC,Pen Test Report
31,RETAIL,MEDIUM,LLC,NCA-ECC,Incident Response Plan
31,RETAIL,MEDIUM,LLC,PCI-DSS,AOC
31,RETAIL,MEDIUM,LLC,PCI-DSS,ROC (Level 1)
31,RETAIL,MEDIUM,LLC,PCI-DSS,ASV Scan Reports
31,RETAIL,MEDIUM,LLC,PCI-DSS,Network Segmentation Diagram
31,RETAIL,MEDIUM,LLC,PDPL,Privacy Notice
31,RETAIL,MEDIUM,LLC,PDPL,ROPA
31,RETAIL,MEDIUM,LLC,PDPL,DPIA
31,RETAIL,MEDIUM,LLC,PDPL,Consent Records
31,RETAIL,MEDIUM,LLC,PDPL,DSR Log
31,RETAIL,MEDIUM,LLC,PDPL,Breach Notification (72h SDAIA)
31,RETAIL,MEDIUM,LLC,ZATCA-EINV,E-Invoice XML/UBL Files
31,RETAIL,MEDIUM,LLC,ZATCA-EINV,QR Code Compliance
31,RETAIL,MEDIUM,LLC,ZATCA-EINV,Phase-2 Integration Cert
31,RETAIL,MEDIUM,LLC,ZATCA-VAT,VAT Returns
31,RETAIL,MEDIUM,LLC,ZATCA-VAT,Tax Invoices
31,RETAIL,MEDIUM,LLC,ZATCA-VAT,Input/Output VAT Reconciliation
31,RETAIL,MEDIUM,LLC,NCNICC,Cybersecurity Self-Assessment
31,RETAIL,MEDIUM,LLC,NCNICC,Risk Register
31,RETAIL,MEDIUM,LLC,NCNICC,Annual NCA Filing
31,RETAIL,MEDIUM,LLC,PCI-DSS,AOC
31,RETAIL,MEDIUM,LLC,PCI-DSS,ROC (Level 1)
31,RETAIL,MEDIUM,LLC,PCI-DSS,ASV Scan Reports
31,RETAIL,MEDIUM,LLC,PCI-DSS,Network Segmentation Diagram
32,RETAIL,LARGE,JSC_LISTED,CMA-CG,Board Composition
32,RETAIL,LARGE,JSC_LISTED,CMA-CG,Board Charter
32,RETAIL,LARGE,JSC_LISTED,CMA-CG,Audit Committee Charter
32,RETAIL,LARGE,JSC_LISTED,CMA-CG,Related Party Transactions Log
32,RETAIL,LARGE,JSC_LISTED,CMA-DISCLOSURE,Annual Report
32,RETAIL,LARGE,JSC_LISTED,CMA-DISCLOSURE,Material Event Disclosures
32,RETAIL,LARGE,JSC_LISTED,CMA-DISCLOSURE,Insider Trading Logs
32,RETAIL,LARGE,JSC_LISTED,CMA-IC,Internal Controls Assessment
32,RETAIL,LARGE,JSC_LISTED,CMA-IC,External Audit Report
32,RETAIL,LARGE,JSC_LISTED,CMA-IC,Internal Audit Plan
32,RETAIL,LARGE,JSC_LISTED,MHRSD-LABOR,Employment Contracts
32,RETAIL,LARGE,JSC_LISTED,MHRSD-LABOR,Wage Protection System
32,RETAIL,LARGE,JSC_LISTED,MHRSD-LABOR,GOSI Registration
32,RETAIL,LARGE,JSC_LISTED,MHRSD-SAUDIZATION,Nitaqat Tier Certificate
32,RETAIL,LARGE,JSC_LISTED,MHRSD-SAUDIZATION,Saudi Employee Quota Compliance
32,RETAIL,LARGE,JSC_LISTED,MHRSD-SAUDIZATION,Mowamh Reports
32,RETAIL,LARGE,JSC_LISTED,MOCI-COMPANIES,Commercial Registration
32,RETAIL,LARGE,JSC_LISTED,MOCI-COMPANIES,Articles of Association
32,RETAIL,LARGE,JSC_LISTED,MOCI-COMPANIES,Annual Filing
32,RETAIL,LARGE,JSC_LISTED,MOCI-CONSUMER,Refund/Return Policy
32,RETAIL,LARGE,JSC_LISTED,MOCI-CONSUMER,Pricing Display
32,RETAIL,LARGE,JSC_LISTED,MOCI-CONSUMER,Complaint Handling Log
32,RETAIL,LARGE,JSC_LISTED,NCA-ECC,Cybersecurity Strategy
32,RETAIL,LARGE,JSC_LISTED,NCA-ECC,Risk Register
32,RETAIL,LARGE,JSC_LISTED,NCA-ECC,MFA Configuration
32,RETAIL,LARGE,JSC_LISTED,NCA-ECC,SIEM Logs
32,RETAIL,LARGE,JSC_LISTED,NCA-ECC,Pen Test Report
32,RETAIL,LARGE,JSC_LISTED,NCA-ECC,Incident Response Plan
32,RETAIL,LARGE,JSC_LISTED,PCI-DSS,AOC
32,RETAIL,LARGE,JSC_LISTED,PCI-DSS,ROC (Level 1)
32,RETAIL,LARGE,JSC_LISTED,PCI-DSS,ASV Scan Reports
32,RETAIL,LARGE,JSC_LISTED,PCI-DSS,Network Segmentation Diagram
32,RETAIL,LARGE,JSC_LISTED,PDPL,Privacy Notice
32,RETAIL,LARGE,JSC_LISTED,PDPL,ROPA
32,RETAIL,LARGE,JSC_LISTED,PDPL,DPIA
32,RETAIL,LARGE,JSC_LISTED,PDPL,Consent Records
32,RETAIL,LARGE,JSC_LISTED,PDPL,DSR Log
32,RETAIL,LARGE,JSC_LISTED,PDPL,Breach Notification (72h SDAIA)
32,RETAIL,LARGE,JSC_LISTED,ZATCA-EINV,E-Invoice XML/UBL Files
32,RETAIL,LARGE,JSC_LISTED,ZATCA-EINV,QR Code Compliance
32,RETAIL,LARGE,JSC_LISTED,ZATCA-EINV,Phase-2 Integration Cert
32,RETAIL,LARGE,JSC_LISTED,ZATCA-VAT,VAT Returns
32,RETAIL,LARGE,JSC_LISTED,ZATCA-VAT,Tax Invoices
32,RETAIL,LARGE,JSC_LISTED,ZATCA-VAT,Input/Output VAT Reconciliation
32,RETAIL,LARGE,JSC_LISTED,NCNICC,Cybersecurity Self-Assessment
32,RETAIL,LARGE,JSC_LISTED,NCNICC,Risk Register
32,RETAIL,LARGE,JSC_LISTED,NCNICC,Annual NCA Filing
32,RETAIL,LARGE,JSC_LISTED,PCI-DSS,AOC
32,RETAIL,LARGE,JSC_LISTED,PCI-DSS,ROC (Level 1)
32,RETAIL,LARGE,JSC_LISTED,PCI-DSS,ASV Scan Reports
32,RETAIL,LARGE,JSC_LISTED,PCI-DSS,Network Segmentation Diagram
33,CAPITAL_MARKETS,MEDIUM,JSC_CLOSED,CMA-CG,Board Composition
33,CAPITAL_MARKETS,MEDIUM,JSC_CLOSED,CMA-CG,Board Charter
33,CAPITAL_MARKETS,MEDIUM,JSC_CLOSED,CMA-CG,Audit Committee Charter
33,CAPITAL_MARKETS,MEDIUM,JSC_CLOSED,CMA-CG,Related Party Transactions Log
33,CAPITAL_MARKETS,MEDIUM,JSC_CLOSED,CMA-DISCLOSURE,Annual Report
33,CAPITAL_MARKETS,MEDIUM,JSC_CLOSED,CMA-DISCLOSURE,Material Event Disclosures
33,CAPITAL_MARKETS,MEDIUM,JSC_CLOSED,CMA-DISCLOSURE,Insider Trading Logs
33,CAPITAL_MARKETS,MEDIUM,JSC_CLOSED,CMA-IC,Internal Controls Assessment
33,CAPITAL_MARKETS,MEDIUM,JSC_CLOSED,CMA-IC,External Audit Report
33,CAPITAL_MARKETS,MEDIUM,JSC_CLOSED,CMA-IC,Internal Audit Plan
33,CAPITAL_MARKETS,MEDIUM,JSC_CLOSED,MHRSD-LABOR,Employment Contracts
33,CAPITAL_MARKETS,MEDIUM,JSC_CLOSED,MHRSD-LABOR,Wage Protection System
33,CAPITAL_MARKETS,MEDIUM,JSC_CLOSED,MHRSD-LABOR,GOSI Registration
33,CAPITAL_MARKETS,MEDIUM,JSC_CLOSED,MHRSD-SAUDIZATION,Nitaqat Tier Certificate
33,CAPITAL_MARKETS,MEDIUM,JSC_CLOSED,MHRSD-SAUDIZATION,Saudi Employee Quota Compliance
33,CAPITAL_MARKETS,MEDIUM,JSC_CLOSED,MHRSD-SAUDIZATION,Mowamh Reports
33,CAPITAL_MARKETS,MEDIUM,JSC_CLOSED,MOCI-COMPANIES,Commercial Registration
33,CAPITAL_MARKETS,MEDIUM,JSC_CLOSED,MOCI-COMPANIES,Articles of Association
33,CAPITAL_MARKETS,MEDIUM,JSC_CLOSED,MOCI-COMPANIES,Annual Filing
33,CAPITAL_MARKETS,MEDIUM,JSC_CLOSED,NCA-ECC,Cybersecurity Strategy
33,CAPITAL_MARKETS,MEDIUM,JSC_CLOSED,NCA-ECC,Risk Register
33,CAPITAL_MARKETS,MEDIUM,JSC_CLOSED,NCA-ECC,MFA Configuration
33,CAPITAL_MARKETS,MEDIUM,JSC_CLOSED,NCA-ECC,SIEM Logs
33,CAPITAL_MARKETS,MEDIUM,JSC_CLOSED,NCA-ECC,Pen Test Report
33,CAPITAL_MARKETS,MEDIUM,JSC_CLOSED,NCA-ECC,Incident Response Plan
33,CAPITAL_MARKETS,MEDIUM,JSC_CLOSED,NCNICC,Cybersecurity Self-Assessment
33,CAPITAL_MARKETS,MEDIUM,JSC_CLOSED,NCNICC,Risk Register
33,CAPITAL_MARKETS,MEDIUM,JSC_CLOSED,NCNICC,Annual NCA Filing
33,CAPITAL_MARKETS,MEDIUM,JSC_CLOSED,PDPL,Privacy Notice
33,CAPITAL_MARKETS,MEDIUM,JSC_CLOSED,PDPL,ROPA
33,CAPITAL_MARKETS,MEDIUM,JSC_CLOSED,PDPL,DPIA
33,CAPITAL_MARKETS,MEDIUM,JSC_CLOSED,PDPL,Consent Records
33,CAPITAL_MARKETS,MEDIUM,JSC_CLOSED,PDPL,DSR Log
33,CAPITAL_MARKETS,MEDIUM,JSC_CLOSED,PDPL,Breach Notification (72h SDAIA)
33,CAPITAL_MARKETS,MEDIUM,JSC_CLOSED,ZATCA-EINV,E-Invoice XML/UBL Files
33,CAPITAL_MARKETS,MEDIUM,JSC_CLOSED,ZATCA-EINV,QR Code Compliance
33,CAPITAL_MARKETS,MEDIUM,JSC_CLOSED,ZATCA-EINV,Phase-2 Integration Cert
33,CAPITAL_MARKETS,MEDIUM,JSC_CLOSED,ZATCA-VAT,VAT Returns
33,CAPITAL_MARKETS,MEDIUM,JSC_CLOSED,ZATCA-VAT,Tax Invoices
33,CAPITAL_MARKETS,MEDIUM,JSC_CLOSED,ZATCA-VAT,Input/Output VAT Reconciliation
33,CAPITAL_MARKETS,MEDIUM,JSC_CLOSED,SAMA-AML,KYC Records
33,CAPITAL_MARKETS,MEDIUM,JSC_CLOSED,SAMA-AML,Suspicious Transaction Reports
33,CAPITAL_MARKETS,MEDIUM,JSC_CLOSED,SAMA-AML,Sanctions Screening Logs
33,CAPITAL_MARKETS,MEDIUM,JSC_CLOSED,SAMA-AML,Annual AML Report
34,CAPITAL_MARKETS,LARGE,JSC_LISTED,CMA-CG,Board Composition
34,CAPITAL_MARKETS,LARGE,JSC_LISTED,CMA-CG,Board Charter
34,CAPITAL_MARKETS,LARGE,JSC_LISTED,CMA-CG,Audit Committee Charter
34,CAPITAL_MARKETS,LARGE,JSC_LISTED,CMA-CG,Related Party Transactions Log
34,CAPITAL_MARKETS,LARGE,JSC_LISTED,CMA-DISCLOSURE,Annual Report
34,CAPITAL_MARKETS,LARGE,JSC_LISTED,CMA-DISCLOSURE,Material Event Disclosures
34,CAPITAL_MARKETS,LARGE,JSC_LISTED,CMA-DISCLOSURE,Insider Trading Logs
34,CAPITAL_MARKETS,LARGE,JSC_LISTED,CMA-IC,Internal Controls Assessment
34,CAPITAL_MARKETS,LARGE,JSC_LISTED,CMA-IC,External Audit Report
34,CAPITAL_MARKETS,LARGE,JSC_LISTED,CMA-IC,Internal Audit Plan
34,CAPITAL_MARKETS,LARGE,JSC_LISTED,MHRSD-LABOR,Employment Contracts
34,CAPITAL_MARKETS,LARGE,JSC_LISTED,MHRSD-LABOR,Wage Protection System
34,CAPITAL_MARKETS,LARGE,JSC_LISTED,MHRSD-LABOR,GOSI Registration
34,CAPITAL_MARKETS,LARGE,JSC_LISTED,MHRSD-SAUDIZATION,Nitaqat Tier Certificate
34,CAPITAL_MARKETS,LARGE,JSC_LISTED,MHRSD-SAUDIZATION,Saudi Employee Quota Compliance
34,CAPITAL_MARKETS,LARGE,JSC_LISTED,MHRSD-SAUDIZATION,Mowamh Reports
34,CAPITAL_MARKETS,LARGE,JSC_LISTED,MOCI-COMPANIES,Commercial Registration
34,CAPITAL_MARKETS,LARGE,JSC_LISTED,MOCI-COMPANIES,Articles of Association
34,CAPITAL_MARKETS,LARGE,JSC_LISTED,MOCI-COMPANIES,Annual Filing
34,CAPITAL_MARKETS,LARGE,JSC_LISTED,NCA-ECC,Cybersecurity Strategy
34,CAPITAL_MARKETS,LARGE,JSC_LISTED,NCA-ECC,Risk Register
34,CAPITAL_MARKETS,LARGE,JSC_LISTED,NCA-ECC,MFA Configuration
34,CAPITAL_MARKETS,LARGE,JSC_LISTED,NCA-ECC,SIEM Logs
34,CAPITAL_MARKETS,LARGE,JSC_LISTED,NCA-ECC,Pen Test Report
34,CAPITAL_MARKETS,LARGE,JSC_LISTED,NCA-ECC,Incident Response Plan
34,CAPITAL_MARKETS,LARGE,JSC_LISTED,NCNICC,Cybersecurity Self-Assessment
34,CAPITAL_MARKETS,LARGE,JSC_LISTED,NCNICC,Risk Register
34,CAPITAL_MARKETS,LARGE,JSC_LISTED,NCNICC,Annual NCA Filing
34,CAPITAL_MARKETS,LARGE,JSC_LISTED,PDPL,Privacy Notice
34,CAPITAL_MARKETS,LARGE,JSC_LISTED,PDPL,ROPA
34,CAPITAL_MARKETS,LARGE,JSC_LISTED,PDPL,DPIA
34,CAPITAL_MARKETS,LARGE,JSC_LISTED,PDPL,Consent Records
34,CAPITAL_MARKETS,LARGE,JSC_LISTED,PDPL,DSR Log
34,CAPITAL_MARKETS,LARGE,JSC_LISTED,PDPL,Breach Notification (72h SDAIA)
34,CAPITAL_MARKETS,LARGE,JSC_LISTED,ZATCA-EINV,E-Invoice XML/UBL Files
34,CAPITAL_MARKETS,LARGE,JSC_LISTED,ZATCA-EINV,QR Code Compliance
34,CAPITAL_MARKETS,LARGE,JSC_LISTED,ZATCA-EINV,Phase-2 Integration Cert
34,CAPITAL_MARKETS,LARGE,JSC_LISTED,ZATCA-VAT,VAT Returns
34,CAPITAL_MARKETS,LARGE,JSC_LISTED,ZATCA-VAT,Tax Invoices
34,CAPITAL_MARKETS,LARGE,JSC_LISTED,ZATCA-VAT,Input/Output VAT Reconciliation
34,CAPITAL_MARKETS,LARGE,JSC_LISTED,SAMA-AML,KYC Records
34,CAPITAL_MARKETS,LARGE,JSC_LISTED,SAMA-AML,Suspicious Transaction Reports
34,CAPITAL_MARKETS,LARGE,JSC_LISTED,SAMA-AML,Sanctions Screening Logs
34,CAPITAL_MARKETS,LARGE,JSC_LISTED,SAMA-AML,Annual AML Report
35,INSURANCE,LARGE,JSC_LISTED,CMA-CG,Board Composition
35,INSURANCE,LARGE,JSC_LISTED,CMA-CG,Board Charter
35,INSURANCE,LARGE,JSC_LISTED,CMA-CG,Audit Committee Charter
35,INSURANCE,LARGE,JSC_LISTED,CMA-CG,Related Party Transactions Log
35,INSURANCE,LARGE,JSC_LISTED,CMA-DISCLOSURE,Annual Report
35,INSURANCE,LARGE,JSC_LISTED,CMA-DISCLOSURE,Material Event Disclosures
35,INSURANCE,LARGE,JSC_LISTED,CMA-DISCLOSURE,Insider Trading Logs
35,INSURANCE,LARGE,JSC_LISTED,CMA-IC,Internal Controls Assessment
35,INSURANCE,LARGE,JSC_LISTED,CMA-IC,External Audit Report
35,INSURANCE,LARGE,JSC_LISTED,CMA-IC,Internal Audit Plan
35,INSURANCE,LARGE,JSC_LISTED,MHRSD-LABOR,Employment Contracts
35,INSURANCE,LARGE,JSC_LISTED,MHRSD-LABOR,Wage Protection System
35,INSURANCE,LARGE,JSC_LISTED,MHRSD-LABOR,GOSI Registration
35,INSURANCE,LARGE,JSC_LISTED,MHRSD-SAUDIZATION,Nitaqat Tier Certificate
35,INSURANCE,LARGE,JSC_LISTED,MHRSD-SAUDIZATION,Saudi Employee Quota Compliance
35,INSURANCE,LARGE,JSC_LISTED,MHRSD-SAUDIZATION,Mowamh Reports
35,INSURANCE,LARGE,JSC_LISTED,MOCI-COMPANIES,Commercial Registration
35,INSURANCE,LARGE,JSC_LISTED,MOCI-COMPANIES,Articles of Association
35,INSURANCE,LARGE,JSC_LISTED,MOCI-COMPANIES,Annual Filing
35,INSURANCE,LARGE,JSC_LISTED,MOCI-CONSUMER,Refund/Return Policy
35,INSURANCE,LARGE,JSC_LISTED,MOCI-CONSUMER,Pricing Display
35,INSURANCE,LARGE,JSC_LISTED,MOCI-CONSUMER,Complaint Handling Log
35,INSURANCE,LARGE,JSC_LISTED,NCA-ECC,Cybersecurity Strategy
35,INSURANCE,LARGE,JSC_LISTED,NCA-ECC,Risk Register
35,INSURANCE,LARGE,JSC_LISTED,NCA-ECC,MFA Configuration
35,INSURANCE,LARGE,JSC_LISTED,NCA-ECC,SIEM Logs
35,INSURANCE,LARGE,JSC_LISTED,NCA-ECC,Pen Test Report
35,INSURANCE,LARGE,JSC_LISTED,NCA-ECC,Incident Response Plan
35,INSURANCE,LARGE,JSC_LISTED,NCNICC,Cybersecurity Self-Assessment
35,INSURANCE,LARGE,JSC_LISTED,NCNICC,Risk Register
35,INSURANCE,LARGE,JSC_LISTED,NCNICC,Annual NCA Filing
35,INSURANCE,LARGE,JSC_LISTED,PCI-DSS,AOC
35,INSURANCE,LARGE,JSC_LISTED,PCI-DSS,ROC (Level 1)
35,INSURANCE,LARGE,JSC_LISTED,PCI-DSS,ASV Scan Reports
35,INSURANCE,LARGE,JSC_LISTED,PCI-DSS,Network Segmentation Diagram
35,INSURANCE,LARGE,JSC_LISTED,PDPL,Privacy Notice
35,INSURANCE,LARGE,JSC_LISTED,PDPL,ROPA
35,INSURANCE,LARGE,JSC_LISTED,PDPL,DPIA
35,INSURANCE,LARGE,JSC_LISTED,PDPL,Consent Records
35,INSURANCE,LARGE,JSC_LISTED,PDPL,DSR Log
35,INSURANCE,LARGE,JSC_LISTED,PDPL,Breach Notification (72h SDAIA)
35,INSURANCE,LARGE,JSC_LISTED,SAMA-AML,KYC Records
35,INSURANCE,LARGE,JSC_LISTED,SAMA-AML,Suspicious Transaction Reports
35,INSURANCE,LARGE,JSC_LISTED,SAMA-AML,Sanctions Screening Logs
35,INSURANCE,LARGE,JSC_LISTED,SAMA-AML,Annual AML Report
35,INSURANCE,LARGE,JSC_LISTED,SAMA-CSF,Board CISO Charter
35,INSURANCE,LARGE,JSC_LISTED,SAMA-CSF,Risk Methodology
35,INSURANCE,LARGE,JSC_LISTED,SAMA-CSF,PAM Logs
35,INSURANCE,LARGE,JSC_LISTED,SAMA-CSF,4-Hour SAMA Notification
35,INSURANCE,LARGE,JSC_LISTED,SAMA-ITGF,IT Governance Charter
35,INSURANCE,LARGE,JSC_LISTED,SAMA-ITGF,Change Management Records
35,INSURANCE,LARGE,JSC_LISTED,SAMA-ITGF,DR Test Results
35,INSURANCE,LARGE,JSC_LISTED,ZATCA-EINV,E-Invoice XML/UBL Files
35,INSURANCE,LARGE,JSC_LISTED,ZATCA-EINV,QR Code Compliance
35,INSURANCE,LARGE,JSC_LISTED,ZATCA-EINV,Phase-2 Integration Cert
35,INSURANCE,LARGE,JSC_LISTED,ZATCA-VAT,VAT Returns
35,INSURANCE,LARGE,JSC_LISTED,ZATCA-VAT,Tax Invoices
35,INSURANCE,LARGE,JSC_LISTED,ZATCA-VAT,Input/Output VAT Reconciliation
35,INSURANCE,LARGE,JSC_LISTED,CMA-CG,Board Composition
35,INSURANCE,LARGE,JSC_LISTED,CMA-CG,Board Charter
35,INSURANCE,LARGE,JSC_LISTED,CMA-CG,Audit Committee Charter
35,INSURANCE,LARGE,JSC_LISTED,CMA-CG,Related Party Transactions Log
36,TOURISM,SMALL,LLC,MHRSD-LABOR,Employment Contracts
36,TOURISM,SMALL,LLC,MHRSD-LABOR,Wage Protection System
36,TOURISM,SMALL,LLC,MHRSD-LABOR,GOSI Registration
36,TOURISM,SMALL,LLC,MHRSD-SAUDIZATION,Nitaqat Tier Certificate
36,TOURISM,SMALL,LLC,MHRSD-SAUDIZATION,Saudi Employee Quota Compliance
36,TOURISM,SMALL,LLC,MHRSD-SAUDIZATION,Mowamh Reports
36,TOURISM,SMALL,LLC,MOCI-COMPANIES,Commercial Registration
36,TOURISM,SMALL,LLC,MOCI-COMPANIES,Articles of Association
36,TOURISM,SMALL,LLC,MOCI-COMPANIES,Annual Filing
36,TOURISM,SMALL,LLC,MOCI-CONSUMER,Refund/Return Policy
36,TOURISM,SMALL,LLC,MOCI-CONSUMER,Pricing Display
36,TOURISM,SMALL,LLC,MOCI-CONSUMER,Complaint Handling Log
36,TOURISM,SMALL,LLC,NCA-ECC,Cybersecurity Strategy
36,TOURISM,SMALL,LLC,NCA-ECC,Risk Register
36,TOURISM,SMALL,LLC,NCA-ECC,MFA Configuration
36,TOURISM,SMALL,LLC,NCA-ECC,SIEM Logs
36,TOURISM,SMALL,LLC,NCA-ECC,Pen Test Report
36,TOURISM,SMALL,LLC,NCA-ECC,Incident Response Plan
36,TOURISM,SMALL,LLC,PCI-DSS,AOC
36,TOURISM,SMALL,LLC,PCI-DSS,ROC (Level 1)
36,TOURISM,SMALL,LLC,PCI-DSS,ASV Scan Reports
36,TOURISM,SMALL,LLC,PCI-DSS,Network Segmentation Diagram
36,TOURISM,SMALL,LLC,PDPL,Privacy Notice
36,TOURISM,SMALL,LLC,PDPL,ROPA
36,TOURISM,SMALL,LLC,PDPL,DPIA
36,TOURISM,SMALL,LLC,PDPL,Consent Records
36,TOURISM,SMALL,LLC,PDPL,DSR Log
36,TOURISM,SMALL,LLC,PDPL,Breach Notification (72h SDAIA)
36,TOURISM,SMALL,LLC,ZATCA-EINV,E-Invoice XML/UBL Files
36,TOURISM,SMALL,LLC,ZATCA-EINV,QR Code Compliance
36,TOURISM,SMALL,LLC,ZATCA-EINV,Phase-2 Integration Cert
36,TOURISM,SMALL,LLC,ZATCA-VAT,VAT Returns
36,TOURISM,SMALL,LLC,ZATCA-VAT,Tax Invoices
36,TOURISM,SMALL,LLC,ZATCA-VAT,Input/Output VAT Reconciliation
37,TOURISM,MEDIUM,LLC,MHRSD-LABOR,Employment Contracts
37,TOURISM,MEDIUM,LLC,MHRSD-LABOR,Wage Protection System
37,TOURISM,MEDIUM,LLC,MHRSD-LABOR,GOSI Registration
37,TOURISM,MEDIUM,LLC,MHRSD-SAUDIZATION,Nitaqat Tier Certificate
37,TOURISM,MEDIUM,LLC,MHRSD-SAUDIZATION,Saudi Employee Quota Compliance
37,TOURISM,MEDIUM,LLC,MHRSD-SAUDIZATION,Mowamh Reports
37,TOURISM,MEDIUM,LLC,MOCI-COMPANIES,Commercial Registration
37,TOURISM,MEDIUM,LLC,MOCI-COMPANIES,Articles of Association
37,TOURISM,MEDIUM,LLC,MOCI-COMPANIES,Annual Filing
37,TOURISM,MEDIUM,LLC,MOCI-CONSUMER,Refund/Return Policy
37,TOURISM,MEDIUM,LLC,MOCI-CONSUMER,Pricing Display
37,TOURISM,MEDIUM,LLC,MOCI-CONSUMER,Complaint Handling Log
37,TOURISM,MEDIUM,LLC,NCA-ECC,Cybersecurity Strategy
37,TOURISM,MEDIUM,LLC,NCA-ECC,Risk Register
37,TOURISM,MEDIUM,LLC,NCA-ECC,MFA Configuration
37,TOURISM,MEDIUM,LLC,NCA-ECC,SIEM Logs
37,TOURISM,MEDIUM,LLC,NCA-ECC,Pen Test Report
37,TOURISM,MEDIUM,LLC,NCA-ECC,Incident Response Plan
37,TOURISM,MEDIUM,LLC,PCI-DSS,AOC
37,TOURISM,MEDIUM,LLC,PCI-DSS,ROC (Level 1)
37,TOURISM,MEDIUM,LLC,PCI-DSS,ASV Scan Reports
37,TOURISM,MEDIUM,LLC,PCI-DSS,Network Segmentation Diagram
37,TOURISM,MEDIUM,LLC,PDPL,Privacy Notice
37,TOURISM,MEDIUM,LLC,PDPL,ROPA
37,TOURISM,MEDIUM,LLC,PDPL,DPIA
37,TOURISM,MEDIUM,LLC,PDPL,Consent Records
37,TOURISM,MEDIUM,LLC,PDPL,DSR Log
37,TOURISM,MEDIUM,LLC,PDPL,Breach Notification (72h SDAIA)
37,TOURISM,MEDIUM,LLC,ZATCA-EINV,E-Invoice XML/UBL Files
37,TOURISM,MEDIUM,LLC,ZATCA-EINV,QR Code Compliance
37,TOURISM,MEDIUM,LLC,ZATCA-EINV,Phase-2 Integration Cert
37,TOURISM,MEDIUM,LLC,ZATCA-VAT,VAT Returns
37,TOURISM,MEDIUM,LLC,ZATCA-VAT,Tax Invoices
37,TOURISM,MEDIUM,LLC,ZATCA-VAT,Input/Output VAT Reconciliation
38,EDUCATION,MEDIUM,LLC,MHRSD-LABOR,Employment Contracts
38,EDUCATION,MEDIUM,LLC,MHRSD-LABOR,Wage Protection System
38,EDUCATION,MEDIUM,LLC,MHRSD-LABOR,GOSI Registration
38,EDUCATION,MEDIUM,LLC,MHRSD-SAUDIZATION,Nitaqat Tier Certificate
38,EDUCATION,MEDIUM,LLC,MHRSD-SAUDIZATION,Saudi Employee Quota Compliance
38,EDUCATION,MEDIUM,LLC,MHRSD-SAUDIZATION,Mowamh Reports
38,EDUCATION,MEDIUM,LLC,MOCI-COMPANIES,Commercial Registration
38,EDUCATION,MEDIUM,LLC,MOCI-COMPANIES,Articles of Association
38,EDUCATION,MEDIUM,LLC,MOCI-COMPANIES,Annual Filing
38,EDUCATION,MEDIUM,LLC,MOCI-CONSUMER,Refund/Return Policy
38,EDUCATION,MEDIUM,LLC,MOCI-CONSUMER,Pricing Display
38,EDUCATION,MEDIUM,LLC,MOCI-CONSUMER,Complaint Handling Log
38,EDUCATION,MEDIUM,LLC,NCA-ECC,Cybersecurity Strategy
38,EDUCATION,MEDIUM,LLC,NCA-ECC,Risk Register
38,EDUCATION,MEDIUM,LLC,NCA-ECC,MFA Configuration
38,EDUCATION,MEDIUM,LLC,NCA-ECC,SIEM Logs
38,EDUCATION,MEDIUM,LLC,NCA-ECC,Pen Test Report
38,EDUCATION,MEDIUM,LLC,NCA-ECC,Incident Response Plan
38,EDUCATION,MEDIUM,LLC,PCI-DSS,AOC
38,EDUCATION,MEDIUM,LLC,PCI-DSS,ROC (Level 1)
38,EDUCATION,MEDIUM,LLC,PCI-DSS,ASV Scan Reports
38,EDUCATION,MEDIUM,LLC,PCI-DSS,Network Segmentation Diagram
38,EDUCATION,MEDIUM,LLC,PDPL,Privacy Notice
38,EDUCATION,MEDIUM,LLC,PDPL,ROPA
38,EDUCATION,MEDIUM,LLC,PDPL,DPIA
38,EDUCATION,MEDIUM,LLC,PDPL,Consent Records
38,EDUCATION,MEDIUM,LLC,PDPL,DSR Log
38,EDUCATION,MEDIUM,LLC,PDPL,Breach Notification (72h SDAIA)
38,EDUCATION,MEDIUM,LLC,NCNICC,Cybersecurity Self-Assessment
38,EDUCATION,MEDIUM,LLC,NCNICC,Risk Register
38,EDUCATION,MEDIUM,LLC,NCNICC,Annual NCA Filing
39,EDUCATION,LARGE,JSC_CLOSED,MHRSD-LABOR,Employment Contracts
39,EDUCATION,LARGE,JSC_CLOSED,MHRSD-LABOR,Wage Protection System
39,EDUCATION,LARGE,JSC_CLOSED,MHRSD-LABOR,GOSI Registration
39,EDUCATION,LARGE,JSC_CLOSED,MHRSD-SAUDIZATION,Nitaqat Tier Certificate
39,EDUCATION,LARGE,JSC_CLOSED,MHRSD-SAUDIZATION,Saudi Employee Quota Compliance
39,EDUCATION,LARGE,JSC_CLOSED,MHRSD-SAUDIZATION,Mowamh Reports
39,EDUCATION,LARGE,JSC_CLOSED,MOCI-COMPANIES,Commercial Registration
39,EDUCATION,LARGE,JSC_CLOSED,MOCI-COMPANIES,Articles of Association
39,EDUCATION,LARGE,JSC_CLOSED,MOCI-COMPANIES,Annual Filing
39,EDUCATION,LARGE,JSC_CLOSED,MOCI-CONSUMER,Refund/Return Policy
39,EDUCATION,LARGE,JSC_CLOSED,MOCI-CONSUMER,Pricing Display
39,EDUCATION,LARGE,JSC_CLOSED,MOCI-CONSUMER,Complaint Handling Log
39,EDUCATION,LARGE,JSC_CLOSED,NCA-ECC,Cybersecurity Strategy
39,EDUCATION,LARGE,JSC_CLOSED,NCA-ECC,Risk Register
39,EDUCATION,LARGE,JSC_CLOSED,NCA-ECC,MFA Configuration
39,EDUCATION,LARGE,JSC_CLOSED,NCA-ECC,SIEM Logs
39,EDUCATION,LARGE,JSC_CLOSED,NCA-ECC,Pen Test Report
39,EDUCATION,LARGE,JSC_CLOSED,NCA-ECC,Incident Response Plan
39,EDUCATION,LARGE,JSC_CLOSED,PCI-DSS,AOC
39,EDUCATION,LARGE,JSC_CLOSED,PCI-DSS,ROC (Level 1)
39,EDUCATION,LARGE,JSC_CLOSED,PCI-DSS,ASV Scan Reports
39,EDUCATION,LARGE,JSC_CLOSED,PCI-DSS,Network Segmentation Diagram
39,EDUCATION,LARGE,JSC_CLOSED,PDPL,Privacy Notice
39,EDUCATION,LARGE,JSC_CLOSED,PDPL,ROPA
39,EDUCATION,LARGE,JSC_CLOSED,PDPL,DPIA
39,EDUCATION,LARGE,JSC_CLOSED,PDPL,Consent Records
39,EDUCATION,LARGE,JSC_CLOSED,PDPL,DSR Log
39,EDUCATION,LARGE,JSC_CLOSED,PDPL,Breach Notification (72h SDAIA)
39,EDUCATION,LARGE,JSC_CLOSED,NCNICC,Cybersecurity Self-Assessment
39,EDUCATION,LARGE,JSC_CLOSED,NCNICC,Risk Register
39,EDUCATION,LARGE,JSC_CLOSED,NCNICC,Annual NCA Filing
40,PHARMACEUTICAL,MEDIUM,LLC,MHRSD-LABOR,Employment Contracts
40,PHARMACEUTICAL,MEDIUM,LLC,MHRSD-LABOR,Wage Protection System
40,PHARMACEUTICAL,MEDIUM,LLC,MHRSD-LABOR,GOSI Registration
40,PHARMACEUTICAL,MEDIUM,LLC,MHRSD-SAUDIZATION,Nitaqat Tier Certificate
40,PHARMACEUTICAL,MEDIUM,LLC,MHRSD-SAUDIZATION,Saudi Employee Quota Compliance
40,PHARMACEUTICAL,MEDIUM,LLC,MHRSD-SAUDIZATION,Mowamh Reports
40,PHARMACEUTICAL,MEDIUM,LLC,MOCI-COMPANIES,Commercial Registration
40,PHARMACEUTICAL,MEDIUM,LLC,MOCI-COMPANIES,Articles of Association
40,PHARMACEUTICAL,MEDIUM,LLC,MOCI-COMPANIES,Annual Filing
40,PHARMACEUTICAL,MEDIUM,LLC,NCA-ECC,Cybersecurity Strategy
40,PHARMACEUTICAL,MEDIUM,LLC,NCA-ECC,Risk Register
40,PHARMACEUTICAL,MEDIUM,LLC,NCA-ECC,MFA Configuration
40,PHARMACEUTICAL,MEDIUM,LLC,NCA-ECC,SIEM Logs
40,PHARMACEUTICAL,MEDIUM,LLC,NCA-ECC,Pen Test Report
40,PHARMACEUTICAL,MEDIUM,LLC,NCA-ECC,Incident Response Plan
40,PHARMACEUTICAL,MEDIUM,LLC,NCA-OTCC,OT Network Segmentation
40,PHARMACEUTICAL,MEDIUM,LLC,NCA-OTCC,ICS Inventory
40,PHARMACEUTICAL,MEDIUM,LLC,NCA-OTCC,OT Patch Records
40,PHARMACEUTICAL,MEDIUM,LLC,NCNICC,Cybersecurity Self-Assessment
40,PHARMACEUTICAL,MEDIUM,LLC,NCNICC,Risk Register
40,PHARMACEUTICAL,MEDIUM,LLC,NCNICC,Annual NCA Filing
40,PHARMACEUTICAL,MEDIUM,LLC,PDPL,Privacy Notice
40,PHARMACEUTICAL,MEDIUM,LLC,PDPL,ROPA
40,PHARMACEUTICAL,MEDIUM,LLC,PDPL,DPIA
40,PHARMACEUTICAL,MEDIUM,LLC,PDPL,Consent Records
40,PHARMACEUTICAL,MEDIUM,LLC,PDPL,DSR Log
40,PHARMACEUTICAL,MEDIUM,LLC,PDPL,Breach Notification (72h SDAIA)
40,PHARMACEUTICAL,MEDIUM,LLC,SFDA-PHARMA,GMP Inspection Report
40,PHARMACEUTICAL,MEDIUM,LLC,SFDA-PHARMA,Batch Records
40,PHARMACEUTICAL,MEDIUM,LLC,SFDA-PHARMA,Pharmacovigilance Reports
40,PHARMACEUTICAL,MEDIUM,LLC,ZATCA-EINV,E-Invoice XML/UBL Files
40,PHARMACEUTICAL,MEDIUM,LLC,ZATCA-EINV,QR Code Compliance
40,PHARMACEUTICAL,MEDIUM,LLC,ZATCA-EINV,Phase-2 Integration Cert
40,PHARMACEUTICAL,MEDIUM,LLC,ZATCA-VAT,VAT Returns
40,PHARMACEUTICAL,MEDIUM,LLC,ZATCA-VAT,Tax Invoices
40,PHARMACEUTICAL,MEDIUM,LLC,ZATCA-VAT,Input/Output VAT Reconciliation
40,PHARMACEUTICAL,MEDIUM,LLC,NCA-OTCC,OT Network Segmentation
40,PHARMACEUTICAL,MEDIUM,LLC,NCA-OTCC,ICS Inventory
40,PHARMACEUTICAL,MEDIUM,LLC,NCA-OTCC,OT Patch Records
41,PHARMACEUTICAL,LARGE,FOREIGN_BRANCH,MHRSD-LABOR,Employment Contracts
41,PHARMACEUTICAL,LARGE,FOREIGN_BRANCH,MHRSD-LABOR,Wage Protection System
41,PHARMACEUTICAL,LARGE,FOREIGN_BRANCH,MHRSD-LABOR,GOSI Registration
41,PHARMACEUTICAL,LARGE,FOREIGN_BRANCH,MHRSD-SAUDIZATION,Nitaqat Tier Certificate
41,PHARMACEUTICAL,LARGE,FOREIGN_BRANCH,MHRSD-SAUDIZATION,Saudi Employee Quota Compliance
41,PHARMACEUTICAL,LARGE,FOREIGN_BRANCH,MHRSD-SAUDIZATION,Mowamh Reports
41,PHARMACEUTICAL,LARGE,FOREIGN_BRANCH,MOCI-COMPANIES,Commercial Registration
41,PHARMACEUTICAL,LARGE,FOREIGN_BRANCH,MOCI-COMPANIES,Articles of Association
41,PHARMACEUTICAL,LARGE,FOREIGN_BRANCH,MOCI-COMPANIES,Annual Filing
41,PHARMACEUTICAL,LARGE,FOREIGN_BRANCH,NCA-ECC,Cybersecurity Strategy
41,PHARMACEUTICAL,LARGE,FOREIGN_BRANCH,NCA-ECC,Risk Register
41,PHARMACEUTICAL,LARGE,FOREIGN_BRANCH,NCA-ECC,MFA Configuration
41,PHARMACEUTICAL,LARGE,FOREIGN_BRANCH,NCA-ECC,SIEM Logs
41,PHARMACEUTICAL,LARGE,FOREIGN_BRANCH,NCA-ECC,Pen Test Report
41,PHARMACEUTICAL,LARGE,FOREIGN_BRANCH,NCA-ECC,Incident Response Plan
41,PHARMACEUTICAL,LARGE,FOREIGN_BRANCH,NCA-OTCC,OT Network Segmentation
41,PHARMACEUTICAL,LARGE,FOREIGN_BRANCH,NCA-OTCC,ICS Inventory
41,PHARMACEUTICAL,LARGE,FOREIGN_BRANCH,NCA-OTCC,OT Patch Records
41,PHARMACEUTICAL,LARGE,FOREIGN_BRANCH,NCNICC,Cybersecurity Self-Assessment
41,PHARMACEUTICAL,LARGE,FOREIGN_BRANCH,NCNICC,Risk Register
41,PHARMACEUTICAL,LARGE,FOREIGN_BRANCH,NCNICC,Annual NCA Filing
41,PHARMACEUTICAL,LARGE,FOREIGN_BRANCH,PDPL,Privacy Notice
41,PHARMACEUTICAL,LARGE,FOREIGN_BRANCH,PDPL,ROPA
41,PHARMACEUTICAL,LARGE,FOREIGN_BRANCH,PDPL,DPIA
41,PHARMACEUTICAL,LARGE,FOREIGN_BRANCH,PDPL,Consent Records
41,PHARMACEUTICAL,LARGE,FOREIGN_BRANCH,PDPL,DSR Log
41,PHARMACEUTICAL,LARGE,FOREIGN_BRANCH,PDPL,Breach Notification (72h SDAIA)
41,PHARMACEUTICAL,LARGE,FOREIGN_BRANCH,SFDA-PHARMA,GMP Inspection Report
41,PHARMACEUTICAL,LARGE,FOREIGN_BRANCH,SFDA-PHARMA,Batch Records
41,PHARMACEUTICAL,LARGE,FOREIGN_BRANCH,SFDA-PHARMA,Pharmacovigilance Reports
41,PHARMACEUTICAL,LARGE,FOREIGN_BRANCH,ZATCA-EINV,E-Invoice XML/UBL Files
41,PHARMACEUTICAL,LARGE,FOREIGN_BRANCH,ZATCA-EINV,QR Code Compliance
41,PHARMACEUTICAL,LARGE,FOREIGN_BRANCH,ZATCA-EINV,Phase-2 Integration Cert
41,PHARMACEUTICAL,LARGE,FOREIGN_BRANCH,ZATCA-VAT,VAT Returns
41,PHARMACEUTICAL,LARGE,FOREIGN_BRANCH,ZATCA-VAT,Tax Invoices
41,PHARMACEUTICAL,LARGE,FOREIGN_BRANCH,ZATCA-VAT,Input/Output VAT Reconciliation
41,PHARMACEUTICAL,LARGE,FOREIGN_BRANCH,NCA-OTCC,OT Network Segmentation
41,PHARMACEUTICAL,LARGE,FOREIGN_BRANCH,NCA-OTCC,ICS Inventory
41,PHARMACEUTICAL,LARGE,FOREIGN_BRANCH,NCA-OTCC,OT Patch Records
